source,target,source_type,target_type,edge_type,regulatory_type,weight,mi_value,mi,pearson_r,pearson_p,pearson_p_fdr,miRDB_score,comparison
hsa-let-7c,hsa-miR-99a,miRNA,miRNA,miRNA-miRNA,,0.9055791295793556,,,0.9055791295793556,7.298461484730193e-17,2.2484875574111095e-14,,
hsa-let-7c,hsa-miR-216a,miRNA,miRNA,miRNA-miRNA,,0.7973518852965882,,,0.7973518852965882,1.562564247259135e-10,1.5263584903104477e-08,,
hsa-let-7c,hsa-miR-125b,miRNA,miRNA,miRNA-miRNA,,0.7774566018525252,,,0.7774566018525252,8.683983795981931e-10,5.796559183817939e-08,,
hsa-let-7c,hsa-miR-145,miRNA,miRNA,miRNA-miRNA,,0.6693013166556828,,,0.6693013166556828,9.245104951432774e-07,1.582335270533686e-05,,
hsa-let-7c,hsa-miR-199a-5p,miRNA,miRNA,miRNA-miRNA,,0.6125268012354428,,,0.6125268012354428,1.268022125880144e-05,0.00011701448419700407,,
hsa-let-7c,hsa-miR-195,miRNA,miRNA,miRNA-miRNA,,0.6058088194688559,,,0.6058088194688559,1.672146013261145e-05,0.00014622150181464817,,
hsa-let-7c,hsa-let-7i,miRNA,miRNA,miRNA-miRNA,,0.5759337227641137,,,0.5759337227641137,5.320894677978363e-05,0.0003680515230622339,,
hsa-let-7c,hsa-miR-10b,miRNA,miRNA,miRNA-miRNA,,0.5462067168469831,,,0.5462067168469831,0.00015131100197352288,0.0008428380568900683,,
hsa-let-7c,hsa-miR-497,miRNA,miRNA,miRNA-miRNA,,0.5349200908733459,,,0.5349200908733459,0.00021942079161403483,0.001112340596638952,,
hsa-let-7c,hsa-miR-374b,miRNA,miRNA,miRNA-miRNA,,0.533437232362026,,,0.533437232362026,0.0002301773271128933,0.001155213277051551,,
hsa-let-7c,hsa-miR-148a,miRNA,miRNA,miRNA-miRNA,,0.522092970372597,,,0.522092970372597,0.0003295613131209819,0.0015671030357028515,,
hsa-let-7c,hsa-miR-451,miRNA,miRNA,miRNA-miRNA,,0.5172005203589602,,,0.5172005203589602,0.00038325459959227023,0.0017632025097290812,,
hsa-let-7c,hsa-miR-484,miRNA,miRNA,miRNA-miRNA,,0.501520647590863,,,0.501520647590863,0.0006124226617061148,0.0025576149740698536,,
hsa-let-7c,hsa-miR-107,miRNA,miRNA,miRNA-miRNA,,0.49115062717965413,,,0.49115062717965413,0.0008249425570309184,0.003245640145271767,,
hsa-let-7c,hsa-miR-154,miRNA,miRNA,miRNA-miRNA,,0.49062966906489563,,,0.49062966906489563,0.0008371747404326414,0.0032839224636951312,,
hsa-let-7c,hsa-miR-27a,miRNA,miRNA,miRNA-miRNA,,0.4876422257988989,,,0.4876422257988989,0.0009104986861618578,0.0035198332413882635,,
hsa-let-7c,hsa-miR-509-3p,miRNA,miRNA,miRNA-miRNA,,0.48142279969496204,,,0.48142279969496204,0.0010817870719267838,0.004075782900345032,,
hsa-let-7c,hsa-miR-542-3p,miRNA,miRNA,miRNA-miRNA,,0.47548457269281785,,,0.47548457269281785,0.0012715121978891697,0.004667884098841397,,
hsa-let-7c,hsa-miR-532-5p,miRNA,miRNA,miRNA-miRNA,,0.46960390023914844,,,0.46960390023914844,0.0014879706279058895,0.005325578520789176,,
hsa-let-7c,hsa-miR-490-3p,miRNA,miRNA,miRNA-miRNA,,0.46162364547628953,,,0.46162364547628953,0.0018337423267885662,0.006315382380927106,,
hsa-let-7c,hsa-miR-374a,miRNA,miRNA,miRNA-miRNA,,0.46012502217923384,,,0.46012502217923384,0.0019060693457576005,0.0065023915926398545,,
hsa-let-7c,hsa-miR-1979,miRNA,miRNA,miRNA-miRNA,,0.4444878316636397,,,0.4444878316636397,0.0028250522989562194,0.008993906563847106,,
hsa-let-7c,hsa-let-7g,miRNA,miRNA,miRNA-miRNA,,0.4420171230042613,,,0.4420171230042613,0.0030012744869733583,0.009464649071124646,,
hsa-let-7c,hsa-miR-24,miRNA,miRNA,miRNA-miRNA,,0.4271008395718025,,,0.4271008395718025,0.004284721745865673,0.012758595235830499,,
hsa-let-7c,hsa-miR-183,miRNA,miRNA,miRNA-miRNA,,0.4261856580231817,,,0.4261856580231817,0.004377113404459228,0.013004702659391102,,
hsa-let-7c,hsa-miR-127-3p,miRNA,miRNA,miRNA-miRNA,,0.4105919431582984,,,0.4105919431582984,0.006240933161045164,0.017345549833439194,,
hsa-let-7c,hsa-miR-98,miRNA,miRNA,miRNA-miRNA,,0.41035025074047343,,,0.41035025074047343,0.006274537757509608,0.017414777351923757,,
hsa-let-7c,hsa-miR-96,miRNA,miRNA,miRNA-miRNA,,0.376976450538667,,,0.376976450538667,0.012707905069376189,0.031789606372799276,,
hsa-let-7c,hsa-miR-15b,miRNA,miRNA,miRNA-miRNA,,0.3658429239269896,,,0.3658429239269896,0.01583936166823162,0.03823788033831684,,
hsa-let-7c,hsa-miR-128,miRNA,miRNA,miRNA-miRNA,,0.36197390080548997,,,0.36197390080548997,0.017070443164779486,0.040740597447192786,,
hsa-let-7c,hsa-miR-455-5p,miRNA,miRNA,miRNA-miRNA,,0.36191531386006,,,0.36191531386006,0.01708968881679997,0.040740597447192786,,
hsa-let-7c,hsa-miR-142-3p,miRNA,miRNA,miRNA-miRNA,,-0.3511692575484974,,,-0.3511692575484974,0.020943878057001167,0.048345954823221717,,
hsa-let-7c,hsa-miR-130b,miRNA,miRNA,miRNA-miRNA,,0.34966670974433245,,,0.34966670974433245,0.021536821154872963,0.049486499555517045,,
hsa-let-7c,hsa-miR-340,miRNA,miRNA,miRNA-miRNA,,0.349004552241834,,,0.349004552241834,0.021802556085280193,0.0499252356326742,,
hsa-let-7f,hsa-miR-27a,miRNA,miRNA,miRNA-miRNA,,0.6912184679181439,,,0.6912184679181439,2.8760109560480647e-07,6.226175069714864e-06,,
hsa-let-7f,hsa-miR-32,miRNA,miRNA,miRNA-miRNA,,0.6418352662709129,,,0.6418352662709129,3.5075684898723576e-06,4.4455100639046806e-05,,
hsa-let-7f,hsa-miR-579 (+++ See note below),miRNA,miRNA,miRNA-miRNA,,0.6320389485808796,,,0.6320389485808796,5.469916818607338e-06,6.259147673863538e-05,,
hsa-let-7f,hsa-miR-484,miRNA,miRNA,miRNA-miRNA,,0.6165877897514725,,,0.6165877897514725,1.0694235216449321e-05,0.00010397211794851157,,
hsa-let-7f,hsa-miR-454,miRNA,miRNA,miRNA-miRNA,,0.5925027300685788,,,0.5925027300685788,2.8401996518716874e-05,0.00022197179785993142,,
hsa-let-7f,hsa-miR-490-3p,miRNA,miRNA,miRNA-miRNA,,0.5844038036762949,,,0.5844038036762949,3.876778873205504e-05,0.00028488989701262464,,
hsa-let-7f,hsa-miR-200a,miRNA,miRNA,miRNA-miRNA,,0.5747483323709228,,,0.5747483323709228,5.558120246126227e-05,0.00037979671209252113,,
hsa-let-7f,hsa-miR-19a,miRNA,miRNA,miRNA-miRNA,,0.5686020183881672,,,0.5686020183881672,6.950068365632468e-05,0.0004570611462127756,,
hsa-let-7f,hsa-miR-15a,miRNA,miRNA,miRNA-miRNA,,0.5623184621665396,,,0.5623184621665396,8.694508815304293e-05,0.0005432372512526318,,
hsa-let-7f,hsa-miR-148a,miRNA,miRNA,miRNA-miRNA,,0.5533133138630247,,,0.5533133138630247,0.0001189196630249886,0.0006912529033600571,,
hsa-let-7f,hsa-miR-107,miRNA,miRNA,miRNA-miRNA,,0.5474099473479396,,,0.5474099473479396,0.00014531911420629257,0.0008174200174103957,,
hsa-let-7f,hsa-miR-151-3p,miRNA,miRNA,miRNA-miRNA,,0.5462630002726666,,,0.5462630002726666,0.00015102580613290443,0.0008424211052399474,,
hsa-let-7f,hsa-miR-374b,miRNA,miRNA,miRNA-miRNA,,0.530400257645302,,,0.530400257645302,0.00025370667194266283,0.0012482742274328804,,
hsa-let-7f,hsa-miR-128,miRNA,miRNA,miRNA-miRNA,,0.5151374584666103,,,0.5151374584666103,0.00040816340211426275,0.0018533950402127236,,
hsa-let-7f,hsa-miR-93,miRNA,miRNA,miRNA-miRNA,,0.5130665111343103,,,0.5130665111343103,0.00043462150424074643,0.001944697226455059,,
hsa-let-7f,hsa-miR-98,miRNA,miRNA,miRNA-miRNA,,0.5103981712257815,,,0.5103981712257815,0.0004709793922516999,0.002077392583665262,,
hsa-let-7f,hsa-miR-101,miRNA,miRNA,miRNA-miRNA,,0.5078890295014958,,,0.5078890295014958,0.0005076348741299763,0.00220986703357669,,
hsa-let-7f,hsa-miR-96,miRNA,miRNA,miRNA-miRNA,,0.5010831896019874,,,0.5010831896019874,0.0006202855915129963,0.0025796924133017138,,
hsa-let-7f,hsa-miR-340,miRNA,miRNA,miRNA-miRNA,,0.5007331066768815,,,0.5007331066768815,0.0006266430123591682,0.0025980385760853712,,
hsa-let-7f,hsa-miR-106b,miRNA,miRNA,miRNA-miRNA,,0.49707737290724835,,,0.49707737290724835,0.0006966004409156236,0.0028352487457998705,,
hsa-let-7f,hsa-miR-21,miRNA,miRNA,miRNA-miRNA,,0.4905263068656921,,,0.4905263068656921,0.000839620861592016,0.0032902950593698865,,
hsa-let-7f,hsa-miR-20a+hsa-miR-20b,miRNA,miRNA,miRNA-miRNA,,0.4897017322947437,,,0.4897017322947437,0.0008593644440264307,0.003357809364220346,,
hsa-let-7f,hsa-miR-200b,miRNA,miRNA,miRNA-miRNA,,0.483308299033651,,,0.483308299033651,0.0010270572053209417,0.0038878677762857958,,
hsa-let-7f,hsa-miR-24,miRNA,miRNA,miRNA-miRNA,,0.47507841329223804,,,0.47507841329223804,0.001285508296391259,0.004706088415947891,,
hsa-let-7f,hsa-miR-532-5p,miRNA,miRNA,miRNA-miRNA,,0.44914836009233444,,,0.44914836009233444,0.0025172485822644304,0.008150024714607148,,
hsa-let-7f,hsa-miR-425,miRNA,miRNA,miRNA-miRNA,,0.44611336704684385,,,0.44611336704684385,0.002714132480279475,0.008696080466815437,,
hsa-let-7f,hsa-miR-141,miRNA,miRNA,miRNA-miRNA,,0.4451146940207532,,,0.4451146940207532,0.002781814610462819,0.008877424314664215,,
hsa-let-7f,hsa-miR-187,miRNA,miRNA,miRNA-miRNA,,0.4278097034364328,,,0.4278097034364328,0.0042143330810252904,0.012586431013800364,,
hsa-let-7f,hsa-miR-455-5p,miRNA,miRNA,miRNA-miRNA,,0.42738785904405807,,,0.42738785904405807,0.0042560986614456975,0.012692237631489217,,
hsa-let-7f,hsa-miR-25,miRNA,miRNA,miRNA-miRNA,,0.4194771461166439,,,0.4194771461166439,0.005109057229521789,0.01473317587886638,,
hsa-let-7f,hsa-miR-497,miRNA,miRNA,miRNA-miRNA,,0.4150715274211258,,,0.4150715274211258,0.0056457257583693,0.015945791017114984,,
hsa-let-7f,hsa-miR-194,miRNA,miRNA,miRNA-miRNA,,0.40615009285596204,,,0.40615009285596204,0.006884068241077361,0.01890408476665738,,
hsa-let-7f,hsa-miR-934,miRNA,miRNA,miRNA-miRNA,,0.40610171681943014,,,0.40610171681943014,0.00689137671893128,0.01890408476665738,,
hsa-let-7f,hsa-miR-29b,miRNA,miRNA,miRNA-miRNA,,0.39201796097662217,,,0.39201796097662217,0.009325925707465382,0.024419360593434677,,
hsa-let-7f,hsa-miR-200c,miRNA,miRNA,miRNA-miRNA,,0.3870162458262314,,,0.3870162458262314,0.010352520935986998,0.026715107183394284,,
hsa-let-7f,hsa-miR-421,miRNA,miRNA,miRNA-miRNA,,0.3808113537024165,,,0.3808113537024165,0.011759298529574023,0.02978873536429093,,
hsa-let-7f,hsa-let-7i,miRNA,miRNA,miRNA-miRNA,,0.3759612224534819,,,0.3759612224534819,0.012969681620794371,0.03238377486987622,,
hsa-let-7f,hsa-miR-15b,miRNA,miRNA,miRNA-miRNA,,0.3719598340766461,,,0.3719598340766461,0.014046623262012475,0.03469005537774927,,
hsa-let-7f,hsa-miR-26b,miRNA,miRNA,miRNA-miRNA,,0.37181586475650463,,,0.37181586475650463,0.014086746164127415,0.03473978964737087,,
hsa-let-7f,hsa-miR-183,miRNA,miRNA,miRNA-miRNA,,0.3701887935071054,,,0.3701887935071054,0.01454700517200419,0.035742794916488824,,
hsa-let-7f,hsa-miR-429,miRNA,miRNA,miRNA-miRNA,,0.36113910308044145,,,0.36113910308044145,0.017346406651344824,0.04125436973790737,,
hsa-let-7f,hsa-miR-1274a,miRNA,miRNA,miRNA-miRNA,,0.3542259013296944,,,0.3542259013296944,0.01977984342017114,0.0460571354056892,,
hsa-let-7f,hsa-miR-16 (+++ See note below),miRNA,miRNA,miRNA-miRNA,,0.3492222271461963,,,0.3492222271461963,0.021714898088226305,0.04975295586003795,,
hsa-let-7g,hsa-miR-16 (+++ See note below),miRNA,miRNA,miRNA-miRNA,,0.780044637213063,,,0.780044637213063,7.017616106338702e-10,4.930798685243246e-08,,
hsa-let-7g,hsa-miR-26b,miRNA,miRNA,miRNA-miRNA,,0.7762648264681072,,,0.7762648264681072,9.57010297841959e-10,6.11349659787228e-08,,
hsa-let-7g,hsa-miR-509-3p,miRNA,miRNA,miRNA-miRNA,,0.7289684651563793,,,0.7289684651563793,2.9731955071332615e-08,9.602941940377993e-07,,
hsa-let-7g,hsa-miR-194,miRNA,miRNA,miRNA-miRNA,,0.6820941201805313,,,0.6820941201805313,4.733231165077623e-07,9.384450899077168e-06,,
hsa-let-7g,hsa-miR-374b,miRNA,miRNA,miRNA-miRNA,,0.6355061685164186,,,0.6355061685164186,4.682178804763786e-06,5.606123467517597e-05,,
hsa-let-7g,hsa-miR-660,miRNA,miRNA,miRNA-miRNA,,0.6155462883906146,,,0.6155462883906146,1.1174309760160447e-05,0.00010675700706067757,,
hsa-let-7g,hsa-miR-186,miRNA,miRNA,miRNA-miRNA,,0.6068833080595735,,,0.6068833080595735,1.6004475687128306e-05,0.0001418095688649311,,
hsa-let-7g,hsa-miR-195,miRNA,miRNA,miRNA-miRNA,,0.6015862096958676,,,0.6015862096958676,1.9833718574993502e-05,0.00016973086088215592,,
hsa-let-7g,hsa-let-7i,miRNA,miRNA,miRNA-miRNA,,0.5841889995655182,,,0.5841889995655182,3.908461551326019e-05,0.00028665588074318517,,
hsa-let-7g,hsa-miR-374a,miRNA,miRNA,miRNA-miRNA,,0.5707867994850594,,,0.5707867994850594,6.422569323765051e-05,0.0004285847366139697,,
hsa-let-7g,hsa-miR-10b,miRNA,miRNA,miRNA-miRNA,,0.5573332857134093,,,0.5573332857134093,0.00010351929298777271,0.0006243897114699242,,
hsa-let-7g,hsa-miR-15b,miRNA,miRNA,miRNA-miRNA,,0.5514091233184651,,,0.5514091233184651,0.00012691616778249233,0.0007289535854984026,,
hsa-let-7g,hsa-miR-497,miRNA,miRNA,miRNA-miRNA,,0.5513796697933329,,,0.5513796697933329,0.00012704359617425343,0.0007289535854984026,,
hsa-let-7g,hsa-miR-15a,miRNA,miRNA,miRNA-miRNA,,0.5348820811789916,,,0.5348820811789916,0.00021969073956090165,0.001112340596638952,,
hsa-let-7g,hsa-miR-532-5p,miRNA,miRNA,miRNA-miRNA,,0.5174206247037649,,,0.5174206247037649,0.0003806795382008589,0.0017601025700560986,,
hsa-let-7g,hsa-miR-29b,miRNA,miRNA,miRNA-miRNA,,0.507150014424391,,,0.507150014424391,0.0005189083247712686,0.0022443065234437694,,
hsa-let-7g,hsa-miR-362-3p,miRNA,miRNA,miRNA-miRNA,,0.49829766661556657,,,0.49829766661556657,0.0006725085933849933,0.002756803394582291,,
hsa-let-7g,hsa-miR-216a,miRNA,miRNA,miRNA-miRNA,,0.49728694122880535,,,0.49728694122880535,0.0006924088970682302,0.002826806965095068,,
hsa-let-7g,hsa-miR-99a,miRNA,miRNA,miRNA-miRNA,,0.4870128377198321,,,0.4870128377198321,0.0009266577215417271,0.003568523244975593,,
hsa-let-7g,hsa-miR-490-3p,miRNA,miRNA,miRNA-miRNA,,0.476463388450823,,,0.476463388450823,0.0012383373491089802,0.004576110364389271,,
hsa-let-7g,hsa-miR-145,miRNA,miRNA,miRNA-miRNA,,0.46319569806697153,,,0.46319569806697153,0.0017604900731368743,0.006115145483879603,,
hsa-let-7g,hsa-miR-25,miRNA,miRNA,miRNA-miRNA,,0.45526053940551153,,,0.45526053940551153,0.002158521358050319,0.007186099783035351,,
hsa-let-7g,hsa-miR-101,miRNA,miRNA,miRNA-miRNA,,0.4541986137735427,,,0.4541986137735427,0.0022174021967752196,0.00734548866673677,,
hsa-let-7g,hsa-miR-125b,miRNA,miRNA,miRNA-miRNA,,0.44864405070459873,,,0.44864405070459873,0.002549065729024045,0.008233071165113952,,
hsa-let-7g,hsa-miR-146a,miRNA,miRNA,miRNA-miRNA,,0.437805387940931,,,0.437805387940931,0.0033239920412864972,0.01028793518187977,,
hsa-let-7g,hsa-miR-484,miRNA,miRNA,miRNA-miRNA,,0.4102321396364878,,,0.4102321396364878,0.006291016719468411,0.017448422410990986,,
hsa-let-7g,hsa-miR-150,miRNA,miRNA,miRNA-miRNA,,0.4084491890056967,,,0.4084491890056967,0.006544369335784939,0.01806354182620171,,
hsa-let-7g,hsa-miR-455-5p,miRNA,miRNA,miRNA-miRNA,,0.4015330171404518,,,0.4015330171404518,0.0076125500624831125,0.020628053450774602,,
hsa-let-7g,hsa-miR-96,miRNA,miRNA,miRNA-miRNA,,0.3938597521447899,,,0.3938597521447899,0.00897058224382562,0.023667445248037954,,
hsa-let-7g,hsa-miR-1975,miRNA,miRNA,miRNA-miRNA,,0.38911257865075566,,,0.38911257865075566,0.00991103833242026,0.025741704618251066,,
hsa-let-7g,hsa-miR-454,miRNA,miRNA,miRNA-miRNA,,0.3861249206282019,,,0.3861249206282019,0.010545274426004584,0.02712512785879792,,
hsa-let-7g,hsa-miR-98,miRNA,miRNA,miRNA-miRNA,,0.3828903602016963,,,0.3828903602016963,0.011270791747699863,0.028732985964059803,,
hsa-let-7g,hsa-miR-340,miRNA,miRNA,miRNA-miRNA,,0.38185029415392674,,,0.38185029415392674,0.011512964145414428,0.029294422746114854,,
hsa-let-7g,hsa-miR-183,miRNA,miRNA,miRNA-miRNA,,0.37865391819234295,,,0.37865391819234295,0.012285233992832703,0.03090600637016016,,
hsa-let-7g,hsa-miR-451,miRNA,miRNA,miRNA-miRNA,,0.3720197615410287,,,0.3720197615410287,0.014029950680053365,0.03468515584790971,,
hsa-let-7g,hsa-miR-142-3p,miRNA,miRNA,miRNA-miRNA,,0.37160114902642455,,,0.37160114902642455,0.014146766288101575,0.03486633783621342,,
hsa-let-7g,hsa-miR-148a,miRNA,miRNA,miRNA-miRNA,,0.3659242366800283,,,0.3659242366800283,0.015814317585638168,0.03820044748521161,,
hsa-let-7g,hsa-miR-106a+hsa-miR-17,miRNA,miRNA,miRNA-miRNA,,0.36181358281313264,,,0.36181358281313264,0.017123150726450816,0.0407960848658153,,
hsa-let-7g,hsa-miR-19b,miRNA,miRNA,miRNA-miRNA,,0.36092623521286427,,,0.36092623521286427,0.017417375027428413,0.04137401363277034,,
hsa-let-7g,hsa-miR-142-5p,miRNA,miRNA,miRNA-miRNA,,0.3594948081931933,,,0.3594948081931933,0.01790099440021732,0.04229703986600022,,
hsa-let-7g,hsa-miR-199a-5p,miRNA,miRNA,miRNA-miRNA,,0.35011842235284224,,,0.35011842235284224,0.021357103145536818,0.049158159826364914,,
hsa-let-7i,hsa-miR-490-3p,miRNA,miRNA,miRNA-miRNA,,0.8779280475112721,,,0.8779280475112721,1.0777779780521287e-14,2.5391181188816325e-12,,
hsa-let-7i,hsa-miR-216a,miRNA,miRNA,miRNA-miRNA,,0.737587844765941,,,0.737587844765941,1.679041501982377e-08,6.465924245614827e-07,,
hsa-let-7i,hsa-miR-125b,miRNA,miRNA,miRNA-miRNA,,0.7075514653961251,,,0.7075514653961251,1.1252452450357291e-07,2.852283042005123e-06,,
hsa-let-7i,hsa-miR-195,miRNA,miRNA,miRNA-miRNA,,0.6308529040426577,,,0.6308529040426577,5.766239582450504e-06,6.468848607202877e-05,,
hsa-let-7i,hsa-miR-497,miRNA,miRNA,miRNA-miRNA,,0.6273359020111268,,,0.6273359020111268,6.734027646941313e-06,7.269482675471687e-05,,
hsa-let-7i,hsa-miR-26b,miRNA,miRNA,miRNA-miRNA,,0.6265730049719577,,,0.6265730049719577,6.962767612572289e-06,7.467869204007106e-05,,
hsa-let-7i,hsa-miR-484,miRNA,miRNA,miRNA-miRNA,,0.6172341465368804,,,0.6172341465368804,1.0405904866078126e-05,0.00010214619850157573,,
hsa-let-7i,hsa-miR-374b,miRNA,miRNA,miRNA-miRNA,,0.5949955529404877,,,0.5949955529404877,2.5764552852778385e-05,0.00020637406835075485,,
hsa-let-7i,hsa-miR-24,miRNA,miRNA,miRNA-miRNA,,0.5656251992873714,,,0.5656251992873714,7.732308552941599e-05,0.0004978761375326544,,
hsa-let-7i,hsa-miR-16 (+++ See note below),miRNA,miRNA,miRNA-miRNA,,0.5630991253066627,,,0.5630991253066627,8.45802057477987e-05,0.0005310918189369061,,
hsa-let-7i,hsa-miR-10b,miRNA,miRNA,miRNA-miRNA,,0.5593456125205511,,,0.5593456125205511,9.651142008432243e-05,0.000589373208159475,,
hsa-let-7i,hsa-miR-154,miRNA,miRNA,miRNA-miRNA,,0.5337402130043843,,,0.5337402130043843,0.00022794159253088452,0.0011454279524293507,,
hsa-let-7i,hsa-miR-99a,miRNA,miRNA,miRNA-miRNA,,0.5079148366763384,,,0.5079148366763384,0.0005072451948196694,0.00220986703357669,,
hsa-let-7i,hsa-miR-145,miRNA,miRNA,miRNA-miRNA,,0.5011986495993153,,,0.5011986495993153,0.0006182015659782945,0.0025736977876747082,,
hsa-let-7i,hsa-miR-148a,miRNA,miRNA,miRNA-miRNA,,0.48686008956010096,,,0.48686008956010096,0.0009306177634825191,0.0035768945707749414,,
hsa-let-7i,hsa-miR-27a,miRNA,miRNA,miRNA-miRNA,,0.482691248542269,,,0.482691248542269,0.0010446903130890558,0.003950882628821217,,
hsa-let-7i,hsa-miR-509-3p,miRNA,miRNA,miRNA-miRNA,,0.47686513434809263,,,0.47686513434809263,0.0012249452362953894,0.0045383031187447125,,
hsa-let-7i,hsa-miR-21,miRNA,miRNA,miRNA-miRNA,,0.4654996778442064,,,0.4654996778442064,0.0016578098567733635,0.005814537004629254,,
hsa-let-7i,hsa-miR-374a,miRNA,miRNA,miRNA-miRNA,,0.4647930517908207,,,0.4647930517908207,0.0016887227175938792,0.005906842344072914,,
hsa-let-7i,hsa-miR-1975,miRNA,miRNA,miRNA-miRNA,,0.4635467182895509,,,0.4635467182895509,0.001744491820559992,0.006080669922839658,,
hsa-let-7i,hsa-miR-532-5p,miRNA,miRNA,miRNA-miRNA,,0.45471303400402224,,,0.45471303400402224,0.002188704427880715,0.007268458734379987,,
hsa-let-7i,hsa-miR-194,miRNA,miRNA,miRNA-miRNA,,0.4430392814213701,,,0.4430392814213701,0.002927232111292169,0.00927032068721444,,
hsa-let-7i,hsa-miR-454,miRNA,miRNA,miRNA-miRNA,,0.4311386850492254,,,0.4311386850492254,0.0038971042793702814,0.01179735649197126,,
hsa-let-7i,hsa-miR-130b,miRNA,miRNA,miRNA-miRNA,,0.42830914538001935,,,0.42830914538001935,0.004165347770842329,0.012477350652373617,,
hsa-let-7i,hsa-miR-146a,miRNA,miRNA,miRNA-miRNA,,0.4245942734436188,,,0.4245942734436188,0.004541914282985744,0.0133851116286666,,
hsa-let-7i,hsa-miR-15b,miRNA,miRNA,miRNA-miRNA,,0.4229546751593185,,,0.4229546751593185,0.004717340721298545,0.013851136062170581,,
hsa-let-7i,hsa-miR-151-3p,miRNA,miRNA,miRNA-miRNA,,0.4220048224264402,,,0.4220048224264402,0.00482164578477521,0.01410569128416707,,
hsa-let-7i,hsa-miR-29b,miRNA,miRNA,miRNA-miRNA,,0.42195559786905884,,,0.42195559786905884,0.004827105538092075,0.01411135597084581,,
hsa-let-7i,hsa-miR-199a-5p,miRNA,miRNA,miRNA-miRNA,,0.4201611088947888,,,0.4201611088947888,0.005029852752958046,0.014555318118205908,,
hsa-let-7i,hsa-miR-200a,miRNA,miRNA,miRNA-miRNA,,0.4198862849530249,,,0.4198862849530249,0.005061548648736149,0.014636463782085397,,
hsa-let-7i,hsa-miR-542-3p,miRNA,miRNA,miRNA-miRNA,,0.4179174288196492,,,0.4179174288196492,0.005293745795374493,0.015088145055089885,,
hsa-let-7i,hsa-miR-660,miRNA,miRNA,miRNA-miRNA,,0.41781257196859445,,,0.41781257196859445,0.0053063676612175766,0.015104479376813357,,
hsa-let-7i,hsa-miR-98,miRNA,miRNA,miRNA-miRNA,,0.4159663622493223,,,0.4159663622493223,0.005532925258438352,0.015715862170245103,,
hsa-let-7i,hsa-miR-127-3p,miRNA,miRNA,miRNA-miRNA,,0.4139989581213342,,,0.4139989581213342,0.005783557533538479,0.01627768652271371,,
hsa-let-7i,hsa-miR-340,miRNA,miRNA,miRNA-miRNA,,0.39521602615429885,,,0.39521602615429885,0.008716410281831625,0.023118690846844807,,
hsa-let-7i,hsa-miR-210,miRNA,miRNA,miRNA-miRNA,,0.3734471466006456,,,0.3734471466006456,0.013637774455422082,0.03381087430238092,,
hsa-let-7i,hsa-miR-107,miRNA,miRNA,miRNA-miRNA,,0.3682674162333435,,,0.3682674162333435,0.015106891786869149,0.036780000976541605,,
hsa-let-7i,hsa-miR-15a,miRNA,miRNA,miRNA-miRNA,,0.3570063393131102,,,0.3570063393131102,0.0187687025176354,0.0439582769491987,,
hsa-let-7i,hsa-miR-451,miRNA,miRNA,miRNA-miRNA,,0.3526612816803222,,,0.3526612816803222,0.020368700191375648,0.0471541296337916,,
hsa-miR-9,hsa-miR-340,miRNA,miRNA,miRNA-miRNA,,0.7371163414169838,,,0.7371163414169838,1.733340090150774e-08,6.524270322551836e-07,,
hsa-miR-9,hsa-miR-98,miRNA,miRNA,miRNA-miRNA,,0.7338368418037162,,,0.7338368418037162,2.1588519076874915e-08,7.518436426337742e-07,,
hsa-miR-9,hsa-miR-128,miRNA,miRNA,miRNA-miRNA,,0.6831045640536172,,,0.6831045640536172,4.483072822269313e-07,9.022465654868642e-06,,
hsa-miR-9,hsa-miR-135b,miRNA,miRNA,miRNA-miRNA,,0.6656596409197562,,,0.6656596409197562,1.1120485155642445e-06,1.7886563473232125e-05,,
hsa-miR-9,hsa-miR-106b,miRNA,miRNA,miRNA-miRNA,,0.6644380333556653,,,0.6644380333556653,1.1824585306682792e-06,1.8571554569907678e-05,,
hsa-miR-9,hsa-miR-183,miRNA,miRNA,miRNA-miRNA,,0.6594383904035155,,,0.6594383904035155,1.5158165108819836e-06,2.2822726037903547e-05,,
hsa-miR-9,hsa-miR-19b,miRNA,miRNA,miRNA-miRNA,,0.6577840836012165,,,0.6577840836012165,1.6439825695215383e-06,2.42957571621172e-05,,
hsa-miR-9,hsa-miR-107,miRNA,miRNA,miRNA-miRNA,,0.6573548614861036,,,0.6573548614861036,1.678835124129693e-06,2.4719612765218457e-05,,
hsa-miR-9,hsa-miR-93,miRNA,miRNA,miRNA-miRNA,,0.6558756318816843,,,0.6558756318816843,1.8042488365014758e-06,2.5807202107815752e-05,,
hsa-miR-9,hsa-miR-362-3p,miRNA,miRNA,miRNA-miRNA,,0.6545128639212119,,,0.6545128639212119,1.927396256624047e-06,2.7180359182321507e-05,,
hsa-miR-9,hsa-miR-19a,miRNA,miRNA,miRNA-miRNA,,0.6488107740603466,,,0.6488107740603466,2.5316923657049067e-06,3.472406823509641e-05,,
hsa-miR-9,hsa-miR-106a+hsa-miR-17,miRNA,miRNA,miRNA-miRNA,,0.6481731568621104,,,0.6481731568621104,2.609172027184714e-06,3.554331281930197e-05,,
hsa-miR-9,hsa-miR-96,miRNA,miRNA,miRNA-miRNA,,0.6439938067221718,,,0.6439938067221718,3.173731777113874e-06,4.153854825928453e-05,,
hsa-miR-9,hsa-miR-18b,miRNA,miRNA,miRNA-miRNA,,0.6424304919142526,,,0.6424304919142526,3.412417515146441e-06,4.367957645627823e-05,,
hsa-miR-9,hsa-miR-15b,miRNA,miRNA,miRNA-miRNA,,0.6424046291550722,,,0.6424046291550722,3.4165018784277996e-06,4.367957645627823e-05,,
hsa-miR-9,hsa-miR-20a+hsa-miR-20b,miRNA,miRNA,miRNA-miRNA,,0.6410185867553452,,,0.6410185867553452,3.6421051345850224e-06,4.572611618812857e-05,,
hsa-miR-9,hsa-miR-429,miRNA,miRNA,miRNA-miRNA,,0.6354726440656573,,,0.6354726440656573,4.689266820520337e-06,5.606123467517597e-05,,
hsa-miR-9,hsa-miR-532-5p,miRNA,miRNA,miRNA-miRNA,,0.6248083393228111,,,0.6248083393228111,7.519524879796739e-06,7.883690351724068e-05,,
hsa-miR-9,hsa-miR-25,miRNA,miRNA,miRNA-miRNA,,0.6132343249351005,,,0.6132343249351005,1.2311534742015153e-05,0.00011466906195760625,,
hsa-miR-9,hsa-miR-455-5p,miRNA,miRNA,miRNA-miRNA,,0.5932276767819731,,,0.5932276767819731,2.761061225232718e-05,0.0002185385416414434,,
hsa-miR-9,hsa-miR-24,miRNA,miRNA,miRNA-miRNA,,0.5785777718413169,,,0.5785777718413169,4.824657003381227e-05,0.00034038277776820614,,
hsa-miR-9,hsa-miR-130b,miRNA,miRNA,miRNA-miRNA,,0.5755565954953438,,,0.5755565954953438,5.3953462757178405e-05,0.00037127769474656273,,
hsa-miR-9,hsa-miR-660,miRNA,miRNA,miRNA-miRNA,,0.5734259476906136,,,0.5734259476906136,5.834107665664094e-05,0.0003960271389997406,,
hsa-miR-9,hsa-miR-421,miRNA,miRNA,miRNA-miRNA,,0.5671153206003907,,,0.5671153206003907,7.331250923867868e-05,0.0004749342999499135,,
hsa-miR-9,hsa-miR-200a,miRNA,miRNA,miRNA-miRNA,,0.5630277633926574,,,0.5630277633926574,8.479392957312145e-05,0.0005314549107047753,,
hsa-miR-9,hsa-miR-210,miRNA,miRNA,miRNA-miRNA,,0.5497527916291298,,,0.5497527916291298,0.0001342650067723365,0.0007659990770985864,,
hsa-miR-9,hsa-miR-141,miRNA,miRNA,miRNA-miRNA,,0.5421767149559384,,,0.5421767149559384,0.0001730456930409579,0.0009302657726564247,,
hsa-miR-9,hsa-miR-934,miRNA,miRNA,miRNA-miRNA,,0.5372281821992504,,,0.5372281821992504,0.0002035793247774275,0.001047988683462207,,
hsa-miR-9,hsa-miR-200b,miRNA,miRNA,miRNA-miRNA,,0.5347977260425865,,,0.5347977260425865,0.00022029090868387898,0.001112566316871293,,
hsa-miR-9,hsa-miR-425,miRNA,miRNA,miRNA-miRNA,,0.5239827955999862,,,0.5239827955999862,0.0003107055037672979,0.0014867091309295436,,
hsa-miR-9,hsa-miR-32,miRNA,miRNA,miRNA-miRNA,,0.520136680089253,,,0.520136680089253,0.00035015983143314884,0.0016402223682921184,,
hsa-miR-9,hsa-miR-151-3p,miRNA,miRNA,miRNA-miRNA,,0.516356198106535,,,0.516356198106535,0.0003932784979745557,0.0017959867552885924,,
hsa-miR-9,hsa-miR-148a,miRNA,miRNA,miRNA-miRNA,,0.5145551800678959,,,0.5145551800678959,0.00041545215107449175,0.00187585779600151,,
hsa-miR-9,hsa-miR-1979,miRNA,miRNA,miRNA-miRNA,,0.5089806148487638,,,0.5089806148487638,0.0004913848252843977,0.002150486438860362,,
hsa-miR-9,hsa-miR-1274a,miRNA,miRNA,miRNA-miRNA,,0.5044993942950429,,,0.5044993942950429,0.0005612132520373394,0.0023809947822135006,,
hsa-miR-9,hsa-miR-374b,miRNA,miRNA,miRNA-miRNA,,0.5013685379258377,,,0.5013685379258377,0.0006151465207286639,0.0025663143911648944,,
hsa-miR-9,hsa-miR-200c,miRNA,miRNA,miRNA-miRNA,,0.49824331925378085,,,0.49824331925378085,0.0006735654840657624,0.0027583126418030453,,
hsa-miR-9,hsa-miR-454,miRNA,miRNA,miRNA-miRNA,,0.49434666436262187,,,0.49434666436262187,0.0007533294641194938,0.0030231307653292307,,
hsa-miR-9,hsa-miR-1246,miRNA,miRNA,miRNA-miRNA,,0.4923458422639581,,,0.4923458422639581,0.0007974796887158177,0.0031591554434291296,,
hsa-miR-9,hsa-miR-1290,miRNA,miRNA,miRNA-miRNA,,0.4896503396376479,,,0.4896503396376479,0.0008606085924610658,0.00335939318986995,,
hsa-miR-9,hsa-miR-1305,miRNA,miRNA,miRNA-miRNA,,0.48580844100268145,,,0.48580844100268145,0.0009582941009892898,0.003665680873411753,,
hsa-miR-9,hsa-miR-15a,miRNA,miRNA,miRNA-miRNA,,0.48418854446104187,,,0.48418854446104187,0.0010023617143606004,0.003808784313106456,,
hsa-miR-9,hsa-miR-101,miRNA,miRNA,miRNA-miRNA,,0.479646544357635,,,0.479646544357635,0.001135705120297191,0.004250933651205841,,
hsa-miR-9,hsa-miR-27a,miRNA,miRNA,miRNA-miRNA,,0.4427892297091643,,,0.4427892297091643,0.002945195343781489,0.009317146407460397,,
hsa-miR-9,hsa-miR-374a,miRNA,miRNA,miRNA-miRNA,,0.4398260481776787,,,0.4398260481776787,0.0031655525514780493,0.009904717163023114,,
hsa-miR-9,hsa-miR-708,miRNA,miRNA,miRNA-miRNA,,0.4382841446170148,,,0.4382841446170148,0.003285837522828151,0.010196216885163123,,
hsa-miR-9,hsa-miR-194,miRNA,miRNA,miRNA-miRNA,,0.4345377468591359,,,0.4345377468591359,0.0035949359174931254,0.011015851835929584,,
hsa-miR-9,hsa-miR-484,miRNA,miRNA,miRNA-miRNA,,0.43238817457634027,,,0.43238817457634027,0.0037835416197799622,0.011505758684296695,,
hsa-miR-9,hsa-miR-1299,miRNA,miRNA,miRNA-miRNA,,0.41798879097549047,,,0.41798879097549047,0.005285170698465619,0.01507628821036667,,
hsa-miR-9,hsa-miR-150,miRNA,miRNA,miRNA-miRNA,,-0.36597659805215965,,,-0.36597659805215965,0.01579820819213952,0.038184564761326964,,
hsa-miR-9,hsa-miR-21,miRNA,miRNA,miRNA-miRNA,,0.3567158355790898,,,0.3567158355790898,0.01887226907554624,0.04415554035554342,,
hsa-miR-9,hsa-miR-186,miRNA,miRNA,miRNA-miRNA,,0.3495692188903518,,,0.3495692188903518,0.021575774618126035,0.04950599439874851,,
hsa-miR-10b,hsa-miR-125b,miRNA,miRNA,miRNA-miRNA,,0.7356405954512443,,,0.7356405954512443,1.9140709416046886e-08,7.032893689107136e-07,,
hsa-miR-10b,hsa-miR-145,miRNA,miRNA,miRNA-miRNA,,0.6921074337069775,,,0.6921074337069775,2.737103487252632e-07,5.990218287675842e-06,,
hsa-miR-10b,hsa-miR-199a-5p,miRNA,miRNA,miRNA-miRNA,,0.6382888463775115,,,0.6382888463775115,4.1270944593738805e-06,5.059003767246533e-05,,
hsa-miR-10b,hsa-miR-195,miRNA,miRNA,miRNA-miRNA,,0.6284800643462598,,,0.6284800643462598,6.40390830390138e-06,6.988461241723441e-05,,
hsa-miR-10b,hsa-miR-497,miRNA,miRNA,miRNA-miRNA,,0.6137199994078336,,,0.6137199994078336,1.2064176870369633e-05,0.00011262710574785636,,
hsa-miR-10b,hsa-miR-216a,miRNA,miRNA,miRNA-miRNA,,0.5890335169067377,,,0.5890335169067377,3.248424419082246e-05,0.0002468679278638405,,
hsa-miR-10b,hsa-miR-99a,miRNA,miRNA,miRNA-miRNA,,0.5676860092169509,,,0.5676860092169509,7.182734840030884e-05,0.0004669943674403196,,
hsa-miR-10b,hsa-miR-451,miRNA,miRNA,miRNA-miRNA,,0.5621354938737477,,,0.5621354938737477,8.750798199602165e-05,0.000545902597965836,,
hsa-miR-10b,hsa-miR-154,miRNA,miRNA,miRNA-miRNA,,0.5376528393033614,,,0.5376528393033614,0.00020077995439258105,0.0010362419037916071,,
hsa-miR-10b,hsa-miR-26b,miRNA,miRNA,miRNA-miRNA,,0.49084848880827686,,,0.49084848880827686,0.0008320172330817522,0.0032700971722202333,,
hsa-miR-10b,hsa-miR-16 (+++ See note below),miRNA,miRNA,miRNA-miRNA,,0.46604253315653404,,,0.46604253315653404,0.0016344029244675549,0.005752006777234233,,
hsa-miR-10b,hsa-miR-490-3p,miRNA,miRNA,miRNA-miRNA,,0.44957459449900217,,,0.44957459449900217,0.0024906303986018327,0.008090003849473107,,
hsa-miR-10b,hsa-miR-509-3p,miRNA,miRNA,miRNA-miRNA,,0.40071646603211725,,,0.40071646603211725,0.007748077674364722,0.020910411782904793,,
hsa-miR-10b,hsa-miR-542-3p,miRNA,miRNA,miRNA-miRNA,,0.3927047344601662,,,0.3927047344601662,0.009192035682223971,0.024140395349053774,,
hsa-miR-10b,hsa-miR-135b,miRNA,miRNA,miRNA-miRNA,,-0.35268899445902635,,,-0.35268899445902635,0.02035814363677708,0.0471541296337916,,
hsa-miR-15a,hsa-miR-19b,miRNA,miRNA,miRNA-miRNA,,0.7820646237783605,,,0.7820646237783605,5.930674673840846e-10,4.433355202075827e-08,,
hsa-miR-15a,hsa-miR-19a,miRNA,miRNA,miRNA-miRNA,,0.7758902110070648,,,0.7758902110070648,9.8656972469764e-10,6.17376835533445e-08,,
hsa-miR-15a,hsa-miR-101,miRNA,miRNA,miRNA-miRNA,,0.7711512526083808,,,0.7711512526083808,1.442461232299833e-09,8.495672404942398e-08,,
hsa-miR-15a,hsa-miR-20a+hsa-miR-20b,miRNA,miRNA,miRNA-miRNA,,0.742666663617237,,,0.742666663617237,1.1865794279979318e-08,4.950261051178871e-07,,
hsa-miR-15a,hsa-miR-16 (+++ See note below),miRNA,miRNA,miRNA-miRNA,,0.7050644589297907,,,0.7050644589297907,1.3033559796066642e-07,3.2024176063341657e-06,,
hsa-miR-15a,hsa-miR-374b,miRNA,miRNA,miRNA-miRNA,,0.6923371425876885,,,0.6923371425876885,2.7022369736895613e-07,5.946406087706974e-06,,
hsa-miR-15a,hsa-miR-106a+hsa-miR-17,miRNA,miRNA,miRNA-miRNA,,0.682497383865009,,,0.682497383865009,4.631880955736192e-07,9.275341613861726e-06,,
hsa-miR-15a,hsa-miR-362-3p,miRNA,miRNA,miRNA-miRNA,,0.6758937073865111,,,0.6758937073865111,6.574480443123863e-07,1.2078345951702327e-05,,
hsa-miR-15a,hsa-miR-32,miRNA,miRNA,miRNA-miRNA,,0.655179279760811,,,0.655179279760811,1.8662362696419502e-06,2.650452574438302e-05,,
hsa-miR-15a,hsa-miR-106b,miRNA,miRNA,miRNA-miRNA,,0.6296540912854584,,,0.6296540912854584,6.080709789572792e-06,6.67212128965453e-05,,
hsa-miR-15a,hsa-miR-194,miRNA,miRNA,miRNA-miRNA,,0.6191491209364312,,,0.6191491209364312,9.593057689038196e-06,9.534551770441226e-05,,
hsa-miR-15a,hsa-miR-455-5p,miRNA,miRNA,miRNA-miRNA,,0.6191235624957179,,,0.6191235624957179,9.603510933671187e-06,9.534551770441226e-05,,
hsa-miR-15a,hsa-miR-454,miRNA,miRNA,miRNA-miRNA,,0.616949122256752,,,0.616949122256752,1.0532158226644935e-05,0.00010288120414076333,,
hsa-miR-15a,hsa-miR-146a,miRNA,miRNA,miRNA-miRNA,,0.6161839451393174,,,0.6161839451393174,1.0878090227166879e-05,0.00010457609433294863,,
hsa-miR-15a,hsa-miR-374a,miRNA,miRNA,miRNA-miRNA,,0.5993638997536851,,,0.5993638997536851,2.1676852143289285e-05,0.00018124382637551897,,
hsa-miR-15a,hsa-miR-130b,miRNA,miRNA,miRNA-miRNA,,0.5913299707073487,,,0.5913299707073487,2.972626298972336e-05,0.00023027791735752816,,
hsa-miR-15a,hsa-miR-186,miRNA,miRNA,miRNA-miRNA,,0.5906991516333026,,,0.5906991516333026,3.0461701013597484e-05,0.00023506572747487078,,
hsa-miR-15a,hsa-miR-151-3p,miRNA,miRNA,miRNA-miRNA,,0.59054469265254,,,0.59054469265254,3.064429350618203e-05,0.00023601999133126736,,
hsa-miR-15a,hsa-miR-148a,miRNA,miRNA,miRNA-miRNA,,0.5894132839437717,,,0.5894132839437717,3.201259194893298e-05,0.0002451442270659208,,
hsa-miR-15a,hsa-miR-15b,miRNA,miRNA,miRNA-miRNA,,0.5766808818394086,,,0.5766808818394086,5.1761512507472545e-05,0.0003611582884885497,,
hsa-miR-15a,hsa-miR-96,miRNA,miRNA,miRNA-miRNA,,0.5698269174691344,,,0.5698269174691344,6.649663347576281e-05,0.00044019672243046285,,
hsa-miR-15a,hsa-miR-497,miRNA,miRNA,miRNA-miRNA,,0.5592916665433914,,,0.5592916665433914,9.669351779563125e-05,0.0005894330879322727,,
hsa-miR-15a,hsa-miR-340,miRNA,miRNA,miRNA-miRNA,,0.5531407841768001,,,0.5531407841768001,0.00011962488175490876,0.0006933395823855421,,
hsa-miR-15a,hsa-miR-93,miRNA,miRNA,miRNA-miRNA,,0.5449837219724676,,,0.5449837219724676,0.0001576298024197597,0.0008707687706084658,,
hsa-miR-15a,hsa-miR-25,miRNA,miRNA,miRNA-miRNA,,0.5448086365964421,,,0.5448086365964421,0.00015855370283240065,0.0008734629708992636,,
hsa-miR-15a,hsa-miR-660,miRNA,miRNA,miRNA-miRNA,,0.5430465076696459,,,0.5430465076696459,0.00016812898332315394,0.0009136452892933943,,
hsa-miR-15a,hsa-miR-18b,miRNA,miRNA,miRNA-miRNA,,0.5210700780241744,,,0.5210700780241744,0.00034019145003568493,0.001606682496925611,,
hsa-miR-15a,hsa-miR-98,miRNA,miRNA,miRNA-miRNA,,0.5019700155364482,,,0.5019700155364482,0.0006044387101374239,0.0025348450618852174,,
hsa-miR-15a,hsa-miR-425,miRNA,miRNA,miRNA-miRNA,,0.49897358753738236,,,0.49897358753738236,0.0006594874081057432,0.002720130864535017,,
hsa-miR-15a,hsa-miR-532-5p,miRNA,miRNA,miRNA-miRNA,,0.494786370449635,,,0.494786370449635,0.0007439247826801549,0.0029913842918012257,,
hsa-miR-15a,hsa-miR-210,miRNA,miRNA,miRNA-miRNA,,0.49197639823650763,,,0.49197639823650763,0.000805880024485911,0.0031829876706766015,,
hsa-miR-15a,hsa-miR-183,miRNA,miRNA,miRNA-miRNA,,0.4759094242020625,,,0.4759094242020625,0.0012570170087395447,0.004639956792628457,,
hsa-miR-15a,hsa-miR-421,miRNA,miRNA,miRNA-miRNA,,0.4705124376260399,,,0.4705124376260399,0.0014525295361564544,0.00523145754703831,,
hsa-miR-15a,hsa-miR-107,miRNA,miRNA,miRNA-miRNA,,0.46646758141881844,,,0.46646758141881844,0.0016162804228928493,0.005715878523314819,,
hsa-miR-15a,hsa-miR-141,miRNA,miRNA,miRNA-miRNA,,0.4626108991960315,,,0.4626108991960315,0.0017874315542130807,0.006187263072276049,,
hsa-miR-15a,hsa-miR-27a,miRNA,miRNA,miRNA-miRNA,,0.44818029552424565,,,0.44818029552424565,0.002578636172192995,0.008308477771225217,,
hsa-miR-15a,hsa-miR-200a,miRNA,miRNA,miRNA-miRNA,,0.43891557853326346,,,0.43891557853326346,0.003236102872477179,0.010093919006441668,,
hsa-miR-15a,hsa-miR-26b,miRNA,miRNA,miRNA-miRNA,,0.43149339329774433,,,0.43149339329774433,0.0038645668447579275,0.011707708179467095,,
hsa-miR-15a,hsa-miR-200b,miRNA,miRNA,miRNA-miRNA,,0.40716951272651164,,,0.40716951272651164,0.006731609151241196,0.018529274674035045,,
hsa-miR-15a,hsa-miR-429,miRNA,miRNA,miRNA-miRNA,,0.3947164739769896,,,0.3947164739769896,0.008809298486407473,0.023303329219327564,,
hsa-miR-15a,hsa-miR-21,miRNA,miRNA,miRNA-miRNA,,0.39419308089790533,,,0.39419308089790533,0.008907531676434812,0.023532100504037878,,
hsa-miR-15a,hsa-miR-142-5p,miRNA,miRNA,miRNA-miRNA,,0.3918929458179329,,,0.3918929458179329,0.009350477386063965,0.024460262528534407,,
hsa-miR-15a,hsa-miR-195,miRNA,miRNA,miRNA-miRNA,,0.3883180583742478,,,0.3883180583742478,0.010076424216218405,0.026137356856188287,,
hsa-miR-15a,hsa-miR-128,miRNA,miRNA,miRNA-miRNA,,0.3876727495926095,,,0.3876727495926095,0.010212486103435387,0.02642183904667876,,
hsa-miR-15a,hsa-miR-1290,miRNA,miRNA,miRNA-miRNA,,0.38067020813609614,,,0.38067020813609614,0.011793109044459904,0.029836640380961413,,
hsa-miR-15a,hsa-miR-490-3p,miRNA,miRNA,miRNA-miRNA,,0.37901306327471285,,,0.37901306327471285,0.012196315563860622,0.030740241556489484,,
hsa-miR-15a,hsa-miR-187,miRNA,miRNA,miRNA-miRNA,,0.37433416469534625,,,0.37433416469534625,0.013398792144414503,0.03333053573812428,,
hsa-miR-15a,hsa-miR-509-3p,miRNA,miRNA,miRNA-miRNA,,0.373802829235774,,,0.373802829235774,0.013541513952174402,0.03362291591968908,,
hsa-miR-15a,hsa-miR-142-3p,miRNA,miRNA,miRNA-miRNA,,0.3626470456023022,,,0.3626470456023022,0.016850627214082765,0.040338769869935134,,
hsa-miR-15a,hsa-miR-24,miRNA,miRNA,miRNA-miRNA,,0.3599725448552217,,,0.3599725448552217,0.017738343478141558,0.04198703642432443,,
hsa-miR-15b,hsa-miR-532-5p,miRNA,miRNA,miRNA-miRNA,,0.8052413849704093,,,0.8052413849704093,7.504258733697072e-11,8.348487841237992e-09,,
hsa-miR-15b,hsa-miR-98,miRNA,miRNA,miRNA-miRNA,,0.7957903262224798,,,0.7957903262224798,1.7998396403937514e-10,1.6763622697155757e-08,,
hsa-miR-15b,hsa-miR-106a+hsa-miR-17,miRNA,miRNA,miRNA-miRNA,,0.7567509011377592,,,0.7567509011377592,4.3381823479063256e-09,2.2564182212162122e-07,,
hsa-miR-15b,hsa-miR-660,miRNA,miRNA,miRNA-miRNA,,0.7351443813337496,,,0.7351443813337496,1.978690954497255e-08,7.139330876361717e-07,,
hsa-miR-15b,hsa-miR-374b,miRNA,miRNA,miRNA-miRNA,,0.7218916441331464,,,0.7218916441331464,4.67825672553288e-08,1.3383155846970846e-06,,
hsa-miR-15b,hsa-miR-20a+hsa-miR-20b,miRNA,miRNA,miRNA-miRNA,,0.7114597285936551,,,0.7114597285936551,8.904865360581449e-08,2.3935560918878323e-06,,
hsa-miR-15b,hsa-miR-340,miRNA,miRNA,miRNA-miRNA,,0.7056238389959416,,,0.7056238389959416,1.2611488998176136e-07,3.1372058035835665e-06,,
hsa-miR-15b,hsa-miR-107,miRNA,miRNA,miRNA-miRNA,,0.6991061751101444,,,0.6991061751101444,1.8421950189012348e-07,4.3399947357055564e-06,,
hsa-miR-15b,hsa-miR-19b,miRNA,miRNA,miRNA-miRNA,,0.6905616027086794,,,0.6905616027086794,2.9828260677566346e-07,6.422698065250173e-06,,
hsa-miR-15b,hsa-miR-130b,miRNA,miRNA,miRNA-miRNA,,0.6845288517762022,,,0.6845288517762022,4.1512362076288354e-07,8.43944213784441e-06,,
hsa-miR-15b,hsa-miR-362-3p,miRNA,miRNA,miRNA-miRNA,,0.6824025868451229,,,0.6824025868451229,4.6555231628193944e-07,9.276303615468494e-06,,
hsa-miR-15b,hsa-miR-194,miRNA,miRNA,miRNA-miRNA,,0.6770530865776148,,,0.6770530865776148,6.18638154354346e-07,1.1417722618383206e-05,,
hsa-miR-15b,hsa-miR-16 (+++ See note below),miRNA,miRNA,miRNA-miRNA,,0.675036195119484,,,0.675036195119484,6.875915475086891e-07,1.251729158078318e-05,,
hsa-miR-15b,hsa-miR-374a,miRNA,miRNA,miRNA-miRNA,,0.6655621661852392,,,0.6655621661852392,1.1175209043791024e-06,1.7902684888153222e-05,,
hsa-miR-15b,hsa-miR-93,miRNA,miRNA,miRNA-miRNA,,0.660125670881083,,,0.660125670881083,1.4653391839637017e-06,2.214597521424387e-05,,
hsa-miR-15b,hsa-miR-151-3p,miRNA,miRNA,miRNA-miRNA,,0.6571612507751355,,,0.6571612507751355,1.694778634515049e-06,2.486296128656693e-05,,
hsa-miR-15b,hsa-miR-454,miRNA,miRNA,miRNA-miRNA,,0.6558778059586008,,,0.6558778059586008,1.804058321535697e-06,2.5807202107815752e-05,,
hsa-miR-15b,hsa-miR-429,miRNA,miRNA,miRNA-miRNA,,0.6528452360172566,,,0.6528452360172566,2.0886497818565213e-06,2.924839991725653e-05,,
hsa-miR-15b,hsa-miR-24,miRNA,miRNA,miRNA-miRNA,,0.6514500293429641,,,0.6514500293429641,2.233040782303983e-06,3.114556595914412e-05,,
hsa-miR-15b,hsa-miR-183,miRNA,miRNA,miRNA-miRNA,,0.638017747377161,,,0.638017747377161,4.178375613676151e-06,5.086442046435558e-05,,
hsa-miR-15b,hsa-miR-19a,miRNA,miRNA,miRNA-miRNA,,0.630468117120174,,,0.630468117120174,5.865505418925789e-06,6.52537477855494e-05,,
hsa-miR-15b,hsa-miR-25,miRNA,miRNA,miRNA-miRNA,,0.6249143563676195,,,0.6249143563676195,7.484953359823357e-06,7.883690351724068e-05,,
hsa-miR-15b,hsa-miR-96,miRNA,miRNA,miRNA-miRNA,,0.6192082926220114,,,0.6192082926220114,9.568896945819959e-06,9.534551770441226e-05,,
hsa-miR-15b,hsa-miR-18b,miRNA,miRNA,miRNA-miRNA,,0.6157610145192229,,,0.6157610145192229,1.1073742841060913e-05,0.00010610129205370563,,
hsa-miR-15b,hsa-miR-425,miRNA,miRNA,miRNA-miRNA,,0.6065693880874483,,,0.6065693880874483,1.6210976741560874e-05,0.00014300652389857114,,
hsa-miR-15b,hsa-miR-106b,miRNA,miRNA,miRNA-miRNA,,0.5971437184497985,,,0.5971437184497985,2.3673633100220274e-05,0.00019349571544159634,,
hsa-miR-15b,hsa-miR-128,miRNA,miRNA,miRNA-miRNA,,0.5915262004527858,,,0.5915262004527858,2.9500822179007817e-05,0.00022941901519791513,,
hsa-miR-15b,hsa-miR-1979,miRNA,miRNA,miRNA-miRNA,,0.5795637786469692,,,0.5795637786469692,4.6506805660978535e-05,0.0003314230545769022,,
hsa-miR-15b,hsa-miR-455-5p,miRNA,miRNA,miRNA-miRNA,,0.5765547501729535,,,0.5765547501729535,5.20033141306597e-05,0.0003622143879883341,,
hsa-miR-15b,hsa-miR-27a,miRNA,miRNA,miRNA-miRNA,,0.5731210730645896,,,0.5731210730645896,5.8994819309506345e-05,0.0003991119110381299,,
hsa-miR-15b,hsa-miR-200a,miRNA,miRNA,miRNA-miRNA,,0.5631357279639704,,,0.5631357279639704,8.447077355006989e-05,0.0005310918189369061,,
hsa-miR-15b,hsa-miR-484,miRNA,miRNA,miRNA-miRNA,,0.5541402022734999,,,0.5541402022734999,0.00011559181241165886,0.0006788052913617211,,
hsa-miR-15b,hsa-miR-1290,miRNA,miRNA,miRNA-miRNA,,0.5464235852405557,,,0.5464235852405557,0.00015021477451631076,0.0008402376703042243,,
hsa-miR-15b,hsa-miR-210,miRNA,miRNA,miRNA-miRNA,,0.5457943600398337,,,0.5457943600398337,0.00015341539513777955,0.000852189538872132,,
hsa-miR-15b,hsa-miR-1246,miRNA,miRNA,miRNA-miRNA,,0.5298244277519484,,,0.5298244277519484,0.00025840530080358844,0.0012576413021413969,,
hsa-miR-15b,hsa-miR-148a,miRNA,miRNA,miRNA-miRNA,,0.49628548346903834,,,0.49628548346903834,0.0007126445475438033,0.002894666747376199,,
hsa-miR-15b,hsa-miR-200b,miRNA,miRNA,miRNA-miRNA,,0.49572965387740503,,,0.49572965387740503,0.0007241024780475586,0.0029263677341881656,,
hsa-miR-15b,hsa-miR-135b,miRNA,miRNA,miRNA-miRNA,,0.4956001543756509,,,0.4956001543756509,0.0007267955348944212,0.002934290440778384,,
hsa-miR-15b,hsa-miR-1305,miRNA,miRNA,miRNA-miRNA,,0.48485517537019296,,,0.48485517537019296,0.0009840127153569202,0.003756883627268318,,
hsa-miR-15b,hsa-miR-186,miRNA,miRNA,miRNA-miRNA,,0.47481525376851436,,,0.47481525376851436,0.0012946495752222892,0.00472734535053076,,
hsa-miR-15b,hsa-miR-708,miRNA,miRNA,miRNA-miRNA,,0.47024359227561663,,,0.47024359227561663,0.0014629380774796694,0.005264211141335198,,
hsa-miR-15b,hsa-miR-509-3p,miRNA,miRNA,miRNA-miRNA,,0.4669999587461492,,,0.4669999587461492,0.0015938330342178022,0.005658955055002038,,
hsa-miR-15b,hsa-miR-934,miRNA,miRNA,miRNA-miRNA,,0.46331804323924436,,,0.46331804323924436,0.0017548993387516399,0.006101017232378748,,
hsa-miR-15b,hsa-miR-101,miRNA,miRNA,miRNA-miRNA,,0.46144270114106595,,,0.46144270114106595,0.0018423443014496958,0.006338993923802432,,
hsa-miR-15b,hsa-miR-520c-3p,miRNA,miRNA,miRNA-miRNA,,0.44113860498109003,,,0.44113860498109003,0.0030662207880425662,0.009639100671986247,,
hsa-miR-15b,hsa-miR-1978,miRNA,miRNA,miRNA-miRNA,,0.43491604549552726,,,0.43491604549552726,0.0035626095210756197,0.0109335257715769,,
hsa-miR-15b,hsa-miR-141,miRNA,miRNA,miRNA-miRNA,,0.4211640152784312,,,0.4211640152784312,0.004915646508826385,0.014316083318224803,,
hsa-miR-15b,hsa-miR-421,miRNA,miRNA,miRNA-miRNA,,0.4139001082171628,,,0.4139001082171628,0.0057964060936946385,0.01630239213851617,,
hsa-miR-15b,hsa-miR-1299,miRNA,miRNA,miRNA-miRNA,,0.40900170735530605,,,0.40900170735530605,0.006464929989681985,0.017893603737855115,,
hsa-miR-15b,hsa-miR-490-3p,miRNA,miRNA,miRNA-miRNA,,0.3996407823361815,,,0.3996407823361815,0.00792978796989249,0.021271802290301022,,
hsa-miR-15b,hsa-miR-1274a,miRNA,miRNA,miRNA-miRNA,,0.36164249850451274,,,0.36164249850451274,0.017179549446471414,0.04088181552769936,,
hsa-miR-15b,hsa-miR-32,miRNA,miRNA,miRNA-miRNA,,0.35890564356656474,,,0.35890564356656474,0.01810331257851361,0.04267437720832666,,
hsa-miR-15b,hsa-miR-200c,miRNA,miRNA,miRNA-miRNA,,0.35303510031002017,,,0.35303510031002017,0.02022668898584588,0.04690671070545035,,
hsa-miR-16 (+++ See note below),hsa-miR-497,miRNA,miRNA,miRNA-miRNA,,0.7108855087050198,,,0.7108855087050198,9.218524039659202e-08,2.428959788081257e-06,,
hsa-miR-16 (+++ See note below),hsa-miR-26b,miRNA,miRNA,miRNA-miRNA,,0.696255487879935,,,0.696255487879935,2.1674981542071263e-07,4.9604743471997376e-06,,
hsa-miR-16 (+++ See note below),hsa-miR-195,miRNA,miRNA,miRNA-miRNA,,0.6853037775986289,,,0.6853037775986289,3.980410801630361e-07,8.133441459453875e-06,,
hsa-miR-16 (+++ See note below),hsa-miR-194,miRNA,miRNA,miRNA-miRNA,,0.6664735149612245,,,0.6664735149612245,1.0673149054041248e-06,1.737640730139642e-05,,
hsa-miR-16 (+++ See note below),hsa-miR-374b,miRNA,miRNA,miRNA-miRNA,,0.6587795232753753,,,0.6587795232753753,1.56571202765618e-06,2.3311065690568773e-05,,
hsa-miR-16 (+++ See note below),hsa-miR-146a,miRNA,miRNA,miRNA-miRNA,,0.6400963295363681,,,0.6400963295363681,3.7997461965906828e-06,4.711450005370181e-05,,
hsa-miR-16 (+++ See note below),hsa-miR-660,miRNA,miRNA,miRNA-miRNA,,0.6191065629437835,,,0.6191065629437835,9.610469440617014e-06,9.534551770441226e-05,,
hsa-miR-16 (+++ See note below),hsa-miR-186,miRNA,miRNA,miRNA-miRNA,,0.6154447699261417,,,0.6154447699261417,1.1222147309000064e-05,0.00010675700706067757,,
hsa-miR-16 (+++ See note below),hsa-miR-532-5p,miRNA,miRNA,miRNA-miRNA,,0.5959349731297963,,,0.5959349731297963,2.483021374398949e-05,0.00020009055542188713,,
hsa-miR-16 (+++ See note below),hsa-miR-374a,miRNA,miRNA,miRNA-miRNA,,0.5750333526645839,,,0.5750333526645839,5.500216817476106e-05,0.0003771980882532843,,
hsa-miR-16 (+++ See note below),hsa-miR-490-3p,miRNA,miRNA,miRNA-miRNA,,0.5546120791097376,,,0.5546120791097376,0.0001137308177393441,0.0006692131331390465,,
hsa-miR-16 (+++ See note below),hsa-miR-509-3p,miRNA,miRNA,miRNA-miRNA,,0.5420915964318812,,,0.5420915964318812,0.00017353376760338102,0.0009305199654992143,,
hsa-miR-16 (+++ See note below),hsa-miR-101,miRNA,miRNA,miRNA-miRNA,,0.5400146909665433,,,0.5400146909665433,0.0001858356833516421,0.0009741778950567102,,
hsa-miR-16 (+++ See note below),hsa-miR-106a+hsa-miR-17,miRNA,miRNA,miRNA-miRNA,,0.507606234647379,,,0.507606234647379,0.0005119226064506258,0.00222423230799278,,
hsa-miR-16 (+++ See note below),hsa-miR-19b,miRNA,miRNA,miRNA-miRNA,,0.5056998795330883,,,0.5056998795330883,0.0005416844396185963,0.0023153107584551525,,
hsa-miR-16 (+++ See note below),hsa-miR-362-3p,miRNA,miRNA,miRNA-miRNA,,0.5045023073506318,,,0.5045023073506318,0.0005611651102480725,0.0023809947822135006,,
hsa-miR-16 (+++ See note below),hsa-miR-20a+hsa-miR-20b,miRNA,miRNA,miRNA-miRNA,,0.49219223654253325,,,0.49219223654253325,0.0008009627961159233,0.003169818180280902,,
hsa-miR-16 (+++ See note below),hsa-miR-454,miRNA,miRNA,miRNA-miRNA,,0.479493041494659,,,0.479493041494659,0.0011404750379520748,0.004264801612509859,,
hsa-miR-16 (+++ See note below),hsa-miR-130b,miRNA,miRNA,miRNA-miRNA,,0.46162021568612116,,,0.46162021568612116,0.0018339050459471222,0.006315382380927106,,
hsa-miR-16 (+++ See note below),hsa-miR-451,miRNA,miRNA,miRNA-miRNA,,0.4600287211455661,,,0.4600287211455661,0.0019108021045647523,0.006512989301090922,,
hsa-miR-16 (+++ See note below),hsa-miR-25,miRNA,miRNA,miRNA-miRNA,,0.44850034183069193,,,0.44850034183069193,0.0025581969647469906,0.008251348506096027,,
hsa-miR-16 (+++ See note below),hsa-miR-455-5p,miRNA,miRNA,miRNA-miRNA,,0.44576168344507927,,,0.44576168344507927,0.0027377997585663156,0.008764898507640362,,
hsa-miR-16 (+++ See note below),hsa-miR-19a,miRNA,miRNA,miRNA-miRNA,,0.4180142235739348,,,0.4180142235739348,0.005282117559129057,0.01507628821036667,,
hsa-miR-16 (+++ See note below),hsa-miR-142-5p,miRNA,miRNA,miRNA-miRNA,,0.41098647774883146,,,0.41098647774883146,0.006186412631902222,0.01721791701929701,,
hsa-miR-16 (+++ See note below),hsa-miR-29b,miRNA,miRNA,miRNA-miRNA,,0.40799171006349016,,,0.40799171006349016,0.006610782330266569,0.018209204424152414,,
hsa-miR-16 (+++ See note below),hsa-miR-151-3p,miRNA,miRNA,miRNA-miRNA,,0.3994952180924785,,,0.3994952180924785,0.007954657449196092,0.021324232318628077,,
hsa-miR-16 (+++ See note below),hsa-miR-145,miRNA,miRNA,miRNA-miRNA,,0.3990680525634192,,,0.3990680525634192,0.008028026699621448,0.021477786861712693,,
hsa-miR-16 (+++ See note below),hsa-miR-142-3p,miRNA,miRNA,miRNA-miRNA,,0.38346861678590616,,,0.38346861678590616,0.01113804177008133,0.028412647954888997,,
hsa-miR-16 (+++ See note below),hsa-miR-216a,miRNA,miRNA,miRNA-miRNA,,0.37418820392699687,,,0.37418820392699687,0.013437870535576624,0.03340699658285809,,
hsa-miR-16 (+++ See note below),hsa-miR-340,miRNA,miRNA,miRNA-miRNA,,0.36603335458055364,,,0.36603335458055364,0.015780762287427485,0.03816543053209365,,
hsa-miR-16 (+++ See note below),hsa-miR-98,miRNA,miRNA,miRNA-miRNA,,0.3591617232579102,,,0.3591617232579102,0.018015139634384555,0.042516578807136204,,
hsa-miR-18b,hsa-miR-106a+hsa-miR-17,miRNA,miRNA,miRNA-miRNA,,0.7870791888833187,,,0.7870791888833187,3.8752061547713657e-10,3.3021703510338976e-08,,
hsa-miR-18b,hsa-miR-19a,miRNA,miRNA,miRNA-miRNA,,0.7550788894840457,,,0.7550788894840457,4.905750859926981e-09,2.455941524250945e-07,,
hsa-miR-18b,hsa-miR-19b,miRNA,miRNA,miRNA-miRNA,,0.7428250980324297,,,0.7428250980324297,1.1736474414049776e-08,4.947850529291511e-07,,
hsa-miR-18b,hsa-miR-20a+hsa-miR-20b,miRNA,miRNA,miRNA-miRNA,,0.7224726043467994,,,0.7224726043467994,4.5097117838004136e-08,1.3279879810013554e-06,,
hsa-miR-18b,hsa-miR-1305,miRNA,miRNA,miRNA-miRNA,,0.6731018530346584,,,0.6731018530346584,7.603514500160049e-07,1.3655639270466814e-05,,
hsa-miR-18b,hsa-miR-362-3p,miRNA,miRNA,miRNA-miRNA,,0.6695508357704073,,,0.6695508357704073,9.127996546143816e-07,1.568996831214849e-05,,
hsa-miR-18b,hsa-miR-708,miRNA,miRNA,miRNA-miRNA,,0.6680340377561342,,,0.6680340377561342,9.8616601299018e-07,1.6522820467365918e-05,,
hsa-miR-18b,hsa-miR-421,miRNA,miRNA,miRNA-miRNA,,0.6623184614103109,,,0.6623184614103109,1.3144933736034774e-06,2.017067418115681e-05,,
hsa-miR-18b,hsa-miR-425,miRNA,miRNA,miRNA-miRNA,,0.6448452305163922,,,0.6448452305163922,3.0503112270128677e-06,4.031847017883345e-05,,
hsa-miR-18b,hsa-miR-93,miRNA,miRNA,miRNA-miRNA,,0.6396195208035388,,,0.6396195208035388,3.88369155288517e-06,4.800674280649725e-05,,
hsa-miR-18b,hsa-miR-183,miRNA,miRNA,miRNA-miRNA,,0.6381973048683672,,,0.6381973048683672,4.144345238062685e-06,5.060397158061296e-05,,
hsa-miR-18b,hsa-miR-135b,miRNA,miRNA,miRNA-miRNA,,0.6265369904558888,,,0.6265369904558888,6.9737405300840385e-06,7.467869204007106e-05,,
hsa-miR-18b,hsa-miR-98,miRNA,miRNA,miRNA-miRNA,,0.6164697437609211,,,0.6164697437609211,1.0747679608160745e-05,0.00010397211794851157,,
hsa-miR-18b,hsa-miR-107,miRNA,miRNA,miRNA-miRNA,,0.6143648749807047,,,0.6143648749807047,1.1742786426345498e-05,0.00011014018650471597,,
hsa-miR-18b,hsa-miR-1290,miRNA,miRNA,miRNA-miRNA,,0.6127011175351018,,,0.6127011175351018,1.258845705772256e-05,0.00011656805902215252,,
hsa-miR-18b,hsa-miR-1246,miRNA,miRNA,miRNA-miRNA,,0.6072014582186942,,,0.6072014582186942,1.579765550861796e-05,0.00014028738428384683,,
hsa-miR-18b,hsa-miR-1979,miRNA,miRNA,miRNA-miRNA,,0.6044095343599131,,,0.6044095343599131,1.7699319303194177e-05,0.0001531010233462045,,
hsa-miR-18b,hsa-miR-96,miRNA,miRNA,miRNA-miRNA,,0.5969294014683862,,,0.5969294014683862,2.3875034044355047e-05,0.0001943486003000853,,
hsa-miR-18b,hsa-miR-106b,miRNA,miRNA,miRNA-miRNA,,0.5874085257984912,,,0.5874085257984912,3.457499713121435e-05,0.00026028733742577715,,
hsa-miR-18b,hsa-miR-340,miRNA,miRNA,miRNA-miRNA,,0.585766839515974,,,0.585766839515974,3.681141899371581e-05,0.0002737457580549424,,
hsa-miR-18b,hsa-miR-130b,miRNA,miRNA,miRNA-miRNA,,0.5723399291175131,,,0.5723399291175131,6.0700399078129685e-05,0.00040995800726460264,,
hsa-miR-18b,hsa-miR-429,miRNA,miRNA,miRNA-miRNA,,0.5677852657961934,,,0.5677852657961934,7.157185615934514e-05,0.0004660898925498818,,
hsa-miR-18b,hsa-miR-1274a,miRNA,miRNA,miRNA-miRNA,,0.5536753447253574,,,0.5536753447253574,0.00011745210103973307,0.0006857079659826982,,
hsa-miR-18b,hsa-miR-210,miRNA,miRNA,miRNA-miRNA,,0.54325994908559,,,0.54325994908559,0.0001669419418219923,0.0009096357415244239,,
hsa-miR-18b,hsa-miR-151-3p,miRNA,miRNA,miRNA-miRNA,,0.5418178522937439,,,0.5418178522937439,0.00017511188971988223,0.00093261052969166,,
hsa-miR-18b,hsa-miR-1299,miRNA,miRNA,miRNA-miRNA,,0.5300959531592468,,,0.5300959531592468,0.00025618002615127863,0.001255363890950791,,
hsa-miR-18b,hsa-miR-128,miRNA,miRNA,miRNA-miRNA,,0.5068582505253826,,,0.5068582505253826,0.0005234205649104673,0.002251664191693256,,
hsa-miR-18b,hsa-miR-532-5p,miRNA,miRNA,miRNA-miRNA,,0.5064897785533452,,,0.5064897785533452,0.0005291693920639527,0.0022642344179659513,,
hsa-miR-18b,hsa-miR-660,miRNA,miRNA,miRNA-miRNA,,0.4911488425436216,,,0.4911488425436216,0.000824984186738242,0.003245640145271767,,
hsa-miR-18b,hsa-miR-2117,miRNA,miRNA,miRNA-miRNA,,0.48491031841219284,,,0.48491031841219284,0.0009825083930945417,0.0037547195747553814,,
hsa-miR-18b,hsa-miR-454,miRNA,miRNA,miRNA-miRNA,,0.4833647543181476,,,0.4833647543181476,0.0010254572272549195,0.0038854836283405414,,
hsa-miR-18b,hsa-miR-24,miRNA,miRNA,miRNA-miRNA,,0.470140235651486,,,0.470140235651486,0.0014669571742118954,0.0052692049172364495,,
hsa-miR-18b,hsa-miR-455-5p,miRNA,miRNA,miRNA-miRNA,,0.46898101330012804,,,0.46898101330012804,0.0015127097961057066,0.005409288154824424,,
hsa-miR-18b,hsa-miR-141,miRNA,miRNA,miRNA-miRNA,,0.46755054544763747,,,0.46755054544763747,0.0015709088200573339,0.005587468760505881,,
hsa-miR-18b,hsa-miR-934,miRNA,miRNA,miRNA-miRNA,,0.4611236887641632,,,0.4611236887641632,0.0018575968802528116,0.0063695851929901634,,
hsa-miR-18b,hsa-miR-25,miRNA,miRNA,miRNA-miRNA,,0.46074339509700646,,,0.46074339509700646,0.0018759252311373778,0.0064248781253755625,,
hsa-miR-18b,hsa-miR-150,miRNA,miRNA,miRNA-miRNA,,-0.4573406202735965,,,-0.4573406202735965,0.002047171184541272,0.006904803084094083,,
hsa-miR-18b,hsa-miR-32,miRNA,miRNA,miRNA-miRNA,,0.4479012827462151,,,0.4479012827462151,0.002596571961705835,0.008346124162625899,,
hsa-miR-18b,hsa-miR-200c,miRNA,miRNA,miRNA-miRNA,,0.4414174291701199,,,0.4414174291701199,0.003045475771906132,0.009596483451206969,,
hsa-miR-18b,hsa-miR-200b,miRNA,miRNA,miRNA-miRNA,,0.425796396482408,,,0.425796396482408,0.004416934967009885,0.01307451924824434,,
hsa-miR-18b,hsa-miR-520c-3p,miRNA,miRNA,miRNA-miRNA,,0.42551671218792564,,,0.42551671218792564,0.004445741505469437,0.013120998326753938,,
hsa-miR-18b,hsa-miR-148a,miRNA,miRNA,miRNA-miRNA,,0.41976171575944915,,,0.41976171575944915,0.005075972564265611,0.014657008017219733,,
hsa-miR-18b,hsa-miR-101,miRNA,miRNA,miRNA-miRNA,,0.4087956961221818,,,0.4087956961221818,0.006494451464496063,0.01796289925090244,,
hsa-miR-18b,hsa-miR-27a,miRNA,miRNA,miRNA-miRNA,,0.3812756703003941,,,0.3812756703003941,0.01164865776830001,0.029602077640889304,,
hsa-miR-18b,hsa-miR-1308,miRNA,miRNA,miRNA-miRNA,,0.3802652072480865,,,0.3802652072480865,0.01189058549539068,0.030064264462777573,,
hsa-miR-18b,hsa-miR-194,miRNA,miRNA,miRNA-miRNA,,0.3784931788964359,,,0.3784931788964359,0.01232520913160002,0.03093041727992938,,
hsa-miR-18b,hsa-miR-374a,miRNA,miRNA,miRNA-miRNA,,0.36311518352288197,,,0.36311518352288197,0.016699170484331876,0.040096029849969524,,
hsa-miR-18b,hsa-miR-374b,miRNA,miRNA,miRNA-miRNA,,0.36043866396104174,,,0.36043866396104174,0.01758085124256483,0.04165750724045987,,
hsa-miR-19a,hsa-miR-20a+hsa-miR-20b,miRNA,miRNA,miRNA-miRNA,,0.9342572053439868,,,0.9342572053439868,5.759739831418405e-20,3.295394003547244e-17,,
hsa-miR-19a,hsa-miR-19b,miRNA,miRNA,miRNA-miRNA,,0.9001977737506048,,,0.9001977737506048,2.1576381922011313e-16,6.172386399832522e-14,,
hsa-miR-19a,hsa-miR-106a+hsa-miR-17,miRNA,miRNA,miRNA-miRNA,,0.8663589521492236,,,0.8663589521492236,6.152816266000812e-14,1.1200922338787841e-11,,
hsa-miR-19a,hsa-miR-106b,miRNA,miRNA,miRNA-miRNA,,0.771161485237804,,,0.771161485237804,1.4412925722201476e-09,8.495672404942398e-08,,
hsa-miR-19a,hsa-miR-93,miRNA,miRNA,miRNA-miRNA,,0.7564963567775298,,,0.7564963567775298,4.4204287386737685e-09,2.266865576217251e-07,,
hsa-miR-19a,hsa-miR-32,miRNA,miRNA,miRNA-miRNA,,0.7371472602464474,,,0.7371472602464474,1.7297298322556643e-08,6.524270322551836e-07,,
hsa-miR-19a,hsa-miR-362-3p,miRNA,miRNA,miRNA-miRNA,,0.7117342012175324,,,0.7117342012175324,8.758474775606433e-08,2.3701142889394435e-06,,
hsa-miR-19a,hsa-miR-455-5p,miRNA,miRNA,miRNA-miRNA,,0.7098925558948259,,,0.7098925558948259,9.785294842947489e-08,2.5448120679223825e-06,,
hsa-miR-19a,hsa-miR-101,miRNA,miRNA,miRNA-miRNA,,0.6748475655189129,,,0.6748475655189129,6.94391880426361e-07,1.2583889054785412e-05,,
hsa-miR-19a,hsa-miR-25,miRNA,miRNA,miRNA-miRNA,,0.6671387679309866,,,0.6671387679309866,1.0319935313096475e-06,1.7079066499566687e-05,,
hsa-miR-19a,hsa-miR-96,miRNA,miRNA,miRNA-miRNA,,0.6429005983662809,,,0.6429005983662809,3.3389566919695193e-06,4.320556963925052e-05,,
hsa-miR-19a,hsa-miR-421,miRNA,miRNA,miRNA-miRNA,,0.6387841197849861,,,0.6387841197849861,4.034903635730202e-06,4.972242788030603e-05,,
hsa-miR-19a,hsa-miR-340,miRNA,miRNA,miRNA-miRNA,,0.6320576145784388,,,0.6320576145784388,5.465367460003812e-06,6.259147673863538e-05,,
hsa-miR-19a,hsa-miR-98,miRNA,miRNA,miRNA-miRNA,,0.5927945776766125,,,0.5927945776766125,2.808094099750081e-05,0.00022054023090466648,,
hsa-miR-19a,hsa-miR-107,miRNA,miRNA,miRNA-miRNA,,0.5922820845977981,,,0.5922820845977981,2.8646948650508113e-05,0.00022321211934880347,,
hsa-miR-19a,hsa-miR-151-3p,miRNA,miRNA,miRNA-miRNA,,0.586094619895785,,,0.586094619895785,3.635460974814892e-05,0.0002711363352725073,,
hsa-miR-19a,hsa-miR-454,miRNA,miRNA,miRNA-miRNA,,0.5831666126655248,,,0.5831666126655248,4.062524904271156e-05,0.00029561602730895806,,
hsa-miR-19a,hsa-miR-532-5p,miRNA,miRNA,miRNA-miRNA,,0.5814349972085124,,,0.5814349972085124,4.336159209974522e-05,0.0003112243303933326,,
hsa-miR-19a,hsa-miR-374b,miRNA,miRNA,miRNA-miRNA,,0.571891330508254,,,0.571891330508254,6.170007294398597e-05,0.0004153088943540568,,
hsa-miR-19a,hsa-miR-194,miRNA,miRNA,miRNA-miRNA,,0.5642282334894236,,,0.5642282334894236,8.126314833794487e-05,0.0005190732202447674,,
hsa-miR-19a,hsa-miR-183,miRNA,miRNA,miRNA-miRNA,,0.5614718516994631,,,0.5614718516994631,8.957755743050308e-05,0.0005561134030130128,,
hsa-miR-19a,hsa-miR-1246,miRNA,miRNA,miRNA-miRNA,,0.5604077376768766,,,0.5604077376768766,9.298901822583947e-05,0.0005729554122992108,,
hsa-miR-19a,hsa-miR-128,miRNA,miRNA,miRNA-miRNA,,0.5599074928976393,,,0.5599074928976393,9.463319704313017e-05,0.0005804072804865794,,
hsa-miR-19a,hsa-miR-1290,miRNA,miRNA,miRNA-miRNA,,0.556753265347794,,,0.556753265347794,0.00010562327197785105,0.0006305231523383306,,
hsa-miR-19a,hsa-miR-429,miRNA,miRNA,miRNA-miRNA,,0.5537557081134812,,,0.5537557081134812,0.00011712856960539045,0.0006857079659826982,,
hsa-miR-19a,hsa-miR-141,miRNA,miRNA,miRNA-miRNA,,0.5489738475058283,,,0.5489738475058283,0.00013785262228286203,0.0007820109805139695,,
hsa-miR-19a,hsa-miR-148a,miRNA,miRNA,miRNA-miRNA,,0.5448282325312044,,,0.5448282325312044,0.0001584500547624276,0.0008734629708992636,,
hsa-miR-19a,hsa-miR-135b,miRNA,miRNA,miRNA-miRNA,,0.5323243700625168,,,0.5323243700625168,0.00023856026460557835,0.0011942923246816767,,
hsa-miR-19a,hsa-miR-425,miRNA,miRNA,miRNA-miRNA,,0.5316323560005002,,,0.5316323560005002,0.00024391104863736755,0.0012119897640107409,,
hsa-miR-19a,hsa-miR-200b,miRNA,miRNA,miRNA-miRNA,,0.513493992576173,,,0.513493992576173,0.00042903717517359823,0.0019263384378590369,,
hsa-miR-19a,hsa-miR-374a,miRNA,miRNA,miRNA-miRNA,,0.5118540540537406,,,0.5118540540537406,0.00045081722327070065,0.0019994717377620776,,
hsa-miR-19a,hsa-miR-210,miRNA,miRNA,miRNA-miRNA,,0.5096467264900112,,,0.5096467264900112,0.00048169951031252687,0.00211768006454629,,
hsa-miR-19a,hsa-miR-130b,miRNA,miRNA,miRNA-miRNA,,0.5089141581136519,,,0.5089141581136519,0.0004923606337578832,0.002150486438860362,,
hsa-miR-19a,hsa-miR-200a,miRNA,miRNA,miRNA-miRNA,,0.4989252362149126,,,0.4989252362149126,0.0006604113172528826,0.0027211392238660438,,
hsa-miR-19a,hsa-miR-27a,miRNA,miRNA,miRNA-miRNA,,0.4888627117529441,,,0.4888627117529441,0.0008798781578660013,0.0034245986610819583,,
hsa-miR-19a,hsa-miR-660,miRNA,miRNA,miRNA-miRNA,,0.47124698193284403,,,0.47124698193284403,0.0014244252569702422,0.005139480319068306,,
hsa-miR-19a,hsa-miR-186,miRNA,miRNA,miRNA-miRNA,,0.46850173334180767,,,0.46850173334180767,0.0015319928653133286,0.005468477206399181,,
hsa-miR-19a,hsa-miR-1979,miRNA,miRNA,miRNA-miRNA,,0.45402956822065743,,,0.45402956822065743,0.002226904857840166,0.007370871037727161,,
hsa-miR-19a,hsa-miR-1274a,miRNA,miRNA,miRNA-miRNA,,0.4515720830873446,,,0.4515720830873446,0.0023691623944250783,0.007764726178128018,,
hsa-miR-19a,hsa-miR-200c,miRNA,miRNA,miRNA-miRNA,,0.446321961529622,,,0.446321961529622,0.0027001798503327045,0.008658302882772202,,
hsa-miR-19a,hsa-miR-708,miRNA,miRNA,miRNA-miRNA,,0.4422533610097456,,,0.4422533610097456,0.0029840174930238837,0.009417643860961904,,
hsa-miR-19a,hsa-miR-1305,miRNA,miRNA,miRNA-miRNA,,0.4384683055775059,,,0.4384683055775059,0.003271263396400846,0.010179805674114521,,
hsa-miR-19a,hsa-miR-24,miRNA,miRNA,miRNA-miRNA,,0.40294820583394864,,,0.40294820583394864,0.007382504804048367,0.020072594528318877,,
hsa-miR-19a,hsa-miR-934,miRNA,miRNA,miRNA-miRNA,,0.40103484018788427,,,0.40103484018788427,0.007694989806688715,0.02080920606062681,,
hsa-miR-19a,hsa-miR-150,miRNA,miRNA,miRNA-miRNA,,-0.37677717085042606,,,-0.37677717085042606,0.012758931219667312,0.03187742952886312,,
hsa-miR-19a,hsa-miR-1299,miRNA,miRNA,miRNA-miRNA,,0.36211550631029715,,,0.36211550631029715,0.017024001721862976,0.04068086330313915,,
hsa-miR-19b,hsa-miR-20a+hsa-miR-20b,miRNA,miRNA,miRNA-miRNA,,0.9538114983590459,,,0.9538114983590459,4.9943644097026706e-23,2.0002429460859196e-19,,
hsa-miR-19b,hsa-miR-106a+hsa-miR-17,miRNA,miRNA,miRNA-miRNA,,0.9479421108920807,,,0.9479421108920807,5.486166468715193e-22,7.324032235734782e-19,,
hsa-miR-19b,hsa-miR-362-3p,miRNA,miRNA,miRNA-miRNA,,0.8184872320013556,,,0.8184872320013556,2.0262729193718738e-11,2.4591584976013197e-09,,
hsa-miR-19b,hsa-miR-455-5p,miRNA,miRNA,miRNA-miRNA,,0.7480422469049004,,,0.7480422469049004,8.14472533945344e-09,3.6941824582991803e-07,,
hsa-miR-19b,hsa-miR-106b,miRNA,miRNA,miRNA-miRNA,,0.7447869399961706,,,0.7447869399961706,1.024048358043746e-08,4.41001470318839e-07,,
hsa-miR-19b,hsa-miR-93,miRNA,miRNA,miRNA-miRNA,,0.7014050384055891,,,0.7014050384055891,1.6135701541530278e-07,3.846635992489807e-06,,
hsa-miR-19b,hsa-miR-101,miRNA,miRNA,miRNA-miRNA,,0.6899853435032883,,,0.6899853435032883,3.079555022871781e-07,6.570738220095839e-06,,
hsa-miR-19b,hsa-miR-25,miRNA,miRNA,miRNA-miRNA,,0.6812505590526874,,,0.6812505590526874,4.951925307170738e-07,9.732779551491431e-06,,
hsa-miR-19b,hsa-miR-96,miRNA,miRNA,miRNA-miRNA,,0.6670293614583157,,,0.6670293614583157,1.037727075979795e-06,1.710327958559292e-05,,
hsa-miR-19b,hsa-miR-194,miRNA,miRNA,miRNA-miRNA,,0.6428663982972123,,,0.6428663982972123,3.3442513328758206e-06,4.320556963925052e-05,,
hsa-miR-19b,hsa-miR-130b,miRNA,miRNA,miRNA-miRNA,,0.6351934761781639,,,0.6351934761781639,4.748675879482609e-06,5.64345605261954e-05,,
hsa-miR-19b,hsa-miR-340,miRNA,miRNA,miRNA-miRNA,,0.633127102434815,,,0.633127102434815,5.210451072369838e-06,6.137604866129765e-05,,
hsa-miR-19b,hsa-miR-1290,miRNA,miRNA,miRNA-miRNA,,0.6317238839755986,,,0.6317238839755986,5.547233837021383e-06,6.293674650784883e-05,,
hsa-miR-19b,hsa-miR-183,miRNA,miRNA,miRNA-miRNA,,0.6200234734123277,,,0.6200234734123277,9.241687618229439e-06,9.305175681460872e-05,,
hsa-miR-19b,hsa-miR-374a,miRNA,miRNA,miRNA-miRNA,,0.6183532208268251,,,0.6183532208268251,9.923531126163313e-06,9.76504721382901e-05,,
hsa-miR-19b,hsa-miR-374b,miRNA,miRNA,miRNA-miRNA,,0.6153085444518644,,,0.6153085444518644,1.128663502507903e-05,0.00010711605041573819,,
hsa-miR-19b,hsa-miR-1246,miRNA,miRNA,miRNA-miRNA,,0.6117270561471455,,,0.6117270561471455,1.3109148647462931e-05,0.00012069457547836561,,
hsa-miR-19b,hsa-miR-660,miRNA,miRNA,miRNA-miRNA,,0.588380167541757,,,0.588380167541757,3.3310559050758375e-05,0.0002517146962231836,,
hsa-miR-19b,hsa-miR-532-5p,miRNA,miRNA,miRNA-miRNA,,0.5792071801393949,,,0.5792071801393949,4.712928920190084e-05,0.00033407575797099616,,
hsa-miR-19b,hsa-miR-421,miRNA,miRNA,miRNA-miRNA,,0.5780865968687456,,,0.5780865968687456,4.913519343401487e-05,0.0003446347630529414,,
hsa-miR-19b,hsa-miR-210,miRNA,miRNA,miRNA-miRNA,,0.5748643893421249,,,0.5748643893421249,5.534475915874485e-05,0.0003788987357790994,,
hsa-miR-19b,hsa-miR-32,miRNA,miRNA,miRNA-miRNA,,0.5651300556417218,,,0.5651300556417218,7.869927397319737e-05,0.0005051131286260504,,
hsa-miR-19b,hsa-miR-141,miRNA,miRNA,miRNA-miRNA,,0.5634120883531456,,,0.5634120883531456,8.364867581398652e-05,0.0005292463611927582,,
hsa-miR-19b,hsa-miR-429,miRNA,miRNA,miRNA-miRNA,,0.5450776617902175,,,0.5450776617902175,0.00015713610758551577,0.000869240484640871,,
hsa-miR-19b,hsa-miR-148a,miRNA,miRNA,miRNA-miRNA,,0.542525075046952,,,0.542525075046952,0.00017106109526623478,0.0009245609804875443,,
hsa-miR-19b,hsa-miR-151-3p,miRNA,miRNA,miRNA-miRNA,,0.5411806822045908,,,0.5411806822045908,0.00017883555614008582,0.0009486574865444289,,
hsa-miR-19b,hsa-miR-1979,miRNA,miRNA,miRNA-miRNA,,0.5400597698650614,,,0.5400597698650614,0.0001855605086546298,0.0009740102715095573,,
hsa-miR-19b,hsa-miR-98,miRNA,miRNA,miRNA-miRNA,,0.5371423862962093,,,0.5371423862962093,0.00020414916307166496,0.0010495730399255688,,
hsa-miR-19b,hsa-miR-708,miRNA,miRNA,miRNA-miRNA,,0.530204805065131,,,0.530204805065131,0.00025529280127224653,0.0012545370172949047,,
hsa-miR-19b,hsa-miR-107,miRNA,miRNA,miRNA-miRNA,,0.5213802327795868,,,0.5213802327795868,0.0003369360992808124,0.0015973718728118892,,
hsa-miR-19b,hsa-miR-1305,miRNA,miRNA,miRNA-miRNA,,0.50687772036042,,,0.50687772036042,0.0005231183643435545,0.002251664191693256,,
hsa-miR-19b,hsa-miR-186,miRNA,miRNA,miRNA-miRNA,,0.5065990359900304,,,0.5065990359900304,0.0005274589021745621,0.002263417417470305,,
hsa-miR-19b,hsa-miR-200b,miRNA,miRNA,miRNA-miRNA,,0.5043321514009401,,,0.5043321514009401,0.0005639833587298791,0.002390215186998059,,
hsa-miR-19b,hsa-miR-128,miRNA,miRNA,miRNA-miRNA,,0.4742812254496191,,,0.4742812254496191,0.0013133775900987937,0.004781888407586972,,
hsa-miR-19b,hsa-miR-135b,miRNA,miRNA,miRNA-miRNA,,0.45743795297349993,,,0.45743795297349993,0.0020420873696338345,0.006895918984303125,,
hsa-miR-19b,hsa-miR-200a,miRNA,miRNA,miRNA-miRNA,,0.4556917498404442,,,0.4556917498404442,0.0021350085843708025,0.007125591150337553,,
hsa-miR-19b,hsa-miR-425,miRNA,miRNA,miRNA-miRNA,,0.4523540639995094,,,0.4523540639995094,0.0023230508095306115,0.007657463779563867,,
hsa-miR-19b,hsa-miR-454,miRNA,miRNA,miRNA-miRNA,,0.44928352454915743,,,0.44928352454915743,0.0025087806221465643,0.008135762260483393,,
hsa-miR-19b,hsa-miR-200c,miRNA,miRNA,miRNA-miRNA,,0.4451478521754005,,,0.4451478521754005,0.0027795438221386226,0.008877251202284834,,
hsa-miR-19b,hsa-miR-1299,miRNA,miRNA,miRNA-miRNA,,0.40424883630065883,,,0.40424883630065883,0.007176399890111291,0.019605376234580984,,
hsa-miR-19b,hsa-miR-27a,miRNA,miRNA,miRNA-miRNA,,0.3561699838023882,,,0.3561699838023882,0.01906817049593698,0.044581449408188915,,
hsa-miR-19b,hsa-miR-520c-3p,miRNA,miRNA,miRNA-miRNA,,0.349552680462564,,,0.349552680462564,0.021582388569342047,0.04950599439874851,,
hsa-miR-20a+hsa-miR-20b,hsa-miR-106a+hsa-miR-17,miRNA,miRNA,miRNA-miRNA,,0.937307412734766,,,0.937307412734766,2.239414336252121e-20,1.4948090694482905e-17,,
hsa-miR-20a+hsa-miR-20b,hsa-miR-106b,miRNA,miRNA,miRNA-miRNA,,0.7580713279346473,,,0.7580713279346473,3.934023151663868e-09,2.0731266740018147e-07,,
hsa-miR-20a+hsa-miR-20b,hsa-miR-93,miRNA,miRNA,miRNA-miRNA,,0.7474035018210502,,,0.7474035018210502,8.521321023805554e-09,3.7784367483078573e-07,,
hsa-miR-20a+hsa-miR-20b,hsa-miR-362-3p,miRNA,miRNA,miRNA-miRNA,,0.7405791532984979,,,0.7405791532984979,1.3698840954941439e-08,5.486385802454046e-07,,
hsa-miR-20a+hsa-miR-20b,hsa-miR-455-5p,miRNA,miRNA,miRNA-miRNA,,0.7321383824740082,,,0.7321383824740082,2.415771840920493e-08,8.19929340922591e-07,,
hsa-miR-20a+hsa-miR-20b,hsa-miR-25,miRNA,miRNA,miRNA-miRNA,,0.6950325375183912,,,0.6950325375183912,2.322784831019821e-07,5.208257948941027e-06,,
hsa-miR-20a+hsa-miR-20b,hsa-miR-96,miRNA,miRNA,miRNA-miRNA,,0.6812294329111066,,,0.6812294329111066,4.957520670422601e-07,9.732779551491431e-06,,
hsa-miR-20a+hsa-miR-20b,hsa-miR-101,miRNA,miRNA,miRNA-miRNA,,0.6429590931206239,,,0.6429590931206239,3.329918818416618e-06,4.320556963925052e-05,,
hsa-miR-20a+hsa-miR-20b,hsa-miR-340,miRNA,miRNA,miRNA-miRNA,,0.6400997424224396,,,0.6400997424224396,3.7991514124258313e-06,4.711450005370181e-05,,
hsa-miR-20a+hsa-miR-20b,hsa-miR-194,miRNA,miRNA,miRNA-miRNA,,0.6237338289179687,,,0.6237338289179687,7.87829893573832e-06,8.190386374386561e-05,,
hsa-miR-20a+hsa-miR-20b,hsa-miR-532-5p,miRNA,miRNA,miRNA-miRNA,,0.6208608076835298,,,0.6208608076835298,8.916319198469408e-06,9.017641007542923e-05,,
hsa-miR-20a+hsa-miR-20b,hsa-miR-183,miRNA,miRNA,miRNA-miRNA,,0.6163349387599439,,,0.6163349387599439,1.08090114815991e-05,0.00010431347225013107,,
hsa-miR-20a+hsa-miR-20b,hsa-miR-374b,miRNA,miRNA,miRNA-miRNA,,0.6108333054018935,,,0.6108333054018935,1.3604223206850071e-05,0.00012467943694149778,,
hsa-miR-20a+hsa-miR-20b,hsa-miR-1290,miRNA,miRNA,miRNA-miRNA,,0.5981392573784619,,,0.5981392573784619,2.275832385728761e-05,0.0001883204277860266,,
hsa-miR-20a+hsa-miR-20b,hsa-miR-32,miRNA,miRNA,miRNA-miRNA,,0.5924753009568694,,,0.5924753009568694,2.843234264722717e-05,0.00022197179785993142,,
hsa-miR-20a+hsa-miR-20b,hsa-miR-1246,miRNA,miRNA,miRNA-miRNA,,0.5891856168811468,,,0.5891856168811468,3.22945861661524e-05,0.00024589318934494365,,
hsa-miR-20a+hsa-miR-20b,hsa-miR-98,miRNA,miRNA,miRNA-miRNA,,0.5847921020111281,,,0.5847921020111281,3.8201010469966286e-05,0.0002822717893537154,,
hsa-miR-20a+hsa-miR-20b,hsa-miR-141,miRNA,miRNA,miRNA-miRNA,,0.5788998682170557,,,0.5788998682170557,4.767182451986001e-05,0.00033732448268911547,,
hsa-miR-20a+hsa-miR-20b,hsa-miR-421,miRNA,miRNA,miRNA-miRNA,,0.5721570184506762,,,0.5721570184506762,6.110620872118525e-05,0.0004120039830443551,,
hsa-miR-20a+hsa-miR-20b,hsa-miR-107,miRNA,miRNA,miRNA-miRNA,,0.5710852123685847,,,0.5710852123685847,6.353422174789205e-05,0.0004248100123117236,,
hsa-miR-20a+hsa-miR-20b,hsa-miR-151-3p,miRNA,miRNA,miRNA-miRNA,,0.5690563229648194,,,0.5690563229648194,6.837238816701844e-05,0.00045112259408386964,,
hsa-miR-20a+hsa-miR-20b,hsa-miR-374a,miRNA,miRNA,miRNA-miRNA,,0.5630913759185117,,,0.5630913759185117,8.460339088183423e-05,0.0005310918189369061,,
hsa-miR-20a+hsa-miR-20b,hsa-miR-130b,miRNA,miRNA,miRNA-miRNA,,0.5593381666582546,,,0.5593381666582546,9.653653546881788e-05,0.000589373208159475,,
hsa-miR-20a+hsa-miR-20b,hsa-miR-148a,miRNA,miRNA,miRNA-miRNA,,0.55608765008726,,,0.55608765008726,0.00010808553253323786,0.0006441704729101453,,
hsa-miR-20a+hsa-miR-20b,hsa-miR-135b,miRNA,miRNA,miRNA-miRNA,,0.5536997166159832,,,0.5536997166159832,0.00011735389775573562,0.0006857079659826982,,
hsa-miR-20a+hsa-miR-20b,hsa-miR-128,miRNA,miRNA,miRNA-miRNA,,0.5456240193336543,,,0.5456240193336543,0.0001542924099526145,0.0008558741022994751,,
hsa-miR-20a+hsa-miR-20b,hsa-miR-200b,miRNA,miRNA,miRNA-miRNA,,0.5447484376604992,,,0.5447484376604992,0.0001588724949996875,0.0008740169539474566,,
hsa-miR-20a+hsa-miR-20b,hsa-miR-429,miRNA,miRNA,miRNA-miRNA,,0.5422328668364123,,,0.5422328668364123,0.00017272439531877717,0.0009297865635103529,,
hsa-miR-20a+hsa-miR-20b,hsa-miR-210,miRNA,miRNA,miRNA-miRNA,,0.5393287478987779,,,0.5393287478987779,0.00019006866844686513,0.000990362815530907,,
hsa-miR-20a+hsa-miR-20b,hsa-miR-660,miRNA,miRNA,miRNA-miRNA,,0.5388438976691967,,,0.5388438976691967,0.00019311309312168554,0.0010044388804575982,,
hsa-miR-20a+hsa-miR-20b,hsa-miR-1979,miRNA,miRNA,miRNA-miRNA,,0.5377758315318254,,,0.5377758315318254,0.0001999757050050511,0.001034758008456369,,
hsa-miR-20a+hsa-miR-20b,hsa-miR-454,miRNA,miRNA,miRNA-miRNA,,0.5142598926713656,,,0.5142598926713656,0.00041919297018544395,0.001886368365834498,,
hsa-miR-20a+hsa-miR-20b,hsa-miR-200a,miRNA,miRNA,miRNA-miRNA,,0.4961106996994805,,,0.4961106996994805,0.0007162299604401602,0.0029033410845777747,,
hsa-miR-20a+hsa-miR-20b,hsa-miR-200c,miRNA,miRNA,miRNA-miRNA,,0.48114907522820016,,,0.48114907522820016,0.0010899445029487044,0.004102657645027783,,
hsa-miR-20a+hsa-miR-20b,hsa-miR-186,miRNA,miRNA,miRNA-miRNA,,0.47490012250934194,,,0.47490012250934194,0.0012916952320741071,0.004724419547449132,,
hsa-miR-20a+hsa-miR-20b,hsa-miR-27a,miRNA,miRNA,miRNA-miRNA,,0.4745099760016934,,,0.4745099760016934,0.0013053262053515126,0.004761230830995271,,
hsa-miR-20a+hsa-miR-20b,hsa-miR-1305,miRNA,miRNA,miRNA-miRNA,,0.4559635620899733,,,0.4559635620899733,0.00212030378416313,0.007088327759243184,,
hsa-miR-20a+hsa-miR-20b,hsa-miR-425,miRNA,miRNA,miRNA-miRNA,,0.45575337703101376,,,0.45575337703101376,0.0021316667422646984,0.007120371395137713,,
hsa-miR-20a+hsa-miR-20b,hsa-miR-708,miRNA,miRNA,miRNA-miRNA,,0.441270995552358,,,0.441270995552358,0.0030563552802625855,0.009615634640574747,,
hsa-miR-20a+hsa-miR-20b,hsa-miR-24,miRNA,miRNA,miRNA-miRNA,,0.4140653544066188,,,0.4140653544066188,0.005774941194493702,0.01626620908993014,,
hsa-miR-20a+hsa-miR-20b,hsa-miR-1274a,miRNA,miRNA,miRNA-miRNA,,0.38107828743577227,,,0.38107828743577227,0.011695582488469516,0.029683655175107994,,
hsa-miR-20a+hsa-miR-20b,hsa-miR-934,miRNA,miRNA,miRNA-miRNA,,0.3807430707565146,,,0.3807430707565146,0.011775644922718626,0.029811288189309795,,
hsa-miR-20a+hsa-miR-20b,hsa-miR-484,miRNA,miRNA,miRNA-miRNA,,0.3674587684589304,,,0.3674587684589304,0.015347934918630374,0.037321481086286974,,
hsa-miR-20a+hsa-miR-20b,hsa-miR-21,miRNA,miRNA,miRNA-miRNA,,0.3626846514874612,,,0.3626846514874612,0.016838417854004306,0.04033365042182251,,
hsa-miR-20a+hsa-miR-20b,hsa-miR-548g,miRNA,miRNA,miRNA-miRNA,,0.3518223513865477,,,0.3518223513865477,0.020690454348313535,0.04778850615051656,,
hsa-miR-21,hsa-miR-200b,miRNA,miRNA,miRNA-miRNA,,0.6750993504774049,,,0.6750993504774049,6.853285436394842e-07,1.251729158078318e-05,,
hsa-miR-21,hsa-miR-24,miRNA,miRNA,miRNA-miRNA,,0.6589356089732535,,,0.6589356089732535,1.5537563976067178e-06,2.3274577037381176e-05,,
hsa-miR-21,hsa-miR-200c,miRNA,miRNA,miRNA-miRNA,,0.6491977159165456,,,0.6491977159165456,2.485714850737536e-06,3.421061160551145e-05,,
hsa-miR-21,hsa-miR-141,miRNA,miRNA,miRNA-miRNA,,0.6252428708483783,,,0.6252428708483783,7.378753005894058e-06,7.817964494340132e-05,,
hsa-miR-21,hsa-miR-151-3p,miRNA,miRNA,miRNA-miRNA,,0.6248111375341655,,,0.6248111375341655,7.5186105160290955e-06,7.883690351724068e-05,,
hsa-miR-21,hsa-miR-210,miRNA,miRNA,miRNA-miRNA,,0.5975080404218078,,,0.5975080404218078,2.333483291651395e-05,0.0001915082086693409,,
hsa-miR-21,hsa-miR-934,miRNA,miRNA,miRNA-miRNA,,0.5679040222123999,,,0.5679040222123999,7.126725713295087e-05,0.0004648621576831731,,
hsa-miR-21,hsa-miR-96,miRNA,miRNA,miRNA-miRNA,,0.5515121308867067,,,0.5515121308867067,0.00012647142454858773,0.0007287723217729066,,
hsa-miR-21,hsa-miR-148a,miRNA,miRNA,miRNA-miRNA,,0.5427319401494913,,,0.5427319401494913,0.00016989236137576267,0.000919485009878283,,
hsa-miR-21,hsa-miR-27a,miRNA,miRNA,miRNA-miRNA,,0.5348261983521058,,,0.5348261983521058,0.00022008816877739528,0.001112566316871293,,
hsa-miR-21,hsa-miR-135b,miRNA,miRNA,miRNA-miRNA,,0.5001077764014655,,,0.5001077764014655,0.0006381441706245634,0.00263753086001174,,
hsa-miR-21,hsa-miR-340,miRNA,miRNA,miRNA-miRNA,,0.4876048467384967,,,0.4876048467384967,0.0009114512973113205,0.003520118076887019,,
hsa-miR-21,hsa-miR-1274a,miRNA,miRNA,miRNA-miRNA,,0.48617416415513504,,,0.48617416415513504,0.0009485872313722489,0.003635494604445796,,
hsa-miR-21,hsa-miR-200a,miRNA,miRNA,miRNA-miRNA,,0.47871022303334615,,,0.47871022303334615,0.001165078461984112,0.004344636164102763,,
hsa-miR-21,hsa-miR-183,miRNA,miRNA,miRNA-miRNA,,0.47408754903993955,,,0.47408754903993955,0.0013202289096358641,0.0048024675595746006,,
hsa-miR-21,hsa-miR-429,miRNA,miRNA,miRNA-miRNA,,0.451774633193304,,,0.451774633193304,0.002357141747098451,0.007737994014040406,,
hsa-miR-21,hsa-miR-130b,miRNA,miRNA,miRNA-miRNA,,0.43558799342993254,,,0.43558799342993254,0.0035058173615890764,0.010792312477451386,,
hsa-miR-21,hsa-miR-421,miRNA,miRNA,miRNA-miRNA,,0.4333743756855177,,,0.4333743756855177,0.003695963069647635,0.011282265315502117,,
hsa-miR-21,hsa-miR-203,miRNA,miRNA,miRNA-miRNA,,0.42153604974363523,,,0.42153604974363523,0.004873858741504371,0.014227262579974495,,
hsa-miR-21,hsa-miR-98,miRNA,miRNA,miRNA-miRNA,,0.41871958618821065,,,0.41871958618821065,0.005198048806476699,0.014942023294825364,,
hsa-miR-21,hsa-miR-425,miRNA,miRNA,miRNA-miRNA,,0.4180027558146753,,,0.4180027558146753,0.005283494053859185,0.01507628821036667,,
hsa-miR-21,hsa-miR-32,miRNA,miRNA,miRNA-miRNA,,0.41789152133939894,,,0.41789152133939894,0.005296861909477248,0.015088145055089885,,
hsa-miR-21,hsa-miR-374b,miRNA,miRNA,miRNA-miRNA,,0.41507365883112385,,,0.41507365883112385,0.0056454547238676735,0.015945791017114984,,
hsa-miR-21,hsa-miR-484,miRNA,miRNA,miRNA-miRNA,,0.40438325276566106,,,0.40438325276566106,0.007155385755562,0.019574672097695228,,
hsa-miR-21,hsa-miR-125b,miRNA,miRNA,miRNA-miRNA,,0.40352815114474055,,,0.40352815114474055,0.007289980642142302,0.019874998278951613,,
hsa-miR-21,hsa-miR-490-3p,miRNA,miRNA,miRNA-miRNA,,0.3987077016804335,,,0.3987077016804335,0.00809037276165907,0.021630135454235363,,
hsa-miR-21,hsa-miR-107,miRNA,miRNA,miRNA-miRNA,,0.39861312688791184,,,0.39861312688791184,0.008106804558907957,0.021645168172284242,,
hsa-miR-21,hsa-miR-532-5p,miRNA,miRNA,miRNA-miRNA,,0.3974317494760302,,,0.3974317494760302,0.008314497361197366,0.022140666177922506,,
hsa-miR-21,hsa-miR-187,miRNA,miRNA,miRNA-miRNA,,0.379373150138028,,,0.379373150138028,0.012107715646961042,0.030555388258398847,,
hsa-miR-21,hsa-miR-454,miRNA,miRNA,miRNA-miRNA,,0.3691334521078444,,,0.3691334521078444,0.01485230907027003,0.03629255511069645,,
hsa-miR-24,hsa-miR-27a,miRNA,miRNA,miRNA-miRNA,,0.8419825104901147,,,0.8419825104901147,1.4974383934701339e-12,2.3988963063391544e-10,,
hsa-miR-24,hsa-miR-98,miRNA,miRNA,miRNA-miRNA,,0.7782532540429187,,,0.7782532540429187,8.135189505912578e-10,5.617488615720668e-08,,
hsa-miR-24,hsa-miR-151-3p,miRNA,miRNA,miRNA-miRNA,,0.7401626189217368,,,0.7401626189217368,1.4094893920956569e-08,5.589113876577332e-07,,
hsa-miR-24,hsa-miR-107,miRNA,miRNA,miRNA-miRNA,,0.7282669480666276,,,0.7282669480666276,3.111782256048048e-08,9.970150348377946e-07,,
hsa-miR-24,hsa-miR-934,miRNA,miRNA,miRNA-miRNA,,0.683303024198275,,,0.683303024198275,4.4354040267115835e-07,8.971612690393885e-06,,
hsa-miR-24,hsa-miR-532-5p,miRNA,miRNA,miRNA-miRNA,,0.6564447700259102,,,0.6564447700259102,1.7550048551483312e-06,2.5383789758903295e-05,,
hsa-miR-24,hsa-miR-340,miRNA,miRNA,miRNA-miRNA,,0.6161613824681559,,,0.6161613824681559,1.0888447275115999e-05,0.00010457609433294863,,
hsa-miR-24,hsa-miR-429,miRNA,miRNA,miRNA-miRNA,,0.6128034489958988,,,0.6128034489958988,1.2534871729066369e-05,0.00011647833242438703,,
hsa-miR-24,hsa-miR-135b,miRNA,miRNA,miRNA-miRNA,,0.6106081757130407,,,0.6106081757130407,1.3731605086566794e-05,0.00012527352704259684,,
hsa-miR-24,hsa-miR-454,miRNA,miRNA,miRNA-miRNA,,0.6063742996330891,,,0.6063742996330891,1.6340536660838076e-05,0.00014320317139312143,,
hsa-miR-24,hsa-miR-484,miRNA,miRNA,miRNA-miRNA,,0.601067793768069,,,0.601067793768069,2.0250354714888326e-05,0.00017182769201933845,,
hsa-miR-24,hsa-miR-130b,miRNA,miRNA,miRNA-miRNA,,0.5811977025842223,,,0.5811977025842223,4.3749399388542967e-05,0.00031344605465315667,,
hsa-miR-24,hsa-miR-200a,miRNA,miRNA,miRNA-miRNA,,0.5794855663429129,,,0.5794855663429129,4.6642688457387614e-05,0.00033180100758763305,,
hsa-miR-24,hsa-miR-200b,miRNA,miRNA,miRNA-miRNA,,0.5747070223134364,,,0.5747070223134364,5.566558551768038e-05,0.00037979671209252113,,
hsa-miR-24,hsa-miR-1274a,miRNA,miRNA,miRNA-miRNA,,0.5710844934180783,,,0.5710844934180783,6.353587949431273e-05,0.0004248100123117236,,
hsa-miR-24,hsa-miR-128,miRNA,miRNA,miRNA-miRNA,,0.5682378577015857,,,0.5682378577015857,7.041730964116155e-05,0.0004608191586811307,,
hsa-miR-24,hsa-miR-210,miRNA,miRNA,miRNA-miRNA,,0.5629488639418903,,,0.5629488639418903,8.503079923559831e-05,0.0005321067983415175,,
hsa-miR-24,hsa-miR-374b,miRNA,miRNA,miRNA-miRNA,,0.5466061597523582,,,0.5466061597523582,0.00014929747921025734,0.0008362746912406723,,
hsa-miR-24,hsa-miR-183,miRNA,miRNA,miRNA-miRNA,,0.5368639283159055,,,0.5368639283159055,0.0002060085691529607,0.0010572297702283672,,
hsa-miR-24,hsa-miR-490-3p,miRNA,miRNA,miRNA-miRNA,,0.510679404226094,,,0.510679404226094,0.00046702272539543793,0.0020644878755063235,,
hsa-miR-24,hsa-miR-660,miRNA,miRNA,miRNA-miRNA,,0.507283871505941,,,0.507283871505941,0.0005168498734618459,0.002238567477066624,,
hsa-miR-24,hsa-miR-425,miRNA,miRNA,miRNA-miRNA,,0.5048288779697879,,,0.5048288779697879,0.0005557915405629452,0.0023655102231185925,,
hsa-miR-24,hsa-miR-203,miRNA,miRNA,miRNA-miRNA,,0.5020070344054882,,,0.5020070344054882,0.0006037851680156698,0.0025347584883676703,,
hsa-miR-24,hsa-miR-148a,miRNA,miRNA,miRNA-miRNA,,0.500138949245801,,,0.500138949245801,0.0006375663913817328,0.00263753086001174,,
hsa-miR-24,hsa-miR-96,miRNA,miRNA,miRNA-miRNA,,0.4985270118342684,,,0.4985270118342684,0.0006680648500580084,0.0027413931603302495,,
hsa-miR-24,hsa-miR-200c,miRNA,miRNA,miRNA-miRNA,,0.4971860632120781,,,0.4971860632120781,0.0006944237186552807,0.002832145614271282,,
hsa-miR-24,hsa-miR-141,miRNA,miRNA,miRNA-miRNA,,0.48198210366467686,,,0.48198210366467686,0.0010652876797213693,0.004022805467527251,,
hsa-miR-24,hsa-miR-421,miRNA,miRNA,miRNA-miRNA,,0.46793089029549606,,,0.46793089029549606,0.00155524389535891,0.0055366682674777195,,
hsa-miR-24,hsa-miR-1979,miRNA,miRNA,miRNA-miRNA,,0.4606392941848818,,,0.4606392941848818,0.0018809701912577675,0.006433207187008846,,
hsa-miR-24,hsa-miR-93,miRNA,miRNA,miRNA-miRNA,,0.44474894284648697,,,0.44474894284648697,0.0028069709649823915,0.008950572225122992,,
hsa-miR-24,hsa-miR-1290,miRNA,miRNA,miRNA-miRNA,,0.4393014272978554,,,0.4393014272978554,0.0032060376818358206,0.010015741743956679,,
hsa-miR-24,hsa-miR-125b,miRNA,miRNA,miRNA-miRNA,,0.4358472656792269,,,0.4358472656792269,0.003484116941164021,0.010733760268739926,,
hsa-miR-24,hsa-miR-374a,miRNA,miRNA,miRNA-miRNA,,0.4134949032717592,,,0.4134949032717592,0.005849334075498163,0.01643970734903168,,
hsa-miR-24,hsa-miR-216a,miRNA,miRNA,miRNA-miRNA,,0.41277118982208433,,,0.41277118982208433,0.005944909559563021,0.01666155548358985,,
hsa-miR-24,hsa-miR-106a+hsa-miR-17,miRNA,miRNA,miRNA-miRNA,,0.40230220324598703,,,0.40230220324598703,0.007486759815790391,0.0203284563133834,,
hsa-miR-24,hsa-miR-455-5p,miRNA,miRNA,miRNA-miRNA,,0.3876837617129593,,,0.3876837617129593,0.010210151085954444,0.02642183904667876,,
hsa-miR-24,hsa-miR-520c-3p,miRNA,miRNA,miRNA-miRNA,,0.3676331474841277,,,0.3676331474841277,0.01529568193633755,0.037217014674988995,,
hsa-miR-24,hsa-miR-127-3p,miRNA,miRNA,miRNA-miRNA,,0.352978715754264,,,0.352978715754264,0.02024805569376408,0.04692908741523445,,
hsa-miR-24,hsa-miR-194,miRNA,miRNA,miRNA-miRNA,,0.3511281497303754,,,0.3511281497303754,0.020959916082343658,0.04835510593881702,,
hsa-miR-25,hsa-miR-106b,miRNA,miRNA,miRNA-miRNA,,0.9229344817119097,,,0.9229344817119097,1.3424339129594788e-18,4.88767983763883e-16,,
hsa-miR-25,hsa-miR-93,miRNA,miRNA,miRNA-miRNA,,0.9071149032442816,,,0.9071149032442816,5.2930779611535085e-17,1.7665647695349835e-14,,
hsa-miR-25,hsa-miR-455-5p,miRNA,miRNA,miRNA-miRNA,,0.7801309683165535,,,0.7801309683165535,6.967575606481842e-10,4.930798685243246e-08,,
hsa-miR-25,hsa-miR-362-3p,miRNA,miRNA,miRNA-miRNA,,0.7300936565179739,,,0.7300936565179739,2.7628751132896586e-08,9.221095690604235e-07,,
hsa-miR-25,hsa-miR-96,miRNA,miRNA,miRNA-miRNA,,0.7244598985575246,,,0.7244598985575246,3.9749984038852055e-08,1.188108176189405e-06,,
hsa-miR-25,hsa-miR-106a+hsa-miR-17,miRNA,miRNA,miRNA-miRNA,,0.6962873290889781,,,0.6962873290889781,2.163587012380919e-07,4.9604743471997376e-06,,
hsa-miR-25,hsa-miR-183,miRNA,miRNA,miRNA-miRNA,,0.6642081166911351,,,0.6642081166911351,1.1961629090577474e-06,1.871340801084484e-05,,
hsa-miR-25,hsa-miR-340,miRNA,miRNA,miRNA-miRNA,,0.658887271239782,,,0.658887271239782,1.5574498491930473e-06,2.3274577037381176e-05,,
hsa-miR-25,hsa-miR-374b,miRNA,miRNA,miRNA-miRNA,,0.657933770935617,,,0.657933770935617,1.6319862165637997e-06,2.4207795545696364e-05,,
hsa-miR-25,hsa-miR-98,miRNA,miRNA,miRNA-miRNA,,0.6320545904433168,,,0.6320545904433168,5.466104278848272e-06,6.259147673863538e-05,,
hsa-miR-25,hsa-miR-194,miRNA,miRNA,miRNA-miRNA,,0.625005720616109,,,0.625005720616109,7.455277376580031e-06,7.87820208263932e-05,,
hsa-miR-25,hsa-miR-128,miRNA,miRNA,miRNA-miRNA,,0.6191390697634799,,,0.6191390697634799,9.597167308766467e-06,9.534551770441226e-05,,
hsa-miR-25,hsa-miR-532-5p,miRNA,miRNA,miRNA-miRNA,,0.6151310065119642,,,0.6151310065119642,1.1371190399175964e-05,0.00010730932348674931,,
hsa-miR-25,hsa-miR-107,miRNA,miRNA,miRNA-miRNA,,0.5924945220077013,,,0.5924945220077013,2.841107437885495e-05,0.00022197179785993142,,
hsa-miR-25,hsa-miR-374a,miRNA,miRNA,miRNA-miRNA,,0.5879886051270237,,,0.5879886051270237,3.381494262260401e-05,0.0002550449062213353,,
hsa-miR-25,hsa-miR-200a,miRNA,miRNA,miRNA-miRNA,,0.5798369068280338,,,0.5798369068280338,4.6035111908910573e-05,0.00032864638715719577,,
hsa-miR-25,hsa-miR-1246,miRNA,miRNA,miRNA-miRNA,,0.573269688287367,,,0.573269688287367,5.867531450279569e-05,0.0003976220551331586,,
hsa-miR-25,hsa-miR-1979,miRNA,miRNA,miRNA-miRNA,,0.5710972456901977,,,0.5710972456901977,6.350648132314634e-05,0.0004248100123117236,,
hsa-miR-25,hsa-miR-429,miRNA,miRNA,miRNA-miRNA,,0.5569463286011517,,,0.5569463286011517,0.00010491867814515578,0.0006281006068331075,,
hsa-miR-25,hsa-miR-141,miRNA,miRNA,miRNA-miRNA,,0.535420878481796,,,0.535420878481796,0.00021589203143074554,0.0010986627520713289,,
hsa-miR-25,hsa-miR-148a,miRNA,miRNA,miRNA-miRNA,,0.5298316836501199,,,0.5298316836501199,0.0002583456093344344,0.0012576413021413969,,
hsa-miR-25,hsa-miR-484,miRNA,miRNA,miRNA-miRNA,,0.5194551718625899,,,0.5194551718625899,0.0003576033399181263,0.0016672891459512177,,
hsa-miR-25,hsa-miR-101,miRNA,miRNA,miRNA-miRNA,,0.5171831893201393,,,0.5171831893201393,0.00038345802396355297,0.0017632025097290812,,
hsa-miR-25,hsa-miR-200b,miRNA,miRNA,miRNA-miRNA,,0.5164336134678634,,,0.5164336134678634,0.0003923496953889881,0.0017937905593982846,,
hsa-miR-25,hsa-miR-186,miRNA,miRNA,miRNA-miRNA,,0.5147085868701208,,,0.5147085868701208,0.0004135205981038234,0.0018692437871397436,,
hsa-miR-25,hsa-miR-660,miRNA,miRNA,miRNA-miRNA,,0.5031820150334484,,,0.5031820150334484,0.0005833677458773257,0.002462784749475467,,
hsa-miR-25,hsa-miR-32,miRNA,miRNA,miRNA-miRNA,,0.47335150346495086,,,0.47335150346495086,0.001346557005685418,0.004889357033336445,,
hsa-miR-25,hsa-miR-27a,miRNA,miRNA,miRNA-miRNA,,0.466450592469841,,,0.466450592469841,0.0016170013400538552,0.005715878523314819,,
hsa-miR-25,hsa-miR-454,miRNA,miRNA,miRNA-miRNA,,0.45817102368600165,,,0.45817102368600165,0.002004154942328405,0.006779257216237553,,
hsa-miR-25,hsa-miR-1290,miRNA,miRNA,miRNA-miRNA,,0.4413192898706071,,,0.4413192898706071,0.003052763416235342,0.009611884812910807,,
hsa-miR-25,hsa-miR-210,miRNA,miRNA,miRNA-miRNA,,0.43838193249424895,,,0.43838193249424895,0.0032780917148509123,0.010185226778881229,,
hsa-miR-25,hsa-miR-200c,miRNA,miRNA,miRNA-miRNA,,0.42507541053242454,,,0.42507541053242454,0.004491527369706026,0.013246367537314162,,
hsa-miR-25,hsa-miR-130b,miRNA,miRNA,miRNA-miRNA,,0.4128959156828475,,,0.4128959156828475,0.005928341974408718,0.01663840897512748,,
hsa-miR-25,hsa-miR-425,miRNA,miRNA,miRNA-miRNA,,0.41270993578814713,,,0.41270993578814713,0.005953060749442319,0.016672733077983556,,
hsa-miR-25,hsa-miR-135b,miRNA,miRNA,miRNA-miRNA,,0.39755056218094714,,,0.39755056218094714,0.008293404246776447,0.022113904133381938,,
hsa-miR-25,hsa-miR-509-3p,miRNA,miRNA,miRNA-miRNA,,0.39400660126599774,,,0.39400660126599774,0.008942757981909893,0.023609588475642134,,
hsa-miR-25,hsa-miR-421,miRNA,miRNA,miRNA-miRNA,,0.3902967694193397,,,0.3902967694193397,0.009668861658426996,0.025227225369381184,,
hsa-miR-25,hsa-miR-1305,miRNA,miRNA,miRNA-miRNA,,0.3882565268907846,,,0.3882565268907846,0.010089330615886266,0.02615389586836537,,
hsa-miR-25,hsa-miR-151-3p,miRNA,miRNA,miRNA-miRNA,,0.3810150921743243,,,0.3810150921743243,0.01171064025451861,0.029689204846110682,,
hsa-miR-25,hsa-miR-548g,miRNA,miRNA,miRNA-miRNA,,0.36499513739876516,,,0.36499513739876516,0.016102483441838015,0.038826277052715984,,
hsa-miR-26b,hsa-miR-29b,miRNA,miRNA,miRNA-miRNA,,0.6631705098918419,,,0.6631705098918419,1.2598580888910552e-06,1.95570994031344e-05,,
hsa-miR-26b,hsa-miR-195,miRNA,miRNA,miRNA-miRNA,,0.6479327058001385,,,0.6479327058001385,2.6389543483469244e-06,3.570612217949133e-05,,
hsa-miR-26b,hsa-miR-146a,miRNA,miRNA,miRNA-miRNA,,0.6323864050114675,,,0.6323864050114675,5.385802269127155e-06,6.25221393850848e-05,,
hsa-miR-26b,hsa-miR-490-3p,miRNA,miRNA,miRNA-miRNA,,0.6307413523366405,,,0.6307413523366405,5.794856861549854e-06,6.471093713082007e-05,,
hsa-miR-26b,hsa-miR-497,miRNA,miRNA,miRNA-miRNA,,0.6169713057710283,,,0.6169713057710283,1.0522281631153608e-05,0.00010288120414076333,,
hsa-miR-26b,hsa-miR-186,miRNA,miRNA,miRNA-miRNA,,0.6154991219040272,,,0.6154991219040272,1.1196512220021467e-05,0.00010675700706067757,,
hsa-miR-26b,hsa-miR-509-3p,miRNA,miRNA,miRNA-miRNA,,0.6097110323288714,,,0.6097110323288714,1.4250169093635675e-05,0.0001291220072850925,,
hsa-miR-26b,hsa-miR-194,miRNA,miRNA,miRNA-miRNA,,0.5779477902461578,,,0.5779477902461578,4.9389010697026975e-05,0.00034580941930348433,,
hsa-miR-26b,hsa-miR-142-5p,miRNA,miRNA,miRNA-miRNA,,0.5470952783962384,,,0.5470952783962384,0.0001468649894617353,0.0008249569183650068,,
hsa-miR-26b,hsa-miR-150,miRNA,miRNA,miRNA-miRNA,,0.5362080692812271,,,0.5362080692812271,0.00021044870362036262,0.0010778095370838265,,
hsa-miR-26b,hsa-miR-216a,miRNA,miRNA,miRNA-miRNA,,0.5258826773625646,,,0.5258826773625646,0.000292734612853104,0.0014057579430176038,,
hsa-miR-26b,hsa-miR-374b,miRNA,miRNA,miRNA-miRNA,,0.5204837475484707,,,0.5204837475484707,0.0003464229712861926,0.0016246182669803295,,
hsa-miR-26b,hsa-miR-374a,miRNA,miRNA,miRNA-miRNA,,0.5018636592253195,,,0.5018636592253195,0.0006063198824099134,0.002540074402773748,,
hsa-miR-26b,hsa-miR-101,miRNA,miRNA,miRNA-miRNA,,0.48458919454010624,,,0.48458919454010624,0.000991297633172515,0.003777494786732562,,
hsa-miR-26b,hsa-miR-142-3p,miRNA,miRNA,miRNA-miRNA,,0.45837177822162883,,,0.45837177822162883,0.001993876147849229,0.006751038441481644,,
hsa-miR-26b,hsa-miR-155,miRNA,miRNA,miRNA-miRNA,,0.45748097926029824,,,0.45748097926029824,0.0020398436056439533,0.006894154970973868,,
hsa-miR-26b,hsa-miR-145,miRNA,miRNA,miRNA-miRNA,,0.4384247004842238,,,0.4384247004842238,0.0032747090843142077,0.010182616368539132,,
hsa-miR-26b,hsa-miR-484,miRNA,miRNA,miRNA-miRNA,,0.42597976340604765,,,0.42597976340604765,0.004398137281863839,0.013047807269529388,,
hsa-miR-26b,hsa-miR-1975,miRNA,miRNA,miRNA-miRNA,,0.3768045120015035,,,0.3768045120015035,0.012751920123521032,0.03187742952886312,,
hsa-miR-26b,hsa-miR-454,miRNA,miRNA,miRNA-miRNA,,0.35107209258760014,,,0.35107209258760014,0.020981803120284297,0.04837773258303892,,
hsa-miR-27a,hsa-miR-98,miRNA,miRNA,miRNA-miRNA,,0.7472977619523308,,,0.7472977619523308,8.585212087291262e-09,3.7784367483078573e-07,,
hsa-miR-27a,hsa-miR-107,miRNA,miRNA,miRNA-miRNA,,0.7295779935211979,,,0.7295779935211979,2.8574777445538127e-08,9.45801517928762e-07,,
hsa-miR-27a,hsa-miR-484,miRNA,miRNA,miRNA-miRNA,,0.6707625200213401,,,0.6707625200213401,8.57858955748214e-07,1.4937935294659117e-05,,
hsa-miR-27a,hsa-miR-200a,miRNA,miRNA,miRNA-miRNA,,0.6604504346287149,,,0.6604504346287149,1.4420318048467158e-06,2.187627794852688e-05,,
hsa-miR-27a,hsa-miR-151-3p,miRNA,miRNA,miRNA-miRNA,,0.6563633699862428,,,0.6563633699862428,1.761970924588044e-06,2.5383789758903295e-05,,
hsa-miR-27a,hsa-miR-934,miRNA,miRNA,miRNA-miRNA,,0.6426334298460048,,,0.6426334298460048,3.380524616031931e-06,4.3533765553723094e-05,,
hsa-miR-27a,hsa-miR-374b,miRNA,miRNA,miRNA-miRNA,,0.6353802402658585,,,0.6353802402658585,4.708854804222705e-06,5.612786753247599e-05,,
hsa-miR-27a,hsa-miR-454,miRNA,miRNA,miRNA-miRNA,,0.6326243935763495,,,0.6326243935763495,5.328877566684155e-06,6.229048782222554e-05,,
hsa-miR-27a,hsa-miR-128,miRNA,miRNA,miRNA-miRNA,,0.6241702745691601,,,0.6241702745691601,7.730714839597415e-06,8.083945935401475e-05,,
hsa-miR-27a,hsa-miR-200b,miRNA,miRNA,miRNA-miRNA,,0.6230334259979167,,,0.6230334259979167,8.12056455600925e-06,8.344491567468528e-05,,
hsa-miR-27a,hsa-miR-532-5p,miRNA,miRNA,miRNA-miRNA,,0.6209146185016439,,,0.6209146185016439,8.895774054350107e-06,9.017641007542923e-05,,
hsa-miR-27a,hsa-miR-429,miRNA,miRNA,miRNA-miRNA,,0.6186638339810321,,,0.6186638339810321,9.793333521174284e-06,9.660665209926848e-05,,
hsa-miR-27a,hsa-miR-340,miRNA,miRNA,miRNA-miRNA,,0.5960188205051359,,,0.5960188205051359,2.474834590212825e-05,0.00019983291398795088,,
hsa-miR-27a,hsa-miR-93,miRNA,miRNA,miRNA-miRNA,,0.5635453908477494,,,0.5635453908477494,8.325474349730897e-05,0.0005284235304385458,,
hsa-miR-27a,hsa-miR-130b,miRNA,miRNA,miRNA-miRNA,,0.5602507217574505,,,0.5602507217574505,9.35022730697875e-05,0.0005743506190866548,,
hsa-miR-27a,hsa-miR-96,miRNA,miRNA,miRNA-miRNA,,0.554764279234966,,,0.554764279234966,0.00011313639401790192,0.0006673214404148707,,
hsa-miR-27a,hsa-miR-148a,miRNA,miRNA,miRNA-miRNA,,0.5540764296572985,,,0.5540764296572985,0.00011584542816482959,0.0006792985941436932,,
hsa-miR-27a,hsa-miR-141,miRNA,miRNA,miRNA-miRNA,,0.5476203318458395,,,0.5476203318458395,0.0001442937970616978,0.0008127941733222217,,
hsa-miR-27a,hsa-miR-455-5p,miRNA,miRNA,miRNA-miRNA,,0.5418476351128246,,,0.5418476351128246,0.00017493956581314803,0.00093261052969166,,
hsa-miR-27a,hsa-miR-490-3p,miRNA,miRNA,miRNA-miRNA,,0.5349573593692274,,,0.5349573593692274,0.00021915639870267835,0.001112340596638952,,
hsa-miR-27a,hsa-miR-374a,miRNA,miRNA,miRNA-miRNA,,0.5223548238638377,,,0.5223548238638377,0.00032688860800071364,0.001558558184574831,,
hsa-miR-27a,hsa-miR-183,miRNA,miRNA,miRNA-miRNA,,0.5208767028129174,,,0.5208767028129174,0.00034223539807131916,0.001610637801733999,,
hsa-miR-27a,hsa-miR-1274a,miRNA,miRNA,miRNA-miRNA,,0.519496258355209,,,0.519496258355209,0.00035715058753815445,0.0016671190012707557,,
hsa-miR-27a,hsa-miR-200c,miRNA,miRNA,miRNA-miRNA,,0.514450260842775,,,0.514450260842775,0.00041677785963374387,0.0018797244682805677,,
hsa-miR-27a,hsa-miR-210,miRNA,miRNA,miRNA-miRNA,,0.5104760264588951,,,0.5104760264588951,0.00046988104593251995,0.002074833063902693,,
hsa-miR-27a,hsa-miR-421,miRNA,miRNA,miRNA-miRNA,,0.4940343487596115,,,0.4940343487596115,0.000760073832769497,0.003041536024086745,,
hsa-miR-27a,hsa-miR-216a,miRNA,miRNA,miRNA-miRNA,,0.48880490234178514,,,0.48880490234178514,0.0008813075303567274,0.003426831707843391,,
hsa-miR-27a,hsa-miR-106b,miRNA,miRNA,miRNA-miRNA,,0.4788683059169047,,,0.4788683059169047,0.0011600723310715535,0.004329999707308082,,
hsa-miR-27a,hsa-miR-135b,miRNA,miRNA,miRNA-miRNA,,0.4784908520384126,,,0.4784908520384126,0.0011720572791038466,0.004356763164208927,,
hsa-miR-27a,hsa-miR-425,miRNA,miRNA,miRNA-miRNA,,0.44321828486982173,,,0.44321828486982173,0.0029144320218619396,0.009241726245096648,,
hsa-miR-27a,hsa-miR-194,miRNA,miRNA,miRNA-miRNA,,0.4369415281006958,,,0.4369415281006958,0.0033938207925071286,0.010487848976844946,,
hsa-miR-27a,hsa-miR-1290,miRNA,miRNA,miRNA-miRNA,,0.4151745234541863,,,0.4151745234541863,0.005632641480786505,0.015942564756572405,,
hsa-miR-27a,hsa-miR-106a+hsa-miR-17,miRNA,miRNA,miRNA-miRNA,,0.40927828419490986,,,0.40927828419490986,0.0064254792024574766,0.01779671106904716,,
hsa-miR-27a,hsa-miR-362-3p,miRNA,miRNA,miRNA-miRNA,,0.40358550895167467,,,0.40358550895167467,0.007280884472171735,0.019863720920332287,,
hsa-miR-27a,hsa-miR-203,miRNA,miRNA,miRNA-miRNA,,0.3948698489359391,,,0.3948698489359391,0.00878068936022332,0.023258373602972483,,
hsa-miR-27a,hsa-miR-660,miRNA,miRNA,miRNA-miRNA,,0.39019903776702447,,,0.39019903776702447,0.00968865447710103,0.025261316791220928,,
hsa-miR-27a,hsa-miR-32,miRNA,miRNA,miRNA-miRNA,,0.3692187516106215,,,0.3692187516106215,0.014827432192120345,0.03627603294406963,,
hsa-miR-27a,hsa-miR-1979,miRNA,miRNA,miRNA-miRNA,,0.36916316476248945,,,0.36916316476248945,0.014843639610957983,0.03629255511069645,,
hsa-miR-27a,hsa-miR-579 (+++ See note below),miRNA,miRNA,miRNA-miRNA,,0.35786864517441347,,,0.35786864517441347,0.01846409898239064,0.04337168118737508,,
hsa-miR-27a,hsa-miR-101,miRNA,miRNA,miRNA-miRNA,,0.35249342205170675,,,0.35249342205170675,0.020432740799788733,0.04724776380089716,,
hsa-miR-29b,hsa-miR-509-3p,miRNA,miRNA,miRNA-miRNA,,0.5886218340694847,,,0.5886218340694847,3.300270195076772e-05,0.00025033299491065286,,
hsa-miR-29b,hsa-miR-186,miRNA,miRNA,miRNA-miRNA,,0.5577655173868314,,,0.5577655173868314,0.00010197623325058154,0.0006169408069011768,,
hsa-miR-29b,hsa-miR-490-3p,miRNA,miRNA,miRNA-miRNA,,0.5514713511906999,,,0.5514713511906999,0.00012664732478508513,0.0007287723217729066,,
hsa-miR-29b,hsa-miR-194,miRNA,miRNA,miRNA-miRNA,,0.5420863256987742,,,0.5420863256987742,0.00017356403121128857,0.0009305199654992143,,
hsa-miR-29b,hsa-miR-374a,miRNA,miRNA,miRNA-miRNA,,0.5319523519869318,,,0.5319523519869318,0.00024142345867230608,0.0012047903948315495,,
hsa-miR-29b,hsa-miR-484,miRNA,miRNA,miRNA-miRNA,,0.518068177965804,,,0.518068177965804,0.0003731936199408521,0.001733921633251871,,
hsa-miR-29b,hsa-miR-101,miRNA,miRNA,miRNA-miRNA,,0.5147914263046397,,,0.5147914263046397,0.0004124809219192447,0.0018666509517362428,,
hsa-miR-29b,hsa-miR-142-5p,miRNA,miRNA,miRNA-miRNA,,0.4894135052985973,,,0.4894135052985973,0.0008663628356158454,0.003375275444203755,,
hsa-miR-29b,hsa-miR-200a,miRNA,miRNA,miRNA-miRNA,,0.4658452691328093,,,0.4658452691328093,0.0016428745122038552,0.005776744882683441,,
hsa-miR-29b,hsa-miR-216a,miRNA,miRNA,miRNA-miRNA,,0.45161029551610676,,,0.45161029551610676,0.002366890493778202,0.007763633437822849,,
hsa-miR-29b,hsa-miR-374b,miRNA,miRNA,miRNA-miRNA,,0.41538759879019554,,,0.41538759879019554,0.005605656647090974,0.01587740797142811,,
hsa-miR-29b,hsa-miR-130b,miRNA,miRNA,miRNA-miRNA,,0.38758104170420615,,,0.38758104170420615,0.010231949685911554,0.02645510554685331,,
hsa-miR-29b,hsa-miR-454,miRNA,miRNA,miRNA-miRNA,,0.3784906890833684,,,0.3784906890833684,0.012325829208181595,0.03093041727992938,,
hsa-miR-29b,hsa-miR-195,miRNA,miRNA,miRNA-miRNA,,0.3552376237055448,,,0.3552376237055448,0.019406744261476955,0.0453201228963354,,
hsa-miR-29b,hsa-miR-155,miRNA,miRNA,miRNA-miRNA,,0.3540990149880115,,,0.3540990149880115,0.01982705876220398,0.04613602436339842,,
hsa-miR-29b,hsa-miR-497,miRNA,miRNA,miRNA-miRNA,,0.34929281833651954,,,0.34929281833651954,0.021686534398716435,0.04971641114302194,,
hsa-miR-32,hsa-miR-101,miRNA,miRNA,miRNA-miRNA,,0.7047094655068732,,,0.7047094655068732,1.3308190085538271e-07,3.2499573958890716e-06,,
hsa-miR-32,hsa-miR-106b,miRNA,miRNA,miRNA-miRNA,,0.6629186528188908,,,0.6629186528188908,1.2757849085763551e-06,1.972787088358418e-05,,
hsa-miR-32,hsa-miR-96,miRNA,miRNA,miRNA-miRNA,,0.6150971492043503,,,0.6150971492043503,1.1387381393724958e-05,0.00010730932348674931,,
hsa-miR-32,hsa-miR-93,miRNA,miRNA,miRNA-miRNA,,0.5996083600275288,,,0.5996083600275288,2.1466689524654266e-05,0.00017986211620552373,,
hsa-miR-32,hsa-miR-340,miRNA,miRNA,miRNA-miRNA,,0.5405306310089596,,,0.5405306310089596,0.00018270818619227697,0.0009615588511170425,,
hsa-miR-32,hsa-miR-454,miRNA,miRNA,miRNA-miRNA,,0.5358518567064968,,,0.5358518567064968,0.0002128963165938312,0.0010861780228768076,,
hsa-miR-32,hsa-miR-148a,miRNA,miRNA,miRNA-miRNA,,0.5212029608684711,,,0.5212029608684711,0.00033879327510693684,0.0016038617810913498,,
hsa-miR-32,hsa-miR-194,miRNA,miRNA,miRNA-miRNA,,0.5070717520533398,,,0.5070717520533398,0.0005201152452715812,0.002247099846076249,,
hsa-miR-32,hsa-miR-421,miRNA,miRNA,miRNA-miRNA,,0.5067928016245884,,,0.5067928016245884,0.0005244375765277667,0.0022536185557872376,,
hsa-miR-32,hsa-miR-107,miRNA,miRNA,miRNA-miRNA,,0.4987696298448397,,,0.4987696298448397,0.000663392549449099,0.0027289829608856263,,
hsa-miR-32,hsa-miR-141,miRNA,miRNA,miRNA-miRNA,,0.4916161727996801,,,0.4916161727996801,0.0008141467448601446,0.003209308772800078,,
hsa-miR-32,hsa-miR-425,miRNA,miRNA,miRNA-miRNA,,0.48953233137823954,,,0.48953233137823954,0.0008634715017211169,0.003367286625504453,,
hsa-miR-32,hsa-miR-186,miRNA,miRNA,miRNA-miRNA,,0.4865318965351768,,,0.4865318965351768,0.0009391773463568949,0.003606332955090474,,
hsa-miR-32,hsa-miR-374b,miRNA,miRNA,miRNA-miRNA,,0.47856813892829403,,,0.47856813892829403,0.0011695943326941436,0.004353369240185916,,
hsa-miR-32,hsa-miR-200b,miRNA,miRNA,miRNA-miRNA,,0.4756254665267445,,,0.4756254665267445,0.001266688774036792,0.0046584835078212605,,
hsa-miR-32,hsa-miR-200a,miRNA,miRNA,miRNA-miRNA,,0.47480933336705927,,,0.47480933336705927,0.001294855892517414,0.00472734535053076,,
hsa-miR-32,hsa-miR-362-3p,miRNA,miRNA,miRNA-miRNA,,0.47165388651037393,,,0.47165388651037393,0.0014090653138557913,0.0050932369873578015,,
hsa-miR-32,hsa-miR-455-5p,miRNA,miRNA,miRNA-miRNA,,0.4698892009452119,,,0.4698892009452119,0.0014767596441447285,0.00529966162616455,,
hsa-miR-32,hsa-miR-106a+hsa-miR-17,miRNA,miRNA,miRNA-miRNA,,0.46727511297648944,,,0.46727511297648944,0.0015823399361634064,0.005623133490979985,,
hsa-miR-32,hsa-miR-429,miRNA,miRNA,miRNA-miRNA,,0.459222326153677,,,0.459222326153677,0.0019508421458875333,0.006632462791839527,,
hsa-miR-32,hsa-miR-183,miRNA,miRNA,miRNA-miRNA,,0.4561367843663057,,,0.4561367843663057,0.0021109793140631793,0.007063051088406878,,
hsa-miR-32,hsa-miR-151-3p,miRNA,miRNA,miRNA-miRNA,,0.4334492779275585,,,0.4334492779275585,0.003689384530057472,0.011270774250862071,,
hsa-miR-32,hsa-miR-98,miRNA,miRNA,miRNA-miRNA,,0.4318365004226157,,,0.4318365004226157,0.003833319840360859,0.011639458650981987,,
hsa-miR-32,hsa-miR-542-3p,miRNA,miRNA,miRNA-miRNA,,-0.4210853924863235,,,-0.4210853924863235,0.004924517417648454,0.014316083318224803,,
hsa-miR-32,hsa-miR-128,miRNA,miRNA,miRNA-miRNA,,0.4182285826070178,,,0.4182285826070178,0.005256444999653123,0.015037187302579112,,
hsa-miR-32,hsa-miR-934,miRNA,miRNA,miRNA-miRNA,,0.41284703956203544,,,0.41284703956203544,0.005934829508770274,0.016644952508841,,
hsa-miR-32,hsa-miR-1274a,miRNA,miRNA,miRNA-miRNA,,0.40430833894353135,,,0.40430833894353135,0.007167090915773064,0.019593309977932506,,
hsa-miR-32,hsa-miR-200c,miRNA,miRNA,miRNA-miRNA,,0.40087516870865114,,,0.40087516870865114,0.00772157515811399,0.02085293898061128,,
hsa-miR-32,hsa-miR-135b,miRNA,miRNA,miRNA-miRNA,,0.3753286096177291,,,0.3753286096177291,0.013135111816232557,0.032730960332823515,,
hsa-miR-32,hsa-miR-146a,miRNA,miRNA,miRNA-miRNA,,0.3619553913188158,,,0.3619553913188158,0.017076521501654368,0.040740597447192786,,
hsa-miR-32,hsa-miR-532-5p,miRNA,miRNA,miRNA-miRNA,,0.3581274840513194,,,0.3581274840513194,0.01837348277437254,0.043184154055963625,,
hsa-miR-32,hsa-miR-374a,miRNA,miRNA,miRNA-miRNA,,0.3576862871073706,,,0.3576862871073706,0.01852816605441751,0.04347118046159469,,
hsa-miR-93,hsa-miR-106b,miRNA,miRNA,miRNA-miRNA,,0.9454074175957576,,,0.9454074175957576,1.4192049322468959e-21,1.4209789384122046e-18,,
hsa-miR-93,hsa-miR-96,miRNA,miRNA,miRNA-miRNA,,0.7776634266497954,,,0.7776634266497954,8.538265186254525e-10,5.795890181516843e-08,,
hsa-miR-93,hsa-miR-98,miRNA,miRNA,miRNA-miRNA,,0.7380217649390093,,,0.7380217649390093,1.630478207272126e-08,6.339869145752294e-07,,
hsa-miR-93,hsa-miR-183,miRNA,miRNA,miRNA-miRNA,,0.7357414443444987,,,0.7357414443444987,1.9011810145641076e-08,7.032893689107136e-07,,
hsa-miR-93,hsa-miR-106a+hsa-miR-17,miRNA,miRNA,miRNA-miRNA,,0.7264274629825744,,,0.7264274629825744,3.504321537919489e-08,1.0964693562005901e-06,,
hsa-miR-93,hsa-miR-429,miRNA,miRNA,miRNA-miRNA,,0.7160794538384102,,,0.7160794538384102,6.719728933420392e-08,1.856035474368874e-06,,
hsa-miR-93,hsa-miR-128,miRNA,miRNA,miRNA-miRNA,,0.7079470277697799,,,0.7079470277697799,1.099098836044917e-07,2.8130511962340964e-06,,
hsa-miR-93,hsa-miR-362-3p,miRNA,miRNA,miRNA-miRNA,,0.6946579933551167,,,0.6946579933551167,2.372372286830297e-07,5.278528338197411e-06,,
hsa-miR-93,hsa-miR-455-5p,miRNA,miRNA,miRNA-miRNA,,0.6899569737503651,,,0.6899569737503651,3.084391474102416e-07,6.570738220095839e-06,,
hsa-miR-93,hsa-miR-107,miRNA,miRNA,miRNA-miRNA,,0.6886335344188504,,,0.6886335344188504,3.3180098097123143e-07,6.994015414683063e-06,,
hsa-miR-93,hsa-miR-340,miRNA,miRNA,miRNA-miRNA,,0.6781406541376107,,,0.6781406541376107,5.841729397788562e-07,1.0932769270160369e-05,,
hsa-miR-93,hsa-miR-200b,miRNA,miRNA,miRNA-miRNA,,0.6625532438807777,,,0.6625532438807777,1.2992238557459593e-06,2.0013044393317564e-05,,
hsa-miR-93,hsa-miR-1246,miRNA,miRNA,miRNA-miRNA,,0.6479773550110013,,,0.6479773550110013,2.633400472020064e-06,3.570612217949133e-05,,
hsa-miR-93,hsa-miR-1979,miRNA,miRNA,miRNA-miRNA,,0.6372603945091131,,,0.6372603945091131,4.324765251394162e-06,5.23283529662647e-05,,
hsa-miR-93,hsa-miR-200a,miRNA,miRNA,miRNA-miRNA,,0.626605339176768,,,0.626605339176768,6.952929549137848e-06,7.467869204007106e-05,,
hsa-miR-93,hsa-miR-141,miRNA,miRNA,miRNA-miRNA,,0.6208766272523032,,,0.6208766272523032,8.910274714324564e-06,9.017641007542923e-05,,
hsa-miR-93,hsa-miR-532-5p,miRNA,miRNA,miRNA-miRNA,,0.6044820870482419,,,0.6044820870482419,1.764735644110973e-05,0.0001531010233462045,,
hsa-miR-93,hsa-miR-135b,miRNA,miRNA,miRNA-miRNA,,0.6003438500342336,,,0.6003438500342336,2.0845589409699014e-05,0.00017502428843992567,,
hsa-miR-93,hsa-miR-374b,miRNA,miRNA,miRNA-miRNA,,0.5872501020924065,,,0.5872501020924065,3.4785269684368803e-05,0.00026089022510572974,,
hsa-miR-93,hsa-miR-425,miRNA,miRNA,miRNA-miRNA,,0.5857456071364963,,,0.5857456071364963,3.684118941113956e-05,0.0002737457580549424,,
hsa-miR-93,hsa-miR-454,miRNA,miRNA,miRNA-miRNA,,0.5757690308390749,,,0.5757690308390749,5.3532918126675315e-05,0.00036901779190591164,,
hsa-miR-93,hsa-miR-200c,miRNA,miRNA,miRNA-miRNA,,0.5653139722319062,,,0.5653139722319062,7.818552173533493e-05,0.0005026212111557246,,
hsa-miR-93,hsa-miR-148a,miRNA,miRNA,miRNA-miRNA,,0.5603122077670443,,,0.5603122077670443,9.330098127885374e-05,0.0005739945161625334,,
hsa-miR-93,hsa-miR-484,miRNA,miRNA,miRNA-miRNA,,0.5579132872804654,,,0.5579132872804654,0.00010145350794800898,0.0006156383323208727,,
hsa-miR-93,hsa-miR-194,miRNA,miRNA,miRNA-miRNA,,0.5347104859513122,,,0.5347104859513122,0.00022091316127305575,0.0011143037920637133,,
hsa-miR-93,hsa-miR-374a,miRNA,miRNA,miRNA-miRNA,,0.5318280694046175,,,0.5318280694046175,0.00024238687542317834,0.0012066371125058642,,
hsa-miR-93,hsa-miR-421,miRNA,miRNA,miRNA-miRNA,,0.5189083758240666,,,0.5189083758240666,0.0003636781270444379,0.001691673517785103,,
hsa-miR-93,hsa-miR-210,miRNA,miRNA,miRNA-miRNA,,0.5045920593172404,,,0.5045920593172404,0.0005596836623072974,0.0023795467808287963,,
hsa-miR-93,hsa-miR-151-3p,miRNA,miRNA,miRNA-miRNA,,0.5031127164814103,,,0.5031127164814103,0.0005845545440962502,0.0024643588937952442,,
hsa-miR-93,hsa-miR-101,miRNA,miRNA,miRNA-miRNA,,0.4926485727339032,,,0.4926485727339032,0.0007906546602877298,0.0031392018319263597,,
hsa-miR-93,hsa-miR-1305,miRNA,miRNA,miRNA-miRNA,,0.4926387599273549,,,0.4926387599273549,0.0007908750682680891,0.0031392018319263597,,
hsa-miR-93,hsa-miR-1274a,miRNA,miRNA,miRNA-miRNA,,0.48474484937381807,,,0.48474484937381807,0.00098702861103562,0.0037648091306644363,,
hsa-miR-93,hsa-miR-1290,miRNA,miRNA,miRNA-miRNA,,0.4754827145853019,,,0.4754827145853019,0.0012715759180614143,0.004667884098841397,,
hsa-miR-93,hsa-miR-130b,miRNA,miRNA,miRNA-miRNA,,0.46670788585410794,,,0.46670788585410794,0.0016061136809842917,0.0056924648604797234,,
hsa-miR-93,hsa-miR-708,miRNA,miRNA,miRNA-miRNA,,0.4501755030130506,,,0.4501755030130506,0.002453524959481916,0.007988916636361849,,
hsa-miR-93,hsa-miR-660,miRNA,miRNA,miRNA-miRNA,,0.4480710981042714,,,0.4480710981042714,0.002585642686562737,0.008317669847135552,,
hsa-miR-93,hsa-miR-1299,miRNA,miRNA,miRNA-miRNA,,0.4352988741748468,,,0.4352988741748468,0.003530155414716716,0.01085055444047617,,
hsa-miR-93,hsa-miR-205,miRNA,miRNA,miRNA-miRNA,,0.4278562226629179,,,0.4278562226629179,0.0042097493275282,0.012582123922948092,,
hsa-miR-93,hsa-miR-934,miRNA,miRNA,miRNA-miRNA,,0.42590833505309794,,,0.42590833505309794,0.0044054513768615345,0.013050172162966306,,
hsa-miR-93,hsa-miR-548g,miRNA,miRNA,miRNA-miRNA,,0.42238259078515805,,,0.42238259078515805,0.004779924233137598,0.013993857129909415,,
hsa-miR-93,hsa-miR-186,miRNA,miRNA,miRNA-miRNA,,0.392319935001787,,,0.392319935001787,0.009266849414147857,0.024320925231757645,,
hsa-miR-93,hsa-miR-150,miRNA,miRNA,miRNA-miRNA,,-0.3827139213985728,,,-0.3827139213985728,0.011311564986767261,0.028818586368958576,,
hsa-miR-96,hsa-miR-183,miRNA,miRNA,miRNA-miRNA,,0.9236144848957155,,,0.9236144848957155,1.1267604695285663e-18,4.512675680461908e-16,,
hsa-miR-96,hsa-miR-106b,miRNA,miRNA,miRNA-miRNA,,0.8226089980251307,,,0.8226089980251307,1.319218264663627e-11,1.7043448870896213e-09,,
hsa-miR-96,hsa-miR-141,miRNA,miRNA,miRNA-miRNA,,0.7982169929621419,,,0.7982169929621419,1.444092546855323e-10,1.4458976625388922e-08,,
hsa-miR-96,hsa-miR-340,miRNA,miRNA,miRNA-miRNA,,0.7827854433913051,,,0.7827854433913051,5.582610877145389e-10,4.414077459032227e-08,,
hsa-miR-96,hsa-miR-200b,miRNA,miRNA,miRNA-miRNA,,0.767784160806969,,,0.767784160806969,1.8791511483905936e-09,1.090724688304975e-07,,
hsa-miR-96,hsa-miR-148a,miRNA,miRNA,miRNA-miRNA,,0.7389740163747668,,,0.7389740163747668,1.5284642892293404e-08,6.001470076826969e-07,,
hsa-miR-96,hsa-miR-200a,miRNA,miRNA,miRNA-miRNA,,0.7293206489628093,,,0.7293206489628093,2.9058119222790205e-08,9.461607112786567e-07,,
hsa-miR-96,hsa-miR-200c,miRNA,miRNA,miRNA-miRNA,,0.7243287749559452,,,0.7243287749559452,4.0083716264209745e-08,1.1891502491715558e-06,,
hsa-miR-96,hsa-miR-429,miRNA,miRNA,miRNA-miRNA,,0.722198751118379,,,0.722198751118379,4.5884426363786337e-08,1.3316458520794515e-06,,
hsa-miR-96,hsa-miR-98,miRNA,miRNA,miRNA-miRNA,,0.7195282687816834,,,0.7195282687816834,5.4262841337102027e-08,1.5197390178677874e-06,,
hsa-miR-96,hsa-miR-374b,miRNA,miRNA,miRNA-miRNA,,0.697867652212235,,,0.697867652212235,1.9775093488426135e-07,4.604607524485272e-06,,
hsa-miR-96,hsa-miR-194,miRNA,miRNA,miRNA-miRNA,,0.6866161074270407,,,0.6866161074270407,3.7059185114615694e-07,7.650620432166797e-06,,
hsa-miR-96,hsa-miR-107,miRNA,miRNA,miRNA-miRNA,,0.6806305292671202,,,0.6806305292671202,5.11860389431433e-07,9.951460483848975e-06,,
hsa-miR-96,hsa-miR-106a+hsa-miR-17,miRNA,miRNA,miRNA-miRNA,,0.6794424628946952,,,0.6794424628946952,5.452610898743921e-07,1.0448663468645648e-05,,
hsa-miR-96,hsa-miR-210,miRNA,miRNA,miRNA-miRNA,,0.679204517860182,,,0.679204517860182,5.521888445677678e-07,1.0531030107113857e-05,,
hsa-miR-96,hsa-miR-455-5p,miRNA,miRNA,miRNA-miRNA,,0.6710130847285092,,,0.6710130847285092,8.468869485652556e-07,1.4811276109187112e-05,,
hsa-miR-96,hsa-miR-128,miRNA,miRNA,miRNA-miRNA,,0.6449146477031332,,,0.6449146477031332,3.0404465067088155e-06,4.031847017883345e-05,,
hsa-miR-96,hsa-miR-374a,miRNA,miRNA,miRNA-miRNA,,0.6432715386516867,,,0.6432715386516867,3.282024666403435e-06,4.281598954053993e-05,,
hsa-miR-96,hsa-miR-362-3p,miRNA,miRNA,miRNA-miRNA,,0.628097552536291,,,0.628097552536291,6.512577354466246e-06,7.087737039303618e-05,,
hsa-miR-96,hsa-miR-101,miRNA,miRNA,miRNA-miRNA,,0.6024800478557291,,,0.6024800478557291,1.9133764113818844e-05,0.00016444361647176926,,
hsa-miR-96,hsa-miR-1979,miRNA,miRNA,miRNA-miRNA,,0.596175034386704,,,0.596175034386704,2.4596478551168212e-05,0.00019900787191399737,,
hsa-miR-96,hsa-miR-130b,miRNA,miRNA,miRNA-miRNA,,0.5866623922835909,,,0.5866623922835909,3.557557269007564e-05,0.00026594545348971937,,
hsa-miR-96,hsa-miR-484,miRNA,miRNA,miRNA-miRNA,,0.5698472818742862,,,0.5698472818742862,6.644770486512857e-05,0.00044019672243046285,,
hsa-miR-96,hsa-miR-1290,miRNA,miRNA,miRNA-miRNA,,0.5577838814603092,,,0.5577838814603092,0.00010191113884556548,0.0006169408069011768,,
hsa-miR-96,hsa-miR-421,miRNA,miRNA,miRNA-miRNA,,0.5572258809433789,,,0.5572258809433789,0.00010390600049826647,0.0006248979715621396,,
hsa-miR-96,hsa-miR-1246,miRNA,miRNA,miRNA-miRNA,,0.538422907602658,,,0.538422907602658,0.00019579222382663474,0.0010157355653182282,,
hsa-miR-96,hsa-miR-151-3p,miRNA,miRNA,miRNA-miRNA,,0.536134008697003,,,0.536134008697003,0.00021095548577342304,0.0010790251858525661,,
hsa-miR-96,hsa-miR-425,miRNA,miRNA,miRNA-miRNA,,0.529321377759071,,,0.529321377759071,0.00026257416317043556,0.0012746782103001144,,
hsa-miR-96,hsa-miR-532-5p,miRNA,miRNA,miRNA-miRNA,,0.5171239781993358,,,0.5171239781993358,0.00038415375175591325,0.001764375889658753,,
hsa-miR-96,hsa-miR-454,miRNA,miRNA,miRNA-miRNA,,0.5031704168690646,,,0.5031704168690646,0.0005835662240330133,0.002462784749475467,,
hsa-miR-96,hsa-miR-135b,miRNA,miRNA,miRNA-miRNA,,0.4940352648898003,,,0.4940352648898003,0.0007600539705503359,0.003041536024086745,,
hsa-miR-96,hsa-miR-186,miRNA,miRNA,miRNA-miRNA,,0.4660657298097336,,,0.4660657298097336,0.001633409281042537,0.005752006777234233,,
hsa-miR-96,hsa-miR-150,miRNA,miRNA,miRNA-miRNA,,-0.45367892725070014,,,-0.45367892725070014,0.0022467302413163837,0.0074303506329249525,,
hsa-miR-96,hsa-miR-934,miRNA,miRNA,miRNA-miRNA,,0.44011498455045067,,,0.44011498455045067,0.0031434473491263656,0.009866384508817471,,
hsa-miR-96,hsa-miR-660,miRNA,miRNA,miRNA-miRNA,,0.43164636650831456,,,0.43164636650831456,0.003850608062778961,0.011683094917749803,,
hsa-miR-96,hsa-miR-1274a,miRNA,miRNA,miRNA-miRNA,,0.4211133535089578,,,0.4211133535089578,0.004921361015774196,0.014316083318224803,,
hsa-miR-96,hsa-miR-205,miRNA,miRNA,miRNA-miRNA,,0.4109063725694016,,,0.4109063725694016,0.006197448804365847,0.01723665448714251,,
hsa-miR-96,hsa-miR-548g,miRNA,miRNA,miRNA-miRNA,,0.40278368021462424,,,0.40278368021462424,0.007408937049266192,0.020130795713915264,,
hsa-miR-96,hsa-miR-708,miRNA,miRNA,miRNA-miRNA,,0.39165878301908535,,,0.39165878301908535,0.009396613904176579,0.024548883683122764,,
hsa-miR-96,hsa-miR-1299,miRNA,miRNA,miRNA-miRNA,,0.38514546379853726,,,0.38514546379853726,0.01076062242881561,0.02757280411222426,,
hsa-miR-96,hsa-miR-1305,miRNA,miRNA,miRNA-miRNA,,0.37332333559218156,,,0.37332333559218156,0.013671418395936826,0.03386149083223686,,
hsa-miR-98,hsa-miR-107,miRNA,miRNA,miRNA-miRNA,,0.8617508577120396,,,0.8617508577120396,1.1777541277328018e-13,1.965377200654113e-11,,
hsa-miR-98,hsa-miR-128,miRNA,miRNA,miRNA-miRNA,,0.8285463442815664,,,0.8285463442815664,6.970477473498277e-12,9.305587427120199e-10,,
hsa-miR-98,hsa-miR-429,miRNA,miRNA,miRNA-miRNA,,0.803725456722173,,,0.803725456722173,8.66205351558285e-11,9.376087656732247e-09,,
hsa-miR-98,hsa-miR-340,miRNA,miRNA,miRNA-miRNA,,0.7930651611480184,,,0.7930651611480184,2.2968047952479973e-10,2.0441562677707175e-08,,
hsa-miR-98,hsa-miR-183,miRNA,miRNA,miRNA-miRNA,,0.7865554994558285,,,0.7865554994558285,4.053449164989332e-10,3.382096647037974e-08,,
hsa-miR-98,hsa-miR-454,miRNA,miRNA,miRNA-miRNA,,0.7479307961358503,,,0.7479307961358503,8.209294351775956e-09,3.6941824582991803e-07,,
hsa-miR-98,hsa-miR-200a,miRNA,miRNA,miRNA-miRNA,,0.7333944295035782,,,0.7333944295035782,2.2231982757218998e-08,7.675783701953628e-07,,
hsa-miR-98,hsa-miR-484,miRNA,miRNA,miRNA-miRNA,,0.7219123196929839,,,0.7219123196929839,4.672159045213376e-08,1.3383155846970846e-06,,
hsa-miR-98,hsa-miR-151-3p,miRNA,miRNA,miRNA-miRNA,,0.7122680001068639,,,0.7122680001068639,8.480166060906505e-08,2.3104125900633027e-06,,
hsa-miR-98,hsa-miR-532-5p,miRNA,miRNA,miRNA-miRNA,,0.7111344855391318,,,0.7111344855391318,9.081282380951818e-08,2.408644763954439e-06,,
hsa-miR-98,hsa-miR-374b,miRNA,miRNA,miRNA-miRNA,,0.7078913565493911,,,0.7078913565493911,1.1027441643164873e-07,2.8130511962340964e-06,,
hsa-miR-98,hsa-miR-425,miRNA,miRNA,miRNA-miRNA,,0.6960482661843853,,,0.6960482661843853,2.1931126953388335e-07,4.990577468654562e-06,,
hsa-miR-98,hsa-miR-106b,miRNA,miRNA,miRNA-miRNA,,0.6704412869200126,,,0.6704412869200126,8.721180647391589e-07,1.5120488525023082e-05,,
hsa-miR-98,hsa-miR-130b,miRNA,miRNA,miRNA-miRNA,,0.6668742443979561,,,0.6668742443979561,1.0459066765054954e-06,1.716744360411684e-05,,
hsa-miR-98,hsa-miR-200b,miRNA,miRNA,miRNA-miRNA,,0.6665308882563444,,,0.6665308882563444,1.0642251659678607e-06,1.737640730139642e-05,,
hsa-miR-98,hsa-miR-210,miRNA,miRNA,miRNA-miRNA,,0.6485049239571051,,,0.6485049239571051,2.5685885204885213e-06,3.510988745582433e-05,,
hsa-miR-98,hsa-miR-455-5p,miRNA,miRNA,miRNA-miRNA,,0.6469216421536731,,,0.6469216421536731,2.767651294336656e-06,3.73213583630246e-05,,
hsa-miR-98,hsa-miR-374a,miRNA,miRNA,miRNA-miRNA,,0.6321466174504116,,,0.6321466174504116,5.443723167092395e-06,6.259147673863538e-05,,
hsa-miR-98,hsa-miR-106a+hsa-miR-17,miRNA,miRNA,miRNA-miRNA,,0.6256458034785575,,,0.6256458034785575,7.250388193416589e-06,7.722820402828042e-05,,
hsa-miR-98,hsa-miR-148a,miRNA,miRNA,miRNA-miRNA,,0.6190884838027549,,,0.6190884838027549,9.617874944465057e-06,9.534551770441226e-05,,
hsa-miR-98,hsa-miR-141,miRNA,miRNA,miRNA-miRNA,,0.6091719005912795,,,0.6091719005912795,1.4570376609437359e-05,0.00013142873495674916,,
hsa-miR-98,hsa-miR-421,miRNA,miRNA,miRNA-miRNA,,0.6065000777291141,,,0.6065000777291141,1.6256898078330678e-05,0.00014309643253563597,,
hsa-miR-98,hsa-miR-660,miRNA,miRNA,miRNA-miRNA,,0.6035417146557919,,,0.6035417146557919,1.8331824880600343e-05,0.00015823051432500943,,
hsa-miR-98,hsa-miR-934,miRNA,miRNA,miRNA-miRNA,,0.597299707638462,,,0.597299707638462,2.3528023963699422e-05,0.00019269884657385723,,
hsa-miR-98,hsa-miR-362-3p,miRNA,miRNA,miRNA-miRNA,,0.5950616228342721,,,0.5950616228342721,2.5697803331888527e-05,0.00020625190850543797,,
hsa-miR-98,hsa-miR-1979,miRNA,miRNA,miRNA-miRNA,,0.5928523540217705,,,0.5928523540217705,2.8017777410090583e-05,0.00022054023090466648,,
hsa-miR-98,hsa-miR-135b,miRNA,miRNA,miRNA-miRNA,,0.5818822206410196,,,0.5818822206410196,4.263921759441141e-05,0.00030714040731226206,,
hsa-miR-98,hsa-miR-194,miRNA,miRNA,miRNA-miRNA,,0.5765037504437929,,,0.5765037504437929,5.2101375582890155e-05,0.0003622673770997831,,
hsa-miR-98,hsa-miR-200c,miRNA,miRNA,miRNA-miRNA,,0.5745000214271109,,,0.5745000214271109,5.60901823155641e-05,0.0003820428234248881,,
hsa-miR-98,hsa-miR-1290,miRNA,miRNA,miRNA-miRNA,,0.5648943934437523,,,0.5648943934437523,7.936205995345042e-05,0.0005077396966670431,,
hsa-miR-98,hsa-miR-1305,miRNA,miRNA,miRNA-miRNA,,0.5513247087345884,,,0.5513247087345884,0.00012728169123671625,0.0007292749261846189,,
hsa-miR-98,hsa-miR-1274a,miRNA,miRNA,miRNA-miRNA,,0.5443897018010289,,,0.5443897018010289,0.00016078429730147117,0.0008821111105375233,,
hsa-miR-98,hsa-miR-1299,miRNA,miRNA,miRNA-miRNA,,0.5405898383518866,,,0.5405898383518866,0.00018235234894669835,0.0009609488914888513,,
hsa-miR-98,hsa-miR-708,miRNA,miRNA,miRNA-miRNA,,0.49460884944855743,,,0.49460884944855743,0.0007477089966175129,0.003003585287315085,,
hsa-miR-98,hsa-miR-509-3p,miRNA,miRNA,miRNA-miRNA,,0.4683324492791301,,,0.4683324492791301,0.001538855628455252,0.005488082628640503,,
hsa-miR-98,hsa-miR-490-3p,miRNA,miRNA,miRNA-miRNA,,0.460722628123611,,,0.460722628123611,0.001876930688311962,0.0064248781253755625,,
hsa-miR-98,hsa-miR-186,miRNA,miRNA,miRNA-miRNA,,0.43159911213194196,,,0.43159911213194196,0.003854915303805183,0.011687309456275365,,
hsa-miR-98,hsa-miR-101,miRNA,miRNA,miRNA-miRNA,,0.4288313754158284,,,0.4288313754158284,0.004114659865268265,0.012362500195348387,,
hsa-miR-98,hsa-miR-205,miRNA,miRNA,miRNA-miRNA,,0.4269459767423129,,,0.4269459767423129,0.004300235146409362,0.012795276197154157,,
hsa-miR-98,hsa-miR-548g,miRNA,miRNA,miRNA-miRNA,,0.42428415446643863,,,0.42428415446643863,0.004574651959320319,0.013471677277263146,,
hsa-miR-98,hsa-miR-216a,miRNA,miRNA,miRNA-miRNA,,0.41443428359576,,,0.41443428359576,0.005727267381392101,0.01616469757750202,,
hsa-miR-98,hsa-miR-203,miRNA,miRNA,miRNA-miRNA,,0.4054631229671906,,,0.4054631229671906,0.006988483889590033,0.019144239382905666,,
hsa-miR-98,hsa-miR-1246,miRNA,miRNA,miRNA-miRNA,,0.39837216963689326,,,0.39837216963689326,0.008148799443391247,0.021742799314311757,,
hsa-miR-98,hsa-miR-520c-3p,miRNA,miRNA,miRNA-miRNA,,0.37816668449802643,,,0.37816668449802643,0.012406748367042671,0.03111398072010388,,
hsa-miR-99a,hsa-miR-125b,miRNA,miRNA,miRNA-miRNA,,0.7639243305032717,,,0.7639243305032717,2.531023776277038e-09,1.4078819755541023e-07,,
hsa-miR-99a,hsa-miR-216a,miRNA,miRNA,miRNA-miRNA,,0.713288318259093,,,0.713288318259093,7.970967036423954e-08,2.1865563685532833e-06,,
hsa-miR-99a,hsa-miR-199a-5p,miRNA,miRNA,miRNA-miRNA,,0.6802239797364013,,,0.6802239797364013,5.230702077516482e-07,1.0088388524051541e-05,,
hsa-miR-99a,hsa-miR-145,miRNA,miRNA,miRNA-miRNA,,0.6720380915589983,,,0.6720380915589983,8.033423055918779e-07,1.4299493039535427e-05,,
hsa-miR-99a,hsa-miR-195,miRNA,miRNA,miRNA-miRNA,,0.5658495805126161,,,0.5658495805126161,7.670668496494381e-05,0.0004947025334695651,,
hsa-miR-99a,hsa-miR-451,miRNA,miRNA,miRNA-miRNA,,0.5424612489873816,,,0.5424612489873816,0.00017142316191947365,0.0009252692230289649,,
hsa-miR-99a,hsa-miR-509-3p,miRNA,miRNA,miRNA-miRNA,,0.5213718677198226,,,0.5213718677198226,0.0003370235287206108,0.0015973718728118892,,
hsa-miR-99a,hsa-miR-542-3p,miRNA,miRNA,miRNA-miRNA,,0.4662126204274011,,,0.4662126204274011,0.0016271295397209716,0.005741545204037437,,
hsa-miR-99a,hsa-miR-374b,miRNA,miRNA,miRNA-miRNA,,0.4586995807022945,,,0.4586995807022945,0.001977192470317587,0.006705043051331021,,
hsa-miR-99a,hsa-miR-374a,miRNA,miRNA,miRNA-miRNA,,0.4572886477156112,,,0.4572886477156112,0.0020498903538047103,0.006904803084094083,,
hsa-miR-99a,hsa-miR-497,miRNA,miRNA,miRNA-miRNA,,0.4423265032950744,,,0.4423265032950744,0.002978692202828739,0.009408251003414116,,
hsa-miR-99a,hsa-miR-148a,miRNA,miRNA,miRNA-miRNA,,0.43918523981791485,,,0.43918523981791485,0.003215065080884518,0.010036115081015193,,
hsa-miR-99a,hsa-miR-1979,miRNA,miRNA,miRNA-miRNA,,0.4194134602128877,,,0.4194134602128877,0.005116487124141003,0.014742108584305552,,
hsa-miR-99a,hsa-miR-154,miRNA,miRNA,miRNA-miRNA,,0.38916888693407786,,,0.38916888693407786,0.009899406156336445,0.025728177583470124,,
hsa-miR-99a,hsa-miR-183,miRNA,miRNA,miRNA-miRNA,,0.38558587187995086,,,0.38558587187995086,0.010663331046189113,0.027358514311330816,,
hsa-miR-99a,hsa-miR-532-5p,miRNA,miRNA,miRNA-miRNA,,0.37758188166752815,,,0.37758188166752815,0.012553947798982517,0.0314634298716677,,
hsa-miR-99a,hsa-miR-1299,miRNA,miRNA,miRNA-miRNA,,0.3582367248548776,,,0.3582367248548776,0.018335351558642427,0.04314517214592416,,
hsa-miR-99a,hsa-miR-660,miRNA,miRNA,miRNA-miRNA,,0.3546358339260859,,,0.3546358339260859,0.019627949866612968,0.04575665844923454,,
hsa-miR-99a,hsa-miR-107,miRNA,miRNA,miRNA-miRNA,,0.3519424490737683,,,0.3519424490737683,0.020644133444397327,0.04770903314761182,,
hsa-miR-101,hsa-miR-186,miRNA,miRNA,miRNA-miRNA,,0.7762050124254327,,,0.7762050124254327,9.616736221372127e-10,6.11349659787228e-08,,
hsa-miR-101,hsa-miR-194,miRNA,miRNA,miRNA-miRNA,,0.7725245201217094,,,0.7725245201217094,1.2933082314638443e-09,7.848029495473783e-08,,
hsa-miR-101,hsa-miR-455-5p,miRNA,miRNA,miRNA-miRNA,,0.6662048052918247,,,0.6662048052918247,1.0818966166075485e-06,1.7542493722725635e-05,,
hsa-miR-101,hsa-miR-106b,miRNA,miRNA,miRNA-miRNA,,0.6402885496922964,,,0.6402885496922964,3.7663802543922718e-06,4.707384747097746e-05,,
hsa-miR-101,hsa-miR-146a,miRNA,miRNA,miRNA-miRNA,,0.6368502727363993,,,0.6368502727363993,4.405996935424552e-06,5.315065580233533e-05,,
hsa-miR-101,hsa-miR-362-3p,miRNA,miRNA,miRNA-miRNA,,0.621864452874488,,,0.621864452874488,8.540212589527724e-06,8.725395770678197e-05,,
hsa-miR-101,hsa-miR-106a+hsa-miR-17,miRNA,miRNA,miRNA-miRNA,,0.6126739109816348,,,0.6126739109816348,1.2602738965441209e-05,0.00011656805902215252,,
hsa-miR-101,hsa-miR-340,miRNA,miRNA,miRNA-miRNA,,0.6052859496997326,,,0.6052859496997326,1.708090661251841e-05,0.0001487152847459483,,
hsa-miR-101,hsa-miR-200a,miRNA,miRNA,miRNA-miRNA,,0.5844279200399772,,,0.5844279200399772,3.873236496250364e-05,0.00028488989701262464,,
hsa-miR-101,hsa-miR-374a,miRNA,miRNA,miRNA-miRNA,,0.584049113487478,,,0.584049113487478,3.929221073370595e-05,0.00028716296348265026,,
hsa-miR-101,hsa-miR-374b,miRNA,miRNA,miRNA-miRNA,,0.5834442504529117,,,0.5834442504529117,4.020148536108429e-05,0.000293273130912828,,
hsa-miR-101,hsa-miR-130b,miRNA,miRNA,miRNA-miRNA,,0.5294415954375292,,,0.5294415954375292,0.00026157241870767406,0.0012713562341313527,,
hsa-miR-101,hsa-miR-148a,miRNA,miRNA,miRNA-miRNA,,0.5273939072234861,,,0.5273939072234861,0.0002791149945931447,0.0013435763862326257,,
hsa-miR-101,hsa-miR-454,miRNA,miRNA,miRNA-miRNA,,0.5119864155607871,,,0.5119864155607871,0.00044902319273466606,0.001993722712752037,,
hsa-miR-101,hsa-miR-141,miRNA,miRNA,miRNA-miRNA,,0.5097050637619897,,,0.5097050637619897,0.00048085949715930584,0.002116310204530791,,
hsa-miR-101,hsa-miR-183,miRNA,miRNA,miRNA-miRNA,,0.5064939489412041,,,0.5064939489412041,0.0005291040109733733,0.0022642344179659513,,
hsa-miR-101,hsa-miR-497,miRNA,miRNA,miRNA-miRNA,,0.46200473772456585,,,0.46200473772456585,0.0018157415392847677,0.0062688153512087475,,
hsa-miR-101,hsa-miR-421,miRNA,miRNA,miRNA-miRNA,,0.46113381921507124,,,0.46113381921507124,0.0018571108132937409,0.0063695851929901634,,
hsa-miR-101,hsa-miR-429,miRNA,miRNA,miRNA-miRNA,,0.4510244876808737,,,0.4510244876808737,0.0024019311274717523,0.007846438960460334,,
hsa-miR-101,hsa-miR-210,miRNA,miRNA,miRNA-miRNA,,0.43356922512083135,,,0.43356922512083135,0.003678871108596814,0.011247235717504,,
hsa-miR-101,hsa-miR-200b,miRNA,miRNA,miRNA-miRNA,,0.42017522813240094,,,0.42017522813240094,0.0050282290334705635,0.014555318118205908,,
hsa-miR-101,hsa-miR-151-3p,miRNA,miRNA,miRNA-miRNA,,0.41664039346345066,,,0.41664039346345066,0.005449256287229844,0.015500192777241139,,
hsa-miR-101,hsa-miR-532-5p,miRNA,miRNA,miRNA-miRNA,,0.4030822935253899,,,0.4030822935253899,0.0073610228943579385,0.02002778307873882,,
hsa-miR-101,hsa-miR-128,miRNA,miRNA,miRNA-miRNA,,0.399909943565033,,,0.399909943565033,0.00788397861626375,0.021163092733335335,,
hsa-miR-101,hsa-miR-660,miRNA,miRNA,miRNA-miRNA,,0.39718674859572883,,,0.39718674859572883,0.008358138868064222,0.022242090476144328,,
hsa-miR-101,hsa-miR-509-3p,miRNA,miRNA,miRNA-miRNA,,0.39308614913452367,,,0.39308614913452367,0.009118392690726103,0.023994193644124865,,
hsa-miR-101,hsa-miR-484,miRNA,miRNA,miRNA-miRNA,,0.3894065040292877,,,0.3894065040292877,0.009850448026374546,0.025617561263396142,,
hsa-miR-101,hsa-miR-1290,miRNA,miRNA,miRNA-miRNA,,0.367215312488802,,,0.367215312488802,0.015421139882157755,0.03747673860924867,,
hsa-miR-101,hsa-miR-490-3p,miRNA,miRNA,miRNA-miRNA,,0.36689356079860497,,,0.36689356079860497,0.015518341309848013,0.03769008911215361,,
hsa-miR-101,hsa-miR-142-5p,miRNA,miRNA,miRNA-miRNA,,0.3663956125324547,,,0.3663956125324547,0.01566979477311555,0.037988818442087034,,
hsa-miR-101,hsa-miR-107,miRNA,miRNA,miRNA-miRNA,,0.3632048197726656,,,0.3632048197726656,0.016670302093346332,0.04005072578515421,,
hsa-miR-101,hsa-miR-425,miRNA,miRNA,miRNA-miRNA,,0.3550169861507139,,,0.3550169861507139,0.019487601401114073,0.04548242634700574,,
hsa-miR-106a+hsa-miR-17,hsa-miR-362-3p,miRNA,miRNA,miRNA-miRNA,,0.7631278786986919,,,0.7631278786986919,2.6895559733597095e-09,1.4556313072034645e-07,,
hsa-miR-106a+hsa-miR-17,hsa-miR-455-5p,miRNA,miRNA,miRNA-miRNA,,0.7340437165963096,,,0.7340437165963096,2.1293633760888546e-08,7.480789755470056e-07,,
hsa-miR-106a+hsa-miR-17,hsa-miR-106b,miRNA,miRNA,miRNA-miRNA,,0.7247179668312252,,,0.7247179668312252,3.910070878797782e-08,1.1863510507261451e-06,,
hsa-miR-106a+hsa-miR-17,hsa-miR-183,miRNA,miRNA,miRNA-miRNA,,0.6718536696770818,,,0.6718536696770818,8.110206611995472e-07,1.4308976863895095e-05,,
hsa-miR-106a+hsa-miR-17,hsa-miR-340,miRNA,miRNA,miRNA-miRNA,,0.6711331646244713,,,0.6711331646244713,8.416749554262472e-07,1.4784685072290001e-05,,
hsa-miR-106a+hsa-miR-17,hsa-miR-130b,miRNA,miRNA,miRNA-miRNA,,0.6677571527048649,,,0.6677571527048649,1.0001340262594108e-06,1.662048454426946e-05,,
hsa-miR-106a+hsa-miR-17,hsa-miR-194,miRNA,miRNA,miRNA-miRNA,,0.6513878898529393,,,0.6513878898529393,2.239681147623847e-06,3.114556595914412e-05,,
hsa-miR-106a+hsa-miR-17,hsa-miR-374a,miRNA,miRNA,miRNA-miRNA,,0.6449416872182147,,,0.6449416872182147,3.03661195466039e-06,4.031847017883345e-05,,
hsa-miR-106a+hsa-miR-17,hsa-miR-1290,miRNA,miRNA,miRNA-miRNA,,0.6443820237547595,,,0.6443820237547595,3.1168962174970795e-06,4.092842410188788e-05,,
hsa-miR-106a+hsa-miR-17,hsa-miR-532-5p,miRNA,miRNA,miRNA-miRNA,,0.6363074151566721,,,0.6363074151566721,4.515682047522504e-06,5.431023003101389e-05,,
hsa-miR-106a+hsa-miR-17,hsa-miR-1979,miRNA,miRNA,miRNA-miRNA,,0.6217410039966383,,,0.6217410039966383,8.585673884868565e-06,8.749522623129416e-05,,
hsa-miR-106a+hsa-miR-17,hsa-miR-374b,miRNA,miRNA,miRNA-miRNA,,0.6107022563455752,,,0.6107022563455752,1.3678240276827291e-05,0.00012507158061345503,,
hsa-miR-106a+hsa-miR-17,hsa-miR-1246,miRNA,miRNA,miRNA-miRNA,,0.6074870131151153,,,0.6074870131151153,1.5614114691792105e-05,0.00013927512102589616,,
hsa-miR-106a+hsa-miR-17,hsa-miR-429,miRNA,miRNA,miRNA-miRNA,,0.5982605863142793,,,0.5982605863142793,2.2649016171552388e-05,0.00018780395396908347,,
hsa-miR-106a+hsa-miR-17,hsa-miR-660,miRNA,miRNA,miRNA-miRNA,,0.5947239406842202,,,0.5947239406842202,2.6040629025389476e-05,0.00020816910029278413,,
hsa-miR-106a+hsa-miR-17,hsa-miR-1305,miRNA,miRNA,miRNA-miRNA,,0.5872500317198859,,,0.5872500317198859,3.4785363347430634e-05,0.00026089022510572974,,
hsa-miR-106a+hsa-miR-17,hsa-miR-107,miRNA,miRNA,miRNA-miRNA,,0.5848065872032722,,,0.5848065872032722,3.818001437690427e-05,0.0002822717893537154,,
hsa-miR-106a+hsa-miR-17,hsa-miR-421,miRNA,miRNA,miRNA-miRNA,,0.5759849396781466,,,0.5759849396781466,5.310856112680476e-05,0.0003679927116139326,,
hsa-miR-106a+hsa-miR-17,hsa-miR-151-3p,miRNA,miRNA,miRNA-miRNA,,0.5682940629521791,,,0.5682940629521791,7.02751215555197e-05,0.0004606413450570481,,
hsa-miR-106a+hsa-miR-17,hsa-miR-141,miRNA,miRNA,miRNA-miRNA,,0.5518590140093856,,,0.5518590140093856,0.0001249841036806786,0.0007223107290636621,,
hsa-miR-106a+hsa-miR-17,hsa-miR-128,miRNA,miRNA,miRNA-miRNA,,0.5501553768416683,,,0.5501553768416683,0.00013244417541570308,0.0007577698893427011,,
hsa-miR-106a+hsa-miR-17,hsa-miR-210,miRNA,miRNA,miRNA-miRNA,,0.5470312987371347,,,0.5470312987371347,0.00014718111920478946,0.0008255747652873694,,
hsa-miR-106a+hsa-miR-17,hsa-miR-148a,miRNA,miRNA,miRNA-miRNA,,0.540977169485168,,,0.540977169485168,0.00018003990548892175,0.0009501035612538607,,
hsa-miR-106a+hsa-miR-17,hsa-miR-708,miRNA,miRNA,miRNA-miRNA,,0.5396843002460372,,,0.5396843002460372,0.00018786377680753255,0.0009822381541960416,,
hsa-miR-106a+hsa-miR-17,hsa-miR-186,miRNA,miRNA,miRNA-miRNA,,0.5298206173973817,,,0.5298206173973817,0.00025843665210046685,0.0012576413021413969,,
hsa-miR-106a+hsa-miR-17,hsa-miR-200b,miRNA,miRNA,miRNA-miRNA,,0.5049618299210282,,,0.5049618299210282,0.0005536171205448146,0.0023612743000873083,,
hsa-miR-106a+hsa-miR-17,hsa-miR-200a,miRNA,miRNA,miRNA-miRNA,,0.4978595620759414,,,0.4978595620759414,0.0006810707827400118,0.0027861986566636845,,
hsa-miR-106a+hsa-miR-17,hsa-miR-135b,miRNA,miRNA,miRNA-miRNA,,0.4876986359884731,,,0.4876986359884731,0.0009090627448596058,0.003517677577934996,,
hsa-miR-106a+hsa-miR-17,hsa-miR-454,miRNA,miRNA,miRNA-miRNA,,0.47525579997172335,,,0.47525579997172335,0.0012793788734617234,0.004687934481440258,,
hsa-miR-106a+hsa-miR-17,hsa-miR-1299,miRNA,miRNA,miRNA-miRNA,,0.4698118886826342,,,0.4698118886826342,0.0014797902310604,0.0053057832367026875,,
hsa-miR-106a+hsa-miR-17,hsa-miR-425,miRNA,miRNA,miRNA-miRNA,,0.45729816399870626,,,0.45729816399870626,0.0020493922298987165,0.006904803084094083,,
hsa-miR-106a+hsa-miR-17,hsa-miR-200c,miRNA,miRNA,miRNA-miRNA,,0.45542131970556876,,,0.45542131970556876,0.0021497278515741993,0.007168742752335278,,
hsa-miR-106a+hsa-miR-17,hsa-miR-548g,miRNA,miRNA,miRNA-miRNA,,0.45359947992446703,,,0.45359947992446703,0.0022512437938369966,0.007439134813793045,,
hsa-miR-106a+hsa-miR-17,hsa-miR-520c-3p,miRNA,miRNA,miRNA-miRNA,,0.3948143544602642,,,0.3948143544602642,0.008791031539832076,0.023270377605437848,,
hsa-miR-106a+hsa-miR-17,hsa-miR-2117,miRNA,miRNA,miRNA-miRNA,,0.3873923461216486,,,0.3873923461216486,0.010272097409532258,0.026524661589411146,,
hsa-miR-106a+hsa-miR-17,hsa-miR-484,miRNA,miRNA,miRNA-miRNA,,0.3857710327996566,,,0.3857710327996566,0.010622652189322531,0.027306625172167354,,
hsa-miR-106a+hsa-miR-17,hsa-miR-150,miRNA,miRNA,miRNA-miRNA,,-0.3739839534318619,,,-0.3739839534318619,0.013492717695492375,0.03352253993203906,,
hsa-miR-106a+hsa-miR-17,hsa-miR-1274a,miRNA,miRNA,miRNA-miRNA,,0.3588584769855229,,,0.3588584769855229,0.01811959250973206,0.04268762823616288,,
hsa-miR-106b,hsa-miR-455-5p,miRNA,miRNA,miRNA-miRNA,,0.7746611993245756,,,0.7746611993245756,1.0896665259853334e-09,6.714022210109631e-08,,
hsa-miR-106b,hsa-miR-362-3p,miRNA,miRNA,miRNA-miRNA,,0.7418354615285655,,,0.7418354615285655,1.256634174092104e-08,5.135530476774364e-07,,
hsa-miR-106b,hsa-miR-183,miRNA,miRNA,miRNA-miRNA,,0.7343770788330147,,,0.7343770788330147,2.0826347207672403e-08,7.381373501480351e-07,,
hsa-miR-106b,hsa-miR-340,miRNA,miRNA,miRNA-miRNA,,0.7006321662890899,,,0.7006321662890899,1.6873110758423417e-07,3.998627727070165e-06,,
hsa-miR-106b,hsa-miR-141,miRNA,miRNA,miRNA-miRNA,,0.6952296019588632,,,0.6952296019588632,2.2970829472824877e-07,5.197636838342578e-06,,
hsa-miR-106b,hsa-miR-429,miRNA,miRNA,miRNA-miRNA,,0.6778924533113717,,,0.6778924533113717,5.918779036025616e-07,1.1015892128649531e-05,,
hsa-miR-106b,hsa-miR-200b,miRNA,miRNA,miRNA-miRNA,,0.6649643197616463,,,0.6649643197616463,1.151633867808776e-06,1.8230409646538133e-05,,
hsa-miR-106b,hsa-miR-128,miRNA,miRNA,miRNA-miRNA,,0.6638679487112635,,,0.6638679487112635,1.2167086713016705e-06,1.8960771317366498e-05,,
hsa-miR-106b,hsa-miR-200a,miRNA,miRNA,miRNA-miRNA,,0.6564791838653646,,,0.6564791838653646,1.7520674435119995e-06,2.5383789758903295e-05,,
hsa-miR-106b,hsa-miR-194,miRNA,miRNA,miRNA-miRNA,,0.632591027258229,,,0.632591027258229,5.336824949047279e-06,6.229048782222554e-05,,
hsa-miR-106b,hsa-miR-374b,miRNA,miRNA,miRNA-miRNA,,0.6323057258293379,,,0.6323057258293379,5.4052267379973875e-06,6.256628059444953e-05,,
hsa-miR-106b,hsa-miR-1246,miRNA,miRNA,miRNA-miRNA,,0.6304025501038624,,,0.6304025501038624,5.882576186806289e-06,6.526237570127199e-05,,
hsa-miR-106b,hsa-miR-148a,miRNA,miRNA,miRNA-miRNA,,0.5892446872906096,,,0.5892446872906096,3.2221202759030684e-05,0.0002458017467617484,,
hsa-miR-106b,hsa-miR-107,miRNA,miRNA,miRNA-miRNA,,0.5884212944349584,,,0.5884212944349584,3.3257983215979496e-05,0.0002517146962231836,,
hsa-miR-106b,hsa-miR-200c,miRNA,miRNA,miRNA-miRNA,,0.581623139971066,,,0.581623139971066,4.3056345695626736e-05,0.00030958826662654416,,
hsa-miR-106b,hsa-miR-374a,miRNA,miRNA,miRNA-miRNA,,0.5785624806749803,,,0.5785624806749803,4.8274011928175054e-05,0.00034038277776820614,,
hsa-miR-106b,hsa-miR-210,miRNA,miRNA,miRNA-miRNA,,0.5638379119702108,,,0.5638379119702108,8.239619807980233e-05,0.0005246371594747351,,
hsa-miR-106b,hsa-miR-532-5p,miRNA,miRNA,miRNA-miRNA,,0.5439999200661142,,,0.5439999200661142,0.00016288514329793936,0.0008899795346633659,,
hsa-miR-106b,hsa-miR-454,miRNA,miRNA,miRNA-miRNA,,0.5342011135203829,,,0.5342011135203829,0.00022457814041375865,0.0011299440356245017,,
hsa-miR-106b,hsa-miR-135b,miRNA,miRNA,miRNA-miRNA,,0.5280740175320223,,,0.5280740175320223,0.000273174245304208,0.0013197380608484354,,
hsa-miR-106b,hsa-miR-1979,miRNA,miRNA,miRNA-miRNA,,0.525066910952862,,,0.525066910952862,0.00030033284794924716,0.0014405186299841135,,
hsa-miR-106b,hsa-miR-421,miRNA,miRNA,miRNA-miRNA,,0.5178885183271015,,,0.5178885183271015,0.0003752571530432554,0.00173947326150259,,
hsa-miR-106b,hsa-miR-425,miRNA,miRNA,miRNA-miRNA,,0.5168470911831641,,,0.5168470911831641,0.0003874222509018052,0.001777349501559828,,
hsa-miR-106b,hsa-miR-186,miRNA,miRNA,miRNA-miRNA,,0.5167179516931605,,,0.5167179516931605,0.0003889552059273811,0.0017823405031340519,,
hsa-miR-106b,hsa-miR-484,miRNA,miRNA,miRNA-miRNA,,0.5108999777200846,,,0.5108999777200846,0.0004639403860424821,0.0020531284487294373,,
hsa-miR-106b,hsa-miR-1290,miRNA,miRNA,miRNA-miRNA,,0.4663017329241193,,,0.4663017329241193,0.0016233303088874049,0.005733190376626152,,
hsa-miR-106b,hsa-miR-130b,miRNA,miRNA,miRNA-miRNA,,0.4612857306225475,,,0.4612857306225475,0.0018498354600179978,0.006353851644401442,,
hsa-miR-106b,hsa-miR-151-3p,miRNA,miRNA,miRNA-miRNA,,0.4587922143795157,,,0.4587922143795157,0.0019725002365652057,0.0066947995317319054,,
hsa-miR-106b,hsa-miR-660,miRNA,miRNA,miRNA-miRNA,,0.4481278937989373,,,0.4481278937989373,0.0025819963746233888,0.008312616945632373,,
hsa-miR-106b,hsa-miR-1274a,miRNA,miRNA,miRNA-miRNA,,0.40223475455343977,,,0.40223475455343977,0.007497717924889559,0.020344417540096672,,
hsa-miR-106b,hsa-miR-1305,miRNA,miRNA,miRNA-miRNA,,0.36546200564318476,,,0.36546200564318476,0.01595713087732361,0.03849898142390425,,
hsa-miR-106b,hsa-miR-708,miRNA,miRNA,miRNA-miRNA,,0.36454441566632934,,,0.36454441566632934,0.0162438703184939,0.03909657489517312,,
hsa-miR-106b,hsa-miR-1299,miRNA,miRNA,miRNA-miRNA,,0.34969814947433425,,,0.34969814947433425,0.021524271666245882,0.04948605512245394,,
hsa-miR-107,hsa-miR-340,miRNA,miRNA,miRNA-miRNA,,0.7623541735239279,,,0.7623541735239279,2.852421144337709e-09,1.5231928910763366e-07,,
hsa-miR-107,hsa-miR-128,miRNA,miRNA,miRNA-miRNA,,0.7490985825884845,,,0.7490985825884845,7.555869361114787e-09,3.5601478577958495e-07,,
hsa-miR-107,hsa-miR-183,miRNA,miRNA,miRNA-miRNA,,0.7266497122144063,,,0.7266497122144063,3.4545549315115357e-08,1.0894088583231262e-06,,
hsa-miR-107,hsa-miR-374b,miRNA,miRNA,miRNA-miRNA,,0.7111842688725867,,,0.7111842688725867,9.054069874944704e-08,2.408644763954439e-06,,
hsa-miR-107,hsa-miR-151-3p,miRNA,miRNA,miRNA-miRNA,,0.7043156200452855,,,0.7043156200452855,1.361917053350737e-07,3.3057441204058803e-06,,
hsa-miR-107,hsa-miR-425,miRNA,miRNA,miRNA-miRNA,,0.672324733358884,,,0.672324733358884,7.915416101703843e-07,1.4152339949698165e-05,,
hsa-miR-107,hsa-miR-429,miRNA,miRNA,miRNA-miRNA,,0.6684632359965555,,,0.6684632359965555,9.64870800810815e-07,1.6305095178258708e-05,,
hsa-miR-107,hsa-miR-148a,miRNA,miRNA,miRNA-miRNA,,0.6382703624756667,,,0.6382703624756667,4.130572364268704e-06,5.059003767246533e-05,,
hsa-miR-107,hsa-miR-532-5p,miRNA,miRNA,miRNA-miRNA,,0.6307191977018011,,,0.6307191977018011,5.800555912600351e-06,6.471093713082007e-05,,
hsa-miR-107,hsa-miR-484,miRNA,miRNA,miRNA-miRNA,,0.6299290978893045,,,0.6299290978893045,6.007206445194846e-06,6.609577421155318e-05,,
hsa-miR-107,hsa-miR-454,miRNA,miRNA,miRNA-miRNA,,0.623058870677667,,,0.623058870677667,8.111644806337831e-06,8.344491567468528e-05,,
hsa-miR-107,hsa-miR-421,miRNA,miRNA,miRNA-miRNA,,0.6100616026260384,,,0.6100616026260384,1.4045431891819488e-05,0.00012755545289509535,,
hsa-miR-107,hsa-miR-130b,miRNA,miRNA,miRNA-miRNA,,0.5914151495114018,,,0.5914151495114018,2.9628211556381322e-05,0.00022996315364982013,,
hsa-miR-107,hsa-miR-200a,miRNA,miRNA,miRNA-miRNA,,0.5849985959073171,,,0.5849985959073171,3.790269424084599e-05,0.0002811116489529411,,
hsa-miR-107,hsa-miR-934,miRNA,miRNA,miRNA-miRNA,,0.5821947201831543,,,0.5821947201831543,4.214099238892666e-05,0.00030409851264441665,,
hsa-miR-107,hsa-miR-1979,miRNA,miRNA,miRNA-miRNA,,0.5792104584796138,,,0.5792104584796138,4.712353203480238e-05,0.00033407575797099616,,
hsa-miR-107,hsa-miR-1290,miRNA,miRNA,miRNA-miRNA,,0.5616718498480188,,,0.5616718498480188,8.894922628295164e-05,0.000553170265936679,,
hsa-miR-107,hsa-miR-455-5p,miRNA,miRNA,miRNA-miRNA,,0.5569948920108797,,,0.5569948920108797,0.00010474211669257534,0.0006281006068331075,,
hsa-miR-107,hsa-miR-362-3p,miRNA,miRNA,miRNA-miRNA,,0.5556070993551939,,,0.5556070993551939,0.00010989546307474567,0.0006510818485419474,,
hsa-miR-107,hsa-miR-210,miRNA,miRNA,miRNA-miRNA,,0.5494511245040083,,,0.5494511245040083,0.0001356442414293751,0.0007727669799781613,,
hsa-miR-107,hsa-miR-200b,miRNA,miRNA,miRNA-miRNA,,0.5440677833615016,,,0.5440677833615016,0.00016251759637363655,0.0008899795346633659,,
hsa-miR-107,hsa-miR-135b,miRNA,miRNA,miRNA-miRNA,,0.5387521404349732,,,0.5387521404349732,0.00019369418366494423,0.0010061546116447494,,
hsa-miR-107,hsa-miR-1305,miRNA,miRNA,miRNA-miRNA,,0.5318093155215755,,,0.5318093155215755,0.00024253255320030477,0.0012066371125058642,,
hsa-miR-107,hsa-miR-1274a,miRNA,miRNA,miRNA-miRNA,,0.5310275714979459,,,0.5310275714979459,0.00024867580872327114,0.001231083577177628,,
hsa-miR-107,hsa-miR-374a,miRNA,miRNA,miRNA-miRNA,,0.530030499269385,,,0.530030499269385,0.0002567148630933078,0.001255363890950791,,
hsa-miR-107,hsa-miR-660,miRNA,miRNA,miRNA-miRNA,,0.5291584611675415,,,0.5291584611675415,0.0002639372303115048,0.001279744076752514,,
hsa-miR-107,hsa-miR-194,miRNA,miRNA,miRNA-miRNA,,0.5024001243409719,,,0.5024001243409719,0.0005968843802300011,0.0025084175685426593,,
hsa-miR-107,hsa-miR-141,miRNA,miRNA,miRNA-miRNA,,0.5010224639411086,,,0.5010224639411086,0.0006213841975895345,0.0025806350701153688,,
hsa-miR-107,hsa-miR-200c,miRNA,miRNA,miRNA-miRNA,,0.4985760485074692,,,0.4985760485074692,0.0006671181422028058,0.0027403160610484484,,
hsa-miR-107,hsa-miR-708,miRNA,miRNA,miRNA-miRNA,,0.4757365841042079,,,0.4757365841042079,0.001262896197860515,0.0046530812073885585,,
hsa-miR-107,hsa-miR-1299,miRNA,miRNA,miRNA-miRNA,,0.47263799465974893,,,0.47263799465974893,0.0013725228635832192,0.004974619066652301,,
hsa-miR-107,hsa-miR-216a,miRNA,miRNA,miRNA-miRNA,,0.38349244669179905,,,0.38349244669179905,0.011132599958913131,0.028412647954888997,,
hsa-miR-107,hsa-miR-150,miRNA,miRNA,miRNA-miRNA,,-0.3811019922486347,,,-0.3811019922486347,0.011689938521503719,0.029683655175107994,,
hsa-miR-107,hsa-miR-548g,miRNA,miRNA,miRNA-miRNA,,0.37530462410153775,,,0.37530462410153775,0.013141419279695433,0.032730960332823515,,
hsa-miR-107,hsa-miR-490-3p,miRNA,miRNA,miRNA-miRNA,,0.3703992839557991,,,0.3703992839557991,0.014486753048066134,0.035616602797731656,,
hsa-miR-107,hsa-miR-186,miRNA,miRNA,miRNA-miRNA,,0.35101428495101633,,,0.35101428495101633,0.02100439369986573,0.04840195441194606,,
hsa-miR-107,ESR1,miRNA,mRNA,miRNA-mRNA,validated,-0.1243009844764105,,,-0.1243009844764105,,,80.0756635576,Normal_vs_Metastatic
hsa-miR-107,ETV6,miRNA,mRNA,miRNA-mRNA,predicted,0.0634040123839892,,,0.1344868157458554,,,53.41115,
hsa-miR-125b,hsa-miR-199a-5p,miRNA,miRNA,miRNA-miRNA,,0.7321527472583937,,,0.7321527472583937,2.4134841034505128e-08,8.19929340922591e-07,,
hsa-miR-125b,hsa-miR-216a,miRNA,miRNA,miRNA-miRNA,,0.6683694606993844,,,0.6683694606993844,9.694868991233132e-07,1.6314264836087688e-05,,
hsa-miR-125b,hsa-miR-195,miRNA,miRNA,miRNA-miRNA,,0.6450390385857223,,,0.6450390385857223,3.0228431980384404e-06,4.031847017883345e-05,,
hsa-miR-125b,hsa-miR-145,miRNA,miRNA,miRNA-miRNA,,0.6302076970166762,,,0.6302076970166762,5.933577667750946e-06,6.546550567311995e-05,,
hsa-miR-125b,hsa-miR-154,miRNA,miRNA,miRNA-miRNA,,0.6015297496225048,,,0.6015297496225048,1.9878709788588688e-05,0.0001697531614142808,,
hsa-miR-125b,hsa-miR-497,miRNA,miRNA,miRNA-miRNA,,0.6010006743336996,,,0.6010006743336996,2.0304878924526947e-05,0.00017192608899097342,,
hsa-miR-125b,hsa-miR-451,miRNA,miRNA,miRNA-miRNA,,0.4783427609635968,,,0.4783427609635968,0.0011767894733216743,0.004367972048798244,,
hsa-miR-125b,hsa-miR-542-3p,miRNA,miRNA,miRNA-miRNA,,0.4666146235017179,,,0.4666146235017179,0.001610052655393064,0.005701380092704883,,
hsa-miR-125b,hsa-miR-490-3p,miRNA,miRNA,miRNA-miRNA,,0.45620136231723174,,,0.45620136231723174,0.0021075123874594857,0.007063051088406878,,
hsa-miR-125b,hsa-miR-127-3p,miRNA,miRNA,miRNA-miRNA,,0.4542753175835274,,,0.4542753175835274,0.002213102207428506,0.0073433921630084225,,
hsa-miR-125b,hsa-miR-148a,miRNA,miRNA,miRNA-miRNA,,0.41231379566857174,,,0.41231379566857174,0.0060060103031912134,0.016774108273557048,,
hsa-miR-125b,hsa-miR-374b,miRNA,miRNA,miRNA-miRNA,,0.3986475293130773,,,0.3986475293130773,0.00810082402142774,0.02164362922336097,,
hsa-miR-127-3p,hsa-miR-154,miRNA,miRNA,miRNA-miRNA,,0.7543628200118212,,,0.7543628200118212,5.1694559466297754e-09,2.556008773611389e-07,,
hsa-miR-127-3p,hsa-miR-579 (+++ See note below),miRNA,miRNA,miRNA-miRNA,,0.5687785668550309,,,0.5687785668550309,6.90602157961567e-05,0.0004549114543809335,,
hsa-miR-127-3p,hsa-miR-490-3p,miRNA,miRNA,miRNA-miRNA,,0.43884341002406174,,,0.43884341002406174,0.0032417535805432576,0.01010367555647918,,
hsa-miR-127-3p,hsa-miR-542-3p,miRNA,miRNA,miRNA-miRNA,,0.40020504086949715,,,0.40020504086949715,0.007834017500266842,0.021083868475907857,,
hsa-miR-127-3p,hsa-miR-145,miRNA,miRNA,miRNA-miRNA,,0.3662913483563735,,,0.3662913483563735,0.015701665231073143,0.03804305459797213,,
hsa-miR-127-3p,hsa-miR-216a,miRNA,miRNA,miRNA-miRNA,,0.3542290533492956,,,0.3542290533492956,0.019778671734546064,0.0460571354056892,,
hsa-miR-128,hsa-miR-200a,miRNA,miRNA,miRNA-miRNA,,0.7820768722543523,,,0.7820768722543523,5.924593949095443e-10,4.433355202075827e-08,,
hsa-miR-128,hsa-miR-429,miRNA,miRNA,miRNA-miRNA,,0.7482267059713062,,,0.7482267059713062,8.038900874777433e-09,3.6941824582991803e-07,,
hsa-miR-128,hsa-miR-484,miRNA,miRNA,miRNA-miRNA,,0.7419409468942113,,,0.7419409468942113,1.2475345039889422e-08,5.135530476774364e-07,,
hsa-miR-128,hsa-miR-340,miRNA,miRNA,miRNA-miRNA,,0.7207031401467352,,,0.7207031401467352,5.041507418700621e-08,1.421918113513802e-06,,
hsa-miR-128,hsa-miR-183,miRNA,miRNA,miRNA-miRNA,,0.697298995413486,,,0.697298995413486,2.0426823621105445e-07,4.728868705348399e-06,,
hsa-miR-128,hsa-miR-454,miRNA,miRNA,miRNA-miRNA,,0.6314186297614551,,,0.6314186297614551,5.623102004016694e-06,6.361729809629056e-05,,
hsa-miR-128,hsa-miR-455-5p,miRNA,miRNA,miRNA-miRNA,,0.6237433424253801,,,0.6237433424253801,7.875054510459363e-06,8.190386374386561e-05,,
hsa-miR-128,hsa-miR-200b,miRNA,miRNA,miRNA-miRNA,,0.6018816920872906,,,0.6018816920872906,1.959977605854998e-05,0.00016808801523445968,,
hsa-miR-128,hsa-miR-135b,miRNA,miRNA,miRNA-miRNA,,0.5942554636206068,,,0.5942554636206068,2.652317353085564e-05,0.00021118351886894002,,
hsa-miR-128,hsa-miR-141,miRNA,miRNA,miRNA-miRNA,,0.5939081861769521,,,0.5939081861769521,2.6886143597817363e-05,0.00021364881966122725,,
hsa-miR-128,hsa-miR-130b,miRNA,miRNA,miRNA-miRNA,,0.5567491846219074,,,0.5567491846219074,0.00010563821104095375,0.0006305231523383306,,
hsa-miR-128,hsa-miR-374b,miRNA,miRNA,miRNA-miRNA,,0.5551490137821998,,,0.5551490137821998,0.00011164634888680755,0.0006595038750614517,,
hsa-miR-128,hsa-miR-532-5p,miRNA,miRNA,miRNA-miRNA,,0.5490122969386003,,,0.5490122969386003,0.00013767351572047603,0.0007820109805139695,,
hsa-miR-128,hsa-miR-148a,miRNA,miRNA,miRNA-miRNA,,0.5482880137432029,,,0.5482880137432029,0.00014108308469111753,0.0007969502879942535,,
hsa-miR-128,hsa-miR-421,miRNA,miRNA,miRNA-miRNA,,0.5428640721031384,,,0.5428640721031384,0.0001691496376042418,0.0009179462040718,,
hsa-miR-128,hsa-miR-934,miRNA,miRNA,miRNA-miRNA,,0.5413959925399339,,,0.5413959925399339,0.00017756932991336424,0.0009431898757334533,,
hsa-miR-128,hsa-miR-200c,miRNA,miRNA,miRNA-miRNA,,0.5319347465918846,,,0.5319347465918846,0.00024155972210979632,0.0012047903948315495,,
hsa-miR-128,hsa-miR-1274a,miRNA,miRNA,miRNA-miRNA,,0.5313109382196907,,,0.5313109382196907,0.0002464329595208457,0.0012217641425480766,,
hsa-miR-128,hsa-miR-1299,miRNA,miRNA,miRNA-miRNA,,0.522547857752747,,,0.522547857752747,0.0003249308516703791,0.001551070394445612,,
hsa-miR-128,hsa-miR-1305,miRNA,miRNA,miRNA-miRNA,,0.5148143438014338,,,0.5148143438014338,0.00041219371109568786,0.0018666509517362428,,
hsa-miR-128,hsa-miR-374a,miRNA,miRNA,miRNA-miRNA,,0.5133845996029497,,,0.5133845996029497,0.00043046003922741496,0.0019305626619325832,,
hsa-miR-128,hsa-miR-362-3p,miRNA,miRNA,miRNA-miRNA,,0.5072726307776331,,,0.5072726307776331,0.000517022451007897,0.002238567477066624,,
hsa-miR-128,hsa-miR-210,miRNA,miRNA,miRNA-miRNA,,0.4962423703120433,,,0.4962423703120433,0.0007135274515587952,0.002895316558756813,,
hsa-miR-128,hsa-miR-1979,miRNA,miRNA,miRNA-miRNA,,0.48829946674717556,,,0.48829946674717556,0.0008938932368575894,0.003469033346525819,,
hsa-miR-128,hsa-miR-151-3p,miRNA,miRNA,miRNA-miRNA,,0.4788864198284396,,,0.4788864198284396,0.0011594999275263906,0.004329999707308082,,
hsa-miR-128,hsa-miR-205,miRNA,miRNA,miRNA-miRNA,,0.4648806356931496,,,0.4648806356931496,0.0016848636715071108,0.005898495633204526,,
hsa-miR-128,hsa-miR-425,miRNA,miRNA,miRNA-miRNA,,0.4635792337674424,,,0.4635792337674424,0.0017430164117713915,0.006080669922839658,,
hsa-miR-128,hsa-miR-194,miRNA,miRNA,miRNA-miRNA,,0.4583668687472385,,,0.4583668687472385,0.0019941269603677364,0.006751038441481644,,
hsa-miR-128,hsa-miR-548g,miRNA,miRNA,miRNA-miRNA,,0.45528029065764286,,,0.45528029065764286,0.0021574394018297497,0.007186099783035351,,
hsa-miR-128,hsa-miR-490-3p,miRNA,miRNA,miRNA-miRNA,,0.44933661834240274,,,0.44933661834240274,0.002505461199529694,0.008131581932023034,,
hsa-miR-128,hsa-miR-509-3p,miRNA,miRNA,miRNA-miRNA,,0.4443681763558817,,,0.4443681763558817,0.0028333722925379485,0.009013229572370518,,
hsa-miR-128,hsa-miR-150,miRNA,miRNA,miRNA-miRNA,,-0.40639217034695524,,,-0.40639217034695524,0.0068475966449714825,0.01882266613803074,,
hsa-miR-128,hsa-miR-216a,miRNA,miRNA,miRNA-miRNA,,0.40534135878091254,,,0.40534135878091254,0.007007133510390933,0.01918220759338051,,
hsa-miR-128,hsa-miR-660,miRNA,miRNA,miRNA-miRNA,,0.4006174088049651,,,0.4006174088049651,0.007764659450626196,0.020941051245628225,,
hsa-miR-128,hsa-miR-186,miRNA,miRNA,miRNA-miRNA,,0.37344748498359803,,,0.37344748498359803,0.0136376826010597,0.03381087430238092,,
hsa-miR-128,hsa-miR-708,miRNA,miRNA,miRNA-miRNA,,0.36045703240472954,,,0.36045703240472954,0.01757466916005363,0.04165750724045987,,
hsa-miR-128,hsa-miR-1290,miRNA,miRNA,miRNA-miRNA,,0.35486554877275744,,,0.35486554877275744,0.01954326252820393,0.045585769612962575,,
hsa-miR-130b,hsa-miR-429,miRNA,miRNA,miRNA-miRNA,,0.6981628287759,,,0.6981628287759,1.944446599084669e-07,4.554098613645672e-06,,
hsa-miR-130b,hsa-miR-151-3p,miRNA,miRNA,miRNA-miRNA,,0.6931827182420099,,,0.6931827182420099,2.5774133954434807e-07,5.7030611319067075e-06,,
hsa-miR-130b,hsa-miR-210,miRNA,miRNA,miRNA-miRNA,,0.6810132487715242,,,0.6810132487715242,5.015116087069455e-07,9.797824355469838e-06,,
hsa-miR-130b,hsa-miR-374a,miRNA,miRNA,miRNA-miRNA,,0.6719367998938156,,,0.6719367998938156,8.075511807250894e-07,1.4308976863895095e-05,,
hsa-miR-130b,hsa-miR-374b,miRNA,miRNA,miRNA-miRNA,,0.6646884600639568,,,0.6646884600639568,1.1676970314026422e-06,1.8411915790423553e-05,,
hsa-miR-130b,hsa-miR-340,miRNA,miRNA,miRNA-miRNA,,0.6325345827427388,,,0.6325345827427388,5.350294085105015e-06,6.229048782222554e-05,,
hsa-miR-130b,hsa-miR-200a,miRNA,miRNA,miRNA-miRNA,,0.6303245059225802,,,0.6303245059225802,5.902955077228958e-06,6.530755548149717e-05,,
hsa-miR-130b,hsa-miR-183,miRNA,miRNA,miRNA-miRNA,,0.6028587936444433,,,0.6028587936444433,1.884405912569366e-05,0.00016230205763097442,,
hsa-miR-130b,hsa-miR-141,miRNA,miRNA,miRNA-miRNA,,0.5968565193511827,,,0.5968565193511827,2.394388038973232e-05,0.00019451367334863678,,
hsa-miR-130b,hsa-miR-200b,miRNA,miRNA,miRNA-miRNA,,0.5763993759538608,,,0.5763993759538608,5.230259093772253e-05,0.0003630361814654744,,
hsa-miR-130b,hsa-miR-362-3p,miRNA,miRNA,miRNA-miRNA,,0.568298124106571,,,0.568298124106571,7.026485777441518e-05,0.0004606413450570481,,
hsa-miR-130b,hsa-miR-455-5p,miRNA,miRNA,miRNA-miRNA,,0.5637865990666147,,,0.5637865990666147,8.254621600090646e-05,0.0005247580874343339,,
hsa-miR-130b,hsa-miR-532-5p,miRNA,miRNA,miRNA-miRNA,,0.5610296767621378,,,0.5610296767621378,9.098107445507144e-05,0.0005631826942698008,,
hsa-miR-130b,hsa-miR-660,miRNA,miRNA,miRNA-miRNA,,0.5444275432645684,,,0.5444275432645684,0.00016058165156202688,0.0008821111105375233,,
hsa-miR-130b,hsa-miR-200c,miRNA,miRNA,miRNA-miRNA,,0.5356978687722551,,,0.5356978687722551,0.0002139623411124389,0.0010902279594851372,,
hsa-miR-130b,hsa-miR-520c-3p,miRNA,miRNA,miRNA-miRNA,,0.5309674312749105,,,0.5309674312749105,0.0002491541822585155,0.0012319290122782154,,
hsa-miR-130b,hsa-miR-194,miRNA,miRNA,miRNA-miRNA,,0.5172429659535598,,,0.5172429659535598,0.0003827568010933609,0.0017632025097290812,,
hsa-miR-130b,hsa-miR-148a,miRNA,miRNA,miRNA-miRNA,,0.5143591145133783,,,0.5143591145133783,0.0004179326251320119,0.00188281233256885,,
hsa-miR-130b,hsa-miR-1979,miRNA,miRNA,miRNA-miRNA,,0.5005705758819909,,,0.5005705758819909,0.0006296143111312302,0.002607658031107112,,
hsa-miR-130b,hsa-miR-421,miRNA,miRNA,miRNA-miRNA,,0.4938556247499434,,,0.4938556247499434,0.0007639575527422842,0.0030535429129070345,,
hsa-miR-130b,hsa-miR-708,miRNA,miRNA,miRNA-miRNA,,0.4879708555440624,,,0.4879708555440624,0.0009021616510170753,0.003497732248134934,,
hsa-miR-130b,hsa-miR-484,miRNA,miRNA,miRNA-miRNA,,0.45192186512573557,,,0.45192186512573557,0.002348437807045164,0.007722079981293827,,
hsa-miR-130b,hsa-miR-186,miRNA,miRNA,miRNA-miRNA,,0.4514457982623991,,,0.4514457982623991,0.002376684269693609,0.007783009403207608,,
hsa-miR-130b,hsa-miR-1290,miRNA,miRNA,miRNA-miRNA,,0.45114440296689573,,,0.45114440296689573,0.002394721312059103,0.007829272534527925,,
hsa-miR-130b,hsa-miR-454,miRNA,miRNA,miRNA-miRNA,,0.4388110835761481,,,0.4388110835761481,0.0032442875074882864,0.01010371031686671,,
hsa-miR-130b,hsa-miR-934,miRNA,miRNA,miRNA-miRNA,,0.43487480911718235,,,0.43487480911718235,0.0035661208504350443,0.01093592190351635,,
hsa-miR-130b,hsa-miR-509-3p,miRNA,miRNA,miRNA-miRNA,,0.4257081349575223,,,0.4257081349575223,0.0044260079714743316,0.013091700092876437,,
hsa-miR-130b,hsa-miR-490-3p,miRNA,miRNA,miRNA-miRNA,,0.42113610611065827,,,0.42113610611065827,0.004918793870427295,0.014316083318224803,,
hsa-miR-130b,hsa-miR-1299,miRNA,miRNA,miRNA-miRNA,,0.42035113766747323,,,0.42035113766747323,0.005008037558620441,0.014523671558490128,,
hsa-miR-130b,hsa-miR-425,miRNA,miRNA,miRNA-miRNA,,0.4188339093326735,,,0.4188339093326735,0.005184533351156538,0.014916706947831848,,
hsa-miR-130b,hsa-miR-1305,miRNA,miRNA,miRNA-miRNA,,0.4124401880423309,,,0.4124401880423309,0.005989072039641484,0.01673847419313618,,
hsa-miR-130b,hsa-miR-1274a,miRNA,miRNA,miRNA-miRNA,,0.41131492042356854,,,0.41131492042356854,0.006141340645912461,0.0171162625517602,,
hsa-miR-130b,hsa-miR-216a,miRNA,miRNA,miRNA-miRNA,,0.3957492750570491,,,0.3957492750570491,0.008618187304900864,0.02287332018298738,,
hsa-miR-130b,hsa-miR-497,miRNA,miRNA,miRNA-miRNA,,0.380043322479458,,,0.380043322479458,0.011944280165442979,0.03018097291015718,,
hsa-miR-130b,hsa-miR-548g,miRNA,miRNA,miRNA-miRNA,,0.36948152321625394,,,0.36948152321625394,0.014751019109740925,0.036155343656372345,,
hsa-miR-130b,hsa-miR-203,miRNA,miRNA,miRNA-miRNA,,0.35773079055163176,,,0.35773079055163176,0.018512513603445087,0.04345991616752495,,
hsa-miR-135b,hsa-miR-934,miRNA,miRNA,miRNA-miRNA,,0.7294428879484287,,,0.7294428879484287,2.8827588203011274e-08,9.461607112786567e-07,,
hsa-miR-135b,hsa-miR-1274a,miRNA,miRNA,miRNA-miRNA,,0.6612905972775927,,,0.6612905972775927,1.3833169751553844e-06,2.1145742311058455e-05,,
hsa-miR-135b,hsa-miR-429,miRNA,miRNA,miRNA-miRNA,,0.6087236955662833,,,0.6087236955662833,1.4841589899861684e-05,0.0001329766611833245,,
hsa-miR-135b,hsa-miR-340,miRNA,miRNA,miRNA-miRNA,,0.5829070909542636,,,0.5829070909542636,4.102504530018094e-05,0.0002971162864868439,,
hsa-miR-135b,hsa-miR-200b,miRNA,miRNA,miRNA-miRNA,,0.5758264084993473,,,0.5758264084993473,5.341984494674485e-05,0.0003688732396753675,,
hsa-miR-135b,hsa-miR-151-3p,miRNA,miRNA,miRNA-miRNA,,0.5209464126996048,,,0.5209464126996048,0.00034149730384787786,0.0016090549434244128,,
hsa-miR-135b,hsa-miR-200c,miRNA,miRNA,miRNA-miRNA,,0.5153468031243319,,,0.5153468031243319,0.00040557112654162876,0.0018458095020445718,,
hsa-miR-135b,hsa-miR-183,miRNA,miRNA,miRNA-miRNA,,0.5048597903921025,,,0.5048597903921025,0.0005552852881520298,0.0023655102231185925,,
hsa-miR-135b,hsa-miR-141,miRNA,miRNA,miRNA-miRNA,,0.4987547763249211,,,0.4987547763249211,0.0006636777537834207,0.0027289829608856263,,
hsa-miR-135b,hsa-miR-425,miRNA,miRNA,miRNA-miRNA,,0.49751285479909896,,,0.49751285479909896,0.0006879157129553386,0.002811329010598093,,
hsa-miR-135b,hsa-miR-200a,miRNA,miRNA,miRNA-miRNA,,0.49276806710168936,,,0.49276806710168936,0.0007879750649637031,0.003133902815471332,,
hsa-miR-135b,hsa-miR-454,miRNA,miRNA,miRNA-miRNA,,0.4859366086750198,,,0.4859366086750198,0.0009548822983560948,0.0036561219932276863,,
hsa-miR-135b,hsa-miR-1979,miRNA,miRNA,miRNA-miRNA,,0.4591896963027396,,,0.4591896963027396,0.0019524778106314112,0.006632462791839527,,
hsa-miR-135b,hsa-miR-532-5p,miRNA,miRNA,miRNA-miRNA,,0.45127554644958345,,,0.45127554644958345,0.002386858244575142,0.007809940579676017,,
hsa-miR-135b,hsa-miR-484,miRNA,miRNA,miRNA-miRNA,,0.4447119365982227,,,0.4447119365982227,0.002809527358028797,0.008951596713528506,,
hsa-miR-135b,hsa-miR-451,miRNA,miRNA,miRNA-miRNA,,-0.44391054539794084,,,-0.44391054539794084,0.0028653917550938114,0.009107852364405328,,
hsa-miR-135b,hsa-miR-210,miRNA,miRNA,miRNA-miRNA,,0.4433535316591434,,,0.4433535316591434,0.002904793495677291,0.009218461133270643,,
hsa-miR-135b,hsa-miR-150,miRNA,miRNA,miRNA-miRNA,,-0.4303021053896341,,,-0.4303021053896341,0.003974794004522475,0.012023451652652953,,
hsa-miR-135b,hsa-miR-421,miRNA,miRNA,miRNA-miRNA,,0.428475562857951,,,0.428475562857951,0.004149136338935973,0.012441893808220503,,
hsa-miR-135b,hsa-miR-1246,miRNA,miRNA,miRNA-miRNA,,0.4186963959587643,,,0.4186963959587643,0.005200794125589652,0.014942023294825364,,
hsa-miR-135b,hsa-miR-145,miRNA,miRNA,miRNA-miRNA,,-0.4037316864040195,,,-0.4037316864040195,0.007257747025162877,0.019814094639248346,,
hsa-miR-135b,hsa-miR-362-3p,miRNA,miRNA,miRNA-miRNA,,0.4002398456129272,,,0.4002398456129272,0.007828142960635357,0.021083868475907857,,
hsa-miR-135b,hsa-miR-1305,miRNA,miRNA,miRNA-miRNA,,0.392067982467208,,,0.392067982467208,0.009316117525779507,0.024419360593434677,,
hsa-miR-135b,hsa-miR-660,miRNA,miRNA,miRNA-miRNA,,0.38561907412606905,,,0.38561907412606905,0.010656026895820946,0.027357299819078775,,
hsa-miR-135b,hsa-miR-195,miRNA,miRNA,miRNA-miRNA,,-0.38100689276586136,,,-0.38100689276586136,0.011712595170250906,0.029689204846110682,,
hsa-miR-135b,hsa-miR-205,miRNA,miRNA,miRNA-miRNA,,0.36956309150605626,,,0.36956309150605626,0.014727367386141105,0.03614160930238672,,
hsa-miR-141,hsa-miR-200c,miRNA,miRNA,miRNA-miRNA,,0.9516161918303871,,,0.9516161918303871,1.2671490683453682e-22,2.5374660093616e-19,,
hsa-miR-141,hsa-miR-200b,miRNA,miRNA,miRNA-miRNA,,0.9252207133437265,,,0.9252207133437265,7.401837979221017e-19,3.705545138347522e-16,,
hsa-miR-141,hsa-miR-200a,miRNA,miRNA,miRNA-miRNA,,0.7955198209710782,,,0.7955198209710782,1.84423226220693e-10,1.6786705023042627e-08,,
hsa-miR-141,hsa-miR-429,miRNA,miRNA,miRNA-miRNA,,0.7827040689606299,,,0.7827040689606299,5.620922607007329e-10,4.414077459032227e-08,,
hsa-miR-141,hsa-miR-183,miRNA,miRNA,miRNA-miRNA,,0.7272510852623291,,,0.7272510852623291,3.323178492741027e-08,1.0562960209069693e-06,,
hsa-miR-141,hsa-miR-340,miRNA,miRNA,miRNA-miRNA,,0.7260857452536673,,,0.7260857452536673,3.582145658915815e-08,1.1121312685238634e-06,,
hsa-miR-141,hsa-miR-210,miRNA,miRNA,miRNA-miRNA,,0.70867191102061,,,0.70867191102061,1.052645993556698e-07,2.7199014220610163e-06,,
hsa-miR-141,hsa-miR-148a,miRNA,miRNA,miRNA-miRNA,,0.6411425763448031,,,0.6411425763448031,3.6213777930405424e-06,4.5651002597965436e-05,,
hsa-miR-141,hsa-miR-455-5p,miRNA,miRNA,miRNA-miRNA,,0.6055337059478062,,,0.6055337059478062,1.6909712956235103e-05,0.00014754553461812983,,
hsa-miR-141,hsa-miR-421,miRNA,miRNA,miRNA-miRNA,,0.5977415145626802,,,0.5977415145626802,2.3120054118661645e-05,0.0001905263719037858,,
hsa-miR-141,hsa-miR-151-3p,miRNA,miRNA,miRNA-miRNA,,0.5492349500506679,,,0.5492349500506679,0.00013664048552498777,0.000777336853022125,,
hsa-miR-141,hsa-miR-374b,miRNA,miRNA,miRNA-miRNA,,0.5484289688846616,,,0.5484289688846616,0.00014041360093574394,0.0007942888019034668,,
hsa-miR-141,hsa-miR-150,miRNA,miRNA,miRNA-miRNA,,-0.5393141725826243,,,-0.5393141725826243,0.00019015955184600934,0.000990362815530907,,
hsa-miR-141,hsa-miR-374a,miRNA,miRNA,miRNA-miRNA,,0.517292922036552,,,0.517292922036552,0.00038217166519132503,0.0017632025097290812,,
hsa-miR-141,hsa-miR-194,miRNA,miRNA,miRNA-miRNA,,0.5125285803055921,,,0.5125285803055921,0.00044174141194164795,0.0019701273439045658,,
hsa-miR-141,hsa-miR-1290,miRNA,miRNA,miRNA-miRNA,,0.5124640342856939,,,0.5124640342856939,0.00044260272725619965,0.0019717729951736146,,
hsa-miR-141,hsa-miR-362-3p,miRNA,miRNA,miRNA-miRNA,,0.509413093574602,,,0.509413093574602,0.00048507686488611263,0.002130189521786054,,
hsa-miR-141,hsa-miR-484,miRNA,miRNA,miRNA-miRNA,,0.502480857882003,,,0.502480857882003,0.0005954758595419412,0.0025051269091023896,,
hsa-miR-141,hsa-miR-1274a,miRNA,miRNA,miRNA-miRNA,,0.48779158261243083,,,0.48779158261243083,0.0009067011608916261,0.0035119324462001573,,
hsa-miR-141,hsa-miR-934,miRNA,miRNA,miRNA-miRNA,,0.4840328851961914,,,0.4840328851961914,0.001006689882109623,0.0038216047183403227,,
hsa-miR-141,hsa-miR-203,miRNA,miRNA,miRNA-miRNA,,0.47538603799972423,,,0.47538603799972423,0.0012748951693358629,0.00467578310731697,,
hsa-miR-141,hsa-miR-425,miRNA,miRNA,miRNA-miRNA,,0.4378460352273514,,,0.4378460352273514,0.0033207376365810416,0.010285811472936637,,
hsa-miR-141,hsa-miR-1246,miRNA,miRNA,miRNA-miRNA,,0.4126341349195464,,,0.4126341349195464,0.0059631611330756736,0.016689350340997954,,
hsa-miR-141,hsa-miR-1979,miRNA,miRNA,miRNA-miRNA,,0.41181548355839775,,,0.41181548355839775,0.00607319618723381,0.016938127249214074,,
hsa-miR-141,hsa-miR-454,miRNA,miRNA,miRNA-miRNA,,0.3993307561740418,,,0.3993307561740418,0.007982836439076515,0.021385458152843772,,
hsa-miR-141,hsa-miR-205,miRNA,miRNA,miRNA-miRNA,,0.3785000514985105,,,0.3785000514985105,0.012323497679460399,0.03093041727992938,,
hsa-miR-141,hsa-miR-532-5p,miRNA,miRNA,miRNA-miRNA,,0.36853484474876985,,,0.36853484474876985,0.015027885783795913,0.03665449608045227,,
hsa-miR-141,hsa-miR-186,miRNA,miRNA,miRNA-miRNA,,0.36472718661787573,,,0.36472718661787573,0.01618641084046124,0.03899410300092597,,
hsa-miR-142-3p,hsa-miR-142-5p,miRNA,miRNA,miRNA-miRNA,,0.8941191007539669,,,0.8941191007539669,6.833069925609887e-16,1.710402815754225e-13,,
hsa-miR-142-3p,hsa-miR-150,miRNA,miRNA,miRNA-miRNA,,0.835738627513114,,,0.835738627513114,3.1129180160519237e-12,4.617495057143687e-10,,
hsa-miR-142-3p,hsa-miR-155,miRNA,miRNA,miRNA-miRNA,,0.7889315748959981,,,0.7889315748959981,3.3019843808693637e-10,2.8748798794308263e-08,,
hsa-miR-142-3p,hsa-miR-146a,miRNA,miRNA,miRNA-miRNA,,0.5378145827473554,,,0.5378145827473554,0.00019972291380925653,0.001034758008456369,,
hsa-miR-142-3p,hsa-miR-1979,miRNA,miRNA,miRNA-miRNA,,-0.4262304381683601,,,-0.4262304381683601,0.004372552534775478,0.013000796512082993,,
hsa-miR-142-5p,hsa-miR-155,miRNA,miRNA,miRNA-miRNA,,0.8632152241970996,,,0.8632152241970996,9.606289721867237e-14,1.672747405916447e-11,,
hsa-miR-142-5p,hsa-miR-150,miRNA,miRNA,miRNA-miRNA,,0.7965338368855263,,,0.7965338368855263,1.6829345967814723e-10,1.6047983476451897e-08,,
hsa-miR-142-5p,hsa-miR-146a,miRNA,miRNA,miRNA-miRNA,,0.550057523158692,,,0.550057523158692,0.0001328846811806072,0.0007592056321374205,,
hsa-miR-142-5p,hsa-miR-1979,miRNA,miRNA,miRNA-miRNA,,-0.4059397789451388,,,-0.4059397789451388,0.006915890555043145,0.018958344745344143,,
hsa-miR-142-5p,hsa-miR-1975,miRNA,miRNA,miRNA-miRNA,,0.3619359449434944,,,0.3619359449434944,0.017082909472745822,0.040740597447192786,,
hsa-miR-142-5p,IGF1,miRNA,mRNA,miRNA-mRNA,validated,-0.1620619086598896,,,-0.1620619086598896,,,88.2850987438979,Normal_vs_Metastatic
hsa-miR-142-5p,CAV1,miRNA,mRNA,miRNA-mRNA,predicted,0.21538032684983277,,,-0.1534803454769333,,,60.1328,
hsa-miR-142-5p,CD34,miRNA,mRNA,miRNA-mRNA,predicted,0.19671353443680908,,,-0.27593186660390834,,,59.3072,
hsa-miR-145,hsa-miR-216a,miRNA,miRNA,miRNA-miRNA,,0.6801927276947204,,,0.6801927276947204,5.239412766548616e-07,1.0088388524051541e-05,,
hsa-miR-145,hsa-miR-195,miRNA,miRNA,miRNA-miRNA,,0.6778209335900508,,,0.6778209335900508,5.941155305339073e-07,1.1015892128649531e-05,,
hsa-miR-145,hsa-miR-451,miRNA,miRNA,miRNA-miRNA,,0.674094986975655,,,0.674094986975655,7.221483803029927e-07,1.3027947131141828e-05,,
hsa-miR-145,hsa-miR-497,miRNA,miRNA,miRNA-miRNA,,0.5559777641244119,,,0.5559777641244119,0.00010849700013000358,0.0006456619398523987,,
hsa-miR-145,hsa-miR-199a-5p,miRNA,miRNA,miRNA-miRNA,,0.542783290907908,,,0.542783290907908,0.00016960336491685178,0.0009191630263761723,,
hsa-miR-145,hsa-miR-154,miRNA,miRNA,miRNA-miRNA,,0.5210301691333435,,,0.5210301691333435,0.0003406123790109464,0.0016067757101753126,,
hsa-miR-145,hsa-miR-542-3p,miRNA,miRNA,miRNA-miRNA,,0.5177859405486426,,,0.5177859405486426,0.0003764399374579297,0.0017429386699641717,,
hsa-miR-145,hsa-miR-509-3p,miRNA,miRNA,miRNA-miRNA,,0.4235660245445582,,,0.4235660245445582,0.004651252053971941,0.013687189181600017,,
hsa-miR-145,hsa-miR-490-3p,miRNA,miRNA,miRNA-miRNA,,0.40612765456612127,,,0.40612765456612127,0.006887457303461394,0.01890408476665738,,
hsa-miR-146a,hsa-miR-497,miRNA,miRNA,miRNA-miRNA,,0.5927919884283062,,,0.5927919884283062,2.8083774721942548e-05,0.00022054023090466648,,
hsa-miR-146a,hsa-miR-186,miRNA,miRNA,miRNA-miRNA,,0.545223543056636,,,0.545223543056636,0.00015637221284269768,0.000866211220518678,,
hsa-miR-146a,hsa-miR-195,miRNA,miRNA,miRNA-miRNA,,0.5091325780616991,,,0.5091325780616991,0.0004891600123013693,0.002143419966375256,,
hsa-miR-146a,hsa-miR-155,miRNA,miRNA,miRNA-miRNA,,0.4950208412407469,,,0.4950208412407469,0.0007389528086449451,0.0029745242700392376,,
hsa-miR-146a,hsa-miR-194,miRNA,miRNA,miRNA-miRNA,,0.45298508676075294,,,0.45298508676075294,0.002286419490395449,0.0075429242660904235,,
hsa-miR-146a,hsa-miR-374b,miRNA,miRNA,miRNA-miRNA,,0.44771549713578096,,,0.44771549713578096,0.0026085756262333726,0.008371270338994116,,
hsa-miR-146a,hsa-miR-490-3p,miRNA,miRNA,miRNA-miRNA,,0.440960424572038,,,0.440960424572038,0.003079542590438774,0.00967338672526062,,
hsa-miR-146a,hsa-miR-455-5p,miRNA,miRNA,miRNA-miRNA,,0.3901699958717941,,,0.3901699958717941,0.00969454279852848,0.025261316791220928,,
hsa-miR-146a,hsa-miR-150,miRNA,miRNA,miRNA-miRNA,,0.3640989051531466,,,0.3640989051531466,0.016384653080587848,0.039388076583285914,,
hsa-miR-146a,hsa-miR-374a,miRNA,miRNA,miRNA-miRNA,,0.3567082563468527,,,0.3567082563468527,0.01887497755023479,0.04415554035554342,,
hsa-miR-148a,hsa-miR-374b,miRNA,miRNA,miRNA-miRNA,,0.7445228664782142,,,0.7445228664782142,1.0430914110727729e-08,4.4442352141983566e-07,,
hsa-miR-148a,hsa-miR-340,miRNA,miRNA,miRNA-miRNA,,0.7223573896454571,,,0.7223573896454571,4.542680484324237e-08,1.3279879810013554e-06,,
hsa-miR-148a,hsa-miR-183,miRNA,miRNA,miRNA-miRNA,,0.6949944298600185,,,0.6949944298600185,2.3277857000260767e-07,5.208257948941027e-06,,
hsa-miR-148a,hsa-miR-200a,miRNA,miRNA,miRNA-miRNA,,0.6651252777870924,,,0.6651252777870924,1.1423560822038995e-06,1.8155302020740545e-05,,
hsa-miR-148a,hsa-miR-374a,miRNA,miRNA,miRNA-miRNA,,0.6605420050047018,,,0.6605420050047018,1.435522295421861e-06,2.1860330012032523e-05,,
hsa-miR-148a,hsa-miR-200b,miRNA,miRNA,miRNA-miRNA,,0.6263438662660205,,,0.6263438662660205,7.032853579265812e-06,7.511087622655887e-05,,
hsa-miR-148a,hsa-miR-200c,miRNA,miRNA,miRNA-miRNA,,0.5908182059280892,,,0.5908182059280892,3.032164132062807e-05,0.00023443662835736568,,
hsa-miR-148a,hsa-miR-455-5p,miRNA,miRNA,miRNA-miRNA,,0.583137271832013,,,0.583137271832013,4.067026992440347e-05,0.00029561602730895806,,
hsa-miR-148a,hsa-miR-151-3p,miRNA,miRNA,miRNA-miRNA,,0.578466980871129,,,0.578466980871129,4.844572052637362e-05,0.00034099316468915,,
hsa-miR-148a,hsa-miR-429,miRNA,miRNA,miRNA-miRNA,,0.5774930940144878,,,0.5774930940144878,5.022885053339458e-05,0.0003510759971836742,,
hsa-miR-148a,hsa-miR-484,miRNA,miRNA,miRNA-miRNA,,0.5458994828422478,,,0.5458994828422478,0.00015287641620256143,0.000850375065126748,,
hsa-miR-148a,hsa-miR-454,miRNA,miRNA,miRNA-miRNA,,0.5305618481112075,,,0.5305618481112075,0.00025240206028227634,0.0012449141027469418,,
hsa-miR-148a,hsa-miR-532-5p,miRNA,miRNA,miRNA-miRNA,,0.5220643481298496,,,0.5220643481298496,0.00032985464646629307,0.0015671030357028515,,
hsa-miR-148a,hsa-miR-1274a,miRNA,miRNA,miRNA-miRNA,,0.5122538569504093,,,0.5122538569504093,0.0004454178398116052,0.001979909487730831,,
hsa-miR-148a,hsa-miR-210,miRNA,miRNA,miRNA-miRNA,,0.5102494353706212,,,0.5102494353706212,0.0004730840996260576,0.0020843804389464914,,
hsa-miR-148a,hsa-miR-362-3p,miRNA,miRNA,miRNA-miRNA,,0.5091708957826677,,,0.5091708957826677,0.000488600451803681,0.0021433130443304954,,
hsa-miR-148a,hsa-miR-421,miRNA,miRNA,miRNA-miRNA,,0.5042202026310678,,,0.5042202026310678,0.0005658444482110155,0.0023955676692231686,,
hsa-miR-148a,hsa-miR-425,miRNA,miRNA,miRNA-miRNA,,0.496920508975401,,,0.496920508975401,0.0006997526870683137,0.00284518732153157,,
hsa-miR-148a,hsa-miR-1290,miRNA,miRNA,miRNA-miRNA,,0.49603937634468076,,,0.49603937634468076,0.0007176976738988187,0.002906349023220191,,
hsa-miR-148a,hsa-miR-194,miRNA,miRNA,miRNA-miRNA,,0.48720298482109975,,,0.48720298482109975,0.0009217490992144563,0.0035530367106389777,,
hsa-miR-148a,hsa-miR-548g,miRNA,miRNA,miRNA-miRNA,,0.4705886652967832,,,0.4705886652967832,0.00144959030489409,0.005225570811071855,,
hsa-miR-148a,hsa-miR-1979,miRNA,miRNA,miRNA-miRNA,,0.4619726299183414,,,0.4619726299183414,0.0018172520905751202,0.0062688153512087475,,
hsa-miR-148a,hsa-miR-490-3p,miRNA,miRNA,miRNA-miRNA,,0.45231209094427455,,,0.45231209094427455,0.002325505621020942,0.007659251654760587,,
hsa-miR-148a,hsa-miR-660,miRNA,miRNA,miRNA-miRNA,,0.44549030132507245,,,0.44549030132507245,0.0027561868328885375,0.008809679382057935,,
hsa-miR-148a,hsa-miR-205,miRNA,miRNA,miRNA-miRNA,,0.4299072377259649,,,0.4299072377259649,0.004011931590373221,0.012108354197019403,,
hsa-miR-148a,hsa-miR-186,miRNA,miRNA,miRNA-miRNA,,0.3958136316525651,,,0.3958136316525651,0.008606397653508745,0.022857176791977803,,
hsa-miR-148a,hsa-miR-497,miRNA,miRNA,miRNA-miRNA,,0.3866410164831995,,,0.3866410164831995,0.01043329511615198,0.02687160574931748,,
hsa-miR-148a,hsa-miR-1299,miRNA,miRNA,miRNA-miRNA,,0.3683832449395719,,,0.3683832449395719,0.01507262956456757,0.03674125465982539,,
hsa-miR-148a,hsa-miR-216a,miRNA,miRNA,miRNA-miRNA,,0.3667321156280151,,,0.3667321156280151,0.015567309234879673,0.03776321834384803,,
hsa-miR-148a,hsa-miR-509-3p,miRNA,miRNA,miRNA-miRNA,,0.3540276321026001,,,0.3540276321026001,0.019853662469504773,0.04614853058059583,,
hsa-miR-150,hsa-miR-155,miRNA,miRNA,miRNA-miRNA,,0.7304955478994162,,,0.7304955478994162,2.6911796173952265e-08,9.05728938459486e-07,,
hsa-miR-150,hsa-miR-429,miRNA,miRNA,miRNA-miRNA,,-0.5300418824806805,,,-0.5300418824806805,0.00025662177626577546,0.001255363890950791,,
hsa-miR-150,hsa-miR-200b,miRNA,miRNA,miRNA-miRNA,,-0.528390089682525,,,-0.528390089682525,0.0002704523747231417,0.0013097481992335944,,
hsa-miR-150,hsa-miR-200c,miRNA,miRNA,miRNA-miRNA,,-0.5222074046250109,,,-0.5222074046250109,0.00032839088604043413,0.0015638590946396417,,
hsa-miR-150,hsa-miR-1979,miRNA,miRNA,miRNA-miRNA,,-0.5018215870536115,,,-0.5018215870536115,0.000607065478118641,0.002540540480527855,,
hsa-miR-150,hsa-miR-183,miRNA,miRNA,miRNA-miRNA,,-0.4631055175151547,,,-0.4631055175151547,0.0017646210834328378,0.006124183222832335,,
hsa-miR-150,hsa-miR-340,miRNA,miRNA,miRNA-miRNA,,-0.4521605236765986,,,-0.4521605236765986,0.002334389141398131,0.007682192696219815,,
hsa-miR-150,hsa-miR-1290,miRNA,miRNA,miRNA-miRNA,,-0.44272300841477924,,,-0.44272300841477924,0.002949968738603791,0.00932488145075626,,
hsa-miR-150,hsa-miR-200a,miRNA,miRNA,miRNA-miRNA,,-0.4288900032601751,,,-0.4288900032601751,0.00410900319432691,0.012354773118077533,,
hsa-miR-150,hsa-miR-1246,miRNA,miRNA,miRNA-miRNA,,-0.4255303045526494,,,-0.4255303045526494,0.004444337758874527,0.013120998326753938,,
hsa-miR-150,hsa-miR-421,miRNA,miRNA,miRNA-miRNA,,-0.4193500839187283,,,-0.4193500839187283,0.005123890227739761,0.014752825565850282,,
hsa-miR-150,hsa-miR-451,miRNA,miRNA,miRNA-miRNA,,0.41615748817342,,,0.41615748817342,0.00550908778665333,0.015659259464546903,,
hsa-miR-150,hsa-miR-203,miRNA,miRNA,miRNA-miRNA,,-0.3850893233325404,,,-0.3850893233325404,0.010773078944154217,0.027587072360190305,,
hsa-miR-150,hsa-miR-934,miRNA,miRNA,miRNA-miRNA,,-0.37153282826980655,,,-0.37153282826980655,0.014165909688209915,0.03489204692575689,,
hsa-miR-150,hsa-miR-210,miRNA,miRNA,miRNA-miRNA,,-0.3583406251551917,,,-0.3583406251551917,0.018299146376581504,0.043085291733221,,
hsa-miR-150,hsa-miR-1274a,miRNA,miRNA,miRNA-miRNA,,-0.3536360442024844,,,-0.3536360442024844,0.02000013775262899,0.04646203694853777,,
hsa-miR-150,hsa-miR-1305,miRNA,miRNA,miRNA-miRNA,,-0.34894886089903754,,,-0.34894886089903754,0.02182503062947659,0.04994814152631642,,
hsa-miR-151-3p,hsa-miR-340,miRNA,miRNA,miRNA-miRNA,,0.7249656145466034,,,0.7249656145466034,3.8486959466939984e-08,1.176643302786982e-06,,
hsa-miR-151-3p,hsa-miR-210,miRNA,miRNA,miRNA-miRNA,,0.6456527693251454,,,0.6456527693251454,2.937358898654467e-06,3.934489093348208e-05,,
hsa-miR-151-3p,hsa-miR-429,miRNA,miRNA,miRNA-miRNA,,0.6372678866352531,,,0.6372678866352531,4.323294228599743e-06,5.23283529662647e-05,,
hsa-miR-151-3p,hsa-miR-374b,miRNA,miRNA,miRNA-miRNA,,0.6254103679700367,,,0.6254103679700367,7.325140611681932e-06,7.781747519837172e-05,,
hsa-miR-151-3p,hsa-miR-200b,miRNA,miRNA,miRNA-miRNA,,0.6200097980911891,,,0.6200097980911891,9.247090939379343e-06,9.305175681460872e-05,,
hsa-miR-151-3p,hsa-miR-200a,miRNA,miRNA,miRNA-miRNA,,0.5866501555808562,,,0.5866501555808562,3.559220051697617e-05,0.00026594545348971937,,
hsa-miR-151-3p,hsa-miR-934,miRNA,miRNA,miRNA-miRNA,,0.5705458506337732,,,0.5705458506337732,6.478900430802111e-05,0.00043102983763060554,,
hsa-miR-151-3p,hsa-miR-532-5p,miRNA,miRNA,miRNA-miRNA,,0.568119503338079,,,0.568119503338079,7.071757921511697e-05,0.00046202920841197955,,
hsa-miR-151-3p,hsa-miR-425,miRNA,miRNA,miRNA-miRNA,,0.5532423255991814,,,0.5532423255991814,0.00011920937107224702,0.0006919326538323903,,
hsa-miR-151-3p,hsa-miR-200c,miRNA,miRNA,miRNA-miRNA,,0.5360812590774019,,,0.5360812590774019,0.00021131711332672472,0.001079496223052975,,
hsa-miR-151-3p,hsa-miR-454,miRNA,miRNA,miRNA-miRNA,,0.5281377067407554,,,0.5281377067407554,0.0002726238033967638,0.0013186694838213033,,
hsa-miR-151-3p,hsa-miR-183,miRNA,miRNA,miRNA-miRNA,,0.522606524300375,,,0.522606524300375,0.00032433794940035185,0.0015500876937331852,,
hsa-miR-151-3p,hsa-miR-455-5p,miRNA,miRNA,miRNA-miRNA,,0.4767307041973849,,,0.4767307041973849,0.0012294120350027937,0.004550642514035295,,
hsa-miR-151-3p,hsa-miR-484,miRNA,miRNA,miRNA-miRNA,,0.4764562139762969,,,0.4764562139762969,0.0012385776866411908,0.004576110364389271,,
hsa-miR-151-3p,hsa-miR-660,miRNA,miRNA,miRNA-miRNA,,0.4701947797839167,,,0.4701947797839167,0.0014648349677110182,0.005266305247470941,,
hsa-miR-151-3p,hsa-miR-203,miRNA,miRNA,miRNA-miRNA,,0.4661076984695317,,,0.4661076984695317,0.0016316128863661935,0.005752006777234233,,
hsa-miR-151-3p,hsa-miR-374a,miRNA,miRNA,miRNA-miRNA,,0.4655350449901108,,,0.4655350449901108,0.0016562758994980967,0.005814537004629254,,
hsa-miR-151-3p,hsa-miR-1979,miRNA,miRNA,miRNA-miRNA,,0.45966533795598413,,,0.45966533795598413,0.0019287544140863448,0.006568589650013445,,
hsa-miR-151-3p,hsa-miR-490-3p,miRNA,miRNA,miRNA-miRNA,,0.43705770882301487,,,0.43705770882301487,0.003384355316755187,0.010466674164945578,,
hsa-miR-151-3p,hsa-miR-362-3p,miRNA,miRNA,miRNA-miRNA,,0.42332954725553984,,,0.42332954725553984,0.004676719624124431,0.013752027969616994,,
hsa-miR-151-3p,hsa-miR-1274a,miRNA,miRNA,miRNA-miRNA,,0.41855038778655107,,,0.41855038778655107,0.005218107928911737,0.01495957212261382,,
hsa-miR-151-3p,hsa-miR-194,miRNA,miRNA,miRNA-miRNA,,0.41552618703409966,,,0.41552618703409966,0.005588165517866025,0.01583906786911071,,
hsa-miR-151-3p,hsa-miR-421,miRNA,miRNA,miRNA-miRNA,,0.41406167751051237,,,0.41406167751051237,0.005775418058896545,0.01626620908993014,,
hsa-miR-151-3p,hsa-miR-1290,miRNA,miRNA,miRNA-miRNA,,0.37889395023953465,,,0.37889395023953465,0.012225744959806415,0.030775681058469322,,
hsa-miR-154,hsa-miR-497,miRNA,miRNA,miRNA-miRNA,,0.48632851867020027,,,0.48632851867020027,0.0009445167908479748,0.0036233618269599036,,
hsa-miR-154,hsa-miR-199a-5p,miRNA,miRNA,miRNA-miRNA,,0.4720804877431263,,,0.4720804877431263,0.0013931198407001028,0.0050401490171670385,,
hsa-miR-154,hsa-miR-490-3p,miRNA,miRNA,miRNA-miRNA,,0.46134679068961254,,,0.46134679068961254,0.0018469182745472284,0.006349276986748197,,
hsa-miR-154,hsa-miR-195,miRNA,miRNA,miRNA-miRNA,,0.4542140515401176,,,0.4542140515401176,0.002216536169034501,0.00734548866673677,,
hsa-miR-154,hsa-miR-579 (+++ See note below),miRNA,miRNA,miRNA-miRNA,,0.4502711912749098,,,0.4502711912749098,0.0024476614724998984,0.00797630935505459,,
hsa-miR-154,hsa-miR-216a,miRNA,miRNA,miRNA-miRNA,,0.4399222680804053,,,0.4399222680804053,0.0031581761090103007,0.009904717163023114,,
hsa-miR-154,hsa-miR-542-3p,miRNA,miRNA,miRNA-miRNA,,0.4198350859965442,,,0.4198350859965442,0.00506747267338775,0.01464302168608798,,
hsa-miR-154,hsa-miR-451,miRNA,miRNA,miRNA-miRNA,,0.35716524847088793,,,0.35716524847088793,0.01871225309583234,0.04387738504028602,,
hsa-miR-155,hsa-miR-1979,miRNA,miRNA,miRNA-miRNA,,-0.4455920648073013,,,-0.4455920648073013,0.002749279322780522,0.008794619558894561,,
hsa-miR-155,hsa-miR-1975,miRNA,miRNA,miRNA-miRNA,,0.431943220005147,,,0.431943220005147,0.003823645968771183,0.01161889385806418,,
hsa-miR-183,hsa-miR-340,miRNA,miRNA,miRNA-miRNA,,0.7817512501073446,,,0.7817512501073446,6.088253086496143e-10,4.433355202075827e-08,,
hsa-miR-183,hsa-miR-429,miRNA,miRNA,miRNA-miRNA,,0.7370333667727179,,,0.7370333667727179,1.7430634819302033e-08,6.524270322551836e-07,,
hsa-miR-183,hsa-miR-200b,miRNA,miRNA,miRNA-miRNA,,0.7209810651393406,,,0.7209810651393406,4.954282714116429e-08,1.4072271113500923e-06,,
hsa-miR-183,hsa-miR-1979,miRNA,miRNA,miRNA-miRNA,,0.7174564308727683,,,0.7174564308727683,6.17224839775927e-08,1.7166565856267967e-06,,
hsa-miR-183,hsa-miR-200c,miRNA,miRNA,miRNA-miRNA,,0.6913890975864576,,,0.6913890975864576,2.8488514386201655e-07,6.200896745474871e-06,,
hsa-miR-183,hsa-miR-200a,miRNA,miRNA,miRNA-miRNA,,0.686686113424548,,,0.686686113424548,3.6917813832642204e-07,7.650620432166797e-06,,
hsa-miR-183,hsa-miR-210,miRNA,miRNA,miRNA-miRNA,,0.6564203485843774,,,0.6564203485843774,1.7570921207563632e-06,2.5383789758903295e-05,,
hsa-miR-183,hsa-miR-362-3p,miRNA,miRNA,miRNA-miRNA,,0.6319642060055493,,,0.6319642060055493,5.488168365976699e-06,6.262097652647643e-05,,
hsa-miR-183,hsa-miR-374b,miRNA,miRNA,miRNA-miRNA,,0.6236882628855107,,,0.6236882628855107,7.893855531868196e-06,8.190386374386561e-05,,
hsa-miR-183,hsa-miR-484,miRNA,miRNA,miRNA-miRNA,,0.6165557084386014,,,0.6165557084386014,1.0708735570051309e-05,0.00010397211794851157,,
hsa-miR-183,hsa-miR-421,miRNA,miRNA,miRNA-miRNA,,0.6105346706487604,,,0.6105346706487604,1.377343179909077e-05,0.00012536953262581483,,
hsa-miR-183,hsa-miR-455-5p,miRNA,miRNA,miRNA-miRNA,,0.6072445000832606,,,0.6072445000832606,1.5769864249165347e-05,0.00014028738428384683,,
hsa-miR-183,hsa-miR-194,miRNA,miRNA,miRNA-miRNA,,0.6063834819980306,,,0.6063834819980306,1.6334417345017628e-05,0.00014320317139312143,,
hsa-miR-183,hsa-miR-1290,miRNA,miRNA,miRNA-miRNA,,0.6044372616457211,,,0.6044372616457211,1.7679444247759854e-05,0.0001531010233462045,,
hsa-miR-183,hsa-miR-374a,miRNA,miRNA,miRNA-miRNA,,0.5977603495908999,,,0.5977603495908999,2.3102806431939984e-05,0.0001905263719037858,,
hsa-miR-183,hsa-miR-425,miRNA,miRNA,miRNA-miRNA,,0.5707487017123034,,,0.5707487017123034,6.431446359675301e-05,0.0004285847366139697,,
hsa-miR-183,hsa-miR-1305,miRNA,miRNA,miRNA-miRNA,,0.5435905934944859,,,0.5435905934944859,0.00016511805585901616,0.0009009506998846862,,
hsa-miR-183,hsa-miR-1246,miRNA,miRNA,miRNA-miRNA,,0.5376849908831413,,,0.5376849908831413,0.00020056943259672152,0.0010362419037916071,,
hsa-miR-183,hsa-miR-1299,miRNA,miRNA,miRNA-miRNA,,0.5313039252054903,,,0.5313039252054903,0.0002464882464866032,0.0012217641425480766,,
hsa-miR-183,hsa-miR-205,miRNA,miRNA,miRNA-miRNA,,0.5206551237152528,,,0.5206551237152528,0.0003445910432989583,0.001619820573253906,,
hsa-miR-183,hsa-miR-532-5p,miRNA,miRNA,miRNA-miRNA,,0.5198167456053747,,,0.5198167456053747,0.0003536366467636741,0.0016526426724486753,,
hsa-miR-183,hsa-miR-708,miRNA,miRNA,miRNA-miRNA,,0.5165874385889143,,,0.5165874385889143,0.0003905100060568705,0.0017874200848660186,,
hsa-miR-183,hsa-miR-548g,miRNA,miRNA,miRNA-miRNA,,0.5150337976476175,,,0.5150337976476175,0.0004094525194582111,0.0018571430808948307,,
hsa-miR-183,hsa-miR-454,miRNA,miRNA,miRNA-miRNA,,0.5081006451410133,,,0.5081006451410133,0.0005044474642320402,0.002200775701796646,,
hsa-miR-183,hsa-miR-660,miRNA,miRNA,miRNA-miRNA,,0.48424500966845346,,,0.48424500966845346,0.0010007957792608913,0.0038064454852230483,,
hsa-miR-183,hsa-miR-1274a,miRNA,miRNA,miRNA-miRNA,,0.4430274648602866,,,0.4430274648602866,0.0029280788188080567,0.00927032068721444,,
hsa-miR-183,hsa-miR-509-3p,miRNA,miRNA,miRNA-miRNA,,0.42955628929845735,,,0.42955628929845735,0.0040451926661222715,0.012190366160887657,,
hsa-miR-183,hsa-miR-934,miRNA,miRNA,miRNA-miRNA,,0.42846252390371353,,,0.42846252390371353,0.004150404526287788,0.012441893808220503,,
hsa-miR-183,hsa-miR-1308,miRNA,miRNA,miRNA-miRNA,,0.40831645364816826,,,0.40831645364816826,0.006563579009607708,0.018104086731046055,,
hsa-miR-183,hsa-miR-186,miRNA,miRNA,miRNA-miRNA,,0.39751653369464873,,,0.39751653369464873,0.008299440693974834,0.022115276100711387,,
hsa-miR-183,hsa-miR-2117,miRNA,miRNA,miRNA-miRNA,,0.38384890492061846,,,0.38384890492061846,0.01105146987767268,0.02824577974478563,,
hsa-miR-186,hsa-miR-194,miRNA,miRNA,miRNA-miRNA,,0.8181097900612364,,,0.8181097900612364,2.106351863357603e-11,2.4811585919844707e-09,,
hsa-miR-186,hsa-miR-374a,miRNA,miRNA,miRNA-miRNA,,0.6459559446383859,,,0.6459559446383859,2.8959590722941784e-06,3.892052377361807e-05,,
hsa-miR-186,hsa-miR-455-5p,miRNA,miRNA,miRNA-miRNA,,0.6311672692226774,,,0.6311672692226774,5.686291412045029e-06,6.41509777612404e-05,,
hsa-miR-186,hsa-miR-374b,miRNA,miRNA,miRNA-miRNA,,0.6003837570843233,,,0.6003837570843233,2.081236458121302e-05,0.00017502428843992567,,
hsa-miR-186,hsa-miR-340,miRNA,miRNA,miRNA-miRNA,,0.5900408607999109,,,0.5900408607999109,3.124687208659404e-05,0.00023973893238852322,,
hsa-miR-186,hsa-miR-362-3p,miRNA,miRNA,miRNA-miRNA,,0.5211598477227285,,,0.5211598477227285,0.00033924633766095787,0.0016041104868148007,,
hsa-miR-186,hsa-miR-509-3p,miRNA,miRNA,miRNA-miRNA,,0.5123562693589588,,,0.5123562693589588,0.00044404412667559974,0.001975996363706419,,
hsa-miR-186,hsa-miR-200a,miRNA,miRNA,miRNA-miRNA,,0.5075981612901184,,,0.5075981612901184,0.0005120454901296738,0.00222423230799278,,
hsa-miR-186,hsa-miR-660,miRNA,miRNA,miRNA-miRNA,,0.4897981242414893,,,0.4897981242414893,0.0008570352498940349,0.003351978687329697,,
hsa-miR-186,hsa-miR-532-5p,miRNA,miRNA,miRNA-miRNA,,0.48691385071418264,,,0.48691385071418264,0.0009292222719570896,0.0035749617667513393,,
hsa-miR-186,hsa-miR-454,miRNA,miRNA,miRNA-miRNA,,0.44972309114313447,,,0.44972309114313447,0.002481415225182857,0.00806661361757901,,
hsa-miR-186,hsa-miR-484,miRNA,miRNA,miRNA-miRNA,,0.4140856577617481,,,0.4140856577617481,0.005772308624860012,0.01626620908993014,,
hsa-miR-186,hsa-miR-497,miRNA,miRNA,miRNA-miRNA,,0.40037029091458004,,,0.40037029091458004,0.007806159457143845,0.021038807958183782,,
hsa-miR-186,hsa-miR-490-3p,miRNA,miRNA,miRNA-miRNA,,0.39330933685029684,,,0.39330933685029684,0.009075535503777273,0.02392858439277681,,
hsa-miR-186,hsa-miR-429,miRNA,miRNA,miRNA-miRNA,,0.3707780759883765,,,0.3707780759883765,0.014378858753382075,0.03537305240005848,,
hsa-miR-187,hsa-miR-579 (+++ See note below),miRNA,miRNA,miRNA-miRNA,,0.4273064079634155,,,0.4273064079634155,0.004264204377904108,0.012706948313620499,,
hsa-miR-187,hsa-miR-425,miRNA,miRNA,miRNA-miRNA,,0.418349686673814,,,0.418349686673814,0.005241989071398236,0.015006551987812677,,
hsa-miR-187,hsa-miR-1274a,miRNA,miRNA,miRNA-miRNA,,0.3789076726785674,,,0.3789076726785674,0.012222351457007573,0.030775681058469322,,
hsa-miR-194,hsa-miR-374a,miRNA,miRNA,miRNA-miRNA,,0.7563406073775414,,,0.7563406073775414,4.4714701753099335e-09,2.266865576217251e-07,,
hsa-miR-194,hsa-miR-374b,miRNA,miRNA,miRNA-miRNA,,0.7522915424734882,,,0.7522915424734882,6.008816047820763e-09,2.8649176513716853e-07,,
hsa-miR-194,hsa-miR-455-5p,miRNA,miRNA,miRNA-miRNA,,0.734464468380191,,,0.734464468380191,2.0705443066491234e-08,7.381373501480351e-07,,
hsa-miR-194,hsa-miR-362-3p,miRNA,miRNA,miRNA-miRNA,,0.669788249641824,,,0.669788249641824,9.017846266657434e-07,1.556744581808751e-05,,
hsa-miR-194,hsa-miR-340,miRNA,miRNA,miRNA-miRNA,,0.6657238708234549,,,0.6657238708234549,1.1084561119113695e-06,1.7886563473232125e-05,,
hsa-miR-194,hsa-miR-200a,miRNA,miRNA,miRNA-miRNA,,0.6092905806233584,,,0.6092905806233584,1.449932747721228e-05,0.00013108308475448123,,
hsa-miR-194,hsa-miR-532-5p,miRNA,miRNA,miRNA-miRNA,,0.6013341818627728,,,0.6013341818627728,2.003527522663282e-05,0.00017036364603538096,,
hsa-miR-194,hsa-miR-509-3p,miRNA,miRNA,miRNA-miRNA,,0.5962877594078924,,,0.5962877594078924,2.4487420332987774e-05,0.0001985265555336357,,
hsa-miR-194,hsa-miR-660,miRNA,miRNA,miRNA-miRNA,,0.5932539706217183,,,0.5932539706217183,2.758229152195322e-05,0.0002185385416414434,,
hsa-miR-194,hsa-miR-1290,miRNA,miRNA,miRNA-miRNA,,0.5631170633541792,,,0.5631170633541792,8.452655966725817e-05,0.0005310918189369061,,
hsa-miR-194,hsa-miR-454,miRNA,miRNA,miRNA-miRNA,,0.5432199128106181,,,0.5432199128106181,0.00016716402141372683,0.0009096357415244239,,
hsa-miR-194,hsa-miR-484,miRNA,miRNA,miRNA-miRNA,,0.5277397628887278,,,0.5277397628887278,0.00027607955054977383,0.0013305638988590184,,
hsa-miR-194,hsa-miR-429,miRNA,miRNA,miRNA-miRNA,,0.5205814308472313,,,0.5205814308472313,0.00034537771288932186,0.0016216151701309895,,
hsa-miR-194,hsa-miR-497,miRNA,miRNA,miRNA-miRNA,,0.4636174821446069,,,0.4636174821446069,0.0017412822828604512,0.006080065861252055,,
hsa-miR-194,hsa-miR-210,miRNA,miRNA,miRNA-miRNA,,0.46211570802003754,,,0.46211570802003754,0.0018105293532705237,0.006261804887606604,,
hsa-miR-194,hsa-miR-200b,miRNA,miRNA,miRNA-miRNA,,0.45181377257974414,,,0.45181377257974414,0.0023548251664059446,0.007736730755911246,,
hsa-miR-194,hsa-miR-421,miRNA,miRNA,miRNA-miRNA,,0.429925650846628,,,0.429925650846628,0.004010193107494282,0.012108354197019403,,
hsa-miR-194,hsa-miR-490-3p,miRNA,miRNA,miRNA-miRNA,,0.4203154692079992,,,0.4203154692079992,0.0050121259886131055,0.014525010553108168,,
hsa-miR-194,hsa-miR-195,miRNA,miRNA,miRNA-miRNA,,0.41947156315159784,,,0.41947156315159784,0.005109708188700475,0.01473317587886638,,
hsa-miR-194,hsa-miR-1246,miRNA,miRNA,miRNA-miRNA,,0.3920612820878618,,,0.3920612820878618,0.009317430817765107,0.024419360593434677,,
hsa-miR-194,hsa-miR-425,miRNA,miRNA,miRNA-miRNA,,0.3722857522607862,,,0.3722857522607862,0.01395615146512919,0.03452401891157653,,
hsa-miR-195,hsa-miR-497,miRNA,miRNA,miRNA-miRNA,,0.9393273059665136,,,0.9393273059665136,1.1666919977815363e-20,9.345202902230105e-18,,
hsa-miR-195,hsa-miR-216a,miRNA,miRNA,miRNA-miRNA,,0.5698317530292321,,,0.5698317530292321,6.64850123311413e-05,0.00044019672243046285,,
hsa-miR-195,hsa-miR-451,miRNA,miRNA,miRNA-miRNA,,0.5572232144629176,,,0.5572232144629176,0.00010391561774291761,0.0006248979715621396,,
hsa-miR-195,hsa-miR-490-3p,miRNA,miRNA,miRNA-miRNA,,0.5074450253457261,,,0.5074450253457261,0.000514381371837852,0.0022319581735759453,,
hsa-miR-195,hsa-miR-374b,miRNA,miRNA,miRNA-miRNA,,0.5013162985704442,,,0.5013162985704442,0.0006160844811158597,0.0025675529103735884,,
hsa-miR-195,hsa-miR-374a,miRNA,miRNA,miRNA-miRNA,,0.48998420585404245,,,0.48998420585404245,0.0008525547442349051,0.0033377143212715487,,
hsa-miR-195,hsa-miR-542-3p,miRNA,miRNA,miRNA-miRNA,,0.4758616160405204,,,0.4758616160405204,0.001258640774454668,0.004641672469328679,,
hsa-miR-195,hsa-miR-509-3p,miRNA,miRNA,miRNA-miRNA,,0.46337035004080335,,,0.46337035004080335,0.0017525139040274723,0.006101017232378748,,
hsa-miR-195,hsa-miR-199a-5p,miRNA,miRNA,miRNA-miRNA,,0.3945034726188664,,,0.3945034726188664,0.00884916270615192,0.023393331114282802,,
hsa-miR-195,hsa-miR-455-5p,miRNA,miRNA,miRNA-miRNA,,0.3694833854551084,,,0.3694833854551084,0.014750478771566062,0.036155343656372345,,
hsa-miR-199a-5p,hsa-miR-216a,miRNA,miRNA,miRNA-miRNA,,0.46283567320796276,,,0.46283567320796276,0.0017770334444692833,0.006156590782958027,,
hsa-miR-199a-5p,hsa-miR-542-3p,miRNA,miRNA,miRNA-miRNA,,0.39281565878832053,,,0.39281565878832053,0.009170566067779056,0.02409981437103354,,
hsa-miR-199a-5p,hsa-miR-1979,miRNA,miRNA,miRNA-miRNA,,0.38860542568819983,,,0.38860542568819983,0.010016335340328987,0.025998329901502002,,
hsa-miR-199a-5p,hsa-miR-451,miRNA,miRNA,miRNA-miRNA,,0.3581948037394354,,,0.3581948037394354,0.018349976505161337,0.04315423129957202,,
hsa-miR-199a-5p,ETS1,miRNA,mRNA,miRNA-mRNA,predicted,0.5239476509504852,,,-0.2566487916972897,,,73.7802,
hsa-miR-200a,hsa-miR-429,miRNA,miRNA,miRNA-miRNA,,0.8689882473882535,,,0.8689882473882535,4.2020664884633896e-14,8.013941088712321e-12,,
hsa-miR-200a,hsa-miR-200b,miRNA,miRNA,miRNA-miRNA,,0.8306564815775845,,,0.8306564815775845,5.523885956394578e-12,7.628676984606995e-10,,
hsa-miR-200a,hsa-miR-340,miRNA,miRNA,miRNA-miRNA,,0.8010275028189335,,,0.8010275028189335,1.1148098068683236e-10,1.14482391705324e-08,,
hsa-miR-200a,hsa-miR-484,miRNA,miRNA,miRNA-miRNA,,0.74099492426931,,,0.74099492426931,1.3313898198324458e-08,5.386076998413076e-07,,
hsa-miR-200a,hsa-miR-200c,miRNA,miRNA,miRNA-miRNA,,0.7051513020219556,,,0.7051513020219556,1.2967183528661335e-07,3.2024176063341657e-06,,
hsa-miR-200a,hsa-miR-374b,miRNA,miRNA,miRNA-miRNA,,0.6512018653581557,,,0.6512018653581557,2.259669320554938e-06,3.131479456339975e-05,,
hsa-miR-200a,hsa-miR-374a,miRNA,miRNA,miRNA-miRNA,,0.6309232923580015,,,0.6309232923580015,5.748249300759271e-06,6.46678046335418e-05,,
hsa-miR-200a,hsa-miR-455-5p,miRNA,miRNA,miRNA-miRNA,,0.6284809616791723,,,0.6284809616791723,6.403655351435431e-06,6.988461241723441e-05,,
hsa-miR-200a,hsa-miR-210,miRNA,miRNA,miRNA-miRNA,,0.5983484836761969,,,0.5983484836761969,2.2570128143308308e-05,0.00018753809795425263,,
hsa-miR-200a,hsa-miR-454,miRNA,miRNA,miRNA-miRNA,,0.5783610741034774,,,0.5783610741034774,4.86367921417644e-05,0.00034173746057502885,,
hsa-miR-200a,hsa-miR-1274a,miRNA,miRNA,miRNA-miRNA,,0.5634946391456426,,,0.5634946391456426,8.34045244049191e-05,0.0005285365826609192,,
hsa-miR-200a,hsa-miR-490-3p,miRNA,miRNA,miRNA-miRNA,,0.54843489781927,,,0.54843489781927,0.00014038550393650782,0.0007942888019034668,,
hsa-miR-200a,hsa-miR-532-5p,miRNA,miRNA,miRNA-miRNA,,0.5151772533203355,,,0.5151772533203355,0.0004076694864905075,0.0018532534544772785,,
hsa-miR-200a,hsa-miR-934,miRNA,miRNA,miRNA-miRNA,,0.49402879979595804,,,0.49402879979595804,0.0007601941473435285,0.003041536024086745,,
hsa-miR-200a,hsa-miR-362-3p,miRNA,miRNA,miRNA-miRNA,,0.46822470948092226,,,0.46822470948092226,0.001543237568677686,0.005498813578784815,,
hsa-miR-200a,hsa-miR-203,miRNA,miRNA,miRNA-miRNA,,0.44906616645580427,,,0.44906616645580427,0.002522410251418508,0.008160139787504947,,
hsa-miR-200a,hsa-miR-509-3p,miRNA,miRNA,miRNA-miRNA,,0.43821150045901114,,,0.43821150045901114,0.0032916020726157223,0.010203456889184186,,
hsa-miR-200a,hsa-miR-421,miRNA,miRNA,miRNA-miRNA,,0.42107462364950815,,,0.42107462364950815,0.0049257335362081845,0.014316083318224803,,
hsa-miR-200a,hsa-miR-425,miRNA,miRNA,miRNA-miRNA,,0.411000570846131,,,0.411000570846131,0.006184472774419132,0.01721791701929701,,
hsa-miR-200a,hsa-miR-548g,miRNA,miRNA,miRNA-miRNA,,0.4033275108230449,,,0.4033275108230449,0.007321876734275899,0.019948378449506785,,
hsa-miR-200a,hsa-miR-216a,miRNA,miRNA,miRNA-miRNA,,0.3991676298606045,,,0.3991676298606045,0.008010871539521224,0.021446216922314507,,
hsa-miR-200a,hsa-miR-205,miRNA,miRNA,miRNA-miRNA,,0.39313452533329807,,,0.39313452533329807,0.009109088612817194,0.023985470015997937,,
hsa-miR-200a,hsa-miR-1979,miRNA,miRNA,miRNA-miRNA,,0.362881094860667,,,0.362881094860667,0.016774760771780032,0.04025339538105394,,
hsa-miR-200a,hsa-miR-660,miRNA,miRNA,miRNA-miRNA,,0.3604152762074241,,,0.3604152762074241,0.01758872527930528,0.04165750724045987,,
hsa-miR-200a,hsa-miR-1299,miRNA,miRNA,miRNA-miRNA,,0.34959640345187076,,,0.34959640345187076,0.02156490681803173,0.04950599439874851,,
hsa-miR-200b,hsa-miR-200c,miRNA,miRNA,miRNA-miRNA,,0.9237562496845775,,,0.9237562496845775,1.0861405147074137e-18,4.512675680461908e-16,,
hsa-miR-200b,hsa-miR-429,miRNA,miRNA,miRNA-miRNA,,0.8722412850635017,,,0.8722412850635017,2.5915804769879066e-14,5.7662665612980915e-12,,
hsa-miR-200b,hsa-miR-340,miRNA,miRNA,miRNA-miRNA,,0.7244591294461606,,,0.7244591294461606,3.975193398486398e-08,1.188108176189405e-06,,
hsa-miR-200b,hsa-miR-210,miRNA,miRNA,miRNA-miRNA,,0.6679550622771804,,,0.6679550622771804,9.901315635874708e-07,1.6522820467365918e-05,,
hsa-miR-200b,hsa-miR-934,miRNA,miRNA,miRNA-miRNA,,0.5631172723031074,,,0.5631172723031074,8.452593496044009e-05,0.0005310918189369061,,
hsa-miR-200b,hsa-miR-484,miRNA,miRNA,miRNA-miRNA,,0.5521722677175922,,,0.5521722677175922,0.0001236546252996458,0.000715660078504453,,
hsa-miR-200b,hsa-miR-1274a,miRNA,miRNA,miRNA-miRNA,,0.5409742763298714,,,0.5409742763298714,0.0001800570793986717,0.0009501035612538607,,
hsa-miR-200b,hsa-miR-374b,miRNA,miRNA,miRNA-miRNA,,0.53444567121201,,,0.53444567121201,0.0002228117277506566,0.0011224666284797228,,
hsa-miR-200b,hsa-miR-203,miRNA,miRNA,miRNA-miRNA,,0.5179254463810563,,,0.5179254463810563,0.00037483216906571826,0.00173947326150259,,
hsa-miR-200b,hsa-miR-455-5p,miRNA,miRNA,miRNA-miRNA,,0.5156311294009553,,,0.5156311294009553,0.00040207406835075115,0.0018319757039189516,,
hsa-miR-200b,hsa-miR-421,miRNA,miRNA,miRNA-miRNA,,0.503926962208329,,,0.503926962208329,0.0005707455335904918,0.002413765429809841,,
hsa-miR-200b,hsa-miR-374a,miRNA,miRNA,miRNA-miRNA,,0.4936115128617297,,,0.4936115128617297,0.0007692908153941178,0.0030717943326554753,,
hsa-miR-200b,hsa-miR-425,miRNA,miRNA,miRNA-miRNA,,0.473242878800121,,,0.473242878800121,0.0013504816886162135,0.004899165908431101,,
hsa-miR-200b,hsa-miR-1979,miRNA,miRNA,miRNA-miRNA,,0.46429297552264115,,,0.46429297552264115,0.0017109069028025457,0.0059792165320455455,,
hsa-miR-200b,hsa-miR-205,miRNA,miRNA,miRNA-miRNA,,0.4568608270840098,,,0.4568608270840098,0.002072395088854332,0.006968885248414441,,
hsa-miR-200b,hsa-miR-454,miRNA,miRNA,miRNA-miRNA,,0.43519205970566543,,,0.43519205970566543,0.0035391844117585516,0.010869964393476227,,
hsa-miR-200b,hsa-miR-1290,miRNA,miRNA,miRNA-miRNA,,0.42850040181247756,,,0.42850040181247756,0.004146721402990095,0.012441893808220503,,
hsa-miR-200b,hsa-miR-362-3p,miRNA,miRNA,miRNA-miRNA,,0.4183974710720146,,,0.4183974710720146,0.005236294670253131,0.015000972928729463,,
hsa-miR-200b,hsa-miR-532-5p,miRNA,miRNA,miRNA-miRNA,,0.4081002182326678,,,0.4081002182326678,0.006594977473469709,0.01817817259548946,,
hsa-miR-200b,hsa-miR-1246,miRNA,miRNA,miRNA-miRNA,,0.3824031509032318,,,0.3824031509032318,0.011383687531035903,0.02898389609777418,,
hsa-miR-200b,hsa-miR-451,miRNA,miRNA,miRNA-miRNA,,-0.3769923450987832,,,-0.3769923450987832,0.012703842717829286,0.031789606372799276,,
hsa-miR-200b,hsa-miR-548g,miRNA,miRNA,miRNA-miRNA,,0.3605548696771828,,,0.3605548696771828,0.017541771949598862,0.04164481129706191,,
hsa-miR-200c,hsa-miR-429,miRNA,miRNA,miRNA-miRNA,,0.7524037036950403,,,0.7524037036950403,5.960281418295267e-09,2.8649176513716853e-07,,
hsa-miR-200c,hsa-miR-340,miRNA,miRNA,miRNA-miRNA,,0.6534555613901605,,,0.6534555613901605,2.0282406999356773e-06,2.8502119309622416e-05,,
hsa-miR-200c,hsa-miR-210,miRNA,miRNA,miRNA-miRNA,,0.644712614134265,,,0.644712614134265,3.069239190421045e-06,4.043520709748778e-05,,
hsa-miR-200c,hsa-miR-421,miRNA,miRNA,miRNA-miRNA,,0.5514711776309889,,,0.5514711776309889,0.0001266480738961156,0.0007287723217729066,,
hsa-miR-200c,hsa-miR-1274a,miRNA,miRNA,miRNA-miRNA,,0.5065741444798924,,,0.5065741444798924,0.000527848156783337,0.002263417417470305,,
hsa-miR-200c,hsa-miR-934,miRNA,miRNA,miRNA-miRNA,,0.48006442136033545,,,0.48006442136033545,0.0011228098886165829,0.004210537082312186,,
hsa-miR-200c,hsa-miR-484,miRNA,miRNA,miRNA-miRNA,,0.46684937200463283,,,0.46684937200463283,0.0016001542530650907,0.0056763665044514515,,
hsa-miR-200c,hsa-miR-425,miRNA,miRNA,miRNA-miRNA,,0.4566168840926378,,,0.4566168840926378,0.00208532467785735,0.007006480985586147,,
hsa-miR-200c,hsa-miR-203,miRNA,miRNA,miRNA-miRNA,,0.45329492069010097,,,0.45329492069010097,0.0022686205442018965,0.007490375333494308,,
hsa-miR-200c,hsa-miR-1979,miRNA,miRNA,miRNA-miRNA,,0.4497802205272887,,,0.4497802205272887,0.002477877984116253,0.008061658266763277,,
hsa-miR-200c,hsa-miR-1290,miRNA,miRNA,miRNA-miRNA,,0.4398586397125975,,,0.4398586397125975,0.003163052317342678,0.009904717163023114,,
hsa-miR-200c,hsa-miR-205,miRNA,miRNA,miRNA-miRNA,,0.4398433450902599,,,0.4398433450902599,0.0031642254165269125,0.009904717163023114,,
hsa-miR-200c,hsa-miR-374b,miRNA,miRNA,miRNA-miRNA,,0.4344306673469863,,,0.4344306673469863,0.0036041325853305253,0.011035589452789568,,
hsa-miR-200c,hsa-miR-455-5p,miRNA,miRNA,miRNA-miRNA,,0.43244065611795846,,,0.43244065611795846,0.0037788357327928354,0.01150018017464689,,
hsa-miR-200c,hsa-miR-374a,miRNA,miRNA,miRNA-miRNA,,0.38554904441669685,,,0.38554904441669685,0.01067143771926677,0.02736178493320321,,
hsa-miR-200c,hsa-miR-1246,miRNA,miRNA,miRNA-miRNA,,0.3711444637985933,,,0.3711444637985933,0.014275147514450621,0.03513949956691748,,
hsa-miR-200c,hsa-miR-362-3p,miRNA,miRNA,miRNA-miRNA,,0.36682299048056954,,,0.36682299048056954,0.015539729913036421,0.0377191626070975,,
hsa-miR-203,hsa-miR-429,miRNA,miRNA,miRNA-miRNA,,0.4563650338034928,,,0.4563650338034928,0.0020987480335576394,0.0070397704140689665,,
hsa-miR-203,hsa-miR-934,miRNA,miRNA,miRNA-miRNA,,0.4382730089551451,,,0.4382730089551451,0.0032867205989377253,0.010196216885163123,,
hsa-miR-203,hsa-miR-340,miRNA,miRNA,miRNA-miRNA,,0.42981559859653673,,,0.42981559859653673,0.0040205935371812156,0.0121253592744057,,
hsa-miR-203,hsa-miR-1978,miRNA,miRNA,miRNA-miRNA,,0.35890696524972265,,,0.35890696524972265,0.018102856566427582,0.04267437720832666,,
hsa-miR-205,hsa-miR-548g,miRNA,miRNA,miRNA-miRNA,,0.8379335490762,,,0.8379335490762,2.415304409043826e-12,3.7204977531617397e-10,,
hsa-miR-205,hsa-miR-1299,miRNA,miRNA,miRNA-miRNA,,0.48336871241798585,,,0.48336871241798585,0.0010253451355537765,0.0038854836283405414,,
hsa-miR-205,hsa-miR-429,miRNA,miRNA,miRNA-miRNA,,0.47829639450672207,,,0.47829639450672207,0.001178274584456109,0.004369434917358071,,
hsa-miR-205,hsa-miR-484,miRNA,miRNA,miRNA-miRNA,,0.4603762521442127,,,0.4603762521442127,0.001893771270626586,0.006465945386921975,,
hsa-miR-205,hsa-miR-1274a,miRNA,miRNA,miRNA-miRNA,,0.45036707415788196,,,0.45036707415788196,0.0024417984425976346,0.007963683031436098,,
hsa-miR-205,hsa-miR-1305,miRNA,miRNA,miRNA-miRNA,,0.43617383828227163,,,0.43617383828227163,0.0034569511431090548,0.010666478681164687,,
hsa-miR-205,hsa-miR-1979,miRNA,miRNA,miRNA-miRNA,,0.4274274115464573,,,0.4274274115464573,0.004252167393295035,0.012689963047799267,,
hsa-miR-205,hsa-miR-210,miRNA,miRNA,miRNA-miRNA,,0.3757563540563454,,,0.3757563540563454,0.01302305999467379,0.032486577155249025,,
hsa-miR-205,hsa-miR-454,miRNA,miRNA,miRNA-miRNA,,0.3734295932754792,,,0.3734295932754792,0.013642540043108005,0.03381087430238092,,
hsa-miR-205,hsa-miR-374a,miRNA,miRNA,miRNA-miRNA,,0.36619782212424995,,,0.36619782212424995,0.01573030010349638,0.03806637577915589,,
hsa-miR-210,hsa-miR-429,miRNA,miRNA,miRNA-miRNA,,0.6783513378705035,,,0.6783513378705035,5.777057039719809e-07,1.0913732756640489e-05,,
hsa-miR-210,hsa-miR-374b,miRNA,miRNA,miRNA-miRNA,,0.6338590046251311,,,0.6338590046251311,5.042360836645137e-06,5.9571254132046525e-05,,
hsa-miR-210,hsa-miR-421,miRNA,miRNA,miRNA-miRNA,,0.5830159178418587,,,0.5830159178418587,4.085696095037537e-05,0.00029643501559103866,,
hsa-miR-210,hsa-miR-455-5p,miRNA,miRNA,miRNA-miRNA,,0.5823837033097676,,,0.5823837033097676,4.1842276563772274e-05,0.0003024879379745631,,
hsa-miR-210,hsa-miR-374a,miRNA,miRNA,miRNA-miRNA,,0.5614329666644919,,,0.5614329666644919,8.970018934991418e-05,0.0005561134030130128,,
hsa-miR-210,hsa-miR-340,miRNA,miRNA,miRNA-miRNA,,0.5557132805317856,,,0.5557132805317856,0.00010949319449907951,0.0006496596206945384,,
hsa-miR-210,hsa-miR-362-3p,miRNA,miRNA,miRNA-miRNA,,0.5535723508412662,,,0.5535723508412662,0.0001178679250372945,0.0006871339734706907,,
hsa-miR-210,hsa-miR-454,miRNA,miRNA,miRNA-miRNA,,0.49516867660399916,,,0.49516867660399916,0.0007358332343584848,0.002967786609874856,,
hsa-miR-210,hsa-miR-1290,miRNA,miRNA,miRNA-miRNA,,0.4818228522646063,,,0.4818228522646063,0.0010699626066800168,0.004035028474344131,,
hsa-miR-210,hsa-miR-425,miRNA,miRNA,miRNA-miRNA,,0.48084910231016115,,,0.48084910231016115,0.001098947016378291,0.004132659906662024,,
hsa-miR-210,hsa-miR-484,miRNA,miRNA,miRNA-miRNA,,0.45067638358897366,,,0.45067638358897366,0.0024229690699371052,0.00790871322338884,,
hsa-miR-210,hsa-miR-532-5p,miRNA,miRNA,miRNA-miRNA,,0.43248442206529997,,,0.43248442206529997,0.003774915266872045,0.011496985280473415,,
hsa-miR-210,hsa-miR-660,miRNA,miRNA,miRNA-miRNA,,0.42912963496070217,,,0.42912963496070217,0.0040859530377172016,0.012303941290268718,,
hsa-miR-210,hsa-miR-1246,miRNA,miRNA,miRNA-miRNA,,0.4228990103037048,,,0.4228990103037048,0.004723398695372006,0.013858763205102478,,
hsa-miR-210,hsa-miR-934,miRNA,miRNA,miRNA-miRNA,,0.4209075345722353,,,0.4209075345722353,0.004944636337513917,0.014360600820698503,,
hsa-miR-210,hsa-miR-1979,miRNA,miRNA,miRNA-miRNA,,0.41861442808010285,,,0.41861442808010285,0.0052105078020190975,0.01494848405951754,,
hsa-miR-210,hsa-miR-708,miRNA,miRNA,miRNA-miRNA,,0.3785223565602453,,,0.3785223565602453,0.012317944549673792,0.03093041727992938,,
hsa-miR-210,hsa-miR-1274a,miRNA,miRNA,miRNA-miRNA,,0.3647107890427759,,,0.3647107890427759,0.01619155887404242,0.03899410300092597,,
hsa-miR-216a,hsa-miR-490-3p,miRNA,miRNA,miRNA-miRNA,,0.7101265132803057,,,0.7101265132803057,9.648906384997149e-08,2.525743141955136e-06,,
hsa-miR-216a,hsa-miR-509-3p,miRNA,miRNA,miRNA-miRNA,,0.7057125918494741,,,0.7057125918494741,1.2545702710471085e-07,3.1372058035835665e-06,,
hsa-miR-216a,hsa-miR-484,miRNA,miRNA,miRNA-miRNA,,0.6014619659625691,,,0.6014619659625691,1.993284789922859e-05,0.00016985331029023513,,
hsa-miR-216a,hsa-miR-497,miRNA,miRNA,miRNA-miRNA,,0.5319889594285474,,,0.5319889594285474,0.00024114034402295605,0.0012047903948315495,,
hsa-miR-216a,hsa-miR-374b,miRNA,miRNA,miRNA-miRNA,,0.5245360407795654,,,0.5245360407795654,0.00030537248858370815,0.0014629387760499415,,
hsa-miR-216a,hsa-miR-451,miRNA,miRNA,miRNA-miRNA,,0.5135867177346706,,,0.5135867177346706,0.00042783441827793696,0.0019230941023604235,,
hsa-miR-216a,hsa-miR-374a,miRNA,miRNA,miRNA-miRNA,,0.5129956164674688,,,0.5129956164674688,0.0004355539106442417,0.001944697226455059,,
hsa-miR-216a,hsa-miR-542-3p,miRNA,miRNA,miRNA-miRNA,,0.5025752160865579,,,0.5025752160865579,0.000593833409517368,0.002500844169418569,,
hsa-miR-216a,hsa-miR-454,miRNA,miRNA,miRNA-miRNA,,0.3906663081751234,,,0.3906663081751234,0.00959433519180874,0.02504909546492438,,
hsa-miR-216a,hsa-miR-1975,miRNA,miRNA,miRNA-miRNA,,0.3719436406424334,,,0.3719436406424334,0.014051131368875622,0.03469005537774927,,
hsa-miR-216a,hsa-miR-532-5p,miRNA,miRNA,miRNA-miRNA,,0.35971200796847014,,,0.35971200796847014,0.017826890995638046,0.04217170610604275,,
hsa-miR-216a,hsa-miR-520c-3p,miRNA,miRNA,miRNA-miRNA,,0.35703252048122086,,,0.35703252048122086,0.01875939230743137,0.0439582769491987,,
hsa-miR-340,hsa-miR-429,miRNA,miRNA,miRNA-miRNA,,0.7632284970429917,,,0.7632284970429917,2.6690272810099757e-09,1.4556313072034645e-07,,
hsa-miR-340,hsa-miR-455-5p,miRNA,miRNA,miRNA-miRNA,,0.6887863396399967,,,0.6887863396399967,3.290221029032618e-07,6.9721350377119766e-06,,
hsa-miR-340,hsa-miR-374b,miRNA,miRNA,miRNA-miRNA,,0.6872954687531422,,,0.6872954687531422,3.570824032585429e-07,7.448515755471168e-06,,
hsa-miR-340,hsa-miR-532-5p,miRNA,miRNA,miRNA-miRNA,,0.6789109854974485,,,0.6789109854974485,5.608474469812402e-07,1.0645469313553872e-05,,
hsa-miR-340,hsa-miR-362-3p,miRNA,miRNA,miRNA-miRNA,,0.6565075049483994,,,0.6565075049483994,1.7496534916703284e-06,2.5383789758903295e-05,,
hsa-miR-340,hsa-miR-484,miRNA,miRNA,miRNA-miRNA,,0.6003938927121366,,,0.6003938927121366,2.0803933837207852e-05,0.00017502428843992567,,
hsa-miR-340,hsa-miR-425,miRNA,miRNA,miRNA-miRNA,,0.5987442714690431,,,0.5987442714690431,2.2218015175407703e-05,0.00018499615546259428,,
hsa-miR-340,hsa-miR-660,miRNA,miRNA,miRNA-miRNA,,0.5945832361849621,,,0.5945832361849621,2.6184707769965136e-05,0.00020890389366276968,,
hsa-miR-340,hsa-miR-374a,miRNA,miRNA,miRNA-miRNA,,0.5802521534381024,,,0.5802521534381024,4.5326336625566004e-05,0.0003241642467596283,,
hsa-miR-340,hsa-miR-454,miRNA,miRNA,miRNA-miRNA,,0.5640082799759087,,,0.5640082799759087,8.189988812693183e-05,0.000522307407561086,,
hsa-miR-340,hsa-miR-934,miRNA,miRNA,miRNA-miRNA,,0.5533400579709509,,,0.5533400579709509,0.00011881068421944615,0.0006912529033600571,,
hsa-miR-340,hsa-miR-1979,miRNA,miRNA,miRNA-miRNA,,0.5418942479204013,,,0.5418942479204013,0.00017467017130525438,0.00093261052969166,,
hsa-miR-340,hsa-miR-1290,miRNA,miRNA,miRNA-miRNA,,0.5409815574399334,,,0.5409815574399334,0.00018001386120547507,0.0009501035612538607,,
hsa-miR-340,hsa-miR-421,miRNA,miRNA,miRNA-miRNA,,0.5353209235648823,,,0.5353209235648823,0.00021659223251245175,0.0011008272731121438,,
hsa-miR-340,hsa-miR-1274a,miRNA,miRNA,miRNA-miRNA,,0.5190361787275012,,,0.5190361787275012,0.00036225000889000754,0.0016869898669819537,,
hsa-miR-340,hsa-miR-1299,miRNA,miRNA,miRNA-miRNA,,0.40941766316001443,,,0.40941766316001443,0.006405677379996052,0.017754143880196673,,
hsa-miR-340,hsa-miR-490-3p,miRNA,miRNA,miRNA-miRNA,,0.40685343905698573,,,0.40685343905698573,0.0067785639055857605,0.018645706347438853,,
hsa-miR-340,hsa-miR-1305,miRNA,miRNA,miRNA-miRNA,,0.39304109610319327,,,0.39304109610319327,0.009127064974424353,0.024001244400899232,,
hsa-miR-340,hsa-miR-1246,miRNA,miRNA,miRNA-miRNA,,0.379321167647353,,,0.379321167647353,0.012120472004806102,0.030568318878619924,,
hsa-miR-340,hsa-miR-509-3p,miRNA,miRNA,miRNA-miRNA,,0.36097738611444585,,,0.36097738611444585,0.017400299411907804,0.041357981688243776,,
hsa-miR-340,hsa-miR-708,miRNA,miRNA,miRNA-miRNA,,0.35257136331922173,,,0.35257136331922173,0.02040298421025007,0.04720621130101186,,
hsa-miR-362-3p,hsa-miR-660,miRNA,miRNA,miRNA-miRNA,,0.7769732833918673,,,0.7769732833918673,9.033645339498205e-10,5.9311064892934935e-08,,
hsa-miR-362-3p,hsa-miR-455-5p,miRNA,miRNA,miRNA-miRNA,,0.7487196980167208,,,0.7487196980167208,7.762343496064154e-09,3.6149053141554585e-07,,
hsa-miR-362-3p,hsa-miR-532-5p,miRNA,miRNA,miRNA-miRNA,,0.7023907330185902,,,0.7023907330185902,1.5238695170102033e-07,3.676564708208352e-06,,
hsa-miR-362-3p,hsa-miR-1290,miRNA,miRNA,miRNA-miRNA,,0.6423536493579605,,,0.6423536493579605,3.424566044262513e-06,4.367957645627823e-05,,
hsa-miR-362-3p,hsa-miR-374b,miRNA,miRNA,miRNA-miRNA,,0.6402505196921547,,,0.6402505196921547,3.7729600594716015e-06,4.707384747097746e-05,,
hsa-miR-362-3p,hsa-miR-374a,miRNA,miRNA,miRNA-miRNA,,0.6346361473854262,,,0.6346361473854262,4.869359012298649e-06,5.7697582379455885e-05,,
hsa-miR-362-3p,hsa-miR-421,miRNA,miRNA,miRNA-miRNA,,0.6144430837042723,,,0.6144430837042723,1.170434828894066e-05,0.00011003735891363226,,
hsa-miR-362-3p,hsa-miR-708,miRNA,miRNA,miRNA-miRNA,,0.5976063007203649,,,0.5976063007203649,2.324421915645169e-05,0.0001911562581552136,,
hsa-miR-362-3p,hsa-miR-1246,miRNA,miRNA,miRNA-miRNA,,0.5743175901651528,,,0.5743175901651528,5.6466826947533614e-05,0.0003839552494480002,,
hsa-miR-362-3p,hsa-miR-1305,miRNA,miRNA,miRNA-miRNA,,0.5607930473133849,,,0.5607930473133849,9.174034653733766e-05,0.0005670063084599341,,
hsa-miR-362-3p,hsa-miR-454,miRNA,miRNA,miRNA-miRNA,,0.5587071594370094,,,0.5587071594370094,9.868666457544948e-05,0.0006006688322563453,,
hsa-miR-362-3p,hsa-miR-425,miRNA,miRNA,miRNA-miRNA,,0.5479882788458701,,,0.5479882788458701,0.00014251633785110566,0.000803912581822082,,
hsa-miR-362-3p,hsa-miR-1979,miRNA,miRNA,miRNA-miRNA,,0.5394055473236028,,,0.5394055473236028,0.00018959043928591575,0.0009899735454238494,,
hsa-miR-362-3p,hsa-miR-429,miRNA,miRNA,miRNA-miRNA,,0.5298279604064032,,,0.5298279604064032,0.0002583762374668728,0.0012576413021413969,,
hsa-miR-362-3p,hsa-miR-509-3p,miRNA,miRNA,miRNA-miRNA,,0.49709366767119806,,,0.49709366767119806,0.0006962737200947838,0.0028352487457998705,,
hsa-miR-362-3p,hsa-miR-1299,miRNA,miRNA,miRNA-miRNA,,0.49068976884004273,,,0.49068976884004273,0.0008357553740318505,0.003281568895095648,,
hsa-miR-362-3p,hsa-miR-520c-3p,miRNA,miRNA,miRNA-miRNA,,0.4186428614475437,,,0.4186428614475437,0.005207136494781958,0.01494848405951754,,
hsa-miR-362-3p,hsa-miR-1978,miRNA,miRNA,miRNA-miRNA,,0.3775411781692562,,,0.3775411781692562,0.012564248358009658,0.03146955264154389,,
hsa-miR-362-3p,hsa-miR-2117,miRNA,miRNA,miRNA-miRNA,,0.36625042343536623,,,0.36625042343536623,0.01571418975433561,0.038050380874313255,,
hsa-miR-362-3p,hsa-miR-934,miRNA,miRNA,miRNA-miRNA,,0.3559459427145593,,,0.3559459427145593,0.01914907078171247,0.04474447402611344,,
hsa-miR-362-3p,hsa-miR-484,miRNA,miRNA,miRNA-miRNA,,0.35070250552994153,,,0.35070250552994153,0.021126585671770812,0.048655535144015015,,
hsa-miR-362-3p,TGFBI,miRNA,mRNA,miRNA-mRNA,predicted,0.035271555431585264,,,0.3082259324707648,,,52.1669,
hsa-miR-362-3p,CASP10,miRNA,mRNA,miRNA-mRNA,predicted,0.022541679657803387,,,0.304712572496379,,,51.6038795728,
hsa-miR-374a,hsa-miR-374b,miRNA,miRNA,miRNA-miRNA,,0.8715517736921634,,,0.8715517736921634,2.874277729428656e-14,6.05867489808514e-12,,
hsa-miR-374a,hsa-miR-455-5p,miRNA,miRNA,miRNA-miRNA,,0.7251974677311112,,,0.7251974677311112,3.792050606024512e-08,1.168243282856013e-06,,
hsa-miR-374a,hsa-miR-509-3p,miRNA,miRNA,miRNA-miRNA,,0.678151906624155,,,0.678151906624155,5.838258391556639e-07,1.0932769270160369e-05,,
hsa-miR-374a,hsa-miR-660,miRNA,miRNA,miRNA-miRNA,,0.6689045716449413,,,0.6689045716449413,9.434179874461054e-07,1.6078251232858096e-05,,
hsa-miR-374a,hsa-miR-532-5p,miRNA,miRNA,miRNA-miRNA,,0.623379975339705,,,0.623379975339705,7.999851632712431e-06,8.278916224551236e-05,,
hsa-miR-374a,hsa-miR-429,miRNA,miRNA,miRNA-miRNA,,0.6078435373292145,,,0.6078435373292145,1.538770370947776e-05,0.00013756194945638043,,
hsa-miR-374a,hsa-miR-454,miRNA,miRNA,miRNA-miRNA,,0.5991874813523725,,,0.5991874813523725,2.1829687791241526e-05,0.0001821414575081715,,
hsa-miR-374a,hsa-miR-484,miRNA,miRNA,miRNA-miRNA,,0.5327124814332371,,,0.5327124814332371,0.00023560591790931462,0.0011809783494703442,,
hsa-miR-374a,hsa-miR-1299,miRNA,miRNA,miRNA-miRNA,,0.4958191365216972,,,0.4958191365216972,0.0007222468227029475,0.0029218166918437423,,
hsa-miR-374a,hsa-miR-1290,miRNA,miRNA,miRNA-miRNA,,0.49327232637006413,,,0.49327232637006413,0.0007767564501374362,0.003098515520717562,,
hsa-miR-374a,hsa-miR-497,miRNA,miRNA,miRNA-miRNA,,0.4804421550945073,,,0.4804421550945073,0.0011112657106422215,0.004171151987930738,,
hsa-miR-374a,hsa-miR-548g,miRNA,miRNA,miRNA-miRNA,,0.44777756749905206,,,0.44777756749905206,0.002604559821045416,0.008365085872724049,,
hsa-miR-374a,hsa-miR-708,miRNA,miRNA,miRNA-miRNA,,0.42822119452520624,,,0.42822119452520624,0.004173937755640744,0.012493737452422408,,
hsa-miR-374a,hsa-miR-490-3p,miRNA,miRNA,miRNA-miRNA,,0.42174531484823974,,,0.42174531484823974,0.004850489802434542,0.014169373930525411,,
hsa-miR-374a,hsa-miR-1305,miRNA,miRNA,miRNA-miRNA,,0.4125819603001409,,,0.4125819603001409,0.005970121977874199,0.016697163771917715,,
hsa-miR-374a,hsa-miR-520c-3p,miRNA,miRNA,miRNA-miRNA,,0.39671674384727246,,,0.39671674384727246,0.008442412188202374,0.02245143480328719,,
hsa-miR-374a,hsa-miR-421,miRNA,miRNA,miRNA-miRNA,,0.38632658990106455,,,0.38632658990106455,0.010501395579489304,0.027029620370086542,,
hsa-miR-374a,hsa-miR-1979,miRNA,miRNA,miRNA-miRNA,,0.3843742937664959,,,0.3843742937664959,0.010932813170141708,0.027978221563206094,,
hsa-miR-374a,hsa-miR-1308,miRNA,miRNA,miRNA-miRNA,,0.36049037370672243,,,0.36049037370672243,0.017563452499697117,0.04165750724045987,,
hsa-miR-374b,hsa-miR-455-5p,miRNA,miRNA,miRNA-miRNA,,0.7353674627913462,,,0.7353674627913462,1.9493920262796128e-08,7.097559150227135e-07,,
hsa-miR-374b,hsa-miR-532-5p,miRNA,miRNA,miRNA-miRNA,,0.6858980558621203,,,0.6858980558621203,3.8538522469025946e-07,7.915219614792251e-06,,
hsa-miR-374b,hsa-miR-660,miRNA,miRNA,miRNA-miRNA,,0.6685472792122757,,,0.6685472792122757,9.607510645909917e-07,1.630427124443611e-05,,
hsa-miR-374b,hsa-miR-454,miRNA,miRNA,miRNA-miRNA,,0.6189964969257652,,,0.6189964969257652,9.655635512791991e-06,9.54835067376097e-05,,
hsa-miR-374b,hsa-miR-429,miRNA,miRNA,miRNA-miRNA,,0.5847441736292933,,,0.5847441736292933,3.827055720825654e-05,0.0002822717893537154,,
hsa-miR-374b,hsa-miR-484,miRNA,miRNA,miRNA-miRNA,,0.5675143959437041,,,0.5675143959437041,7.227104996175072e-05,0.00046911759334977574,,
hsa-miR-374b,hsa-miR-490-3p,miRNA,miRNA,miRNA-miRNA,,0.5575893007234728,,,0.5575893007234728,0.000102602783795486,0.0006197950966831394,,
hsa-miR-374b,hsa-miR-497,miRNA,miRNA,miRNA-miRNA,,0.5463320676903739,,,0.5463320676903739,0.0001506764974631642,0.0008416448707670468,,
hsa-miR-374b,hsa-miR-509-3p,miRNA,miRNA,miRNA-miRNA,,0.544024856994621,,,0.544024856994621,0.00016274999777661945,0.0008899795346633659,,
hsa-miR-374b,hsa-miR-1290,miRNA,miRNA,miRNA-miRNA,,0.49310514782281806,,,0.49310514782281806,0.0007804598766122276,0.003108088387074013,,
hsa-miR-374b,hsa-miR-425,miRNA,miRNA,miRNA-miRNA,,0.4688842090855275,,,0.4688842090855275,0.0015165871266810472,0.005418315292022832,,
hsa-miR-374b,hsa-miR-421,miRNA,miRNA,miRNA-miRNA,,0.4227637260819645,,,0.4227637260819645,0.004738149860324282,0.013891866903805818,,
hsa-miR-374b,hsa-miR-1979,miRNA,miRNA,miRNA-miRNA,,0.3839999449897458,,,0.3839999449897458,0.01101724589736798,0.028176289794992825,,
hsa-miR-421,hsa-miR-1290,miRNA,miRNA,miRNA-miRNA,,0.7847990609899542,,,0.7847990609899542,4.709049109045367e-10,3.848926873821774e-08,,
hsa-miR-421,hsa-miR-708,miRNA,miRNA,miRNA-miRNA,,0.665311506966831,,,0.665311506966831,1.1317079732249418e-06,1.805773080783224e-05,,
hsa-miR-421,hsa-miR-425,miRNA,miRNA,miRNA-miRNA,,0.5970103232210422,,,0.5970103232210422,2.3798805561238302e-05,0.00019412264006671976,,
hsa-miR-421,hsa-miR-1305,miRNA,miRNA,miRNA-miRNA,,0.5670353232153501,,,0.5670353232153501,7.352291285117261e-05,0.0004749342999499135,,
hsa-miR-421,hsa-miR-454,miRNA,miRNA,miRNA-miRNA,,0.5420469977553304,,,0.5420469977553304,0.00017378999605328647,0.0009305199654992143,,
hsa-miR-421,hsa-miR-455-5p,miRNA,miRNA,miRNA-miRNA,,0.5399118598886645,,,0.5399118598886645,0.0001864647759180199,0.0009761979445119866,,
hsa-miR-421,hsa-miR-429,miRNA,miRNA,miRNA-miRNA,,0.5373253309835765,,,0.5373253309835765,0.00020293581899691354,0.0010460205342118904,,
hsa-miR-421,hsa-miR-1299,miRNA,miRNA,miRNA-miRNA,,0.5266249827313433,,,0.5266249827313433,0.00028597164792936363,0.0013749297118332549,,
hsa-miR-421,hsa-miR-1274a,miRNA,miRNA,miRNA-miRNA,,0.5199142873126723,,,0.5199142873126723,0.00035257335670257884,0.0016495984738245657,,
hsa-miR-421,hsa-miR-520c-3p,miRNA,miRNA,miRNA-miRNA,,0.49248697588407786,,,0.49248697588407786,0.0007942913255059699,0.0031496403551004052,,
hsa-miR-421,hsa-miR-532-5p,miRNA,miRNA,miRNA-miRNA,,0.47127496347126135,,,0.47127496347126135,0.0014233642656756203,0.005139480319068306,,
hsa-miR-421,hsa-miR-1246,miRNA,miRNA,miRNA-miRNA,,0.4629878314191262,,,0.4629878314191262,0.0017700249719532256,0.006137619058591055,,
hsa-miR-421,hsa-miR-484,miRNA,miRNA,miRNA-miRNA,,0.45643421823551167,,,0.45643421823551167,0.0020950529991132323,0.007033266774055738,,
hsa-miR-421,hsa-miR-1979,miRNA,miRNA,miRNA-miRNA,,0.44921093446639654,,,0.44921093446639654,0.0025133252177819945,0.00814390574208486,,
hsa-miR-421,hsa-miR-2117,miRNA,miRNA,miRNA-miRNA,,0.44849015768298045,,,0.44849015768298045,0.002558845154699442,0.008251348506096027,,
hsa-miR-421,hsa-miR-934,miRNA,miRNA,miRNA-miRNA,,0.4329812492160647,,,0.4329812492160647,0.0037306593016799704,0.011379505333761067,,
hsa-miR-421,hsa-miR-660,miRNA,miRNA,miRNA-miRNA,,0.399938841353882,,,0.399938841353882,0.007879074005558886,0.021163092733335335,,
hsa-miR-421,hsa-miR-1308,miRNA,miRNA,miRNA-miRNA,,0.36934372228769347,,,0.36934372228769347,0.014791049380674853,0.03623128609761638,,
hsa-miR-421,ATM,miRNA,mRNA,miRNA-mRNA,predicted,0.20937511843789092,,,-0.27201301939031897,,,59.8672,
hsa-miR-421,ETS1,miRNA,mRNA,miRNA-mRNA,predicted,0.6908231888772753,,,-0.35467949832182766,,,81.16081693,
hsa-miR-421,CAV1,miRNA,mRNA,miRNA-mRNA,predicted,0.0315499541341244,,,-0.16073013527236313,,,52.0023,
hsa-miR-421,EPS8,miRNA,mRNA,miRNA-mRNA,predicted,0.3567627392019139,,,-0.13493355247885833,,,66.3859,
hsa-miR-421,LCK,miRNA,mRNA,miRNA-mRNA,predicted,0.44343580368360574,,,-0.45195086364517273,,,70.2193,
hsa-miR-425,hsa-miR-708,miRNA,miRNA,miRNA-miRNA,,0.6329422250713973,,,0.6329422250713973,5.253719140511759e-06,6.170423799926569e-05,,
hsa-miR-425,hsa-miR-454,miRNA,miRNA,miRNA-miRNA,,0.6225546221586166,,,0.6225546221586166,8.290102133771755e-06,8.491524052622987e-05,,
hsa-miR-425,hsa-miR-1274a,miRNA,miRNA,miRNA-miRNA,,0.5929988394024442,,,0.5929988394024442,2.7858215245232445e-05,0.00022006341628630366,,
hsa-miR-425,hsa-miR-429,miRNA,miRNA,miRNA-miRNA,,0.5604123496285978,,,0.5604123496285978,9.297398142031514e-05,0.0005729554122992108,,
hsa-miR-425,hsa-miR-532-5p,miRNA,miRNA,miRNA-miRNA,,0.5545966341454194,,,0.5545966341454194,0.00011379129679592777,0.0006692131331390465,,
hsa-miR-425,hsa-miR-1246,miRNA,miRNA,miRNA-miRNA,,0.5161710120519348,,,0.5161710120519348,0.000395508321820061,0.0018041125613773852,,
hsa-miR-425,hsa-miR-1305,miRNA,miRNA,miRNA-miRNA,,0.5111078340111268,,,0.5111078340111268,0.00046105248809664176,0.0020426053261361175,,
hsa-miR-425,hsa-miR-1299,miRNA,miRNA,miRNA-miRNA,,0.5089125997460908,,,0.5089125997460908,0.0004923835366878782,0.002150486438860362,,
hsa-miR-425,hsa-miR-660,miRNA,miRNA,miRNA-miRNA,,0.5069797529400415,,,0.5069797529400415,0.0005215372254017373,0.0022495601660896107,,
hsa-miR-425,hsa-miR-1975,miRNA,miRNA,miRNA-miRNA,,0.4697544198673063,,,0.4697544198673063,0.0014820465409078319,0.005309120211391651,,
hsa-miR-425,hsa-miR-1290,miRNA,miRNA,miRNA-miRNA,,0.45944928889974573,,,0.45944928889974573,0.0019394984490773146,0.0065995677897660535,,
hsa-miR-425,hsa-miR-934,miRNA,miRNA,miRNA-miRNA,,0.42612504334778095,,,0.42612504334778095,0.004383293636471421,0.013013410685002252,,
hsa-miR-425,hsa-miR-484,miRNA,miRNA,miRNA-miRNA,,0.4259128962764164,,,0.4259128962764164,0.00440498400139381,0.013050172162966306,,
hsa-miR-425,hsa-miR-1979,miRNA,miRNA,miRNA-miRNA,,0.4206132236917405,,,0.4206132236917405,0.0049780853546582795,0.01444726945319305,,
hsa-miR-425,hsa-miR-520c-3p,miRNA,miRNA,miRNA-miRNA,,0.3797798652726405,,,0.3797798652726405,0.012008303687113364,0.030323616813927506,,
hsa-miR-429,hsa-miR-1274a,miRNA,miRNA,miRNA-miRNA,,0.6165184254691796,,,0.6165184254691796,1.072560969492897e-05,0.00010397211794851157,,
hsa-miR-429,hsa-miR-484,miRNA,miRNA,miRNA-miRNA,,0.5954975724088464,,,0.5954975724088464,2.5261321057001606e-05,0.0002031558048861274,,
hsa-miR-429,hsa-miR-454,miRNA,miRNA,miRNA-miRNA,,0.5841440229926849,,,0.5841440229926849,3.915125262584826e-05,0.00028665588074318517,,
hsa-miR-429,hsa-miR-455-5p,miRNA,miRNA,miRNA-miRNA,,0.5620387477017493,,,0.5620387477017493,8.78069543103114e-05,0.0005469157885113487,,
hsa-miR-429,hsa-miR-934,miRNA,miRNA,miRNA-miRNA,,0.5553607604884196,,,0.5553607604884196,0.00011083389206097197,0.0006556716952794574,,
hsa-miR-429,hsa-miR-1299,miRNA,miRNA,miRNA-miRNA,,0.5279164976606892,,,0.5279164976606892,0.0002745399379548123,0.0013247378933843655,,
hsa-miR-429,hsa-miR-1979,miRNA,miRNA,miRNA-miRNA,,0.5130054575147698,,,0.5130054575147698,0.00043542437391016277,0.001944697226455059,,
hsa-miR-429,hsa-miR-532-5p,miRNA,miRNA,miRNA-miRNA,,0.5054309059760916,,,0.5054309059760916,0.0005460061926926867,0.0023312950977976655,,
hsa-miR-429,hsa-miR-1305,miRNA,miRNA,miRNA-miRNA,,0.4918291322194554,,,0.4918291322194554,0.0008092504924576357,0.0031931509579239716,,
hsa-miR-429,hsa-miR-1246,miRNA,miRNA,miRNA-miRNA,,0.4743796855906803,,,0.4743796855906803,0.0013099066757992028,0.004773590752116295,,
hsa-miR-429,hsa-miR-1290,miRNA,miRNA,miRNA-miRNA,,0.46051357987777514,,,0.46051357987777514,0.0018870785693761343,0.006448591868900527,,
hsa-miR-429,hsa-miR-708,miRNA,miRNA,miRNA-miRNA,,0.4569088042451445,,,0.4569088042451445,0.002069860524428034,0.006966211260785106,,
hsa-miR-429,hsa-miR-548g,miRNA,miRNA,miRNA-miRNA,,0.4368269592620717,,,0.4368269592620717,0.0034031776544153807,0.010508655748599537,,
hsa-miR-429,hsa-miR-660,miRNA,miRNA,miRNA-miRNA,,0.41195923488213565,,,0.41195923488213565,0.006053748091532457,0.01689565233908536,,
hsa-miR-429,hsa-miR-520c-3p,miRNA,miRNA,miRNA-miRNA,,0.3875274194490492,,,0.3875274194490492,0.010243344900273808,0.026467481500384905,,
hsa-miR-429,PTHLH,miRNA,mRNA,miRNA-mRNA,validated,-0.1746593679528142,,,-0.1746593679528142,,,85.0002267353,Normal_vs_Metastatic
hsa-miR-429,NOTCH1,miRNA,mRNA,miRNA-mRNA,validated,0.1344257534442888,,,0.1344257534442888,,,80.9674,Normal_vs_Metastatic
hsa-miR-429,ETS1,miRNA,mRNA,miRNA-mRNA,predicted,0.23802449143057033,,,-0.2583811731779849,,,61.134312304,
hsa-miR-429,DLC1,miRNA,mRNA,miRNA-mRNA,predicted,0.44309356308712683,,,-0.15167243804008781,,,70.2041632893,
hsa-miR-429,EPS8,miRNA,mRNA,miRNA-mRNA,predicted,0.9982167952651337,,,-0.14255400416793107,,,94.756305422,
hsa-miR-429,TIMP2,miRNA,mRNA,miRNA-mRNA,predicted,0.8415772708878138,,,0.1656628460365796,,,87.8284096987,
hsa-miR-451,hsa-miR-497,miRNA,miRNA,miRNA-miRNA,,0.49968851185186336,,,0.49968851185186336,0.000645960785117492,0.0026670855096861392,,
hsa-miR-451,hsa-miR-934,miRNA,miRNA,miRNA-miRNA,,-0.37453488570498716,,,-0.37453488570498716,0.01334521059653509,0.033217879701133025,,
hsa-miR-454,hsa-miR-660,miRNA,miRNA,miRNA-miRNA,,0.61517268616081,,,0.61517268616081,1.135128769275064e-05,0.00010730932348674931,,
hsa-miR-454,hsa-miR-484,miRNA,miRNA,miRNA-miRNA,,0.6091094571535185,,,0.6091094571535185,1.4607887166391351e-05,0.00013147098449752217,,
hsa-miR-454,hsa-miR-532-5p,miRNA,miRNA,miRNA-miRNA,,0.6067299476258966,,,0.6067299476258966,1.610505511071042e-05,0.00014238575213773783,,
hsa-miR-454,hsa-miR-490-3p,miRNA,miRNA,miRNA-miRNA,,0.5415603571712523,,,0.5415603571712523,0.00017660817801732403,0.0009393303492156478,,
hsa-miR-454,hsa-miR-1274a,miRNA,miRNA,miRNA-miRNA,,0.5411344775997375,,,0.5411344775997375,0.0001791083447726783,0.00094884777885526,,
hsa-miR-454,hsa-miR-455-5p,miRNA,miRNA,miRNA-miRNA,,0.49199563232282983,,,0.49199563232282983,0.0008054407420146304,0.0031829876706766015,,
hsa-miR-454,hsa-miR-934,miRNA,miRNA,miRNA-miRNA,,0.4874214778617531,,,0.4874214778617531,0.0009161373693734671,0.003534807480097048,,
hsa-miR-454,hsa-miR-1975,miRNA,miRNA,miRNA-miRNA,,0.4845080589120473,,,0.4845080589120473,0.0009935293921369938,0.003782400394970209,,
hsa-miR-454,hsa-miR-509-3p,miRNA,miRNA,miRNA-miRNA,,0.4819674528139927,,,0.4819674528139927,0.001065717004006595,0.004022805467527251,,
hsa-miR-454,hsa-miR-1299,miRNA,miRNA,miRNA-miRNA,,0.413195751900677,,,0.413195751900677,0.005888677905584618,0.016538678128938566,,
hsa-miR-454,hsa-miR-1290,miRNA,miRNA,miRNA-miRNA,,0.39634196605087896,,,0.39634196605087896,0.00851013421068213,0.022616514607685424,,
hsa-miR-454,hsa-miR-1305,miRNA,miRNA,miRNA-miRNA,,0.3920035935792872,,,0.3920035935792872,0.009328744496368304,0.024419360593434677,,
hsa-miR-454,hsa-miR-708,miRNA,miRNA,miRNA-miRNA,,0.3817046691710461,,,0.3817046691710461,0.011547224136479291,0.02936294137561877,,
hsa-miR-454,hsa-miR-520c-3p,miRNA,miRNA,miRNA-miRNA,,0.34998275228901515,,,0.34998275228901515,0.021410948143190323,0.04925378938166413,,
hsa-miR-455-5p,hsa-miR-532-5p,miRNA,miRNA,miRNA-miRNA,,0.6280176318448474,,,0.6280176318448474,6.535495529426773e-06,7.093403684377839e-05,,
hsa-miR-455-5p,hsa-miR-1290,miRNA,miRNA,miRNA-miRNA,,0.6090191349407963,,,0.6090191349407963,1.4662301610261954e-05,0.0001316648384508949,,
hsa-miR-455-5p,hsa-miR-660,miRNA,miRNA,miRNA-miRNA,,0.5401134371538439,,,0.5401134371538439,0.0001852333885221192,0.000973569187704839,,
hsa-miR-455-5p,hsa-miR-484,miRNA,miRNA,miRNA-miRNA,,0.456160550323698,,,0.456160550323698,0.0021097028318733013,0.007063051088406878,,
hsa-miR-455-5p,hsa-miR-497,miRNA,miRNA,miRNA-miRNA,,0.4548822196936899,,,0.4548822196936899,0.0021793379948856057,0.007243359891715229,,
hsa-miR-455-5p,hsa-miR-509-3p,miRNA,miRNA,miRNA-miRNA,,0.4338797834046447,,,0.4338797834046447,0.0036517722706386597,0.011172916687477335,,
hsa-miR-455-5p,hsa-miR-1979,miRNA,miRNA,miRNA-miRNA,,0.4256447033529471,,,0.4256447033529471,0.004432538575027008,0.01310134095423112,,
hsa-miR-455-5p,hsa-miR-1299,miRNA,miRNA,miRNA-miRNA,,0.40141950056609105,,,0.40141950056609105,0.007631267760471774,0.020664792008579753,,
hsa-miR-455-5p,hsa-miR-1246,miRNA,miRNA,miRNA-miRNA,,0.4010022833701798,,,0.4010022833701798,0.0077004041091243884,0.020809796529718743,,
hsa-miR-455-5p,hsa-miR-1305,miRNA,miRNA,miRNA-miRNA,,0.3837893212810718,,,0.3837893212810718,0.011064995845136335,0.028262314004956008,,
hsa-miR-455-5p,hsa-miR-548g,miRNA,miRNA,miRNA-miRNA,,0.35354649031932467,,,0.35354649031932467,0.020033763067635997,0.04648622310885409,,
hsa-miR-455-5p,MPL,miRNA,mRNA,miRNA-mRNA,predicted,0.6087440878034457,,,-0.21432307598961917,,,77.5306,
hsa-miR-484,hsa-miR-490-3p,miRNA,miRNA,miRNA-miRNA,,0.7526141308014425,,,0.7526141308014425,5.870212457270327e-09,2.8649176513716853e-07,,
hsa-miR-484,hsa-miR-532-5p,miRNA,miRNA,miRNA-miRNA,,0.6007980502356789,,,0.6007980502356789,2.047029661503505e-05,0.0001729610505131126,,
hsa-miR-484,hsa-miR-509-3p,miRNA,miRNA,miRNA-miRNA,,0.5569551241357306,,,0.5569551241357306,0.00010488668029101082,0.0006281006068331075,,
hsa-miR-484,hsa-miR-548g,miRNA,miRNA,miRNA-miRNA,,0.47847127698053216,,,0.47847127698053216,0.0011726818204787076,0.004356763164208927,,
hsa-miR-484,hsa-miR-1274a,miRNA,miRNA,miRNA-miRNA,,0.465462362817731,,,0.465462362817731,0.0016594296619953151,0.005814537004629254,,
hsa-miR-484,hsa-miR-934,miRNA,miRNA,miRNA-miRNA,,0.4085160479567169,,,0.4085160479567169,0.0065347118461823875,0.01804932478893825,,
hsa-miR-484,hsa-miR-1979,miRNA,miRNA,miRNA-miRNA,,0.39327521224908896,,,0.39327521224908896,0.009082076982155289,0.023930077837849957,,
hsa-miR-484,hsa-miR-660,miRNA,miRNA,miRNA-miRNA,,0.3696782834025754,,,0.3696782834025754,0.014694020893968455,0.036081884537304515,,
hsa-miR-484,hsa-miR-1975,miRNA,miRNA,miRNA-miRNA,,0.3686990647490502,,,0.3686990647490502,0.014979544355281557,0.036560130408137936,,
hsa-miR-484,hsa-miR-494 (+++ See note below),miRNA,miRNA,miRNA-miRNA,,-0.36832937742160615,,,-0.36832937742160615,0.01508855541477658,0.036757703428333455,,
hsa-miR-484,ETS1,miRNA,mRNA,miRNA-mRNA,predicted,0.1061289448976401,,,-0.269477850090287,,,55.3008,
hsa-miR-484,MMP14,miRNA,mRNA,miRNA-mRNA,predicted,0.48857690827612593,,,0.3879669721405901,,,72.2158131195,
hsa-miR-490-3p,hsa-miR-497,miRNA,miRNA,miRNA-miRNA,,0.5750420873218325,,,0.5750420873218325,5.498451039230946e-05,0.0003771980882532843,,
hsa-miR-490-3p,hsa-miR-509-3p,miRNA,miRNA,miRNA-miRNA,,0.4883690019932458,,,0.4883690019932458,0.0008921523025761311,0.0034656352781934096,,
hsa-miR-490-3p,hsa-miR-532-5p,miRNA,miRNA,miRNA-miRNA,,0.47858245004320704,,,0.47858245004320704,0.001169138777442379,0.004353369240185916,,
hsa-miR-490-3p,hsa-miR-1975,miRNA,miRNA,miRNA-miRNA,,0.4488866233721365,,,0.4488866233721365,0.0025337177765572586,0.00819010467724925,,
hsa-miR-494 (+++ See note below),hsa-miR-1978,miRNA,miRNA,miRNA-miRNA,,0.8109762427051208,,,0.8109762427051208,4.3109770552692943e-11,4.9329894589581495e-09,,
hsa-miR-494 (+++ See note below),hsa-miR-1308,miRNA,miRNA,miRNA-miRNA,,0.7072762406145504,,,0.7072762406145504,1.1437775927914838e-07,2.881024691276662e-06,,
hsa-miR-494 (+++ See note below),hsa-miR-2117,miRNA,miRNA,miRNA-miRNA,,0.5069622541837117,,,0.5069622541837117,0.0005218080884637323,0.0022495601660896107,,
hsa-miR-497,hsa-miR-509-3p,miRNA,miRNA,miRNA-miRNA,,0.4105296993441739,,,0.4105296993441739,0.006249572514607528,0.017357515895286512,,
hsa-miR-497,hsa-miR-532-5p,miRNA,miRNA,miRNA-miRNA,,0.3917686466206629,,,0.3917686466206629,0.009374943466947413,0.024508256256608612,,
hsa-miR-509-3p,hsa-miR-1299,miRNA,miRNA,miRNA-miRNA,,0.5892748636426582,,,0.5892748636426582,3.218377340260184e-05,0.0002458017467617484,,
hsa-miR-509-3p,hsa-miR-660,miRNA,miRNA,miRNA-miRNA,,0.5422648591668664,,,0.5422648591668664,0.0001725415786165038,0.0009297865635103529,,
hsa-miR-509-3p,hsa-miR-1305,miRNA,miRNA,miRNA-miRNA,,0.4361318245808795,,,0.4361318245808795,0.0034604356015894705,0.01066901045755645,,
hsa-miR-509-3p,hsa-miR-532-5p,miRNA,miRNA,miRNA-miRNA,,0.4280115946648854,,,0.4280115946648854,0.004194471340723475,0.012545823539654603,,
hsa-miR-509-3p,hsa-miR-1975,miRNA,miRNA,miRNA-miRNA,,0.4158030267612495,,,0.4158030267612495,0.005553367619371,0.015762747920326614,,
hsa-miR-509-3p,hsa-miR-520c-3p,miRNA,miRNA,miRNA-miRNA,,0.3999991649392008,,,0.3999991649392008,0.007868844200720612,0.021150819479118153,,
hsa-miR-509-3p,hsa-miR-548g,miRNA,miRNA,miRNA-miRNA,,0.3866865108925517,,,0.3866865108925517,0.01042347304509636,0.026863584006184636,,
hsa-miR-509-3p,hsa-miR-708,miRNA,miRNA,miRNA-miRNA,,0.36926488394365287,,,0.36926488394365287,0.014813992820459965,0.03626530638505022,,
hsa-miR-509-3p,hsa-miR-542-3p,miRNA,miRNA,miRNA-miRNA,,0.353572793757178,,,0.353572793757178,0.020023881840511588,0.04648622310885409,,
hsa-miR-509-3p,IL1A,miRNA,mRNA,miRNA-mRNA,validated,0.2058769498814225,,,0.2058769498814225,,,73.4877,Normal_vs_Metastatic
hsa-miR-520c-3p,hsa-miR-708,miRNA,miRNA,miRNA-miRNA,,0.7464143907523604,,,0.7464143907523604,9.136736262227985e-09,3.9774596445894653e-07,,
hsa-miR-520c-3p,hsa-miR-1299,miRNA,miRNA,miRNA-miRNA,,0.6552461813930456,,,0.6552461813930456,1.8601965155655183e-06,2.650452574438302e-05,,
hsa-miR-520c-3p,hsa-miR-1305,miRNA,miRNA,miRNA-miRNA,,0.6494811125933548,,,0.6494811125933548,2.4525313083820545e-06,3.3870303069207343e-05,,
hsa-miR-520c-3p,hsa-miR-2117,miRNA,miRNA,miRNA-miRNA,,0.5903029965580651,,,0.5903029965580651,3.0932021444189504e-05,0.00023777878288671584,,
hsa-miR-520c-3p,hsa-miR-1308,miRNA,miRNA,miRNA-miRNA,,0.5558538434996592,,,0.5558538434996592,0.00010896272609357543,0.0006474713916984712,,
hsa-miR-520c-3p,hsa-miR-1290,miRNA,miRNA,miRNA-miRNA,,0.5419555907112029,,,0.5419555907112029,0.00017431621827717942,0.0009320913941256389,,
hsa-miR-520c-3p,hsa-miR-1979,miRNA,miRNA,miRNA-miRNA,,0.47987525631083106,,,0.47987525631083106,0.001128631089670704,0.004228407403303245,,
hsa-miR-520c-3p,hsa-miR-1978,miRNA,miRNA,miRNA-miRNA,,0.45489615277577927,,,0.45489615277577927,0.002178568212047438,0.007243359891715229,,
hsa-miR-520c-3p,hsa-miR-660,miRNA,miRNA,miRNA-miRNA,,0.4223878035185585,,,0.4223878035185585,0.004779350734183091,0.013993857129909415,,
hsa-miR-520c-3p,hsa-miR-1246,miRNA,miRNA,miRNA-miRNA,,0.4150793135943045,,,0.4150793135943045,0.005644735707238264,0.015945791017114984,,
hsa-miR-520c-3p,hsa-miR-1274a,miRNA,miRNA,miRNA-miRNA,,0.4016403786302858,,,0.4016403786302858,0.007594883737313701,0.020594116024334037,,
hsa-miR-520c-3p,hsa-miR-1975,miRNA,miRNA,miRNA-miRNA,,0.3950410485508243,,,0.3950410485508243,0.008748849802060699,0.02318937356535612,,
hsa-miR-520c-3p,hsa-miR-532-5p,miRNA,miRNA,miRNA-miRNA,,0.3898886762269321,,,0.3898886762269321,0.009751740210508958,0.025393835853763574,,
hsa-miR-520c-3p,hsa-miR-542-3p,miRNA,miRNA,miRNA-miRNA,,0.36276688046808314,,,0.36276688046808314,0.016811746922992667,0.040317991872206964,,
hsa-miR-520c-3p,TIMP3,miRNA,mRNA,miRNA-mRNA,predicted,0.4734414967690269,,,0.056082490439370254,,,71.5464,
hsa-miR-520c-3p,ESR1,miRNA,mRNA,miRNA-mRNA,predicted,0.20241237170352702,,,-0.22407806347741493,,,59.5592497332,
hsa-miR-532-5p,hsa-miR-660,miRNA,miRNA,miRNA-miRNA,,0.8221267927577461,,,0.8221267927577461,1.3879292741192669e-11,1.7370802321398951e-09,,
hsa-miR-532-5p,hsa-miR-1979,miRNA,miRNA,miRNA-miRNA,,0.53684039616049,,,0.53684039616049,0.00020616640463129955,0.0010572297702283672,,
hsa-miR-532-5p,hsa-miR-1290,miRNA,miRNA,miRNA-miRNA,,0.5009994524968262,,,0.5009994524968262,0.0006218009594660002,0.0025806350701153688,,
hsa-miR-532-5p,hsa-miR-934,miRNA,miRNA,miRNA-miRNA,,0.4806983289519503,,,0.4806983289519503,0.0011034968296692795,0.004145876925727453,,
hsa-miR-532-5p,hsa-miR-1246,miRNA,miRNA,miRNA-miRNA,,0.43953679090326014,,,0.43953679090326014,0.0031878187842877327,0.009966599712000288,,
hsa-miR-532-5p,hsa-miR-1274a,miRNA,miRNA,miRNA-miRNA,,0.4213202750525077,,,0.4213202750525077,0.00489805721190521,0.014287486623219495,,
hsa-miR-532-5p,hsa-miR-1305,miRNA,miRNA,miRNA-miRNA,,0.41568418812662555,,,0.41568418812662555,0.005568282145252777,0.015793888096131282,,
hsa-miR-532-5p,hsa-miR-708,miRNA,miRNA,miRNA-miRNA,,0.4087319525387432,,,0.4087319525387432,0.006503609552586766,0.017975815222988266,,
hsa-miR-532-5p,hsa-miR-1975,miRNA,miRNA,miRNA-miRNA,,0.3869786405171198,,,0.3869786405171198,0.010360591859659374,0.02671871886538042,,
hsa-miR-542-3p,hsa-miR-1975,miRNA,miRNA,miRNA-miRNA,,0.4001774822161035,,,0.4001774822161035,0.007838671700531036,0.021083868475907857,,
hsa-miR-542-3p,FLT3,miRNA,mRNA,miRNA-mRNA,validated,-0.1011795767162242,,,-0.1011795767162242,,,74.8162175616,Normal_vs_Metastatic
hsa-miR-542-3p,CSF3,miRNA,mRNA,miRNA-mRNA,predicted,0.3436641652422494,,,-0.0739876879398808,,,65.8065726886,
hsa-miR-542-3p,JUN,miRNA,mRNA,miRNA-mRNA,predicted,0.12693690160513235,,,0.230677458957249,,,56.2211,
hsa-miR-548g,hsa-miR-1299,miRNA,miRNA,miRNA-miRNA,,0.44344169545638634,,,0.44344169545638634,0.002898525482899782,0.009205864043626983,,
hsa-miR-548g,hsa-miR-1979,miRNA,miRNA,miRNA-miRNA,,0.4326844888818154,,,0.4326844888818154,0.0037570389526298893,0.011451248862467813,,
hsa-miR-548g,hsa-miR-1305,miRNA,miRNA,miRNA-miRNA,,0.42996381605811396,,,0.42996381605811396,0.0040065918183826025,0.012108354197019403,,
hsa-miR-548g,hsa-miR-1274a,miRNA,miRNA,miRNA-miRNA,,0.36213338318816146,,,0.36213338318816146,0.017018146351890334,0.04068086330313915,,
hsa-miR-548g,hsa-miR-1290,miRNA,miRNA,miRNA-miRNA,,0.36173867554284844,,,0.36173867554284844,0.017147824975323654,0.04083058206074389,,
hsa-miR-660,hsa-miR-1290,miRNA,miRNA,miRNA-miRNA,,0.501602566997204,,,0.501602566997204,0.0006109601932405149,0.002554170745227831,,
hsa-miR-660,hsa-miR-708,miRNA,miRNA,miRNA-miRNA,,0.49309395699903974,,,0.49309395699903974,0.0007807083439192153,0.003108088387074013,,
hsa-miR-660,hsa-miR-1305,miRNA,miRNA,miRNA-miRNA,,0.47566614587801453,,,0.47566614587801453,0.0012652991664180288,0.004657649964617836,,
hsa-miR-660,hsa-miR-1979,miRNA,miRNA,miRNA-miRNA,,0.46333167949851,,,0.46333167949851,0.001754277184864804,0.006101017232378748,,
hsa-miR-660,hsa-miR-1975,miRNA,miRNA,miRNA-miRNA,,0.4620631823522806,,,0.4620631823522806,0.0018129947900790272,0.006264921599884818,,
hsa-miR-660,hsa-miR-1978,miRNA,miRNA,miRNA-miRNA,,0.428930732609432,,,0.428930732609432,0.00410507744803632,0.012352242809455644,,
hsa-miR-660,hsa-miR-1299,miRNA,miRNA,miRNA-miRNA,,0.4180645144419213,,,0.4180645144419213,0.0052760847414237,0.01507628821036667,,
hsa-miR-660,hsa-miR-1308,miRNA,miRNA,miRNA-miRNA,,0.38568480382620673,,,0.38568480382620673,0.0106415796727831,0.02733773354040816,,
hsa-miR-660,hsa-miR-934,miRNA,miRNA,miRNA-miRNA,,0.37191927244688394,,,0.37191927244688394,0.01405791757255607,0.03469005537774927,,
hsa-miR-660,hsa-miR-2117,miRNA,miRNA,miRNA-miRNA,,0.3625782668989818,,,0.3625782668989818,0.016872976686316526,0.04036814314737018,,
hsa-miR-660,hsa-miR-1246,miRNA,miRNA,miRNA-miRNA,,0.35407296856944104,,,0.35407296856944104,0.019836762535273927,0.04613602436339842,,
hsa-miR-663b,hsa-miR-1975,miRNA,miRNA,miRNA-miRNA,,0.3686972820670511,,,0.3686972820670511,0.014980068414420565,0.036560130408137936,,
hsa-miR-663b,MMP14,miRNA,mRNA,miRNA-mRNA,predicted,0.30042995066209743,,,-0.10319474434681687,,,63.8943980220799,
hsa-miR-708,hsa-miR-1305,miRNA,miRNA,miRNA-miRNA,,0.8696010086224742,,,0.8696010086224742,3.8402096996215563e-14,7.690019923492167e-12,,
hsa-miR-708,hsa-miR-1299,miRNA,miRNA,miRNA-miRNA,,0.8352506655350901,,,0.8352506655350901,3.2919018148801387e-12,4.708595274498198e-10,,
hsa-miR-708,hsa-miR-2117,miRNA,miRNA,miRNA-miRNA,,0.7818329490566346,,,0.7818329490566346,6.046797074663183e-10,4.433355202075827e-08,,
hsa-miR-708,hsa-miR-1290,miRNA,miRNA,miRNA-miRNA,,0.6880172934717309,,,0.6880172934717309,3.4323037840293546e-07,7.197055840333804e-06,,
hsa-miR-708,hsa-miR-1979,miRNA,miRNA,miRNA-miRNA,,0.6277254669077316,,,0.6277254669077316,6.619910243866967e-06,7.165605547753297e-05,,
hsa-miR-708,hsa-miR-1308,miRNA,miRNA,miRNA-miRNA,,0.6230187251216894,,,0.6230187251216894,8.125722125624784e-06,8.344491567468528e-05,,
hsa-miR-708,hsa-miR-1246,miRNA,miRNA,miRNA-miRNA,,0.6116177368023016,,,0.6116177368023016,1.3168803326257296e-05,0.00012096572780197356,,
hsa-miR-708,hsa-miR-1978,miRNA,miRNA,miRNA-miRNA,,0.5132133570391021,,,0.5132133570391021,0.0004326958889886575,0.0019384195026840864,,
hsa-miR-708,hsa-miR-1274a,miRNA,miRNA,miRNA-miRNA,,0.43544379652481113,,,0.43544379652481113,0.0035179374222217663,0.010821305204299672,,
hsa-miR-708,hsa-miR-1975,miRNA,miRNA,miRNA-miRNA,,0.36439922667507924,,,0.36439922667507924,0.016289637676858038,0.03918318252000987,,
hsa-miR-934,hsa-miR-1274a,miRNA,miRNA,miRNA-miRNA,,0.57144571647681,,,0.57144571647681,6.270792072738238e-05,0.00042138460153215846,,
hsa-miR-934,hsa-miR-1979,miRNA,miRNA,miRNA-miRNA,,0.38972736442875316,,,0.38972736442875316,0.009784668250981697,0.025463025565420207,,
hsa-miR-934,hsa-miR-1290,miRNA,miRNA,miRNA-miRNA,,0.3627120181529152,,,0.3627120181529152,0.0168295375224469,0.04033365042182251,,
hsa-miR-934,ESR1,miRNA,mRNA,miRNA-mRNA,validated,-0.1861817261276775,,,-0.1861817261276775,,,92.1195935150682,Normal_vs_Metastatic
hsa-miR-934,LIF,miRNA,mRNA,miRNA-mRNA,predicted,0.25262799378444406,,,0.07855071040738423,,,61.7802,
hsa-miR-1246,hsa-miR-1305,miRNA,miRNA,miRNA-miRNA,,0.5306653277395499,,,0.5306653277395499,0.0002515697933596475,0.001242339115173105,,
hsa-miR-1246,hsa-miR-1979,miRNA,miRNA,miRNA-miRNA,,0.5300314330530616,,,0.5300314330530616,0.00025670722587969104,0.001255363890950791,,
hsa-miR-1246,hsa-miR-1290,miRNA,miRNA,miRNA-miRNA,,0.5173909372458105,,,0.5173909372458105,0.0003810259496226311,0.0017601025700560986,,
hsa-miR-1246,hsa-miR-2117,miRNA,miRNA,miRNA-miRNA,,0.46547087122699893,,,0.46547087122699893,0.0016590601977932162,0.005814537004629254,,
hsa-miR-1246,hsa-miR-1299,miRNA,miRNA,miRNA-miRNA,,0.42295560664742576,,,0.42295560664742576,0.0047172394056001436,0.013851136062170581,,
hsa-miR-1246,hsa-miR-1308,miRNA,miRNA,miRNA-miRNA,,0.4032872748718346,,,0.4032872748718346,0.007328287590929447,0.019952271789036326,,
hsa-miR-1246,hsa-miR-1978,miRNA,miRNA,miRNA-miRNA,,0.37283080746583225,,,0.37283080746583225,0.013805955780894458,0.03417358028583579,,
hsa-miR-1274a,hsa-miR-1305,miRNA,miRNA,miRNA-miRNA,,0.49501912111253027,,,0.49501912111253027,0.000738989175702632,0.0029745242700392376,,
hsa-miR-1274a,hsa-miR-1299,miRNA,miRNA,miRNA-miRNA,,0.4722612730432532,,,0.4722612730432532,0.0013864109129887816,0.005020412031211638,,
hsa-miR-1274a,hsa-miR-1290,miRNA,miRNA,miRNA-miRNA,,0.3878540983809677,,,0.3878540983809677,0.01017409100894567,0.026356555298077237,,
hsa-miR-1274a,hsa-miR-1975,miRNA,miRNA,miRNA-miRNA,,0.35920761255677536,,,0.35920761255677536,0.01799937742529668,0.04250442605442996,,
hsa-miR-1290,hsa-miR-2117,miRNA,miRNA,miRNA-miRNA,,0.6546387602453417,,,0.6546387602453417,1.915702169944771e-06,2.711090880080851e-05,,
hsa-miR-1290,hsa-miR-1308,miRNA,miRNA,miRNA-miRNA,,0.6418521014033949,,,0.6418521014033949,3.5048439894995556e-06,4.4455100639046806e-05,,
hsa-miR-1290,hsa-miR-1305,miRNA,miRNA,miRNA-miRNA,,0.6411225165178577,,,0.6411225165178577,3.6247238017860195e-06,4.5651002597965436e-05,,
hsa-miR-1290,hsa-miR-1978,miRNA,miRNA,miRNA-miRNA,,0.6139705961043115,,,0.6139705961043115,1.1938338252788475e-05,0.00011171272126733141,,
hsa-miR-1290,hsa-miR-1979,miRNA,miRNA,miRNA-miRNA,,0.5596375813779686,,,0.5596375813779686,9.553125744946026e-05,0.0005850193976836214,,
hsa-miR-1290,hsa-miR-1299,miRNA,miRNA,miRNA-miRNA,,0.5583568659407901,,,0.5583568659407901,9.989896310512646e-05,0.000607124957869547,,
hsa-miR-1290,NOTCH1,miRNA,mRNA,miRNA-mRNA,predicted,0.11737514468717249,,,0.10585343397017233,,,55.7982,
hsa-miR-1299,hsa-miR-1305,miRNA,miRNA,miRNA-miRNA,,0.8997942578473218,,,0.8997942578473218,2.3345082897701255e-16,6.233137133686235e-14,,
hsa-miR-1299,hsa-miR-2117,miRNA,miRNA,miRNA-miRNA,,0.7015732856230203,,,0.7015732856230203,1.5979197864670654e-07,3.832136972934489e-06,,
hsa-miR-1299,hsa-miR-1979,miRNA,miRNA,miRNA-miRNA,,0.5670473577925425,,,0.5670473577925425,7.349122526227516e-05,0.0004749342999499135,,
hsa-miR-1299,hsa-miR-1308,miRNA,miRNA,miRNA-miRNA,,0.47340815425745103,,,0.47340815425745103,0.0013445141945162668,0.004886369645224727,,
hsa-miR-1299,ETS1,miRNA,mRNA,miRNA-mRNA,predicted,0.9999999999977389,,,-0.22597365801100094,,,94.8351734886,
hsa-miR-1299,CD34,miRNA,mRNA,miRNA-mRNA,predicted,0.732904991909289,,,-0.11696781775870707,,,83.0220224233975,
hsa-miR-1299,MYCL1,miRNA,mRNA,miRNA-mRNA,predicted,0.9558495518970529,,,-0.0804410922374597,,,92.8824753953542,
hsa-miR-1305,hsa-miR-2117,miRNA,miRNA,miRNA-miRNA,,0.8028704125588179,,,0.8028704125588179,9.387088582794733e-11,9.893497308971817e-09,,
hsa-miR-1305,hsa-miR-1979,miRNA,miRNA,miRNA-miRNA,,0.631900511808624,,,0.631900511808624,5.503766226546742e-06,6.262097652647643e-05,,
hsa-miR-1305,hsa-miR-1308,miRNA,miRNA,miRNA-miRNA,,0.530507889885475,,,0.530507889885475,0.00025283702087902486,0.0012455255456586649,,
hsa-miR-1305,hsa-miR-1978,miRNA,miRNA,miRNA-miRNA,,0.3596215524906204,,,0.3596215524906204,0.017857720756568614,0.04221969989967963,,
hsa-miR-1305,CAV1,miRNA,mRNA,miRNA-mRNA,predicted,0.892236291839026,,,-0.11017546698248555,,,90.068970732,
hsa-miR-1305,WEE1,miRNA,mRNA,miRNA-mRNA,predicted,0.986198139648122,,,0.09021981595433302,,,94.2247410344043,
hsa-miR-1305,IGF1,miRNA,mRNA,miRNA-mRNA,predicted,0.8855450030726486,,,-0.14753044172777724,,,89.7730265824488,
hsa-miR-1308,hsa-miR-1978,miRNA,miRNA,miRNA-miRNA,,0.7673669091664604,,,0.7673669091664604,1.941161510034129e-09,1.1106216925266693e-07,,
hsa-miR-1308,hsa-miR-2117,miRNA,miRNA,miRNA-miRNA,,0.7642347750916033,,,0.7642347750916033,2.4716342813706934e-09,1.3942106051957223e-07,,
hsa-miR-1308,hsa-miR-1979,miRNA,miRNA,miRNA-miRNA,,0.40129051989233255,,,0.40129051989233255,0.007652583506375646,0.020708511447996257,,
hsa-miR-1978,hsa-miR-2117,miRNA,miRNA,miRNA-miRNA,,0.5693606055674851,,,0.5693606055674851,6.762603388960504e-05,0.00044693443189417186,,
hsa-miR-1978,hsa-miR-1979,miRNA,miRNA,miRNA-miRNA,,0.37574096602150375,,,0.37574096602150375,0.013027076881730321,0.032486577155249025,,
hsa-miR-1979,hsa-miR-2117,miRNA,miRNA,miRNA-miRNA,,0.5649552819515887,,,0.5649552819515887,7.919032997736152e-05,0.0005074516344949326,,
hsa-miR-2117,SPP1,miRNA,mRNA,miRNA-mRNA,validated,0.1081775511294524,,,0.1081775511294524,,,79.4959,Normal_vs_Metastatic
ATM,FLT3,mRNA,mRNA,mRNA-mRNA,,0.700649983094509,,,0.700649983094509,1.685576437132061e-07,5.899517529962214e-06,,
ATM,CSK,mRNA,mRNA,mRNA-mRNA,,0.5346683609060954,,,0.5346683609060954,0.00022121419232334953,0.0016948749063580015,,
ATM,LCK,mRNA,mRNA,mRNA-mRNA,,0.5143647800806808,,,0.5143647800806808,0.000417860762310579,0.0029250253361740534,,
ATM,ETS1,mRNA,mRNA,mRNA-mRNA,,0.46161159171882077,,,0.46161159171882077,0.0018343142483007325,0.009201446066394553,,
ATM,MMP2,mRNA,mRNA,mRNA-mRNA,,-0.393616972686887,,,-0.393616972686887,0.009016746146116425,0.03298287188840687,,
ATM,COL1A1,mRNA,mRNA,mRNA-mRNA,,-0.37710005223768506,,,-0.37710005223768506,0.012676343933317905,0.04406674866209836,,
BCL2A1,TNF,mRNA,mRNA,mRNA-mRNA,,0.7196982204142143,,,0.7196982204142143,5.3689804573859485e-08,2.5838218451169876e-06,,
BCL2A1,TNFRSF1B,mRNA,mRNA,mRNA-mRNA,,0.5995911917495146,,,0.5995911917495146,2.1481387955242296e-05,0.0002646506996085851,,
BCL2A1,ETS1,mRNA,mRNA,mRNA-mRNA,,0.5734243505541888,,,0.5734243505541888,5.8344484127613245e-05,0.0006196586590105131,,
BCL2A1,IL8,mRNA,mRNA,mRNA-mRNA,,0.5086276520344661,,,0.5086276520344661,0.0004965874448875455,0.0033249768048992175,,
BCL2A1,MMP1,mRNA,mRNA,mRNA-mRNA,,0.5024086604916295,,,0.5024086604916295,0.0005967353130108583,0.00384507272818712,,
BCL2A1,CSF3,mRNA,mRNA,mRNA-mRNA,,0.49042194340043144,,,0.49042194340043144,0.000842097149059017,0.005070128655980888,,
BCL2A1,ETV6,mRNA,mRNA,mRNA-mRNA,,0.46785613598279807,,,0.46785613598279807,0.0015583117583212712,0.008275172785568129,,
BCL2A1,MMP9,mRNA,mRNA,mRNA-mRNA,,0.45117369259734197,,,0.45117369259734197,0.0023929631952993237,0.011552236115238113,,
BCL2A1,MYCL1,mRNA,mRNA,mRNA-mRNA,,0.4393998111488329,,,0.4393998111488329,0.003198410959377064,0.014615883909319522,,
BCL2A1,WFDC2,mRNA,mRNA,mRNA-mRNA,,0.4372383101830382,,,0.4372383101830382,0.003369687293838109,0.015262701272090258,,
BCL2A1,IL1A,mRNA,mRNA,mRNA-mRNA,,0.4342988989477616,,,0.4342988989477616,0.0036154779528936743,0.01623275815584915,,
BCL2A1,CSK,mRNA,mRNA,mRNA-mRNA,,0.4195087452067876,,,0.4195087452067876,0.005105374217522152,0.02102212913097357,,
BCL2A1,LCK,mRNA,mRNA,mRNA-mRNA,,0.39423505032474015,,,0.39423505032474015,0.008899620050555767,0.03263194018537115,,
CASP10,NOTCH1,mRNA,mRNA,mRNA-mRNA,,0.4835763581457366,,,0.4835763581457366,0.0010194799785923658,0.0059469665417888,,
CASP10,CCNE1,mRNA,mRNA,mRNA-mRNA,,0.4794026813259825,,,0.4794026813259825,0.0011432911975400174,0.00647304575077804,,
CASP10,IL1A,mRNA,mRNA,mRNA-mRNA,,0.4723880631184491,,,0.4723880631184491,0.001381722866221367,0.007440046202730437,,
CASP10,TGFA,mRNA,mRNA,mRNA-mRNA,,0.4213291865740618,,,0.4213291865740618,0.004897055745092766,0.020327401206045443,,
CASP10,ETV6,mRNA,mRNA,mRNA-mRNA,,0.40290029407084826,,,0.40290029407084826,0.007390193763197921,0.028421303895958983,,
CASP10,TNF,mRNA,mRNA,mRNA-mRNA,,0.3998874821948891,,,0.3998874821948891,0.007887792638545582,0.029845701875577876,,
CASP10,MYCL1,mRNA,mRNA,mRNA-mRNA,,0.39286962383470564,,,0.39286962383470564,0.00916013661874064,0.03319202445378961,,
CASP10,FOLR1,mRNA,mRNA,mRNA-mRNA,,0.3834170471454175,,,0.3834170471454175,0.011149826030188586,0.03947294732526534,,
CAV1,CD34,mRNA,mRNA,mRNA-mRNA,,0.7804584731607493,,,0.7804584731607493,6.780768011135641e-10,7.458844812249206e-08,,
CAV1,TIMP3,mRNA,mRNA,mRNA-mRNA,,0.7566481999361205,,,0.7566481999361205,4.371192559906319e-09,3.3658182711278654e-07,,
CAV1,IGFBP6,mRNA,mRNA,mRNA-mRNA,,0.7253056321438428,,,0.7253056321438428,3.765891137393404e-08,1.99981805227098e-06,,
CAV1,DLC1,mRNA,mRNA,mRNA-mRNA,,0.6702980795942477,,,0.6702980795942477,8.785453145615566e-07,1.9896467418011723e-05,,
CAV1,FOS,mRNA,mRNA,mRNA-mRNA,,0.6681863565818132,,,0.6681863565818132,9.785592102569183e-07,2.141253613065956e-05,,
CAV1,PDGFRB,mRNA,mRNA,mRNA-mRNA,,0.6424115030188339,,,0.6424115030188339,3.4154158872180873e-06,6.187929960371594e-05,,
CAV1,EPS8,mRNA,mRNA,mRNA-mRNA,,0.6312656113417936,,,0.6312656113417936,5.66149178146101e-06,9.275209939840378e-05,,
CAV1,EGR1,mRNA,mRNA,mRNA-mRNA,,0.6205770395937343,,,0.6205770395937343,9.025386066100974e-06,0.00013237232896948095,,
CAV1,IGF1,mRNA,mRNA,mRNA-mRNA,,0.6182460915634387,,,0.6182460915634387,9.968803329791445e-06,0.00014482978422527195,,
CAV1,PDGFRA,mRNA,mRNA,mRNA-mRNA,,0.6108882903624079,,,0.6108882903624079,1.3573277063020572e-05,0.00018305192617667013,,
CAV1,MMP2,mRNA,mRNA,mRNA-mRNA,,0.60105099494133,,,0.60105099494133,2.0263988578537467e-05,0.00025166566460441695,,
CAV1,CDKN1A,mRNA,mRNA,mRNA-mRNA,,0.582323799601741,,,0.582323799601741,4.193675335239401e-05,0.00047838963083471684,,
CAV1,JUN,mRNA,mRNA,mRNA-mRNA,,0.5768837243157062,,,0.5768837243157062,5.1374800969180866e-05,0.0005552799090332324,,
CAV1,GAS1,mRNA,mRNA,mRNA-mRNA,,0.5591958860920084,,,0.5591958860920084,9.701759938606857e-05,0.0009082313413149607,,
CAV1,FGFR1,mRNA,mRNA,mRNA-mRNA,,0.5301057984044594,,,0.5301057984044594,0.00025609966571409944,0.0019145314815520057,,
CAV1,TIMP2,mRNA,mRNA,mRNA-mRNA,,0.5188805398210422,,,0.5188805398210422,0.00036398984812072236,0.0026071830981670347,,
CAV1,COL1A1,mRNA,mRNA,mRNA-mRNA,,0.48815469991181243,,,0.48815469991181243,0.0008975274484156164,0.005357334382015695,,
CAV1,S100A4,mRNA,mRNA,mRNA-mRNA,,0.48446397766763877,,,0.48446397766763877,0.0009947437897459578,0.005824735498892681,,
CAV1,PTHLH,mRNA,mRNA,mRNA-mRNA,,0.4650097354353325,,,0.4650097354353325,0.0016791896258868562,0.00870690917126518,,
CAV1,PLAT,mRNA,mRNA,mRNA-mRNA,,0.46175775767836885,,,0.46175775767836885,0.0018273896583578836,0.009201446066394553,,
CAV1,TGFBI,mRNA,mRNA,mRNA-mRNA,,0.4616975916029342,,,0.4616975916029342,0.0018302372124978771,0.009201446066394553,,
CAV1,TNFRSF1B,mRNA,mRNA,mRNA-mRNA,,0.4295574494577667,,,0.4295574494577667,0.004045082316544237,0.01769723513488104,,
CAV1,CSF3R,mRNA,mRNA,mRNA-mRNA,,0.41408439090181787,,,0.41408439090181787,0.005772472857730339,0.023150021356522714,,
CAV1,CEBPA,mRNA,mRNA,mRNA-mRNA,,0.37119239963307077,,,0.37119239963307077,0.014261625709058928,0.048376439629847466,,
CCNE1,PTK7,mRNA,mRNA,mRNA-mRNA,,0.6206017324974777,,,0.6206017324974777,9.015846812694908e-06,0.00013237232896948095,,
CCNE1,NOTCH1,mRNA,mRNA,mRNA-mRNA,,0.5263904598300455,,,0.5263904598300455,0.00028809294875967336,0.002143300198501918,,
CCNE1,FOS,mRNA,mRNA,mRNA-mRNA,,-0.47736141609711275,,,-0.47736141609711275,0.0012085796230191055,0.00679274678631176,,
CCNE1,FOLR1,mRNA,mRNA,mRNA-mRNA,,0.44548346002679046,,,0.44548346002679046,0.002756651753983114,0.01296484553774922,,
CCNE1,SPP1,mRNA,mRNA,mRNA-mRNA,,0.439507204876461,,,0.439507204876461,0.0031901039614962937,0.014615883909319522,,
CCNE1,IL1A,mRNA,mRNA,mRNA-mRNA,,0.43941591105286926,,,0.43941591105286926,0.0031971644101329343,0.014615883909319522,,
CCNE1,IGFBP6,mRNA,mRNA,mRNA-mRNA,,-0.430893620891451,,,-0.430893620891451,0.00391972370275649,0.017400752509840793,,
CCNE1,IGF1,mRNA,mRNA,mRNA-mRNA,,-0.41526355617371574,,,-0.41526355617371574,0.0056213522827257435,0.022607711514102017,,
CCNE1,MPL,mRNA,mRNA,mRNA-mRNA,,0.39792604376785506,,,0.39792604376785506,0.00822704673236436,0.030603024076910908,,
CCNE1,L1CAM,mRNA,mRNA,mRNA-mRNA,,0.39312332934676514,,,0.39312332934676514,0.00911124118412565,0.03318352314884568,,
CCNE1,WFDC2,mRNA,mRNA,mRNA-mRNA,,0.3879412759378402,,,0.3879412759378402,0.01015567788152794,0.03662703498255978,,
CCNE1,TNFRSF1B,mRNA,mRNA,mRNA-mRNA,,-0.3769261613358783,,,-0.3769261613358783,0.012720765337915609,0.044121573469346934,,
CCNE1,ETV6,mRNA,mRNA,mRNA-mRNA,,0.3765759865039399,,,0.3765759865039399,0.012810622010878027,0.044333388532027326,,
CD34,IGFBP6,mRNA,mRNA,mRNA-mRNA,,0.7608278443619745,,,0.7608278443619745,3.201134723749781e-09,2.738748596985924e-07,,
CD34,IGF1,mRNA,mRNA,mRNA-mRNA,,0.7377489168068148,,,0.7377489168068148,1.660859235798108e-08,1.0230892892516346e-06,,
CD34,TIMP3,mRNA,mRNA,mRNA-mRNA,,0.6859924360748563,,,0.6859924360748563,3.834099941739292e-07,1.0358796333821948e-05,,
CD34,DLC1,mRNA,mRNA,mRNA-mRNA,,0.682996633838934,,,0.682996633838934,4.509196014610875e-07,1.1566712950719756e-05,,
CD34,FOS,mRNA,mRNA,mRNA-mRNA,,0.6827004129600138,,,0.6827004129600138,4.5816200648954877e-07,1.1566712950719756e-05,,
CD34,PDGFRB,mRNA,mRNA,mRNA-mRNA,,0.6604081408338104,,,0.6604081408338104,1.4450475715461334e-06,3.007261162406818e-05,,
CD34,EGR1,mRNA,mRNA,mRNA-mRNA,,0.608196553669223,,,0.608196553669223,1.5166490792081426e-05,0.0002013482398259086,,
CD34,ESR1,mRNA,mRNA,mRNA-mRNA,,0.5909548754250009,,,0.5909548754250009,3.0161584529100126e-05,0.00036006852848693174,,
CD34,PDGFRA,mRNA,mRNA,mRNA-mRNA,,0.5779485842678,,,0.5779485842678,4.9387555380786214e-05,0.0005432631091886483,,
CD34,MMP2,mRNA,mRNA,mRNA-mRNA,,0.5708025975635641,,,0.5708025975635641,6.418891539714452e-05,0.0006634290584671313,,
CD34,TIMP2,mRNA,mRNA,mRNA-mRNA,,0.5657708224877863,,,0.5657708224877863,7.69225311316846e-05,0.0007642625673728664,,
CD34,JUN,mRNA,mRNA,mRNA-mRNA,,0.5648196239323885,,,0.5648196239323885,7.957340324684797e-05,0.0007855323141034992,,
CD34,EPS8,mRNA,mRNA,mRNA-mRNA,,0.5556157185185748,,,0.5556157185185748,0.00010986275931947021,0.000989407306151954,,
CD34,CDKN1A,mRNA,mRNA,mRNA-mRNA,,0.5521888552891996,,,0.5521888552891996,0.00012358458500456973,0.0010875443480402136,,
CD34,PLA2G2A,mRNA,mRNA,mRNA-mRNA,,0.4709692895423562,,,0.4709692895423562,0.0014349927676669623,0.007673225215996951,,
CD34,S100A4,mRNA,mRNA,mRNA-mRNA,,0.4651357099123817,,,0.4651357099123817,0.0016736692533860678,0.00870690917126518,,
CD34,PLAT,mRNA,mRNA,mRNA-mRNA,,0.42805578282007034,,,0.42805578282007034,0.004190135097842602,0.018176924086415795,,
CD34,FGFR1,mRNA,mRNA,mRNA-mRNA,,0.42722344902716824,,,0.42722344902716824,0.004272473998618368,0.01843027999404002,,
CD34,GAS1,mRNA,mRNA,mRNA-mRNA,,0.42685875257013933,,,0.42685875257013933,0.004308994399311648,0.018432920485944273,,
CD34,CEBPA,mRNA,mRNA,mRNA-mRNA,,0.4074664323952055,,,0.4074664323952055,0.006687756445234668,0.026273328891993342,,
CD34,TGFBI,mRNA,mRNA,mRNA-mRNA,,0.400388193348872,,,0.400388193348872,0.007803146579362701,0.029598142197582663,,
CD34,TNFRSF1B,mRNA,mRNA,mRNA-mRNA,,0.39938338824212527,,,0.39938338824212527,0.007973809086498035,0.030004446998886724,,
CDKN1A,TIMP3,mRNA,mRNA,mRNA-mRNA,,0.7725659184016164,,,0.7725659184016164,1.2890447121907645e-09,1.3234192378491848e-07,,
CDKN1A,MMP2,mRNA,mRNA,mRNA-mRNA,,0.7070718298058873,,,0.7070718298058873,1.157725016677082e-07,4.244991727815967e-06,,
CDKN1A,PDGFRA,mRNA,mRNA,mRNA-mRNA,,0.6548527340922143,,,0.6548527340922143,1.895977153309943e-06,3.7919543066198856e-05,,
CDKN1A,FOS,mRNA,mRNA,mRNA-mRNA,,0.6507852012890329,,,0.6507852012890329,2.3050387419444733e-06,4.493366661512011e-05,,
CDKN1A,PDGFRB,mRNA,mRNA,mRNA-mRNA,,0.6502178835240745,,,0.6502178835240745,2.368165596822167e-06,4.558718773882672e-05,,
CDKN1A,S100A4,mRNA,mRNA,mRNA-mRNA,,0.6498225731307513,,,0.6498225731307513,2.4130923940884586e-06,4.5878546751805265e-05,,
CDKN1A,IGFBP6,mRNA,mRNA,mRNA-mRNA,,0.641744256946951,,,0.641744256946951,3.5223307630354217e-06,6.234930316177643e-05,,
CDKN1A,TNFRSF1B,mRNA,mRNA,mRNA-mRNA,,0.6371585848785393,,,0.6371585848785393,4.34480058715188e-06,7.434436560237661e-05,,
CDKN1A,COL1A1,mRNA,mRNA,mRNA-mRNA,,0.616896508974607,,,0.616896508974607,1.0555616892470108e-05,0.0001514911799627459,,
CDKN1A,TIMP2,mRNA,mRNA,mRNA-mRNA,,0.6165254519462775,,,0.6165254519462775,1.0722427672687859e-05,0.0001514911799627459,,
CDKN1A,GAS1,mRNA,mRNA,mRNA-mRNA,,0.5948549161924689,,,0.5948549161924689,2.590716481639776e-05,0.00031414987257679175,,
CDKN1A,TGFBI,mRNA,mRNA,mRNA-mRNA,,0.5907001382752396,,,0.5907001382752396,3.046053786649342e-05,0.0003608402178030759,,
CDKN1A,IGF1,mRNA,mRNA,mRNA-mRNA,,0.5801010873519823,,,0.5801010873519823,4.558302750840321e-05,0.0005161607526686834,,
CDKN1A,PLAUR,mRNA,mRNA,mRNA-mRNA,,0.5596017838369418,,,0.5596017838369418,9.565094422818333e-05,0.0009082313413149607,,
CDKN1A,FGFR1,mRNA,mRNA,mRNA-mRNA,,0.5421091658282376,,,0.5421091658282376,0.0001734329217541333,0.001413157140218864,,
CDKN1A,EGR1,mRNA,mRNA,mRNA-mRNA,,0.5260501035547464,,,0.5260501035547464,0.00029119676671833625,0.0021559760612799897,,
CDKN1A,MMP9,mRNA,mRNA,mRNA-mRNA,,0.5169700205417015,,,0.5169700205417015,0.00038596806317350683,0.0027518093392925953,,
CDKN1A,JUN,mRNA,mRNA,mRNA-mRNA,,0.5008636672884368,,,0.5008636672884368,0.0006242652743994468,0.004005702177396451,,
CDKN1A,MMP14,mRNA,mRNA,mRNA-mRNA,,0.4831027795528532,,,0.4831027795528532,0.0010329005524851189,0.006002516418215408,,
CDKN1A,DLC1,mRNA,mRNA,mRNA-mRNA,,0.4742349303074124,,,0.4742349303074124,0.0013150124065062722,0.0072584914194253015,,
CDKN1A,EPS8,mRNA,mRNA,mRNA-mRNA,,0.4730008829294254,,,0.4730008829294254,0.0013592616990163022,0.007344782513982825,,
CDKN1A,PLAT,mRNA,mRNA,mRNA-mRNA,,0.4712598855724968,,,0.4712598855724968,0.0014239358954600124,0.0076406316341756765,,
CDKN1A,CSF3R,mRNA,mRNA,mRNA-mRNA,,0.4644770028927308,,,0.4644770028927308,0.001702713336455805,0.00876982788676234,,
CDKN1A,PTHLH,mRNA,mRNA,mRNA-mRNA,,0.4166413813034345,,,0.4166413813034345,0.005449134475808676,0.022083334454593054,,
CDKN1A,LIF,mRNA,mRNA,mRNA-mRNA,,0.40952089738476466,,,0.40952089738476466,0.006391044796533124,0.025236433299130803,,
CDKN1A,ETS1,mRNA,mRNA,mRNA-mRNA,,0.4060206472661385,,,0.4060206472661385,0.00690363945959084,0.02691545510827821,,
CDKN1A,CSK,mRNA,mRNA,mRNA-mRNA,,0.3975648951090848,,,0.3975648951090848,0.008290862804133154,0.030766093297265196,,
CEBPA,DLC1,mRNA,mRNA,mRNA-mRNA,,0.44993915069681956,,,0.44993915069681956,0.0024680609605028507,0.011877543372419967,,
CEBPA,JUN,mRNA,mRNA,mRNA-mRNA,,0.4410170918997284,,,0.4410170918997284,0.0030753003137486967,0.014222109559078058,,
CEBPA,FGFR1,mRNA,mRNA,mRNA-mRNA,,0.3810676981237799,,,0.3810676981237799,0.011698104488889138,0.041130321718925285,,
CEBPA,ESR1,mRNA,mRNA,mRNA-mRNA,,0.3799378667490353,,,0.3799378667490353,0.011969872224433981,0.04179955379961073,,
COL1A1,TIMP2,mRNA,mRNA,mRNA-mRNA,,0.8513525711215739,,,0.8513525711215739,4.69663824920602e-13,7.23282290377727e-10,,
COL1A1,MMP2,mRNA,mRNA,mRNA-mRNA,,0.8332564635745321,,,0.8332564635745321,4.129132561047909e-12,1.589716036003445e-09,,
COL1A1,MMP14,mRNA,mRNA,mRNA-mRNA,,0.8218747815872307,,,0.8218747815872307,1.4251653529050984e-11,3.3067044627524792e-09,,
COL1A1,PDGFRB,mRNA,mRNA,mRNA-mRNA,,0.7223231321141043,,,0.7223231321141043,4.552526524713441e-08,2.3369636160195664e-06,,
COL1A1,PLAUR,mRNA,mRNA,mRNA-mRNA,,0.6969502274630297,,,0.6969502274630297,2.0836359371312475e-07,6.757429419668432e-06,,
COL1A1,GAS1,mRNA,mRNA,mRNA-mRNA,,0.6887420293157878,,,0.6887420293157878,3.298256871054077e-07,9.583614304572225e-06,,
COL1A1,PDGFRA,mRNA,mRNA,mRNA-mRNA,,0.6792493909338095,,,0.6792493909338095,5.508761561010965e-07,1.368305290960788e-05,,
COL1A1,PLAT,mRNA,mRNA,mRNA-mRNA,,0.659860387769364,,,0.659860387769364,1.4846357844015865e-06,3.020937773683888e-05,,
COL1A1,TGFBI,mRNA,mRNA,mRNA-mRNA,,0.6429287936696589,,,0.6429287936696589,3.3345974874696625e-06,6.113428727027715e-05,,
COL1A1,TIMP3,mRNA,mRNA,mRNA-mRNA,,0.6420301476213217,,,0.6420301476213217,3.4761492502987373e-06,6.224732378441925e-05,,
COL1A1,IGFBP6,mRNA,mRNA,mRNA-mRNA,,0.5791343302022985,,,0.5791343302022985,4.725738827922179e-05,0.0005235710643885004,,
COL1A1,FGFR1,mRNA,mRNA,mRNA-mRNA,,0.571261713063656,,,0.571261713063656,6.312843864294595e-05,0.0006568769966901133,,
COL1A1,JUN,mRNA,mRNA,mRNA-mRNA,,0.5663698485606133,,,0.5663698485606133,7.529461231287772e-05,0.0007578673396198149,,
COL1A1,PTK7,mRNA,mRNA,mRNA-mRNA,,0.5507463501036677,,,0.5507463501036677,0.00012981182807031666,0.0011248238455895867,,
COL1A1,EPS8,mRNA,mRNA,mRNA-mRNA,,0.5356859876043367,,,0.5356859876043367,0.00021404479189650528,0.0016481448976030909,,
COL1A1,IGF1,mRNA,mRNA,mRNA-mRNA,,0.5025380979910063,,,0.5025380979910063,0.000594479022389217,0.00384507272818712,,
COL1A1,SPP1,mRNA,mRNA,mRNA-mRNA,,0.4733257251797242,,,0.4733257251797242,0.0013474874750881785,0.007325904575339551,,
COL1A1,DLC1,mRNA,mRNA,mRNA-mRNA,,0.42876798282995915,,,0.42876798282995915,0.0041207839113475715,0.017977357573584308,,
COL1A1,FOS,mRNA,mRNA,mRNA-mRNA,,0.42493116830615124,,,0.42493116830615124,0.004506581670447152,0.019014070609557846,,
COL1A1,S100A4,mRNA,mRNA,mRNA-mRNA,,0.41799230438165497,,,0.41799230438165497,0.005284748828833228,0.021587568160220616,,
COL1A1,EGR1,mRNA,mRNA,mRNA-mRNA,,0.3718165000406907,,,0.3718165000406907,0.014086568902737717,0.047888115033589584,,
CSF3,MMP9,mRNA,mRNA,mRNA-mRNA,,0.4423184588902668,,,0.4423184588902668,0.0029792774852556037,0.013882913537435657,,
CSF3,IL8,mRNA,mRNA,mRNA-mRNA,,0.4026964951286478,,,0.4026964951286478,0.007422977063909471,0.028421303895958983,,
CSF3,MYCL1,mRNA,mRNA,mRNA-mRNA,,0.40260631821886855,,,0.40260631821886855,0.007437523032513942,0.028421303895958983,,
CSF3,MMP1,mRNA,mRNA,mRNA-mRNA,,0.383641269405731,,,0.383641269405731,0.011098666121208484,0.03938236365590107,,
CSF3R,TIMP3,mRNA,mRNA,mRNA-mRNA,,0.5403948261441731,,,0.5403948261441731,0.00018352674985572506,0.0014797444752765265,,
CSF3R,PDGFRB,mRNA,mRNA,mRNA-mRNA,,0.5065752563222202,,,0.5065752563222202,0.0005278307642457945,0.003488666853813406,,
CSF3R,TGFBI,mRNA,mRNA,mRNA-mRNA,,0.48143599279345795,,,0.48143599279345795,0.001081395272727677,0.006218906405633639,,
CSF3R,PLAUR,mRNA,mRNA,mRNA-mRNA,,0.4674946578986693,,,0.4674946578986693,0.001573222353362347,0.008325644069340256,,
CSF3R,EPS8,mRNA,mRNA,mRNA-mRNA,,0.4640418664623855,,,0.4640418664623855,0.0017221434837266516,0.008840336549796811,,
CSF3R,IGFBP6,mRNA,mRNA,mRNA-mRNA,,0.42694224339929576,,,0.42694224339929576,0.004300609738767938,0.018432920485944273,,
CSF3R,PLAT,mRNA,mRNA,mRNA-mRNA,,0.42562738854527465,,,0.42562738854527465,0.004434322681426252,0.018812278042414404,,
CSF3R,GAS1,mRNA,mRNA,mRNA-mRNA,,0.4072094243858826,,,0.4072094243858826,0.006725700077677537,0.026355160609728773,,
CSF3R,MMP2,mRNA,mRNA,mRNA-mRNA,,0.39929952724794376,,,0.39929952724794376,0.007988196928275036,0.030004446998886724,,
CSF3R,FGFR1,mRNA,mRNA,mRNA-mRNA,,0.39630783801622255,,,0.39630783801622255,0.008516324278665484,0.03152677737775203,,
CSF3R,L1CAM,mRNA,mRNA,mRNA-mRNA,,0.37503410109813834,,,0.37503410109813834,0.013212737328783974,0.045418784567694916,,
CSK,ETS1,mRNA,mRNA,mRNA-mRNA,,0.699227677783144,,,0.699227677783144,1.8293946533037296e-07,6.260595035750541e-06,,
CSK,LCK,mRNA,mRNA,mRNA-mRNA,,0.6228592301152848,,,0.6228592301152848,8.181872360577745e-06,0.00012475330133950228,,
CSK,FLT3,mRNA,mRNA,mRNA-mRNA,,0.5579225486316551,,,0.5579225486316551,0.00010142082776868685,0.0009296909212129628,,
CSK,TNFRSF1B,mRNA,mRNA,mRNA-mRNA,,0.5145647989248244,,,0.5145647989248244,0.0004153308017053989,0.002920591025690933,,
CSK,S100A4,mRNA,mRNA,mRNA-mRNA,,0.499145376921846,,,0.499145376921846,0.0006562141612303656,0.0041587234909249505,,
CSK,MYCL1,mRNA,mRNA,mRNA-mRNA,,0.4698408249757613,,,0.4698408249757613,0.001478655303285943,0.007879339678409522,,
CSK,TNF,mRNA,mRNA,mRNA-mRNA,,0.4586628180539008,,,0.4586628180539008,0.001979057364076165,0.009895286820380824,,
CSK,IL1A,mRNA,mRNA,mRNA-mRNA,,0.43966856009978106,,,0.43966856009978106,0.003177658572778191,0.014615883909319522,,
DLC1,PDGFRB,mRNA,mRNA,mRNA-mRNA,,0.6715473206056122,,,0.6715473206056122,8.239258350849193e-07,1.922493615198145e-05,,
DLC1,TIMP3,mRNA,mRNA,mRNA-mRNA,,0.5853279175493189,,,0.5853279175493189,3.7431331587035134e-05,0.0004400324476643825,,
DLC1,JUN,mRNA,mRNA,mRNA-mRNA,,0.5843812929678617,,,0.5843812929678617,3.880088069783805e-05,0.00045267694147477726,,
DLC1,FGFR1,mRNA,mRNA,mRNA-mRNA,,0.5830780167131425,,,0.5830780167131425,4.0761330506801206e-05,0.0004719733006050666,,
DLC1,TIMP2,mRNA,mRNA,mRNA-mRNA,,0.5660806625966979,,,0.5660806625966979,7.607655193256537e-05,0.0007607655193256537,,
DLC1,IGF1,mRNA,mRNA,mRNA-mRNA,,0.5592086040285154,,,0.5592086040285154,9.697451039108715e-05,0.0009082313413149607,,
DLC1,EPS8,mRNA,mRNA,mRNA-mRNA,,0.5548281375005917,,,0.5548281375005917,0.00011288783376622336,0.001010739906976651,,
DLC1,IGFBP6,mRNA,mRNA,mRNA-mRNA,,0.5365344339762236,,,0.5365344339762236,0.00020822853434956207,0.0016195552671632607,,
DLC1,MMP2,mRNA,mRNA,mRNA-mRNA,,0.47504678792572785,,,0.47504678792572785,0.0012866038157396036,0.007127229770643847,,
DLC1,FOS,mRNA,mRNA,mRNA-mRNA,,0.4494307602674887,,,0.4494307602674887,0.0024995849548428333,0.01199177828803104,,
DLC1,PDGFRA,mRNA,mRNA,mRNA-mRNA,,0.4430097071320392,,,0.4430097071320392,0.002929351641099605,0.01371185874557262,,
DLC1,MMP14,mRNA,mRNA,mRNA-mRNA,,0.4382882985306894,,,0.4382882985306894,0.0032855081639891525,0.01496947506669614,,
DLC1,PLAT,mRNA,mRNA,mRNA-mRNA,,0.4345167162869504,,,0.4345167162869504,0.0035967405335000837,0.01619584918593605,,
DLC1,S100A4,mRNA,mRNA,mRNA-mRNA,,0.43075986090511303,,,0.43075986090511303,0.003932118099626361,0.017400752509840793,,
DLC1,EGR1,mRNA,mRNA,mRNA-mRNA,,0.43001733595556474,,,0.43001733595556474,0.004001546413459796,0.0176068042192231,,
DLC1,TGFBI,mRNA,mRNA,mRNA-mRNA,,0.40434779384829084,,,0.40434779384829084,0.007160924092048794,0.027777891943967615,,
DLC1,GAS1,mRNA,mRNA,mRNA-mRNA,,0.40099844325235984,,,0.40099844325235984,0.007701042949562388,0.02928297812920019,,
DLC1,NOTCH1,mRNA,mRNA,mRNA-mRNA,,0.3987125012428435,,,0.3987125012428435,0.00808953963250097,0.030164385070342598,,
DLC1,L1CAM,mRNA,mRNA,mRNA-mRNA,,0.3930417369737318,,,0.3930417369737318,0.009126941563216863,0.03318352314884568,,
DLC1,ESR1,mRNA,mRNA,mRNA-mRNA,,0.3832781416633485,,,0.3832781416633485,0.011181620581260054,0.0394947148971112,,
EGR1,FOS,mRNA,mRNA,mRNA-mRNA,,0.839898393494066,,,0.839898393494066,1.918378781774486e-12,1.477151661966354e-09,,
EGR1,IGF1,mRNA,mRNA,mRNA-mRNA,,0.6315509754549126,,,0.6315509754549126,5.590092127342477e-06,9.256711694739155e-05,,
EGR1,IGFBP6,mRNA,mRNA,mRNA-mRNA,,0.5795289325923796,,,0.5795289325923796,4.6567301073535856e-05,0.0005196640844438059,,
EGR1,EPS8,mRNA,mRNA,mRNA-mRNA,,0.550749145880292,,,0.550749145880292,0.000129799488520576,0.0011248238455895867,,
EGR1,JUN,mRNA,mRNA,mRNA-mRNA,,0.5219800340480666,,,0.5219800340480666,0.00033072010114625435,0.0024137865202143683,,
EGR1,MMP2,mRNA,mRNA,mRNA-mRNA,,0.495904930759566,,,0.495904930759566,0.0007204716495008475,0.004492009474620669,,
EGR1,PDGFRB,mRNA,mRNA,mRNA-mRNA,,0.4879878350773618,,,0.4879878350773618,0.0009017327517117922,0.005361654199367414,,
EGR1,TIMP2,mRNA,mRNA,mRNA-mRNA,,0.48705274099885176,,,0.48705274099885176,0.0009256256955196214,0.005482552196539296,,
EGR1,TIMP3,mRNA,mRNA,mRNA-mRNA,,0.4765934986424217,,,0.4765934986424217,0.0012339859766842863,0.006885284072803626,,
EGR1,FGFR1,mRNA,mRNA,mRNA-mRNA,,0.4737361019390607,,,0.4737361019390607,0.0013327424734432074,0.007303997897162062,,
EGR1,PLAT,mRNA,mRNA,mRNA-mRNA,,0.45513623208587156,,,0.45513623208587156,0.002165341798822156,0.01065375837120166,,
EGR1,PDGFRA,mRNA,mRNA,mRNA-mRNA,,0.44225463147448435,,,0.44225463147448435,0.002983924922656625,0.013882913537435657,,
EGR1,GAS1,mRNA,mRNA,mRNA-mRNA,,0.40987710301268326,,,0.40987710301268326,0.006340777695151887,0.025102307584920068,,
EPS8,PDGFRB,mRNA,mRNA,mRNA-mRNA,,0.7627312963444954,,,0.7627312963444954,2.7719168954006805e-09,2.5110305993629693e-07,,
EPS8,JUN,mRNA,mRNA,mRNA-mRNA,,0.6708087299591772,,,0.6708087299591772,8.55825614712821e-07,1.9671215621757376e-05,,
EPS8,PLAT,mRNA,mRNA,mRNA-mRNA,,0.6680133904754205,,,0.6680133904754205,9.872013410888499e-07,2.141253613065956e-05,,
EPS8,FGFR1,mRNA,mRNA,mRNA-mRNA,,0.6141627820235129,,,0.6141627820235129,1.1842648704259514e-05,0.00016345699716214515,,
EPS8,TIMP2,mRNA,mRNA,mRNA-mRNA,,0.610717764409933,,,0.610717764409933,1.3669462019686406e-05,0.00018305192617667013,,
EPS8,TIMP3,mRNA,mRNA,mRNA-mRNA,,0.5978788387987829,,,0.5978788387987829,2.2994572882647557e-05,0.00028104477967680347,,
EPS8,MMP2,mRNA,mRNA,mRNA-mRNA,,0.5720469993352744,,,0.5720469993352744,6.135148830416622e-05,0.0006427298774722175,,
EPS8,IGFBP6,mRNA,mRNA,mRNA-mRNA,,0.5673203131257365,,,0.5673203131257365,7.277585054389525e-05,0.000740232623411008,,
EPS8,IGF1,mRNA,mRNA,mRNA-mRNA,,0.5434406660483673,,,0.5434406660483673,0.0001659428318050776,0.0013665880266300508,,
EPS8,TGFBI,mRNA,mRNA,mRNA-mRNA,,0.53313410302795,,,0.53313410302795,0.0002324339578265243,0.0017632920938563915,,
EPS8,PDGFRA,mRNA,mRNA,mRNA-mRNA,,0.5107805248123071,,,0.5107805248123071,0.0004656073705858979,0.0031727227907180655,,
EPS8,GAS1,mRNA,mRNA,mRNA-mRNA,,0.5070906528450058,,,0.5070906528450058,0.0005198235369859484,0.0034654902465729898,,
EPS8,MMP14,mRNA,mRNA,mRNA-mRNA,,0.505856088305037,,,0.505856088305037,0.0005391886446274093,0.0035485064646419246,,
EPS8,PTHLH,mRNA,mRNA,mRNA-mRNA,,0.4967087618305455,,,0.4967087618305455,0.0007040280655973791,0.0044073301667478205,,
EPS8,ETV6,mRNA,mRNA,mRNA-mRNA,,0.43324018389844393,,,0.43324018389844393,0.003707774581952565,0.01659875830292718,,
EPS8,FOS,mRNA,mRNA,mRNA-mRNA,,0.4049257862478823,,,0.4049257862478823,0.0070711076897294264,0.02749875212672555,,
EPS8,PLAUR,mRNA,mRNA,mRNA-mRNA,,0.3839107517006637,,,0.3839107517006637,0.01103744511702296,0.03934644787086889,,
ESR1,PLA2G2A,mRNA,mRNA,mRNA-mRNA,,0.5128304567191498,,,0.5128304567191498,0.0004377330642083572,0.0030229099501384313,,
ESR1,PDGFRB,mRNA,mRNA,mRNA-mRNA,,0.4889348522697748,,,0.4889348522697748,0.000878097341322396,0.005261750605589454,,
ESR1,IGFBP6,mRNA,mRNA,mRNA-mRNA,,0.4221243612782622,,,0.4221243612782622,0.004808409488207673,0.0200133800319995,,
ESR1,IGF1,mRNA,mRNA,mRNA-mRNA,,0.3949622424689797,,,0.3949622424689797,0.008763493733628544,0.03223805118499068,,
ESR1,PTHLH,mRNA,mRNA,mRNA-mRNA,,0.39492048375263994,,,0.39492048375263994,0.008771261978253958,0.03223805118499068,,
ESR1,JUN,mRNA,mRNA,mRNA-mRNA,,0.38027047828643146,,,0.38027047828643146,0.011889312447839634,0.04165584637354371,,
ETS1,LCK,mRNA,mRNA,mRNA-mRNA,,0.8332846858407598,,,0.8332846858407598,4.115997467788598e-12,1.589716036003445e-09,,
ETS1,TNFRSF1B,mRNA,mRNA,mRNA-mRNA,,0.8037049888085365,,,0.8037049888085365,8.678776826025017e-11,1.6706645390098156e-08,,
ETS1,FLT3,mRNA,mRNA,mRNA-mRNA,,0.6024654272986433,,,0.6024654272986433,1.9145028839233943e-05,0.00024166675747885468,,
ETS1,MMP9,mRNA,mRNA,mRNA-mRNA,,0.5205014411759045,,,0.5205014411759045,0.0003462334300336801,0.002509081843247034,,
ETS1,TNF,mRNA,mRNA,mRNA-mRNA,,0.48140717505897757,,,0.48140717505897757,0.0010822512446167633,0.006218906405633639,,
ETS1,S100A4,mRNA,mRNA,mRNA-mRNA,,0.47340656161030903,,,0.47340656161030903,0.0013445715872997827,0.007325904575339551,,
ETS1,TGFBI,mRNA,mRNA,mRNA-mRNA,,0.37584516498827164,,,0.37584516498827164,0.012999897421728098,0.044887538182648595,,
ETV6,TGFA,mRNA,mRNA,mRNA-mRNA,,0.6724590609025985,,,0.6724590609025985,7.86066948059853e-07,1.8720673260107224e-05,,
ETV6,IL1A,mRNA,mRNA,mRNA-mRNA,,0.5470679776101575,,,0.5470679776101575,0.00014699980998944477,0.0012303244966507879,,
ETV6,FGFR1,mRNA,mRNA,mRNA-mRNA,,0.5448911395905204,,,0.5448911395905204,0.0001581177372081965,0.0013162233259493114,,
ETV6,MMP14,mRNA,mRNA,mRNA-mRNA,,0.5301929772274331,,,0.5301929772274331,0.00025538907259111077,0.0019145314815520057,,
ETV6,PTK7,mRNA,mRNA,mRNA-mRNA,,0.5241028516199709,,,0.5241028516199709,0.00030954114529282707,0.0022808294916313574,,
ETV6,PLAUR,mRNA,mRNA,mRNA-mRNA,,0.5146279000405358,,,0.5146279000405358,0.00041453552162176624,0.002920591025690933,,
ETV6,JUN,mRNA,mRNA,mRNA-mRNA,,0.5068386608429333,,,0.5068386608429333,0.0005237247836933297,0.003476448995205723,,
ETV6,MPL,mRNA,mRNA,mRNA-mRNA,,0.4866716917354966,,,0.4866716917354966,0.0009355228119882066,0.005519943028589418,,
ETV6,TNF,mRNA,mRNA,mRNA-mRNA,,0.47398508710226606,,,0.47398508710226606,0.0013238663310668924,0.0072812648208679075,,
ETV6,FOLR1,mRNA,mRNA,mRNA-mRNA,,0.47322825106782684,,,0.47322825106782684,0.001351010973634047,0.007325904575339551,,
ETV6,MYCL1,mRNA,mRNA,mRNA-mRNA,,0.4303349677826273,,,0.4303349677826273,0.003971716859335915,0.017525627402227247,,
ETV6,NOTCH1,mRNA,mRNA,mRNA-mRNA,,0.42693931887120634,,,0.42693931887120634,0.00430090319697181,0.018432920485944273,,
ETV6,PTHLH,mRNA,mRNA,mRNA-mRNA,,0.41559541583440057,,,0.41559541583440057,0.005579445963160694,0.022552091294665275,,
ETV6,WFDC2,mRNA,mRNA,mRNA-mRNA,,0.4032563561775224,,,0.4032563561775224,0.007333217207672426,0.02837476004978778,,
ETV6,MMP1,mRNA,mRNA,mRNA-mRNA,,0.3929934571224467,,,0.3929934571224467,0.009136242737084783,0.03318352314884568,,
ETV6,SPP1,mRNA,mRNA,mRNA-mRNA,,0.37330330747657775,,,0.37330330747657775,0.013676867386738652,0.04680527950128339,,
FGFR1,TIMP2,mRNA,mRNA,mRNA-mRNA,,0.6967606821253286,,,0.6967606821253286,2.1062117671693813e-07,6.757429419668432e-06,,
FGFR1,JUN,mRNA,mRNA,mRNA-mRNA,,0.6895415324164196,,,0.6895415324164196,3.156028214436376e-07,9.346698942753883e-06,,
FGFR1,PDGFRB,mRNA,mRNA,mRNA-mRNA,,0.6844245886870556,,,0.6844245886870556,4.1747322852756013e-07,1.0896758846312587e-05,,
FGFR1,MMP14,mRNA,mRNA,mRNA-mRNA,,0.67235859343956,,,0.67235859343956,7.901582869525777e-07,1.8720673260107224e-05,,
FGFR1,PDGFRA,mRNA,mRNA,mRNA-mRNA,,0.582446838199338,,,0.582446838199338,4.174291405322306e-05,0.00047838963083471684,,
FGFR1,GAS1,mRNA,mRNA,mRNA-mRNA,,0.5672108694807739,,,0.5672108694807739,7.306192127173586e-05,0.000740232623411008,,
FGFR1,TGFBI,mRNA,mRNA,mRNA-mRNA,,0.5595020356860767,,,0.5595020356860767,9.598516479360245e-05,0.0009082313413149607,,
FGFR1,S100A4,mRNA,mRNA,mRNA-mRNA,,0.5590085618386001,,,0.5590085618386001,9.76542811785122e-05,0.0009082313413149607,,
FGFR1,PLAUR,mRNA,mRNA,mRNA-mRNA,,0.5507010065303827,,,0.5507010065303827,0.0001300121068278873,0.0011248238455895867,,
FGFR1,TIMP3,mRNA,mRNA,mRNA-mRNA,,0.5388964034386077,,,0.5388964034386077,0.00019278128821836814,0.0015316321514025938,,
FGFR1,PLAT,mRNA,mRNA,mRNA-mRNA,,0.5113659313716485,,,0.5113659313716485,0.00045748902414889805,0.003131258209730236,,
FGFR1,MMP2,mRNA,mRNA,mRNA-mRNA,,0.49349699960954657,,,0.49349699960954657,0.0007718040997118518,0.0046979379982460545,,
FGFR1,PTHLH,mRNA,mRNA,mRNA-mRNA,,0.4665987443390684,,,0.4665987443390684,0.0016107241703396202,0.008465922260488106,,
FGFR1,PTK7,mRNA,mRNA,mRNA-mRNA,,0.46510654023226516,,,0.46510654023226516,0.0016749460767541834,0.00870690917126518,,
FGFR1,L1CAM,mRNA,mRNA,mRNA-mRNA,,0.4568679244377188,,,0.4568679244377188,0.002072019973262941,0.010293260512338481,,
FGFR1,NOTCH1,mRNA,mRNA,mRNA-mRNA,,0.4554601804712763,,,0.4554601804712763,0.0021476072013637214,0.01060036887852606,,
FGFR1,IGF1,mRNA,mRNA,mRNA-mRNA,,0.4249442232848979,,,0.4249442232848979,0.004505217337355583,0.019014070609557846,,
FGFR1,IGFBP6,mRNA,mRNA,mRNA-mRNA,,0.3862236549199234,,,0.3862236549199234,0.010523772417869882,0.037777644576968805,,
FGFR1,TGFA,mRNA,mRNA,mRNA-mRNA,,0.3837862138548031,,,0.3837862138548031,0.011065701644228916,0.03935607513189961,,
FLT3,LCK,mRNA,mRNA,mRNA-mRNA,,0.7197266100625717,,,0.7197266100625717,5.3594632816723825e-08,2.5838218451169876e-06,,
FLT3,TNFRSF1B,mRNA,mRNA,mRNA-mRNA,,0.48580693780695616,,,0.48580693780695616,0.0009583341801985742,0.005632956631701543,,
FLT3,SPP1,mRNA,mRNA,mRNA-mRNA,,-0.4064088005602249,,,-0.4064088005602249,0.00684509726918744,0.026754948717128576,,
FOLR1,IL1A,mRNA,mRNA,mRNA-mRNA,,0.5524214984855148,,,0.5524214984855148,0.00012260604342049302,0.0010851339475147082,,
FOLR1,TGFA,mRNA,mRNA,mRNA-mRNA,,0.543564487434634,,,0.543564487434634,0.00016526140228880068,0.0013665880266300508,,
FOLR1,PTK7,mRNA,mRNA,mRNA-mRNA,,0.5119607616242443,,,0.5119607616242443,0.0004493704049487578,0.00308942153402271,,
FOLR1,SPP1,mRNA,mRNA,mRNA-mRNA,,0.47681639982066365,,,0.47681639982066365,0.0012265629007520043,0.006868752244211224,,
FOLR1,NOTCH1,mRNA,mRNA,mRNA-mRNA,,0.43081620073858945,,,0.43081620073858945,0.003926893398214459,0.017400752509840793,,
FOLR1,MMP14,mRNA,mRNA,mRNA-mRNA,,0.4297639090244608,,,0.4297639090244608,0.004025486562003607,0.01766167893300728,,
FOLR1,MYCL1,mRNA,mRNA,mRNA-mRNA,,0.4234464908581133,,,0.4234464908581133,0.00466411016256237,0.019518287093331657,,
FOLR1,L1CAM,mRNA,mRNA,mRNA-mRNA,,0.41924375331593994,,,0.41924375331593994,0.005136331837377982,0.021093202745498914,,
FOS,IGF1,mRNA,mRNA,mRNA-mRNA,,0.7017452427899228,,,0.7017452427899228,1.5820702549522194e-07,5.666019052619576e-06,,
FOS,IGFBP6,mRNA,mRNA,mRNA-mRNA,,0.6921855244856293,,,0.6921855244856293,2.7252038234056925e-07,8.393627776089534e-06,,
FOS,TIMP3,mRNA,mRNA,mRNA-mRNA,,0.579841073643191,,,0.579841073643191,4.602794972308646e-05,0.000517394471339804,,
FOS,MMP2,mRNA,mRNA,mRNA-mRNA,,0.5471515819317101,,,0.5471515819317101,0.00014658729722674452,0.0012303244966507879,,
FOS,GAS1,mRNA,mRNA,mRNA-mRNA,,0.5130023350421722,,,0.5130023350421722,0.00043546547095978414,0.0030207965102615657,,
FOS,TNFRSF1B,mRNA,mRNA,mRNA-mRNA,,0.49403036349004714,,,0.49403036349004714,0.0007601602410584723,0.004662315966256641,,
FOS,PDGFRA,mRNA,mRNA,mRNA-mRNA,,0.4807771929132855,,,0.4807771929132855,0.0011011149041289022,0.0062804331568833685,,
FOS,JUN,mRNA,mRNA,mRNA-mRNA,,0.45253110986659345,,,0.45253110986659345,0.0023127213268108915,0.011306637597742135,,
FOS,S100A4,mRNA,mRNA,mRNA-mRNA,,0.4483526669620386,,,0.4483526669620386,0.002567610180011795,0.012246744584291043,,
FOS,TIMP2,mRNA,mRNA,mRNA-mRNA,,0.44541447454943034,,,0.44541447454943034,0.0027613437249232103,0.01296484553774922,,
FOS,PLA2G2A,mRNA,mRNA,mRNA-mRNA,,0.4259001142565033,,,0.4259001142565033,0.0044062938475497295,0.018745006975764044,,
FOS,PDGFRB,mRNA,mRNA,mRNA-mRNA,,0.39969967533858264,,,0.39969967533858264,0.00791974523145109,0.029893156020673235,,
FOS,WEE1,mRNA,mRNA,mRNA-mRNA,,-0.3802193307083674,,,-0.3802193307083674,0.01190167039244106,0.04165584637354371,,
FOS,MPL,mRNA,mRNA,mRNA-mRNA,,-0.3697342657136532,,,-0.3697342657136532,0.014677837920715897,0.04956174752753543,,
GAS1,TGFBI,mRNA,mRNA,mRNA-mRNA,,0.7129744949889153,,,0.7129744949889153,8.1244680722925e-08,3.475466897591792e-06,,
GAS1,MMP14,mRNA,mRNA,mRNA-mRNA,,0.7083172517826076,,,0.7083172517826076,1.0751405014123977e-07,4.038332615061201e-06,,
GAS1,S100A4,mRNA,mRNA,mRNA-mRNA,,0.6655429364042772,,,0.6655429364042772,1.1186034342769947e-06,2.3925684566480165e-05,,
GAS1,PDGFRB,mRNA,mRNA,mRNA-mRNA,,0.6279477218647492,,,0.6279477218647492,6.555603850410237e-06,0.00010407865906836873,,
GAS1,TIMP3,mRNA,mRNA,mRNA-mRNA,,0.620606076152854,,,0.620606076152854,9.01416974971993e-06,0.00013237232896948095,,
GAS1,MMP2,mRNA,mRNA,mRNA-mRNA,,0.6152522141595084,,,0.6152522141595084,1.131340051172411e-05,0.00015838760716413756,,
GAS1,IGFBP6,mRNA,mRNA,mRNA-mRNA,,0.6115185022056215,,,0.6115185022056215,1.3223170453751486e-05,0.00018020957963519726,,
GAS1,TIMP2,mRNA,mRNA,mRNA-mRNA,,0.6064149722861295,,,0.6064149722861295,1.631344752813124e-05,0.00021472401019933428,,
GAS1,PDGFRA,mRNA,mRNA,mRNA-mRNA,,0.5934821379373051,,,0.5934821379373051,2.7337649061274097e-05,0.00032890609026845396,,
GAS1,IGF1,mRNA,mRNA,mRNA-mRNA,,0.5767855135906848,,,0.5767855135906848,5.156170583880015e-05,0.0005552799090332324,,
GAS1,JUN,mRNA,mRNA,mRNA-mRNA,,0.5586906203394373,,,0.5586906203394373,9.87436012668397e-05,0.0009105697362331326,,
GAS1,PLAUR,mRNA,mRNA,mRNA-mRNA,,0.5540180914240496,,,0.5540180914240496,0.00011607787416440993,0.0010332943711745162,,
GAS1,PLAT,mRNA,mRNA,mRNA-mRNA,,0.5194589920122169,,,0.5194589920122169,0.00035756122203276793,0.0025731041211703863,,
GAS1,L1CAM,mRNA,mRNA,mRNA-mRNA,,0.47745237392309375,,,0.47745237392309375,0.001205601323974715,0.00679274678631176,,
GAS1,TNFRSF1B,mRNA,mRNA,mRNA-mRNA,,0.46565951028047775,,,0.46565951028047775,0.0016508875336529868,0.008647506128658502,,
IGF1,IGFBP6,mRNA,mRNA,mRNA-mRNA,,0.7946163933314861,,,0.7946163933314861,2.0000582450646533e-10,3.080089697399566e-08,,
IGF1,MMP2,mRNA,mRNA,mRNA-mRNA,,0.6913022486407986,,,0.6913022486407986,2.862645480894098e-07,8.644066746229238e-06,,
IGF1,PDGFRB,mRNA,mRNA,mRNA-mRNA,,0.616551273329658,,,0.616551273329658,1.071074160426292e-05,0.0001514911799627459,,
IGF1,PDGFRA,mRNA,mRNA,mRNA-mRNA,,0.6054322332172535,,,0.6054322332172535,1.697963709695421e-05,0.00021973648007823096,,
IGF1,TIMP2,mRNA,mRNA,mRNA-mRNA,,0.5729026620226023,,,0.5729026620226023,5.946725395134036e-05,0.0006272573361990695,,
IGF1,TIMP3,mRNA,mRNA,mRNA-mRNA,,0.5685274769336873,,,0.5685274769336873,6.968742247428109e-05,0.0007154575374026191,,
IGF1,PLA2G2A,mRNA,mRNA,mRNA-mRNA,,0.5476109109342824,,,0.5476109109342824,0.00014433956968276808,0.001221334820392653,,
IGF1,TNFRSF1B,mRNA,mRNA,mRNA-mRNA,,0.4648401420728408,,,0.4648401420728408,0.0016866468948941254,0.00871622891992266,,
IGF1,TGFBI,mRNA,mRNA,mRNA-mRNA,,0.43739235245261454,,,0.43739235245261454,0.0033572203954551683,0.015251089702067728,,
IGF1,WFDC2,mRNA,mRNA,mRNA-mRNA,,-0.43288235208166154,,,-0.43288235208166154,0.003739432415463292,0.01669195918786513,,
IGF1,PLAT,mRNA,mRNA,mRNA-mRNA,,0.37286790774874523,,,0.37286790774874523,0.013795782545588987,0.04700332991196248,,
IGFBP6,TIMP3,mRNA,mRNA,mRNA-mRNA,,0.74149699514028,,,0.74149699514028,1.286252251373326e-08,8.612297683108357e-07,,
IGFBP6,MMP2,mRNA,mRNA,mRNA-mRNA,,0.7289994508109521,,,0.7289994508109521,2.9672090329637206e-08,1.6319649681300464e-06,,
IGFBP6,PDGFRB,mRNA,mRNA,mRNA-mRNA,,0.646207086426411,,,0.646207086426411,2.8620731408657906e-06,5.310352574618455e-05,,
IGFBP6,TIMP2,mRNA,mRNA,mRNA-mRNA,,0.6140719587072875,,,0.6140719587072875,1.1887781611792373e-05,0.00016345699716214515,,
IGFBP6,PDGFRA,mRNA,mRNA,mRNA-mRNA,,0.6036399005449584,,,0.6036399005449584,1.8259237642952855e-05,0.00023239029727394544,,
IGFBP6,PLA2G2A,mRNA,mRNA,mRNA-mRNA,,0.5332676601713835,,,0.5332676601713835,0.0002314372481300401,0.0017632920938563915,,
IGFBP6,PLAT,mRNA,mRNA,mRNA-mRNA,,0.5311408757591161,,,0.5311408757591161,0.00024777680376406996,0.0018704719499836656,,
IGFBP6,TGFBI,mRNA,mRNA,mRNA-mRNA,,0.508751729849765,,,0.508751729849765,0.0004947529499314148,0.0033249768048992175,,
IGFBP6,TNFRSF1B,mRNA,mRNA,mRNA-mRNA,,0.4810087081648854,,,0.4810087081648854,0.001094148867211542,0.006263900578088382,,
IGFBP6,JUN,mRNA,mRNA,mRNA-mRNA,,0.44833661221570104,,,0.44833661221570104,0.0025686353900818224,0.012246744584291043,,
IGFBP6,S100A4,mRNA,mRNA,mRNA-mRNA,,0.4020369307577158,,,0.4020369307577158,0.007529937419487143,0.028703226797054955,,
IL1A,TGFA,mRNA,mRNA,mRNA-mRNA,,0.5479645554520207,,,0.5479645554520207,0.00014263033838712928,0.0012135398956694978,,
IL1A,TNF,mRNA,mRNA,mRNA-mRNA,,0.44734825006941814,,,0.44734825006941814,0.0026324473074179787,0.012475890548695663,,
IL1A,MYCL1,mRNA,mRNA,mRNA-mRNA,,0.4281789516043327,,,0.4281789516043327,0.004178069033662283,0.018175780541920667,,
IL8,MMP1,mRNA,mRNA,mRNA-mRNA,,0.5601722753543494,,,0.5601722753543494,9.375966235839923e-05,0.0009068868476462726,,
IL8,LIF,mRNA,mRNA,mRNA-mRNA,,0.5204266420341083,,,0.5204266420341083,0.00034703534585170013,0.002509081843247034,,
IL8,PLAUR,mRNA,mRNA,mRNA-mRNA,,0.5046531656252914,,,0.5046531656252914,0.0005586770468905169,0.0036611176689846643,,
IL8,PLAT,mRNA,mRNA,mRNA-mRNA,,0.49510694912453695,,,0.49510694912453695,0.000737134353465207,0.004577366549743624,,
IL8,NOTCH1,mRNA,mRNA,mRNA-mRNA,,0.46292797645483896,,,0.46292797645483896,0.0017727789940362119,0.009010163864078435,,
IL8,TNF,mRNA,mRNA,mRNA-mRNA,,0.45797755974966325,,,0.45797755974966325,0.002014104708132431,0.010037932849592049,,
IL8,S100A4,mRNA,mRNA,mRNA-mRNA,,0.42062934483515013,,,0.42062934483515013,0.004976248069320524,0.02057516657822969,,
IL8,JUN,mRNA,mRNA,mRNA-mRNA,,0.4173333101809226,,,0.4173333101809226,0.0053643911641437225,0.02179726225008267,,
IL8,TGFA,mRNA,mRNA,mRNA-mRNA,,0.39892746255321593,,,0.39892746255321593,0.008052301425691067,0.030164385070342598,,
IL8,MMP14,mRNA,mRNA,mRNA-mRNA,,0.37295691072932424,,,0.37295691072932424,0.013771403094462557,0.04700332991196248,,
JUN,PDGFRB,mRNA,mRNA,mRNA-mRNA,,0.7342105929565828,,,0.7342105929565828,2.1058507186935594e-08,1.2473115795338775e-06,,
JUN,MMP14,mRNA,mRNA,mRNA-mRNA,,0.6597756025794029,,,0.6597756025794029,1.4908524077920487e-06,3.020937773683888e-05,,
JUN,TIMP2,mRNA,mRNA,mRNA-mRNA,,0.6516947362621969,,,0.6516947362621969,2.2070672590742847e-06,4.3575430499671774e-05,,
JUN,PLAT,mRNA,mRNA,mRNA-mRNA,,0.6478451551432973,,,0.6478451551432973,2.649876098925484e-06,4.9765965760307875e-05,,
JUN,TIMP3,mRNA,mRNA,mRNA-mRNA,,0.6061812599980996,,,0.6061812599980996,1.646966979991111e-05,0.00021494314823612804,,
JUN,MMP2,mRNA,mRNA,mRNA-mRNA,,0.5487909463005853,,,0.5487909463005853,0.0001387075146519215,0.0011933495673964196,,
JUN,PDGFRA,mRNA,mRNA,mRNA-mRNA,,0.5370480279933164,,,0.5370480279933164,0.0002047775354023332,0.001608966349589761,,
JUN,PLAUR,mRNA,mRNA,mRNA-mRNA,,0.523421996568423,,,0.523421996568423,0.00031619682704355157,0.0023187767316527118,,
JUN,S100A4,mRNA,mRNA,mRNA-mRNA,,0.500139693990708,,,0.500139693990708,0.0006375525934892666,0.004073987526860874,,
JUN,PTHLH,mRNA,mRNA,mRNA-mRNA,,0.4944961410029878,,,0.4944961410029878,0.0007501205212806452,0.004620742411088775,,
JUN,NOTCH1,mRNA,mRNA,mRNA-mRNA,,0.42757497362591923,,,0.42757497362591923,0.004237528615892827,0.018330882214817285,,
JUN,PTK7,mRNA,mRNA,mRNA-mRNA,,0.42303197395557646,,,0.42303197395557646,0.004708939565498093,0.019652484907498817,,
JUN,TGFBI,mRNA,mRNA,mRNA-mRNA,,0.3987376133233618,,,0.3987376133233618,0.008085181772273494,0.030164385070342598,,
JUN,L1CAM,mRNA,mRNA,mRNA-mRNA,,0.38653020082387923,,,0.38653020082387923,0.010457252972900238,0.03762656443520179,,
L1CAM,TGFBI,mRNA,mRNA,mRNA-mRNA,,0.5773000538679144,,,0.5773000538679144,5.058932426857793e-05,0.0005525358820823405,,
L1CAM,MMP14,mRNA,mRNA,mRNA-mRNA,,0.5639870417613174,,,0.5639870417613174,8.196160984930666e-05,0.000803954644381734,,
L1CAM,NOTCH1,mRNA,mRNA,mRNA-mRNA,,0.5600318524027336,,,0.5600318524027336,9.422201014506729e-05,0.0009068868476462726,,
L1CAM,PLAUR,mRNA,mRNA,mRNA-mRNA,,0.5412585380530339,,,0.5412585380530339,0.00017837675107393728,0.0014457905087045444,,
L1CAM,SPP1,mRNA,mRNA,mRNA-mRNA,,0.5359528690363832,,,0.5359528690363832,0.00021219963958680278,0.0016421479646415895,,
L1CAM,PTK7,mRNA,mRNA,mRNA-mRNA,,0.5087351167354288,,,0.5087351167354288,0.0004949982223080584,0.0033249768048992175,,
L1CAM,PLAT,mRNA,mRNA,mRNA-mRNA,,0.4630780756013706,,,0.4630780756013706,0.0017658798494419115,0.009004817775299814,,
L1CAM,TIMP2,mRNA,mRNA,mRNA-mRNA,,0.44713689007273477,,,0.44713689007273477,0.0026462730232281245,0.012500798944083779,,
L1CAM,PDGFRB,mRNA,mRNA,mRNA-mRNA,,0.4027423341985728,,,0.4027423341985728,0.0074155924219486075,0.028421303895958983,,
LCK,TNFRSF1B,mRNA,mRNA,mRNA-mRNA,,0.7167124781660924,,,0.7167124781660924,6.462654175172201e-08,2.9272021852250557e-06,,
LCK,SPP1,mRNA,mRNA,mRNA-mRNA,,-0.5381608394017509,,,-0.5381608394017509,0.0001974769198836774,0.0015595613160044267,,
LCK,PTK7,mRNA,mRNA,mRNA-mRNA,,-0.5103056229559886,,,-0.5103056229559886,0.0004722880191390584,0.0032040684998861234,,
LCK,MMP9,mRNA,mRNA,mRNA-mRNA,,0.503981332913748,,,0.503981332913748,0.0005698339441722035,0.003718407940784718,,
LCK,MYCL1,mRNA,mRNA,mRNA-mRNA,,0.36913908026063047,,,0.36913908026063047,0.014850666576982079,0.049825765857412635,,
LIF,PLAUR,mRNA,mRNA,mRNA-mRNA,,0.49390308834934965,,,0.49390308834934965,0.0007629244308419958,0.004662315966256641,,
LIF,TGFBI,mRNA,mRNA,mRNA-mRNA,,0.41381446901295693,,,0.41381446901295693,0.005807557539734101,0.023230230158936403,,
LIF,MMP14,mRNA,mRNA,mRNA-mRNA,,0.38602667635068993,,,0.38602667635068993,0.010566707045214346,0.03784355546425603,,
LIF,PLAT,mRNA,mRNA,mRNA-mRNA,,0.37357365898507705,,,0.37357365898507705,0.013603469200248148,0.04665777854873529,,
MMP1,MMP3,mRNA,mRNA,mRNA-mRNA,,0.4524036848106989,,,0.4524036848106989,0.0023201516622972113,0.011307068227650966,,
MMP1,TNF,mRNA,mRNA,mRNA-mRNA,,0.4514658002616675,,,0.4514658002616675,0.002375491494323572,0.011540242590720192,,
MMP1,MMP14,mRNA,mRNA,mRNA-mRNA,,0.4413684526473673,,,0.4413684526473673,0.0030491107674415737,0.014143465608012119,,
MMP1,PLAUR,mRNA,mRNA,mRNA-mRNA,,0.4351992612159707,,,0.4351992612159707,0.0035385750350071334,0.015980661448419312,,
MMP1,PTK7,mRNA,mRNA,mRNA-mRNA,,0.41306907722851394,,,0.41306907722851394,0.005905406988203701,0.023499552356159432,,
MMP1,PLAT,mRNA,mRNA,mRNA-mRNA,,0.4089645409562386,,,0.4089645409562386,0.006470247339567568,0.025483838626429806,,
MMP1,SPP1,mRNA,mRNA,mRNA-mRNA,,0.3814284457984202,,,0.3814284457984202,0.011612448230517087,0.04092258644163916,,
MMP2,TIMP2,mRNA,mRNA,mRNA-mRNA,,0.7952808897280246,,,0.7952808897280246,1.8842962785259898e-10,3.080089697399566e-08,,
MMP2,PDGFRB,mRNA,mRNA,mRNA-mRNA,,0.7882690778870292,,,0.7882690778870292,3.497175755130694e-10,4.718753981155902e-08,,
MMP2,PDGFRA,mRNA,mRNA,mRNA-mRNA,,0.77054763552528,,,0.77054763552528,1.5129920876649384e-09,1.456254884377503e-07,,
MMP2,TIMP3,mRNA,mRNA,mRNA-mRNA,,0.6968907948357903,,,0.6968907948357903,2.090690353532576e-07,6.757429419668432e-06,,
MMP2,MMP14,mRNA,mRNA,mRNA-mRNA,,0.6247457898289839,,,0.6247457898289839,7.539990719637169e-06,0.00011728874452768932,,
MMP2,PLAT,mRNA,mRNA,mRNA-mRNA,,0.601534164174006,,,0.601534164174006,1.9875188608240654e-05,0.0002488438248511432,,
MMP2,TGFBI,mRNA,mRNA,mRNA-mRNA,,0.542826510704647,,,0.542826510704647,0.0001693604735394632,0.0013873145172913475,,
MMP2,PLAUR,mRNA,mRNA,mRNA-mRNA,,0.4975550833539012,,,0.4975550833539012,0.0006870787303333365,0.004318780590666687,,
MMP2,PLA2G2A,mRNA,mRNA,mRNA-mRNA,,0.4618703378229104,,,0.4618703378229104,0.0018220719618384233,0.009201446066394553,,
MMP2,S100A4,mRNA,mRNA,mRNA-mRNA,,0.4134098213865835,,,0.4134098213865835,0.005860500608337552,0.023381271857098006,,
MMP2,PTHLH,mRNA,mRNA,mRNA-mRNA,,0.4123023343367695,,,0.4123023343367695,0.006007548326851924,0.023844392843690627,,
MMP3,PLAT,mRNA,mRNA,mRNA-mRNA,,0.3691792765398427,,,0.3691792765398427,0.014838940365383491,0.049825765857412635,,
MMP9,TNFRSF1B,mRNA,mRNA,mRNA-mRNA,,0.7114412547558095,,,0.7114412547558095,8.914799780281445e-08,3.6128399109561643e-06,,
MMP9,S100A4,mRNA,mRNA,mRNA-mRNA,,0.47642798895684796,,,0.47642798895684796,0.0012395235982106774,0.006891214228319289,,
MMP9,TGFBI,mRNA,mRNA,mRNA-mRNA,,0.4244594095023525,,,0.4244594095023525,0.004556125994836768,0.019170584787018094,,
MMP14,PLAUR,mRNA,mRNA,mRNA-mRNA,,0.82136711917711,,,0.82136711917711,1.5030474830693087e-11,3.3067044627524792e-09,,
MMP14,PTK7,mRNA,mRNA,mRNA-mRNA,,0.7876889103892004,,,0.7876889103892004,3.6769511541474566e-10,4.718753981155902e-08,,
MMP14,TIMP2,mRNA,mRNA,mRNA-mRNA,,0.7854280270278802,,,0.7854280270278802,4.4636267206104163e-10,5.287680884415416e-08,,
MMP14,PDGFRB,mRNA,mRNA,mRNA-mRNA,,0.7181413456537797,,,0.7181413456537797,5.915680649940582e-08,2.7606509699722714e-06,,
MMP14,TGFBI,mRNA,mRNA,mRNA-mRNA,,0.7098336074237279,,,0.7098336074237279,9.819941494085021e-08,3.7806774752227326e-06,,
MMP14,SPP1,mRNA,mRNA,mRNA-mRNA,,0.6698765011041917,,,0.6698765011041917,8.977215980511537e-07,2.0036105231866328e-05,,
MMP14,PLAT,mRNA,mRNA,mRNA-mRNA,,0.6611142075367061,,,0.6611142075367061,1.395457418189455e-06,2.9438416767284392e-05,,
MMP14,PDGFRA,mRNA,mRNA,mRNA-mRNA,,0.6383925837198478,,,0.6383925837198478,4.107625421292998e-06,7.107576571675525e-05,,
MMP14,TIMP3,mRNA,mRNA,mRNA-mRNA,,0.5564788140792337,,,0.5564788140792337,0.000106632291125166,0.0009659631078397391,,
MMP14,S100A4,mRNA,mRNA,mRNA-mRNA,,0.5392137781650388,,,0.5392137781650388,0.00019078662283094372,0.0015302677039565277,,
MMP14,NOTCH1,mRNA,mRNA,mRNA-mRNA,,0.4913617822896131,,,0.4913617822896131,0.0008200302189671939,0.004971836760667239,,
MPL,TNF,mRNA,mRNA,mRNA-mRNA,,0.4946417011383494,,,0.4946417011383494,0.0007470074028543108,0.00462004578472144,,
MPL,MYCL1,mRNA,mRNA,mRNA-mRNA,,0.47978872286699314,,,0.47978872286699314,0.001131302934149251,0.006428806341659951,,
MPL,NOTCH1,mRNA,mRNA,mRNA-mRNA,,0.4026324633842455,,,0.4026324633842455,0.007433303160956185,0.028421303895958983,,
MYCL1,TGFA,mRNA,mRNA,mRNA-mRNA,,0.6241600371768108,,,0.6241600371768108,7.734147291535179e-06,0.00011910586828964177,,
MYCL1,TNF,mRNA,mRNA,mRNA-mRNA,,0.5139271685119292,,,0.5139271685119292,0.00042344429969606834,0.002950697834986178,,
NOTCH1,PTK7,mRNA,mRNA,mRNA-mRNA,,0.6212151620727583,,,0.6212151620727583,8.781823574348887e-06,0.00013237232896948095,,
NOTCH1,PLAUR,mRNA,mRNA,mRNA-mRNA,,0.5034435178841633,,,0.5034435178841633,0.0005789086996222554,0.0037616852211741487,,
NOTCH1,TGFA,mRNA,mRNA,mRNA-mRNA,,0.4986205531096637,,,0.4986205531096637,0.0006662599703113989,0.004205083419178502,,
NOTCH1,SPP1,mRNA,mRNA,mRNA-mRNA,,0.45372867060075406,,,0.45372867060075406,0.0022439082918796482,0.011005155316861968,,
NOTCH1,S100A4,mRNA,mRNA,mRNA-mRNA,,0.4186621571698095,,,0.4186621571698095,0.005204849706824636,0.021317735501356225,,
PDGFRA,TIMP2,mRNA,mRNA,mRNA-mRNA,,0.7449319353326104,,,0.7449319353326104,1.0137309934182646e-08,7.096116953927853e-07,,
PDGFRA,PDGFRB,mRNA,mRNA,mRNA-mRNA,,0.7294853411245522,,,0.7294853411245522,2.874792552349087e-08,1.6319649681300464e-06,,
PDGFRA,TIMP3,mRNA,mRNA,mRNA-mRNA,,0.6349058640847797,,,0.6349058640847797,4.810606505371574e-06,8.141026393705741e-05,,
PDGFRA,TGFBI,mRNA,mRNA,mRNA-mRNA,,0.5742044690264004,,,0.5742044690264004,5.670153124721553e-05,0.0006063913758382771,,
PDGFRA,S100A4,mRNA,mRNA,mRNA-mRNA,,0.5484058744069543,,,0.5484058744069543,0.00014052309339556194,0.0012022531323842521,,
PDGFRA,PLAT,mRNA,mRNA,mRNA-mRNA,,0.45131499728231655,,,0.45131499728231655,0.0023844973167122525,0.011547565621814053,,
PDGFRA,PLAUR,mRNA,mRNA,mRNA-mRNA,,0.420566044216024,,,0.420566044216024,0.004983465671220567,0.02057516657822969,,
PDGFRA,TNFRSF1B,mRNA,mRNA,mRNA-mRNA,,0.37569413880170105,,,0.37569413880170105,0.013039307132231427,0.044922892580842054,,
PDGFRA,PTHLH,mRNA,mRNA,mRNA-mRNA,,0.3696313162874484,,,0.3696313162874484,0.014707609493560838,0.04956174752753543,,
PDGFRB,TIMP2,mRNA,mRNA,mRNA-mRNA,,0.8282533131580364,,,0.8282533131580364,7.197514471981042e-12,2.216834457370161e-09,,
PDGFRB,PLAT,mRNA,mRNA,mRNA-mRNA,,0.7581704227137884,,,0.7581704227137884,3.9051592851976645e-09,3.1652343680023173e-07,,
PDGFRB,TIMP3,mRNA,mRNA,mRNA-mRNA,,0.7407347094343676,,,0.7407347094343676,1.355361789230159e-08,8.696904814226853e-07,,
PDGFRB,TGFBI,mRNA,mRNA,mRNA-mRNA,,0.6268777819511965,,,0.6268777819511965,6.870542062369569e-06,0.00010796566098009324,,
PDGFRB,PLAUR,mRNA,mRNA,mRNA-mRNA,,0.5388703495848255,,,0.5388703495848255,0.00019294586842344362,0.0015316321514025938,,
PDGFRB,S100A4,mRNA,mRNA,mRNA-mRNA,,0.5366736262030687,,,0.5366736262030687,0.00020728810394168815,0.0016195552671632607,,
PDGFRB,PTHLH,mRNA,mRNA,mRNA-mRNA,,0.46369200860788923,,,0.46369200860788923,0.001737907740521814,0.008891620998018582,,
PDGFRB,PTK7,mRNA,mRNA,mRNA-mRNA,,0.4152539671154932,,,0.4152539671154932,0.005622567214221476,0.022607711514102017,,
PLA2G2A,TIMP3,mRNA,mRNA,mRNA-mRNA,,0.3950598651541566,,,0.3950598651541566,0.008745356370919737,0.03223805118499068,,
PLAT,TIMP2,mRNA,mRNA,mRNA-mRNA,,0.7106048663967299,,,0.7106048663967299,9.375533865865375e-08,3.702133885495558e-06,,
PLAT,TIMP3,mRNA,mRNA,mRNA-mRNA,,0.6868642198066782,,,0.6868642198066782,3.6560396203215116e-07,1.0236910936900233e-05,,
PLAT,TGFBI,mRNA,mRNA,mRNA-mRNA,,0.6860767927934813,,,0.6860767927934813,3.816524951245563e-07,1.0358796333821948e-05,,
PLAT,PLAUR,mRNA,mRNA,mRNA-mRNA,,0.6787949321144551,,,0.6787949321144551,5.643053744341769e-07,1.3794131375057656e-05,,
PLAT,SPP1,mRNA,mRNA,mRNA-mRNA,,0.4825945856279581,,,0.4825945856279581,0.00104747688293177,0.006064339848552354,,
PLAT,S100A4,mRNA,mRNA,mRNA-mRNA,,0.4240615514194386,,,0.4240615514194386,0.004598277669875907,0.01929522509975176,,
PLAT,PTK7,mRNA,mRNA,mRNA-mRNA,,0.38561124015657583,,,0.38561124015657583,0.010657749901857342,0.03808105533378261,,
PLAT,PTHLH,mRNA,mRNA,mRNA-mRNA,,0.3787817530176891,,,0.3787817530176891,0.012253521029346121,0.04269326331491635,,
PLAUR,TGFBI,mRNA,mRNA,mRNA-mRNA,,0.7116760710674942,,,0.7116760710674942,8.789290330282493e-08,3.6128399109561643e-06,,
PLAUR,SPP1,mRNA,mRNA,mRNA-mRNA,,0.6882088809705524,,,0.6882088809705524,3.3963845313077674e-07,9.685985515211042e-06,,
PLAUR,TIMP2,mRNA,mRNA,mRNA-mRNA,,0.6324376538841038,,,0.6324376538841038,5.37349690396954e-06,8.994766556644665e-05,,
PLAUR,PTK7,mRNA,mRNA,mRNA-mRNA,,0.6295935858690375,,,0.6295935858690375,6.096992293017018e-06,9.883545401311798e-05,,
PLAUR,TIMP3,mRNA,mRNA,mRNA-mRNA,,0.6042942805018876,,,0.6042942805018876,1.7782153517376153e-05,0.00022820430347299397,,
PLAUR,S100A4,mRNA,mRNA,mRNA-mRNA,,0.5574361892709504,,,0.5574361892709504,0.00010315001831807664,0.0009399469124842487,,
PLAUR,TGFA,mRNA,mRNA,mRNA-mRNA,,0.4176704784138463,,,0.4176704784138463,0.005323513539619026,0.02168838849474418,,
PTHLH,TIMP3,mRNA,mRNA,mRNA-mRNA,,0.46672277515505545,,,0.46672277515505545,0.001605485616018672,0.008465922260488106,,
PTK7,SPP1,mRNA,mRNA,mRNA-mRNA,,0.7483384026179409,,,0.7483384026179409,7.97544650991914e-09,5.848660773940703e-07,,
PTK7,TIMP2,mRNA,mRNA,mRNA-mRNA,,0.5613866710748445,,,0.5613866710748445,8.984639093516406e-05,0.0008757179875959029,,
PTK7,TGFA,mRNA,mRNA,mRNA-mRNA,,0.3912375486104896,,,0.3912375486104896,0.009480100866625414,0.0342707871704299,,
PTK7,TNFRSF1B,mRNA,mRNA,mRNA-mRNA,,-0.3705043786288942,,,-0.3705043786288942,0.014456749452521208,0.04893053660853332,,
PTK7,TGFBI,mRNA,mRNA,mRNA-mRNA,,0.3689079759251263,,,0.3689079759251263,0.014918237823144448,0.04994366575574446,,
S100A4,TIMP3,mRNA,mRNA,mRNA-mRNA,,0.6392831007333201,,,0.6392831007333201,3.9439457078708375e-06,6.901904988773966e-05,,
S100A4,TGFBI,mRNA,mRNA,mRNA-mRNA,,0.6290045108090252,,,0.6290045108090252,6.257627976633086e-06,0.00010038278212515575,,
S100A4,TNFRSF1B,mRNA,mRNA,mRNA-mRNA,,0.5589364866139153,,,0.5589364866139153,9.790026146641783e-05,0.0009082313413149607,,
S100A4,TIMP2,mRNA,mRNA,mRNA-mRNA,,0.49984386047483964,,,0.49984386047483964,0.0006430545848851192,0.004092165540178031,,
SPP1,TGFBI,mRNA,mRNA,mRNA-mRNA,,0.49039125359166214,,,0.49039125359166214,0.0008428265817734462,0.005070128655980888,,
SPP1,TIMP2,mRNA,mRNA,mRNA-mRNA,,0.45591232040179575,,,0.45591232040179575,0.0021230690570733447,0.01051294645624743,,
TGFBI,TIMP2,mRNA,mRNA,mRNA-mRNA,,0.7153195949367334,,,0.7153195949367334,7.040884627733139e-08,3.097989236202581e-06,,
TGFBI,TIMP3,mRNA,mRNA,mRNA-mRNA,,0.6960073481420869,,,0.6960073481420869,2.1982036839466836e-07,6.908640149546721e-06,,
TGFBI,TNFRSF1B,mRNA,mRNA,mRNA-mRNA,,0.5154513273994925,,,0.5154513273994925,0.00040428236956562393,0.002869100687239912,,
TIMP2,TIMP3,mRNA,mRNA,mRNA-mRNA,,0.6853960186306951,,,0.6853960186306951,3.9605174129900815e-07,1.0515856579318493e-05,,
TIMP3,TNFRSF1B,mRNA,mRNA,mRNA-mRNA,,0.4260178898312999,,,0.4260178898312999,0.004394237563850935,0.018745006975764044,,
TNF,WFDC2,mRNA,mRNA,mRNA-mRNA,,0.4473413297396874,,,0.4473413297396874,0.0026328989794325262,0.012475890548695663,,
