source,target,source_type,target_type,edge_type,regulatory_type,weight,mi_value,mi,pearson_r,pearson_p,pearson_p_fdr,miRDB_score,comparison
hsa-let-7c,hsa-miR-199a-5p,miRNA,miRNA,miRNA-miRNA,,0.933106310476975,,,0.933106310476975,7.285323784064933e-15,6.483938167817791e-13,,
hsa-let-7c,hsa-miR-195,miRNA,miRNA,miRNA-miRNA,,0.9029933058684388,,,0.9029933058684388,1.5654433897286772e-12,4.097778284878008e-11,,
hsa-let-7c,hsa-miR-497,miRNA,miRNA,miRNA-miRNA,,0.9010313651208616,,,0.9010313651208616,2.085596018593363e-12,5.104067427074429e-11,,
hsa-let-7c,hsa-miR-99a,miRNA,miRNA,miRNA-miRNA,,0.8949560573901142,,,0.8949560573901142,4.888748049792517e-12,1.0393196109725802e-10,,
hsa-let-7c,hsa-let-7f,miRNA,miRNA,miRNA-miRNA,,0.8933189117494051,,,0.8933189117494051,6.096051482838394e-12,1.2520351891675778e-10,,
hsa-let-7c,hsa-miR-98,miRNA,miRNA,miRNA-miRNA,,0.8773723966449678,,,0.8773723966449678,4.412481877794487e-11,6.157487777201019e-10,,
hsa-let-7c,hsa-miR-490-3p,miRNA,miRNA,miRNA-miRNA,,0.8759574064806293,,,0.8759574064806293,5.189869092223735e-11,7.022103281877047e-10,,
hsa-let-7c,hsa-miR-509-3p,miRNA,miRNA,miRNA-miRNA,,0.8664680545168528,,,0.8664680545168528,1.4678885387595878e-10,1.689337240727629e-09,,
hsa-let-7c,hsa-miR-29b,miRNA,miRNA,miRNA-miRNA,,0.8530045129412027,,,0.8530045129412027,5.643750690399979e-10,5.11615517175376e-09,,
hsa-let-7c,hsa-miR-27a,miRNA,miRNA,miRNA-miRNA,,0.8529997723627313,,,0.8529997723627313,5.646293597790666e-10,5.11615517175376e-09,,
hsa-let-7c,hsa-miR-26b,miRNA,miRNA,miRNA-miRNA,,0.850808545327865,,,0.850808545327865,6.941771367650091e-10,6.057035801184883e-09,,
hsa-let-7c,hsa-let-7g,miRNA,miRNA,miRNA-miRNA,,0.8497180400753086,,,0.8497180400753086,7.683970984245199e-10,6.533822461125695e-09,,
hsa-let-7c,hsa-miR-10b,miRNA,miRNA,miRNA-miRNA,,0.8424743208069564,,,0.8424743208069564,1.479458971379996e-09,1.126470186383438e-08,,
hsa-let-7c,hsa-miR-216a,miRNA,miRNA,miRNA-miRNA,,0.8314336647778623,,,0.8314336647778623,3.7799717332027194e-09,2.4696226413502272e-08,,
hsa-let-7c,hsa-miR-151-3p,miRNA,miRNA,miRNA-miRNA,,0.8301123286385624,,,0.8301123286385624,4.210019134242624e-09,2.7021036270259152e-08,,
hsa-let-7c,hsa-miR-484,miRNA,miRNA,miRNA-miRNA,,0.8286571956103456,,,0.8286571956103456,4.735429525447338e-09,2.9819803851283946e-08,,
hsa-let-7c,hsa-miR-148a,miRNA,miRNA,miRNA-miRNA,,0.8167797337766242,,,0.8167797337766242,1.1891900031318725e-08,6.63329521245564e-08,,
hsa-let-7c,hsa-miR-93,miRNA,miRNA,miRNA-miRNA,,0.8157784362092981,,,0.8157784362092981,1.2812984483054408e-08,6.991281042865518e-08,,
hsa-let-7c,hsa-miR-186,miRNA,miRNA,miRNA-miRNA,,0.8052184219585715,,,0.8052184219585715,2.7410830423000924e-08,1.3147350400493257e-07,,
hsa-let-7c,hsa-miR-24,miRNA,miRNA,miRNA-miRNA,,0.8035752405603966,,,0.8035752405603966,3.0727176076397704e-08,1.4443936641546102e-07,,
hsa-let-7c,hsa-miR-20a+hsa-miR-20b,miRNA,miRNA,miRNA-miRNA,,0.7961727668854218,,,0.7961727668854218,5.074291906077646e-08,2.2234725474661893e-07,,
hsa-let-7c,hsa-miR-374a,miRNA,miRNA,miRNA-miRNA,,0.7937275473809912,,,0.7937275473809912,5.962111844292211e-08,2.532158847973521e-07,,
hsa-let-7c,hsa-let-7i,miRNA,miRNA,miRNA-miRNA,,0.7915034881386636,,,0.7915034881386636,6.89109044739441e-08,2.8688999211865504e-07,,
hsa-let-7c,hsa-miR-200a,miRNA,miRNA,miRNA-miRNA,,0.7850347960119467,,,0.7850347960119467,1.0399147229172941e-07,4.0672445950036746e-07,,
hsa-let-7c,hsa-miR-708,miRNA,miRNA,miRNA-miRNA,,0.7775934540188845,,,0.7775934540188845,1.6414312581007758e-07,6.020084421880592e-07,,
hsa-let-7c,hsa-miR-374b,miRNA,miRNA,miRNA-miRNA,,0.7761091354066256,,,0.7761091354066256,1.794171799075049e-07,6.485442998407424e-07,,
hsa-let-7c,hsa-miR-25,miRNA,miRNA,miRNA-miRNA,,0.7751011422428263,,,0.7751011422428263,1.905196459718341e-07,6.837196972376304e-07,,
hsa-let-7c,hsa-miR-429,miRNA,miRNA,miRNA-miRNA,,0.7714864666390362,,,0.7714864666390362,2.3570408355760514e-07,8.123879988366684e-07,,
hsa-let-7c,hsa-miR-101,miRNA,miRNA,miRNA-miRNA,,0.7689922510153127,,,0.7689922510153127,2.723823758980371e-07,9.159457728561196e-07,,
hsa-let-7c,hsa-miR-455-5p,miRNA,miRNA,miRNA-miRNA,,0.7664319112982444,,,0.7664319112982444,3.1539616409111077e-07,1.0461152064446873e-06,,
hsa-let-7c,hsa-miR-1308,miRNA,miRNA,miRNA-miRNA,,0.7541214773084072,,,0.7541214773084072,6.22653593407986e-07,1.8834800918421328e-06,,
hsa-let-7c,hsa-miR-1979,miRNA,miRNA,miRNA-miRNA,,0.7531971060840658,,,0.7531971060840658,6.542401004426451e-07,1.97158134106305e-06,,
hsa-let-7c,hsa-miR-2117,miRNA,miRNA,miRNA-miRNA,,0.7427590740982141,,,0.7427590740982141,1.1275456644873851e-06,3.1846406109111268e-06,,
hsa-let-7c,hsa-miR-145,miRNA,miRNA,miRNA-miRNA,,0.7203295346820786,,,0.7203295346820786,3.3440702974241975e-06,8.231715759793431e-06,,
hsa-let-7c,hsa-miR-19b,miRNA,miRNA,miRNA-miRNA,,0.7201367359623498,,,0.7201367359623498,3.373948717251072e-06,8.272065948417146e-06,,
hsa-let-7c,hsa-miR-494 (+++ See note below),miRNA,miRNA,miRNA-miRNA,,0.7169751801385736,,,0.7169751801385736,3.899776459281339e-06,9.374912796771767e-06,,
hsa-let-7c,hsa-miR-15a,miRNA,miRNA,miRNA-miRNA,,0.7150472021155284,,,0.7150472021155284,4.255887090660711e-06,1.0079732583143788e-05,,
hsa-let-7c,hsa-miR-548g,miRNA,miRNA,miRNA-miRNA,,0.7137880382679771,,,0.7137880382679771,4.50413164546568e-06,1.06112042588765e-05,,
hsa-let-7c,hsa-miR-15b,miRNA,miRNA,miRNA-miRNA,,0.7114222163120257,,,0.7114222163120257,5.006382466928644e-06,1.1650529796658465e-05,,
hsa-let-7c,hsa-miR-532-5p,miRNA,miRNA,miRNA-miRNA,,0.7111290219605709,,,0.7111290219605709,5.072040519648487e-06,1.1789624074980958e-05,,
hsa-let-7c,hsa-miR-154,miRNA,miRNA,miRNA-miRNA,,0.6990881042107303,,,0.6990881042107303,8.54692627739807e-06,1.8694942512823197e-05,,
hsa-let-7c,hsa-miR-130b,miRNA,miRNA,miRNA-miRNA,,0.6958005613185685,,,0.6958005613185685,9.812878149934744e-06,2.1186294873578785e-05,,
hsa-let-7c,hsa-miR-16 (+++ See note below),miRNA,miRNA,miRNA-miRNA,,0.6956268324358253,,,0.6956268324358253,9.884269238660123e-06,2.131744658095519e-05,,
hsa-let-7c,hsa-miR-125b,miRNA,miRNA,miRNA-miRNA,,0.6954473219539596,,,0.6954473219539596,9.958529527950141e-06,2.1442962773892642e-05,,
hsa-let-7c,hsa-miR-106a+hsa-miR-17,miRNA,miRNA,miRNA-miRNA,,0.6920944904072653,,,0.6920944904072653,1.1441605978041373e-05,2.4288090149648778e-05,,
hsa-let-7c,hsa-miR-96,miRNA,miRNA,miRNA-miRNA,,0.6900092827336253,,,0.6900092827336253,1.2461892797604055e-05,2.6218356185307084e-05,,
hsa-let-7c,hsa-miR-146a,miRNA,miRNA,miRNA-miRNA,,0.6828065326280334,,,0.6828065326280334,1.6650499330164478e-05,3.3831555198684785e-05,,
hsa-let-7f,hsa-miR-27a,miRNA,miRNA,miRNA-miRNA,,0.940906105925153,,,0.940906105925153,1.1958582509992105e-15,1.3811230739203226e-13,,
hsa-let-7f,hsa-miR-26b,miRNA,miRNA,miRNA-miRNA,,0.9332119419280396,,,0.9332119419280396,7.119739458223261e-15,6.48058102958731e-13,,
hsa-let-7f,hsa-miR-98,miRNA,miRNA,miRNA-miRNA,,0.9243219203856905,,,0.9243219203856905,4.368877342278119e-14,2.3968977747703927e-12,,
hsa-let-7f,hsa-miR-374b,miRNA,miRNA,miRNA-miRNA,,0.9148679870420026,,,0.9148679870420026,2.3948139683017317e-13,9.88786592066849e-12,,
hsa-let-7f,hsa-miR-497,miRNA,miRNA,miRNA-miRNA,,0.9073250592303764,,,0.9073250592303764,8.127063948714216e-13,2.555615895377013e-11,,
hsa-let-7f,hsa-miR-490-3p,miRNA,miRNA,miRNA-miRNA,,0.9067374556449774,,,0.9067374556449774,8.899409210618758e-13,2.6798596908667762e-11,,
hsa-let-7f,hsa-miR-195,miRNA,miRNA,miRNA-miRNA,,0.9043576403145555,,,0.9043576403145555,1.2776966355764524e-12,3.529086224471512e-11,,
hsa-let-7f,hsa-miR-200a,miRNA,miRNA,miRNA-miRNA,,0.9017206112568291,,,0.9017206112568291,1.8869365564270092e-12,4.712495442982639e-11,,
hsa-let-7f,hsa-miR-484,miRNA,miRNA,miRNA-miRNA,,0.898278820410135,,,0.898278820410135,3.0883577271252724e-12,6.871595942853731e-11,,
hsa-let-7f,hsa-miR-374a,miRNA,miRNA,miRNA-miRNA,,0.895970222446807,,,0.895970222446807,4.256260401357038e-12,9.164689735180074e-11,,
hsa-let-7f,hsa-miR-20a+hsa-miR-20b,miRNA,miRNA,miRNA-miRNA,,0.890690397825492,,,0.890690397825492,8.624705113457037e-12,1.6612841581540585e-10,,
hsa-let-7f,hsa-miR-148a,miRNA,miRNA,miRNA-miRNA,,0.8905140837327268,,,0.8905140837327268,8.825012566289503e-12,1.6911088673679167e-10,,
hsa-let-7f,hsa-miR-24,miRNA,miRNA,miRNA-miRNA,,0.8860446159361616,,,0.8860446159361616,1.559420988976543e-11,2.669009000363699e-10,,
hsa-let-7f,hsa-miR-93,miRNA,miRNA,miRNA-miRNA,,0.8848724526782188,,,0.8848724526782188,1.8034758323871387e-11,3.009550295296038e-10,,
hsa-let-7f,hsa-miR-199a-5p,miRNA,miRNA,miRNA-miRNA,,0.8845279730500292,,,0.8845279730500292,1.8816498453694294e-11,3.090853886193174e-10,,
hsa-let-7f,hsa-miR-99a,miRNA,miRNA,miRNA-miRNA,,0.8777424627390423,,,0.8777424627390423,4.227747864407968e-11,6.00430148828153e-10,,
hsa-let-7f,hsa-let-7g,miRNA,miRNA,miRNA-miRNA,,0.8747972346245333,,,0.8747972346245333,5.919747937542737e-11,7.80329061028261e-10,,
hsa-let-7f,hsa-miR-455-5p,miRNA,miRNA,miRNA-miRNA,,0.8742256831664543,,,0.8742256831664543,6.313195379958306e-11,8.235943810010755e-10,,
hsa-let-7f,hsa-miR-186,miRNA,miRNA,miRNA-miRNA,,0.8726768779758826,,,0.8726768779758826,7.504176622493924e-11,9.510831447179798e-10,,
hsa-let-7f,hsa-miR-29b,miRNA,miRNA,miRNA-miRNA,,0.8695450912565443,,,0.8695450912565443,1.0571461252138214e-10,1.2868906478666732e-09,,
hsa-let-7f,hsa-let-7i,miRNA,miRNA,miRNA-miRNA,,0.8685994000568875,,,0.8685994000568875,1.1703829330012853e-10,1.3950546567470677e-09,,
hsa-let-7f,hsa-miR-509-3p,miRNA,miRNA,miRNA-miRNA,,0.8642094022109812,,,0.8642094022109812,1.8583016053227644e-10,2.027928591094733e-09,,
hsa-let-7f,hsa-miR-429,miRNA,miRNA,miRNA-miRNA,,0.8553939697886102,,,0.8553939697886102,4.488309561286341e-10,4.352464840908425e-09,,
hsa-let-7f,hsa-miR-1979,miRNA,miRNA,miRNA-miRNA,,0.8406698576313923,,,0.8406698576313923,1.7328943776525457e-09,1.2804874506454698e-08,,
hsa-let-7f,hsa-miR-532-5p,miRNA,miRNA,miRNA-miRNA,,0.8380429002989958,,,0.8380429002989958,2.1739240259028733e-09,1.5519724997755807e-08,,
hsa-let-7f,hsa-miR-101,miRNA,miRNA,miRNA-miRNA,,0.8358236615276382,,,0.8358236615276382,2.6247472547440587e-09,1.8218566300259885e-08,,
hsa-let-7f,hsa-miR-96,miRNA,miRNA,miRNA-miRNA,,0.8173488189083175,,,0.8173488189083175,1.1395938330973662e-08,6.410215311172685e-08,,
hsa-let-7f,hsa-miR-19b,miRNA,miRNA,miRNA-miRNA,,0.8168332478008681,,,0.8168332478008681,1.1844430752017696e-08,6.62527167064677e-08,,
hsa-let-7f,hsa-miR-151-3p,miRNA,miRNA,miRNA-miRNA,,0.8119224140676023,,,0.8119224140676023,1.7006959683423827e-08,8.892020043356714e-08,,
hsa-let-7f,hsa-miR-146a,miRNA,miRNA,miRNA-miRNA,,0.8059323403748127,,,0.8059323403748127,2.6075152418998806e-08,1.272271789525178e-07,,
hsa-let-7f,hsa-miR-340,miRNA,miRNA,miRNA-miRNA,,0.8049239118339049,,,0.8049239118339049,2.7979911432732984e-08,1.332455948728842e-07,,
hsa-let-7f,hsa-miR-107,miRNA,miRNA,miRNA-miRNA,,0.8044634249107735,,,0.8044634249107735,2.889148398440658e-08,1.3661203466062378e-07,,
hsa-let-7f,hsa-miR-15a,miRNA,miRNA,miRNA-miRNA,,0.8010113589029326,,,0.8010113589029326,3.664368776712202e-08,1.6791529691913466e-07,,
hsa-let-7f,hsa-miR-216a,miRNA,miRNA,miRNA-miRNA,,0.7919094607084968,,,0.7919094607084968,6.712200741225339e-08,2.809024448130354e-07,,
hsa-let-7f,hsa-miR-548g,miRNA,miRNA,miRNA-miRNA,,0.7917940826537705,,,0.7917940826537705,6.762603395780515e-08,2.8257462661749186e-07,,
hsa-let-7f,hsa-miR-106a+hsa-miR-17,miRNA,miRNA,miRNA-miRNA,,0.7900216703856342,,,0.7900216703856342,7.581785018790152e-08,3.120765570426985e-07,,
hsa-let-7f,hsa-miR-154,miRNA,miRNA,miRNA-miRNA,,0.7873389437673055,,,0.7873389437673055,8.99588272837768e-08,3.6319062829790934e-07,,
hsa-let-7f,hsa-miR-130b,miRNA,miRNA,miRNA-miRNA,,0.7863799239203884,,,0.7863799239203884,9.557384830985597e-08,3.8086891789151555e-07,,
hsa-let-7f,hsa-miR-128,miRNA,miRNA,miRNA-miRNA,,0.7768614858359089,,,0.7768614858359089,1.7151989371919685e-07,6.255723166124848e-07,,
hsa-let-7f,hsa-miR-200b,miRNA,miRNA,miRNA-miRNA,,0.7730573473247255,,,0.7730573473247255,2.1498365024537442e-07,7.526306986300039e-07,,
hsa-let-7f,hsa-miR-25,miRNA,miRNA,miRNA-miRNA,,0.7723335233439735,,,0.7723335233439735,2.243147298956985e-07,7.805217143633991e-07,,
hsa-let-7f,hsa-miR-10b,miRNA,miRNA,miRNA-miRNA,,0.7700724115391258,,,0.7700724115391258,2.5590139843496793e-07,8.667188487963585e-07,,
hsa-let-7f,hsa-miR-708,miRNA,miRNA,miRNA-miRNA,,0.7692457023079152,,,0.7692457023079152,2.6843040639254616e-07,9.034149391614684e-07,,
hsa-let-7f,hsa-miR-106b,miRNA,miRNA,miRNA-miRNA,,0.7545203289212716,,,0.7545203289212716,6.094594483760489e-07,1.8477555569614502e-06,,
hsa-let-7f,hsa-miR-1308,miRNA,miRNA,miRNA-miRNA,,0.7539673044367965,,,0.7539673044367965,6.278231523120508e-07,1.8976843207620858e-06,,
hsa-let-7f,hsa-miR-454,miRNA,miRNA,miRNA-miRNA,,0.7513899409844006,,,0.7513899409844006,7.202523490041751e-07,2.1510892302473685e-06,,
hsa-let-7f,hsa-miR-660,miRNA,miRNA,miRNA-miRNA,,0.7472356469368047,,,0.7472356469368047,8.956476710742561e-07,2.606881484485753e-06,,
hsa-let-7f,hsa-miR-16 (+++ See note below),miRNA,miRNA,miRNA-miRNA,,0.7445420516670519,,,0.7445420516670519,1.0293197825383132e-06,2.9414734296788243e-06,,
hsa-let-7f,hsa-miR-2117,miRNA,miRNA,miRNA-miRNA,,0.7310063941486158,,,0.7310063941486158,2.019739656795698e-06,5.311265479623618e-06,,
hsa-let-7f,hsa-miR-145,miRNA,miRNA,miRNA-miRNA,,0.7293198094005211,,,0.7293198094005211,2.1905901825033853e-06,5.7155137986488976e-06,,
hsa-let-7f,hsa-miR-9,miRNA,miRNA,miRNA-miRNA,,0.7235592748231551,,,0.7235592748231551,2.8779888272779653e-06,7.2356216279022294e-06,,
hsa-let-7f,hsa-miR-142-5p,miRNA,miRNA,miRNA-miRNA,,0.7206971362921653,,,0.7206971362921653,3.2877673189055535e-06,8.113067228722577e-06,,
hsa-let-7f,hsa-miR-135b,miRNA,miRNA,miRNA-miRNA,,0.719603187589276,,,0.719603187589276,3.4579020996080986e-06,8.439304027379911e-06,,
hsa-let-7f,hsa-miR-425,miRNA,miRNA,miRNA-miRNA,,0.719534477621273,,,0.719534477621273,3.4688503304038322e-06,8.460868193220067e-06,,
hsa-let-7f,hsa-miR-127-3p,miRNA,miRNA,miRNA-miRNA,,0.7171519797208286,,,0.7171519797208286,3.868514401010659e-06,9.310937605797891e-06,,
hsa-let-7f,hsa-miR-125b,miRNA,miRNA,miRNA-miRNA,,0.7158305914203749,,,0.7158305914203749,4.107775975009566e-06,9.804316316992439e-06,,
hsa-let-7f,hsa-miR-15b,miRNA,miRNA,miRNA-miRNA,,0.7132573775234999,,,0.7132573775234999,4.6126311325794065e-06,1.0834948789431391e-05,,
hsa-let-7f,hsa-miR-155,miRNA,miRNA,miRNA-miRNA,,0.7062979620904339,,,0.7062979620904339,6.27258610253568e-06,1.4314363157068603e-05,,
hsa-let-7f,hsa-miR-1274a,miRNA,miRNA,miRNA-miRNA,,0.7057354966276874,,,0.7057354966276874,6.4279208717368855e-06,1.461886603708474e-05,,
hsa-let-7f,hsa-miR-663b,miRNA,miRNA,miRNA-miRNA,,0.7052243378829938,,,0.7052243378829938,6.572101159831808e-06,1.4896018757853079e-05,,
hsa-let-7f,hsa-miR-141,miRNA,miRNA,miRNA-miRNA,,0.7044470874861515,,,0.7044470874861515,6.796958472061168e-06,1.532760060844875e-05,,
hsa-let-7f,hsa-miR-203,miRNA,miRNA,miRNA-miRNA,,0.7035264026411787,,,0.7035264026411787,7.072316232187041e-06,1.5894852137996126e-05,,
hsa-let-7f,hsa-miR-21,miRNA,miRNA,miRNA-miRNA,,0.7011398129054632,,,0.7011398129054632,7.833780526941719e-06,1.739151386385897e-05,,
hsa-let-7f,hsa-miR-200c,miRNA,miRNA,miRNA-miRNA,,0.6849640731512326,,,0.6849640731512326,1.5279179666532737e-05,3.142943737260586e-05,,
hsa-let-7f,hsa-miR-194,miRNA,miRNA,miRNA-miRNA,,0.6816018301466453,,,0.6816018301466453,1.7463644742813553e-05,3.526466292408056e-05,,
hsa-let-7g,hsa-let-7i,miRNA,miRNA,miRNA-miRNA,,0.9685333826216652,,,0.9685333826216652,1.1288782658360391e-19,1.130289363668334e-16,,
hsa-let-7g,hsa-miR-195,miRNA,miRNA,miRNA-miRNA,,0.9613575503103227,,,0.9613575503103227,2.344719778340647e-18,1.0434003013615878e-15,,
hsa-let-7g,hsa-miR-148a,miRNA,miRNA,miRNA-miRNA,,0.9565144493724733,,,0.9565144493724733,1.3342472142700599e-17,4.110507763962762e-15,,
hsa-let-7g,hsa-miR-497,miRNA,miRNA,miRNA-miRNA,,0.9530447094922291,,,0.9530447094922291,4.123235228147731e-17,9.174198382628701e-15,,
hsa-let-7g,hsa-miR-186,miRNA,miRNA,miRNA-miRNA,,0.9484141536707364,,,0.9484141536707364,1.6384609243702472e-16,2.5238600008087848e-14,,
hsa-let-7g,hsa-miR-26b,miRNA,miRNA,miRNA-miRNA,,0.9442790689859154,,,0.9442790689859154,5.066178030726236e-16,6.763347671019526e-14,,
hsa-let-7g,hsa-miR-24,miRNA,miRNA,miRNA-miRNA,,0.9431296005556277,,,0.9431296005556277,6.828717954502825e-16,8.822263034768972e-14,,
hsa-let-7g,hsa-miR-20a+hsa-miR-20b,miRNA,miRNA,miRNA-miRNA,,0.941387714004354,,,0.941387714004354,1.061157577581714e-15,1.2878594237014438e-13,,
hsa-let-7g,hsa-miR-19b,miRNA,miRNA,miRNA-miRNA,,0.936723594465107,,,0.936723594465107,3.2427582094180693e-15,3.246811657179842e-13,,
hsa-let-7g,hsa-miR-374b,miRNA,miRNA,miRNA-miRNA,,0.9273104603143638,,,0.9273104603143638,2.436151439913596e-14,1.5010440795159925e-12,,
hsa-let-7g,hsa-miR-29b,miRNA,miRNA,miRNA-miRNA,,0.9250265340339752,,,0.9250265340339752,3.815133202330465e-14,2.2073462337149933e-12,,
hsa-let-7g,hsa-miR-25,miRNA,miRNA,miRNA-miRNA,,0.924036271502092,,,0.924036271502092,4.613919002755467e-14,2.4638327474714195e-12,,
hsa-let-7g,hsa-miR-99a,miRNA,miRNA,miRNA-miRNA,,0.915528485550574,,,0.915528485550574,2.1403678455432651e-13,9.172286059529898e-12,,
hsa-let-7g,hsa-miR-16 (+++ See note below),miRNA,miRNA,miRNA-miRNA,,0.914795770933707,,,0.914795770933707,2.4242735431778904e-13,9.907362796354541e-12,,
hsa-let-7g,hsa-miR-151-3p,miRNA,miRNA,miRNA-miRNA,,0.9122533952611631,,,0.9122533952611631,3.703262767666847e-13,1.4125302270957829e-11,,
hsa-let-7g,hsa-miR-15a,miRNA,miRNA,miRNA-miRNA,,0.9113952170743963,,,0.9113952170743963,4.2603168919786875e-13,1.5798675141087632e-11,,
hsa-let-7g,hsa-miR-374a,miRNA,miRNA,miRNA-miRNA,,0.9106966207682408,,,0.9106966207682408,4.770128480513139e-13,1.6906517313677098e-11,,
hsa-let-7g,hsa-miR-27a,miRNA,miRNA,miRNA-miRNA,,0.908592115857486,,,0.908592115857486,6.668350992649148e-13,2.2255621437966532e-11,,
hsa-let-7g,hsa-miR-93,miRNA,miRNA,miRNA-miRNA,,0.9080072440955571,,,0.9080072440955571,7.308538658334348e-13,2.3797314899698427e-11,,
hsa-let-7g,hsa-miR-101,miRNA,miRNA,miRNA-miRNA,,0.904454827202067,,,0.904454827202067,1.2591979320681765e-12,3.5021442485646156e-11,,
hsa-let-7g,hsa-miR-199a-5p,miRNA,miRNA,miRNA-miRNA,,0.9041502663825722,,,0.9041502663825722,1.3180138252402032e-12,3.5427150134812174e-11,,
hsa-let-7g,hsa-miR-10b,miRNA,miRNA,miRNA-miRNA,,0.9010166041501779,,,0.9010166041501779,2.090055076255197e-12,5.104067427074429e-11,,
hsa-let-7g,hsa-miR-15b,miRNA,miRNA,miRNA-miRNA,,0.8987239895442882,,,0.8987239895442882,2.9005744692767262e-12,6.526292555872634e-11,,
hsa-let-7g,hsa-miR-532-5p,miRNA,miRNA,miRNA-miRNA,,0.8799797592648986,,,0.8799797592648986,3.254837390612266e-11,4.810193265462039e-10,,
hsa-let-7g,hsa-miR-484,miRNA,miRNA,miRNA-miRNA,,0.8767140723138006,,,0.8767140723138006,4.7596801222553684e-11,6.528259893709846e-10,,
hsa-let-7g,hsa-miR-98,miRNA,miRNA,miRNA-miRNA,,0.8616937177910496,,,0.8616937177910496,2.40473458351491e-10,2.52781155038772e-09,,
hsa-let-7g,hsa-miR-21,miRNA,miRNA,miRNA-miRNA,,0.8603242050284029,,,0.8603242050284029,2.7611956223306017e-10,2.8355355044702715e-09,,
hsa-let-7g,hsa-miR-125b,miRNA,miRNA,miRNA-miRNA,,0.8557402820479223,,,0.8557402820479223,4.3402746657020224e-10,4.229391736286278e-09,,
hsa-let-7g,hsa-miR-340,miRNA,miRNA,miRNA-miRNA,,0.8543240423717129,,,0.8543240423717129,4.975614015010071e-10,4.677777964815807e-09,,
hsa-let-7g,hsa-miR-150,miRNA,miRNA,miRNA-miRNA,,0.8531374503300205,,,0.8531374503300205,5.572870237097322e-10,5.0841333256434565e-09,,
hsa-let-7g,hsa-miR-1979,miRNA,miRNA,miRNA-miRNA,,0.8496504982614523,,,0.8496504982614523,7.732263964914384e-10,6.560957029551294e-09,,
hsa-let-7g,hsa-miR-106b,miRNA,miRNA,miRNA-miRNA,,0.8495418553563742,,,0.8495418553563742,7.810532312688839e-10,6.613357698164652e-09,,
hsa-let-7g,hsa-miR-146a,miRNA,miRNA,miRNA-miRNA,,0.8415517561136884,,,0.8415517561136884,1.6044177289914809e-09,1.2033132967436107e-08,,
hsa-let-7g,hsa-miR-490-3p,miRNA,miRNA,miRNA-miRNA,,0.8410821146650685,,,0.8410821146650685,1.671699922247638e-09,1.246770612402568e-08,,
hsa-let-7g,hsa-miR-660,miRNA,miRNA,miRNA-miRNA,,0.8316309074617273,,,0.8316309074617273,3.719364500197709e-09,2.4459860136768187e-08,,
hsa-let-7g,hsa-miR-1308,miRNA,miRNA,miRNA-miRNA,,0.8271719016921685,,,0.8271719016921685,5.333418272741603e-09,3.3116806484232744e-08,,
hsa-let-7g,hsa-miR-455-5p,miRNA,miRNA,miRNA-miRNA,,0.8260750329624547,,,0.8260750329624547,5.818811585840675e-09,3.563354801420781e-08,,
hsa-let-7g,hsa-miR-96,miRNA,miRNA,miRNA-miRNA,,0.8252043157316125,,,0.8252043157316125,6.232719443327776e-09,3.770701113372771e-08,,
hsa-let-7g,hsa-miR-154,miRNA,miRNA,miRNA-miRNA,,0.8112483317527485,,,0.8112483317527485,1.7858207919325105e-08,9.260956988748101e-08,,
hsa-let-7g,hsa-miR-130b,miRNA,miRNA,miRNA-miRNA,,0.7958087292987939,,,0.7958087292987939,5.198283412990318e-08,2.2703516978218347e-07,,
hsa-let-7g,hsa-miR-425,miRNA,miRNA,miRNA-miRNA,,0.7932996147676955,,,0.7932996147676955,6.131395378430186e-08,2.5903205158874363e-07,,
hsa-let-7g,hsa-miR-509-3p,miRNA,miRNA,miRNA-miRNA,,0.7802993885187975,,,0.7802993885187975,1.3932240928988825e-07,5.234392581669817e-07,,
hsa-let-7g,hsa-miR-107,miRNA,miRNA,miRNA-miRNA,,0.7718525366532059,,,0.7718525366532059,2.3071862029237099e-07,8.007175686923274e-07,,
hsa-let-7g,hsa-miR-106a+hsa-miR-17,miRNA,miRNA,miRNA-miRNA,,0.7715568902059199,,,0.7715568902059199,2.347374072372688e-07,8.097530714774e-07,,
hsa-let-7g,hsa-miR-429,miRNA,miRNA,miRNA-miRNA,,0.7623518773228609,,,0.7623518773228609,3.969155242605618e-07,1.2768246382839759e-06,,
hsa-let-7g,hsa-miR-200b,miRNA,miRNA,miRNA-miRNA,,0.7622575725806305,,,0.7622575725806305,3.990088552816109e-07,1.282528463405178e-06,,
hsa-let-7g,hsa-miR-135b,miRNA,miRNA,miRNA-miRNA,,0.747988949058528,,,0.747988949058528,8.612080634482759e-07,2.5249914305346595e-06,,
hsa-let-7g,hsa-miR-200a,miRNA,miRNA,miRNA-miRNA,,0.7478373004002928,,,0.7478373004002928,8.680425005974447e-07,2.541308636617519e-06,,
hsa-let-7g,hsa-miR-1975,miRNA,miRNA,miRNA-miRNA,,0.7413062703244101,,,0.7413062703244101,1.2138150364354508e-06,3.399530923723063e-06,,
hsa-let-7g,hsa-miR-663b,miRNA,miRNA,miRNA-miRNA,,0.7395911915907905,,,0.7395911915907905,1.3233741679495238e-06,3.6414613412545724e-06,,
hsa-let-7g,hsa-miR-128,miRNA,miRNA,miRNA-miRNA,,0.7267288424363378,,,0.7267288424363378,2.4787728410839125e-06,6.376034186603128e-06,,
hsa-let-7g,hsa-miR-155,miRNA,miRNA,miRNA-miRNA,,0.7235110466231408,,,0.7235110466231408,2.88449048504007e-06,7.24741806310256e-06,,
hsa-let-7g,hsa-miR-145,miRNA,miRNA,miRNA-miRNA,,0.7178256755403657,,,0.7178256755403657,3.751464146620549e-06,9.072834485033394e-06,,
hsa-let-7g,hsa-miR-454,miRNA,miRNA,miRNA-miRNA,,0.7165893749015786,,,0.7165893749015786,3.968793053829742e-06,9.517973760831206e-06,,
hsa-let-7g,hsa-miR-203,miRNA,miRNA,miRNA-miRNA,,0.7161667771171865,,,0.7161667771171865,4.0456623605354645e-06,9.690716360014673e-06,,
hsa-let-7g,hsa-miR-708,miRNA,miRNA,miRNA-miRNA,,0.7153188782694928,,,0.7153188782694928,4.2039826821132335e-06,9.992255573806232e-06,,
hsa-let-7g,hsa-miR-142-3p,miRNA,miRNA,miRNA-miRNA,,0.7086119092536163,,,0.7086119092536163,5.668692986896989e-06,1.30627821706113e-05,,
hsa-let-7g,hsa-miR-142-5p,miRNA,miRNA,miRNA-miRNA,,0.7070223167003801,,,0.7070223167003801,6.077556525895155e-06,1.3900978804231923e-05,,
hsa-let-7g,hsa-miR-194,miRNA,miRNA,miRNA-miRNA,,0.7066090205617233,,,0.7066090205617233,6.188150429860078e-06,1.412972774891084e-05,,
hsa-let-7g,hsa-miR-19a,miRNA,miRNA,miRNA-miRNA,,0.6878455674029011,,,0.6878455674029011,1.360688322022184e-05,2.829468707008747e-05,,
hsa-let-7g,hsa-miR-421,miRNA,miRNA,miRNA-miRNA,,0.6822659149902655,,,0.6822659149902655,1.701107703466653e-05,3.4426156404163437e-05,,
hsa-let-7i,hsa-miR-19b,miRNA,miRNA,miRNA-miRNA,,0.9580161128950773,,,0.9580161128950773,7.955436123197271e-18,2.8965019703095522e-15,,
hsa-let-7i,hsa-miR-15a,miRNA,miRNA,miRNA-miRNA,,0.9574979917714507,,,0.9574979917714507,9.529303793576712e-18,3.1804051411062276e-15,,
hsa-let-7i,hsa-miR-20a+hsa-miR-20b,miRNA,miRNA,miRNA-miRNA,,0.955258761556486,,,0.955258761556486,2.0278295221586886e-17,5.8010408830325335e-15,,
hsa-let-7i,hsa-miR-26b,miRNA,miRNA,miRNA-miRNA,,0.9500716027303527,,,0.9500716027303527,1.0151372575399132e-16,2.0328123582236762e-14,,
hsa-let-7i,hsa-miR-148a,miRNA,miRNA,miRNA-miRNA,,0.9396255356183968,,,0.9396255356183968,1.6352752623257186e-15,1.7700749798958118e-13,,
hsa-let-7i,hsa-miR-374a,miRNA,miRNA,miRNA-miRNA,,0.9382009213716852,,,0.9382009213716852,2.297990191297561e-15,2.3598591579863417e-13,,
hsa-let-7i,hsa-miR-24,miRNA,miRNA,miRNA-miRNA,,0.9325444256717073,,,0.9325444256717073,8.227894024906518e-15,6.844236297955418e-13,,
hsa-let-7i,hsa-miR-195,miRNA,miRNA,miRNA-miRNA,,0.932543109043671,,,0.932543109043671,8.230229983993793e-15,6.844236297955418e-13,,
hsa-let-7i,hsa-miR-16 (+++ See note below),miRNA,miRNA,miRNA-miRNA,,0.931407067226488,,,0.931407067226488,1.0492264517637865e-14,7.993818789471316e-13,,
hsa-let-7i,hsa-miR-374b,miRNA,miRNA,miRNA-miRNA,,0.9246721932434475,,,0.9246721932434475,4.0848961517639906e-14,2.304226632086589e-12,,
hsa-let-7i,hsa-miR-497,miRNA,miRNA,miRNA-miRNA,,0.9244045873436176,,,0.9244045873436176,4.300250139218114e-14,2.3920141399400758e-12,,
hsa-let-7i,hsa-miR-25,miRNA,miRNA,miRNA-miRNA,,0.9187026991607343,,,0.9187026991607343,1.2313111158035508e-13,5.540900021115979e-12,,
hsa-let-7i,hsa-miR-532-5p,miRNA,miRNA,miRNA-miRNA,,0.9151583027343977,,,0.9151583027343977,2.2797029662386673e-13,9.573860176084604e-12,,
hsa-let-7i,hsa-miR-101,miRNA,miRNA,miRNA-miRNA,,0.9137779759101122,,,0.9137779759101122,2.876883377142854e-13,1.1407839530155573e-11,,
hsa-let-7i,hsa-miR-21,miRNA,miRNA,miRNA-miRNA,,0.9105561028809511,,,0.9105561028809511,4.879276039882915e-13,1.6992609164983543e-11,,
hsa-let-7i,hsa-miR-93,miRNA,miRNA,miRNA-miRNA,,0.9058857776121626,,,0.9058857776121626,1.0140251549698945e-12,2.921705572413257e-11,,
hsa-let-7i,hsa-miR-27a,miRNA,miRNA,miRNA-miRNA,,0.9049435263610125,,,0.9049435263610125,1.169883023219445e-12,3.2995644422492096e-11,,
hsa-let-7i,hsa-miR-146a,miRNA,miRNA,miRNA-miRNA,,0.904514824213632,,,0.904514824213632,1.247902275816717e-12,3.494999031220945e-11,,
hsa-let-7i,hsa-miR-186,miRNA,miRNA,miRNA-miRNA,,0.9027784036510034,,,0.9027784036510034,1.6158945022886757e-12,4.175262891397514e-11,,
hsa-let-7i,hsa-miR-29b,miRNA,miRNA,miRNA-miRNA,,0.9002012483566139,,,0.9002012483566139,2.3505436699741228e-12,5.637082274399019e-11,,
hsa-let-7i,hsa-miR-340,miRNA,miRNA,miRNA-miRNA,,0.8984590869792402,,,0.8984590869792402,3.010999786570307e-12,6.736901757102838e-11,,
hsa-let-7i,hsa-miR-106b,miRNA,miRNA,miRNA-miRNA,,0.8930779704223398,,,0.8930779704223398,6.295412634668256e-12,1.286384061318692e-10,,
hsa-let-7i,hsa-miR-15b,miRNA,miRNA,miRNA-miRNA,,0.8700966163205429,,,0.8700966163205429,9.958718931400053e-11,1.232649761759878e-09,,
hsa-let-7i,hsa-miR-455-5p,miRNA,miRNA,miRNA-miRNA,,0.8690882771772375,,,0.8690882771772375,1.1105162821414298e-10,1.3436911510502798e-09,,
hsa-let-7i,hsa-miR-151-3p,miRNA,miRNA,miRNA-miRNA,,0.8661562139386539,,,0.8661562139386539,1.5168549064584596e-10,1.7247309324838171e-09,,
hsa-let-7i,hsa-miR-98,miRNA,miRNA,miRNA-miRNA,,0.8644933419972978,,,0.8644933419972978,1.8044343137662143e-10,1.9799340894886816e-09,,
hsa-let-7i,hsa-miR-99a,miRNA,miRNA,miRNA-miRNA,,0.8620742982279322,,,0.8620742982279322,2.3135120586955883e-10,2.4512211098084208e-09,,
hsa-let-7i,hsa-miR-490-3p,miRNA,miRNA,miRNA-miRNA,,0.8605181492972829,,,0.8605181492972829,2.7079117430968667e-10,2.795151167810039e-09,,
hsa-let-7i,hsa-miR-199a-5p,miRNA,miRNA,miRNA-miRNA,,0.8581937486973682,,,0.8581937486973682,3.4137832100970016e-10,3.4095266225532395e-09,,
hsa-let-7i,hsa-miR-150,miRNA,miRNA,miRNA-miRNA,,0.8559041476462397,,,0.8559041476462397,4.2718110777018716e-10,4.1830326078718814e-09,,
hsa-let-7i,hsa-miR-484,miRNA,miRNA,miRNA-miRNA,,0.8549970497442322,,,0.8549970497442322,4.663701647564657e-10,4.4791666902869195e-09,,
hsa-let-7i,hsa-miR-1979,miRNA,miRNA,miRNA-miRNA,,0.8548927891009366,,,0.8548927891009366,4.710810176565113e-10,4.502814977838491e-09,,
hsa-let-7i,hsa-miR-154,miRNA,miRNA,miRNA-miRNA,,0.8509261834194668,,,0.8509261834194668,6.865790580490529e-10,6.016956515287652e-09,,
hsa-let-7i,hsa-miR-660,miRNA,miRNA,miRNA-miRNA,,0.8427129216058996,,,0.8427129216058996,1.4486351244908043e-09,1.1051016521115566e-08,,
hsa-let-7i,hsa-miR-10b,miRNA,miRNA,miRNA-miRNA,,0.8387007714754401,,,0.8387007714754401,2.0546973825718917e-09,1.4721042964580368e-08,,
hsa-let-7i,hsa-miR-107,miRNA,miRNA,miRNA-miRNA,,0.8373020565677322,,,0.8373020565677322,2.3157999474165328e-09,1.6300138469952925e-08,,
hsa-let-7i,hsa-miR-96,miRNA,miRNA,miRNA-miRNA,,0.8307452881887777,,,0.8307452881887777,3.998687690754401e-09,2.583023258301835e-08,,
hsa-let-7i,hsa-miR-1308,miRNA,miRNA,miRNA-miRNA,,0.8284091565445697,,,0.8284091565445697,4.83079016501133e-09,3.032494453114479e-08,,
hsa-let-7i,hsa-miR-106a+hsa-miR-17,miRNA,miRNA,miRNA-miRNA,,0.8133224666108868,,,0.8133224666108868,1.5356820865261363e-08,8.146234114618776e-08,,
hsa-let-7i,hsa-miR-200a,miRNA,miRNA,miRNA-miRNA,,0.8113218114146055,,,0.8113218114146055,1.7763550931383478e-08,9.251368202885673e-08,,
hsa-let-7i,hsa-miR-125b,miRNA,miRNA,miRNA-miRNA,,0.8091782538050784,,,0.8091782538050784,2.0723138388501667e-08,1.0370624337774858e-07,,
hsa-let-7i,hsa-miR-509-3p,miRNA,miRNA,miRNA-miRNA,,0.8057978024401851,,,0.8057978024401851,2.632219619956848e-08,1.2821409478644702e-07,,
hsa-let-7i,hsa-miR-663b,miRNA,miRNA,miRNA-miRNA,,0.7966065067172368,,,0.7966065067172368,4.930103976014621e-08,2.1721745240856497e-07,,
hsa-let-7i,hsa-miR-130b,miRNA,miRNA,miRNA-miRNA,,0.7958564270610001,,,0.7958564270610001,5.181880822353963e-08,2.2656585909964653e-07,,
hsa-let-7i,hsa-miR-155,miRNA,miRNA,miRNA-miRNA,,0.7938536193310228,,,0.7938536193310228,5.913063435928926e-08,2.5220254590942864e-07,,
hsa-let-7i,hsa-miR-425,miRNA,miRNA,miRNA-miRNA,,0.786570050153648,,,0.786570050153648,9.443578607239893e-08,3.782153232199577e-07,,
hsa-let-7i,hsa-miR-429,miRNA,miRNA,miRNA-miRNA,,0.7864472980518553,,,0.7864472980518553,9.516912896844493e-08,3.8001232454498697e-07,,
hsa-let-7i,hsa-miR-454,miRNA,miRNA,miRNA-miRNA,,0.7833152135637494,,,0.7833152135637494,1.1574076032821098e-07,4.4614219934021653e-07,,
hsa-let-7i,hsa-miR-200b,miRNA,miRNA,miRNA-miRNA,,0.778165394710808,,,0.778165394710808,1.5858248487995703e-07,5.864396822803256e-07,,
hsa-let-7i,hsa-miR-142-3p,miRNA,miRNA,miRNA-miRNA,,0.7702876139621285,,,0.7702876139621285,2.527288758004625e-07,8.577789386278409e-07,,
hsa-let-7i,hsa-miR-194,miRNA,miRNA,miRNA-miRNA,,0.7507264862995499,,,0.7507264862995499,7.459733347495608e-07,2.22293393279166e-06,,
hsa-let-7i,hsa-miR-135b,miRNA,miRNA,miRNA-miRNA,,0.7466301036814553,,,0.7466301036814553,9.242372696348075e-07,2.6813023779787103e-06,,
hsa-let-7i,hsa-miR-141,miRNA,miRNA,miRNA-miRNA,,0.7316160500630808,,,0.7316160500630808,1.9610280273120347e-06,5.165925046770728e-06,,
hsa-let-7i,hsa-miR-142-5p,miRNA,miRNA,miRNA-miRNA,,0.7257091793592269,,,0.7257091793592269,2.6013356550518615e-06,6.631667281020182e-06,,
hsa-let-7i,hsa-miR-203,miRNA,miRNA,miRNA-miRNA,,0.7233293374735941,,,0.7233293374735941,2.909106801560918e-06,7.295537094709753e-06,,
hsa-let-7i,hsa-miR-1975,miRNA,miRNA,miRNA-miRNA,,0.721579051170109,,,0.721579051170109,3.156184272211305e-06,7.855208168436043e-06,,
hsa-let-7i,hsa-miR-128,miRNA,miRNA,miRNA-miRNA,,0.7023271510142444,,,0.7023271510142444,7.4461344371458684e-06,1.6632330407567875e-05,,
hsa-let-7i,hsa-miR-708,miRNA,miRNA,miRNA-miRNA,,0.6984045026442431,,,0.6984045026442431,8.797277105434441e-06,1.9211065870918725e-05,,
hsa-let-7i,hsa-miR-19a,miRNA,miRNA,miRNA-miRNA,,0.6983485494196778,,,0.6983485494196778,8.818059474783272e-06,1.9245955420439784e-05,,
hsa-miR-9,hsa-miR-200a,miRNA,miRNA,miRNA-miRNA,,0.7713656295044781,,,0.7713656295044781,2.3737125409199141e-07,8.145673154304777e-07,,
hsa-miR-9,hsa-miR-107,miRNA,miRNA,miRNA-miRNA,,0.7354430196487356,,,0.7354430196487356,1.6265773482307036e-06,4.383877711752334e-06,,
hsa-miR-9,hsa-miR-663b,miRNA,miRNA,miRNA-miRNA,,0.7289566658502928,,,0.7289566658502928,2.2290536510553046e-06,5.808301803823354e-06,,
hsa-miR-9,hsa-miR-455-5p,miRNA,miRNA,miRNA-miRNA,,0.7253614477854515,,,0.7253614477854515,2.644375880736701e-06,6.7328197090594325e-06,,
hsa-miR-9,hsa-miR-141,miRNA,miRNA,miRNA-miRNA,,0.718677603772347,,,0.718677603772347,3.6080540149485364e-06,8.759523177351056e-06,,
hsa-miR-9,hsa-miR-548g,miRNA,miRNA,miRNA-miRNA,,0.7159120104015876,,,0.7159120104015876,4.092654106094096e-06,9.785719220839913e-06,,
hsa-miR-9,hsa-miR-154,miRNA,miRNA,miRNA-miRNA,,0.7045556417746675,,,0.7045556417746675,6.765140743319074e-06,1.526444432506642e-05,,
hsa-miR-9,hsa-miR-509-3p,miRNA,miRNA,miRNA-miRNA,,0.7001339184561057,,,0.7001339184561057,8.176388588714035e-06,1.803217857808354e-05,,
hsa-miR-9,hsa-miR-200b,miRNA,miRNA,miRNA-miRNA,,0.6968489494983501,,,0.6968489494983501,9.391873213394552e-06,2.0376192968388507e-05,,
hsa-miR-9,hsa-miR-490-3p,miRNA,miRNA,miRNA-miRNA,,0.6942836660619346,,,0.6942836660619346,1.045228228190606e-05,2.238577034172929e-05,,
hsa-miR-9,hsa-miR-106b,miRNA,miRNA,miRNA-miRNA,,0.6860950047768842,,,0.6860950047768842,1.4601892726230006e-05,3.0191316659035195e-05,,
hsa-miR-9,hsa-miR-98,miRNA,miRNA,miRNA-miRNA,,0.6830367716110214,,,0.6830367716110214,1.6499042461213997e-05,3.3593627380356916e-05,,
hsa-miR-9,hsa-miR-26b,miRNA,miRNA,miRNA-miRNA,,0.6812715832799067,,,0.6812715832799067,1.7692726632221406e-05,3.566148473177994e-05,,
hsa-miR-10b,hsa-miR-151-3p,miRNA,miRNA,miRNA-miRNA,,0.9299720143742416,,,0.9299720143742416,1.4175339568015889e-14,9.802152699841736e-13,,
hsa-miR-10b,hsa-miR-25,miRNA,miRNA,miRNA-miRNA,,0.9158459059299228,,,0.9158459059299228,2.027228615777009e-13,8.825055006724914e-12,,
hsa-miR-10b,hsa-miR-199a-5p,miRNA,miRNA,miRNA-miRNA,,0.910494897509796,,,0.910494897509796,4.927537761786341e-13,1.7012748910305428e-11,,
hsa-miR-10b,hsa-miR-195,miRNA,miRNA,miRNA-miRNA,,0.8935616772610929,,,0.8935616772610929,5.901107840705162e-12,1.2309342136470925e-10,,
hsa-miR-10b,hsa-miR-15b,miRNA,miRNA,miRNA-miRNA,,0.8871084917096251,,,0.8871084917096251,1.364746884462123e-11,2.4078463754496926e-10,,
hsa-miR-10b,hsa-miR-24,miRNA,miRNA,miRNA-miRNA,,0.8842377563510307,,,0.8842377563510307,1.9499311223175268e-11,3.187540467298651e-10,,
hsa-miR-10b,hsa-miR-148a,miRNA,miRNA,miRNA-miRNA,,0.8703453302554035,,,0.8703453302554035,9.693284777498021e-11,1.205639923412409e-09,,
hsa-miR-10b,hsa-miR-99a,miRNA,miRNA,miRNA-miRNA,,0.8700276028117732,,,0.8700276028117732,1.0033553616322603e-10,1.232649761759878e-09,,
hsa-miR-10b,hsa-miR-29b,miRNA,miRNA,miRNA-miRNA,,0.8698445413361569,,,0.8698445413361569,1.0234581140869104e-10,1.253501451656904e-09,,
hsa-miR-10b,hsa-miR-93,miRNA,miRNA,miRNA-miRNA,,0.8684611825789278,,,0.8684611825789278,1.1878415611370256e-10,1.411663338977385e-09,,
hsa-miR-10b,hsa-miR-186,miRNA,miRNA,miRNA-miRNA,,0.8647784992157688,,,0.8647784992157688,1.7517909371295185e-10,1.9327610752627334e-09,,
hsa-miR-10b,hsa-miR-497,miRNA,miRNA,miRNA-miRNA,,0.8634239634300223,,,0.8634239634300223,2.015145246258026e-10,2.1753791674564405e-09,,
hsa-miR-10b,hsa-miR-16 (+++ See note below),miRNA,miRNA,miRNA-miRNA,,0.8277794521617027,,,0.8277794521617027,5.080881501919202e-09,3.1795203773728754e-08,,
hsa-miR-10b,hsa-miR-101,miRNA,miRNA,miRNA-miRNA,,0.8232495272873807,,,0.8232495272873807,7.262502100386569e-09,4.3078820362446087e-08,,
hsa-miR-10b,hsa-miR-425,miRNA,miRNA,miRNA-miRNA,,0.8107448678116078,,,0.8107448678116078,1.8519343469007492e-08,9.508970588894231e-08,,
hsa-miR-10b,hsa-miR-26b,miRNA,miRNA,miRNA-miRNA,,0.8105258579720382,,,0.8105258579720382,1.8813899296429404e-08,9.635507248363141e-08,,
hsa-miR-10b,hsa-miR-27a,miRNA,miRNA,miRNA-miRNA,,0.8096462978288682,,,0.8096462978288682,2.0040738557968978e-08,1.0147049042309198e-07,,
hsa-miR-10b,hsa-miR-490-3p,miRNA,miRNA,miRNA-miRNA,,0.805108942611369,,,0.805108942611369,2.76211241191963e-08,1.3200787839782957e-07,,
hsa-miR-10b,hsa-miR-98,miRNA,miRNA,miRNA-miRNA,,0.8022361635197174,,,0.8022361635197174,3.369791747775398e-08,1.5674815272753157e-07,,
hsa-miR-10b,hsa-miR-19b,miRNA,miRNA,miRNA-miRNA,,0.8010378558462453,,,0.8010378558462453,3.657753556638868e-08,1.678041580107522e-07,,
hsa-miR-10b,hsa-miR-125b,miRNA,miRNA,miRNA-miRNA,,0.7997902500539285,,,0.7997902500539285,3.981415846075653e-08,1.8037975637480757e-07,,
hsa-miR-10b,hsa-miR-532-5p,miRNA,miRNA,miRNA-miRNA,,0.7966688151435968,,,0.7966688151435968,4.909702403463369e-08,2.1703485790144364e-07,,
hsa-miR-10b,hsa-miR-374a,miRNA,miRNA,miRNA-miRNA,,0.7938625268777569,,,0.7938625268777569,5.90961198183224e-08,2.5220254590942864e-07,,
hsa-miR-10b,hsa-miR-484,miRNA,miRNA,miRNA-miRNA,,0.7920552864919899,,,0.7920552864919899,6.648989841485216e-08,2.7854816229234614e-07,,
hsa-miR-10b,hsa-miR-20a+hsa-miR-20b,miRNA,miRNA,miRNA-miRNA,,0.7842985965333715,,,0.7842985965333715,1.0888095950829684e-07,4.2336722604925127e-07,,
hsa-miR-10b,hsa-miR-1308,miRNA,miRNA,miRNA-miRNA,,0.781626794646208,,,0.781626794646208,1.2844844564601674e-07,4.890076281485713e-07,,
hsa-miR-10b,hsa-miR-96,miRNA,miRNA,miRNA-miRNA,,0.7809261785650267,,,0.7809261785650267,1.34086938347446e-07,5.061434383426213e-07,,
hsa-miR-10b,hsa-miR-1979,miRNA,miRNA,miRNA-miRNA,,0.778634543895611,,,0.778634543895611,1.5415054510651334e-07,5.721713930969285e-07,,
hsa-miR-10b,hsa-miR-145,miRNA,miRNA,miRNA-miRNA,,0.7768477267733157,,,0.7768477267733157,1.71661417217758e-07,6.255723166124848e-07,,
hsa-miR-10b,hsa-miR-455-5p,miRNA,miRNA,miRNA-miRNA,,0.7756128883721193,,,0.7756128883721193,1.848068413873358e-07,6.644087969086893e-07,,
hsa-miR-10b,hsa-miR-106b,miRNA,miRNA,miRNA-miRNA,,0.774996726433108,,,0.774996726433108,1.9170494087202217e-07,6.870011622529695e-07,,
hsa-miR-10b,hsa-miR-130b,miRNA,miRNA,miRNA-miRNA,,0.7707135832068505,,,0.7707135832068505,2.465550305286752e-07,8.403854444828462e-07,,
hsa-miR-10b,hsa-miR-374b,miRNA,miRNA,miRNA-miRNA,,0.7697318625686462,,,0.7697318625686462,2.6099626563079404e-07,8.821013028281267e-07,,
hsa-miR-10b,hsa-miR-15a,miRNA,miRNA,miRNA-miRNA,,0.765434681607107,,,0.765434681607107,3.33766465300275e-07,1.0947868087859145e-06,,
hsa-miR-10b,hsa-miR-1975,miRNA,miRNA,miRNA-miRNA,,0.7581477557760903,,,0.7581477557760903,5.00658114813045e-07,1.5616322039145214e-06,,
hsa-miR-10b,hsa-miR-135b,miRNA,miRNA,miRNA-miRNA,,0.7492258001040862,,,0.7492258001040862,8.072714012078914e-07,2.3882765788260414e-06,,
hsa-miR-10b,hsa-miR-509-3p,miRNA,miRNA,miRNA-miRNA,,0.7485453290843617,,,0.7485453290843617,8.365514693775619e-07,2.4599035498216855e-06,,
hsa-miR-10b,hsa-miR-150,miRNA,miRNA,miRNA-miRNA,,0.7453028178604836,,,0.7453028178604836,9.898348325938681e-07,2.84995579046617e-06,,
hsa-miR-10b,hsa-miR-128,miRNA,miRNA,miRNA-miRNA,,0.7403166228994915,,,0.7403166228994915,1.2759794924537938e-06,3.538987442712911e-06,,
hsa-miR-10b,hsa-miR-106a+hsa-miR-17,miRNA,miRNA,miRNA-miRNA,,0.7382993961310059,,,0.7382993961310059,1.4117587727062539e-06,3.856817110974453e-06,,
hsa-miR-10b,hsa-miR-340,miRNA,miRNA,miRNA-miRNA,,0.7363093664939887,,,0.7363093664939887,1.5584742591823275e-06,4.220209200828413e-06,,
hsa-miR-10b,hsa-miR-660,miRNA,miRNA,miRNA-miRNA,,0.7310731214500588,,,0.7310731214500588,2.013236596855544e-06,5.297642950332756e-06,,
hsa-miR-10b,hsa-miR-203,miRNA,miRNA,miRNA-miRNA,,0.7259418395312823,,,0.7259418395312823,2.572894913816206e-06,6.596955268779709e-06,,
hsa-miR-10b,hsa-miR-19a,miRNA,miRNA,miRNA-miRNA,,0.7258558591486466,,,0.7258558591486466,2.5833721950804742e-06,6.6069001540851214e-06,,
hsa-miR-10b,hsa-miR-708,miRNA,miRNA,miRNA-miRNA,,0.7210188541265427,,,0.7210188541265427,3.2392000685878774e-06,8.022879576187044e-06,,
hsa-miR-10b,hsa-miR-107,miRNA,miRNA,miRNA-miRNA,,0.7152545669202474,,,0.7152545669202474,4.21621735107446e-06,1.0008550640519331e-05,,
hsa-miR-10b,hsa-miR-194,miRNA,miRNA,miRNA-miRNA,,0.706037248387227,,,0.706037248387227,6.344158725721934e-06,1.4452989588462086e-05,,
hsa-miR-10b,hsa-miR-429,miRNA,miRNA,miRNA-miRNA,,0.6970546560901406,,,0.6970546560901406,9.311211321991476e-06,2.0212141650176617e-05,,
hsa-miR-10b,hsa-miR-154,miRNA,miRNA,miRNA-miRNA,,0.6965308187032943,,,0.6965308187032943,9.517864760695776e-06,2.0616034811566567e-05,,
hsa-miR-10b,hsa-miR-2117,miRNA,miRNA,miRNA-miRNA,,0.686544160808074,,,0.686544160808074,1.4340516659483312e-05,2.96968817069445e-05,,
hsa-miR-15a,hsa-miR-19b,miRNA,miRNA,miRNA-miRNA,,0.9408686495008475,,,0.9408686495008475,1.2069739722150136e-15,1.3811230739203226e-13,,
hsa-miR-15a,hsa-miR-16 (+++ See note below),miRNA,miRNA,miRNA-miRNA,,0.9353631609453814,,,0.9353631609453814,4.420777697083451e-15,4.318345043126639e-13,,
hsa-miR-15a,hsa-miR-20a+hsa-miR-20b,miRNA,miRNA,miRNA-miRNA,,0.9302445822428521,,,0.9302445822428521,1.339460171160398e-14,9.753705428177079e-13,,
hsa-miR-15a,hsa-miR-374a,miRNA,miRNA,miRNA-miRNA,,0.9206905984072367,,,0.9206905984072367,8.609357272579962e-14,4.15427420200997e-12,,
hsa-miR-15a,hsa-miR-101,miRNA,miRNA,miRNA-miRNA,,0.9028402893126638,,,0.9028402893126638,1.6012136805643922e-12,4.164195318610643e-11,,
hsa-miR-15a,hsa-miR-26b,miRNA,miRNA,miRNA-miRNA,,0.8964022411626599,,,0.8964022411626599,4.010598112368645e-12,8.729589913063273e-11,,
hsa-miR-15a,hsa-miR-21,miRNA,miRNA,miRNA-miRNA,,0.8935061856680582,,,0.8935061856680582,5.945152225390076e-12,1.233696096512293e-10,,
hsa-miR-15a,hsa-miR-146a,miRNA,miRNA,miRNA-miRNA,,0.8920998224899622,,,0.8920998224899622,7.168391809859482e-12,1.4283288158451355e-10,,
hsa-miR-15a,hsa-miR-148a,miRNA,miRNA,miRNA-miRNA,,0.8863459031431957,,,0.8863459031431957,1.501831779151621e-11,2.6038252274901487e-10,,
hsa-miR-15a,hsa-miR-106b,miRNA,miRNA,miRNA-miRNA,,0.8853988790127353,,,0.8853988790127353,1.689799637222515e-11,2.855547488217794e-10,,
hsa-miR-15a,hsa-miR-93,miRNA,miRNA,miRNA-miRNA,,0.8847188215549492,,,0.8847188215549492,1.837960915039944e-11,3.0543707322551765e-10,,
hsa-miR-15a,hsa-miR-532-5p,miRNA,miRNA,miRNA-miRNA,,0.8769194439961011,,,0.8769194439961011,4.6487473860666836e-11,6.420080441792093e-10,,
hsa-miR-15a,hsa-miR-25,miRNA,miRNA,miRNA-miRNA,,0.8712596448548636,,,0.8712596448548636,8.772690354087199e-11,1.104862417236454e-09,,
hsa-miR-15a,hsa-miR-374b,miRNA,miRNA,miRNA-miRNA,,0.870046754451677,,,0.870046754451677,1.0012734635194608e-10,1.232649761759878e-09,,
hsa-miR-15a,hsa-miR-24,miRNA,miRNA,miRNA-miRNA,,0.8675074779090493,,,0.8675074779090493,1.3150232758390978e-10,1.5399614677589434e-09,,
hsa-miR-15a,hsa-miR-340,miRNA,miRNA,miRNA-miRNA,,0.8629909388853026,,,0.8629909388853026,2.106757563811691e-10,2.2560331665951397e-09,,
hsa-miR-15a,hsa-miR-195,miRNA,miRNA,miRNA-miRNA,,0.854638746639432,,,0.854638746639432,4.827440074269575e-10,4.587574424818298e-09,,
hsa-miR-15a,hsa-miR-29b,miRNA,miRNA,miRNA-miRNA,,0.8508713586042569,,,0.8508713586042569,6.901105176998852e-10,6.03470005106559e-09,,
hsa-miR-15a,hsa-miR-150,miRNA,miRNA,miRNA-miRNA,,0.850667066783308,,,0.850667066783308,7.034177614148078e-10,6.1243220314484896e-09,,
hsa-miR-15a,hsa-miR-497,miRNA,miRNA,miRNA-miRNA,,0.8469960000813497,,,0.8469960000813497,9.867562560815783e-10,8.131602480672265e-09,,
hsa-miR-15a,hsa-miR-15b,miRNA,miRNA,miRNA-miRNA,,0.8466402469077084,,,0.8466402469077084,1.0191817736846825e-09,8.327745729354734e-09,,
hsa-miR-15a,hsa-miR-27a,miRNA,miRNA,miRNA-miRNA,,0.8452228800483678,,,0.8452228800483678,1.1583707484484654e-09,9.223210432477343e-09,,
hsa-miR-15a,hsa-miR-154,miRNA,miRNA,miRNA-miRNA,,0.8420364280251177,,,0.8420364280251177,1.5376066739956232e-09,1.1641048637717337e-08,,
hsa-miR-15a,hsa-miR-484,miRNA,miRNA,miRNA-miRNA,,0.8308931508682802,,,0.8308931508682802,3.9507481726067296e-09,2.556178744957989e-08,,
hsa-miR-15a,hsa-miR-455-5p,miRNA,miRNA,miRNA-miRNA,,0.8280004829958312,,,0.8280004829958312,4.991771433485567e-09,3.12864547591701e-08,,
hsa-miR-15a,hsa-miR-98,miRNA,miRNA,miRNA-miRNA,,0.8251255943064585,,,0.8251255943064585,6.271445588931086e-09,3.777013471228421e-08,,
hsa-miR-15a,hsa-miR-186,miRNA,miRNA,miRNA-miRNA,,0.8243218740120787,,,0.8243218740120787,6.679695402595777e-09,3.9869120845597746e-08,,
hsa-miR-15a,hsa-miR-660,miRNA,miRNA,miRNA-miRNA,,0.8158742747678451,,,0.8158742747678451,1.2722066795373e-08,6.960639004845474e-08,,
hsa-miR-15a,hsa-miR-1979,miRNA,miRNA,miRNA-miRNA,,0.8137262660872538,,,0.8137262660872538,1.4909007564833833e-08,7.944708381011294e-08,,
hsa-miR-15a,hsa-miR-454,miRNA,miRNA,miRNA-miRNA,,0.811230445056764,,,0.811230445056764,1.7881319710481954e-08,9.260956988748101e-08,,
hsa-miR-15a,hsa-miR-96,miRNA,miRNA,miRNA-miRNA,,0.8095753949689408,,,0.8095753949689408,2.0142769022119415e-08,1.0172987381284774e-07,,
hsa-miR-15a,hsa-miR-1308,miRNA,miRNA,miRNA-miRNA,,0.8076020936261511,,,0.8076020936261511,2.3181217634144974e-08,1.1433593180388007e-07,,
hsa-miR-15a,hsa-miR-490-3p,miRNA,miRNA,miRNA-miRNA,,0.8049868624674705,,,0.8049868624674705,2.7857368392271656e-08,1.328199528702952e-07,,
hsa-miR-15a,hsa-miR-199a-5p,miRNA,miRNA,miRNA-miRNA,,0.7986971134723353,,,0.7986971134723353,4.286388555318992e-08,1.9245500183915429e-07,,
hsa-miR-15a,hsa-miR-142-3p,miRNA,miRNA,miRNA-miRNA,,0.7971699622020462,,,0.7971699622020462,4.748407127442829e-08,2.1106959539854084e-07,,
hsa-miR-15a,hsa-miR-155,miRNA,miRNA,miRNA-miRNA,,0.7927473043656138,,,0.7927473043656138,6.35639548726568e-08,2.679722518578847e-07,,
hsa-miR-15a,hsa-miR-106a+hsa-miR-17,miRNA,miRNA,miRNA-miRNA,,0.7895446444278964,,,0.7895446444278964,7.817283500490366e-08,3.2078094692073687e-07,,
hsa-miR-15a,hsa-miR-151-3p,miRNA,miRNA,miRNA-miRNA,,0.7762825092080211,,,0.7762825092080211,1.7756836409145702e-07,6.453369312035257e-07,,
hsa-miR-15a,hsa-miR-663b,miRNA,miRNA,miRNA-miRNA,,0.7732008572989372,,,0.7732008572989372,2.1317633728188566e-07,7.476105348633555e-07,,
hsa-miR-15a,hsa-miR-130b,miRNA,miRNA,miRNA-miRNA,,0.7710717977875822,,,0.7710717977875822,2.4147029805705325e-07,8.259273222983122e-07,,
hsa-miR-15a,hsa-miR-99a,miRNA,miRNA,miRNA-miRNA,,0.770470858346636,,,0.770470858346636,2.500558757681283e-07,8.501475233033564e-07,,
hsa-miR-15a,hsa-miR-107,miRNA,miRNA,miRNA-miRNA,,0.7633247747590173,,,0.7633247747590173,3.758977106533772e-07,1.2179070211552268e-06,,
hsa-miR-15a,hsa-miR-194,miRNA,miRNA,miRNA-miRNA,,0.7631861461763809,,,0.7631861461763809,3.78829067970729e-07,1.2255334549456945e-06,,
hsa-miR-15a,hsa-miR-125b,miRNA,miRNA,miRNA-miRNA,,0.7525570228734508,,,0.7525570228734508,6.76961635906758e-07,2.030884907720274e-06,,
hsa-miR-15a,hsa-miR-509-3p,miRNA,miRNA,miRNA-miRNA,,0.7497745055476448,,,0.7497745055476448,7.843451493658774e-07,2.328615510163335e-06,,
hsa-miR-15a,hsa-miR-200a,miRNA,miRNA,miRNA-miRNA,,0.7473909420802037,,,0.7473909420802037,8.884467933560845e-07,2.589686613821775e-06,,
hsa-miR-15a,hsa-miR-142-5p,miRNA,miRNA,miRNA-miRNA,,0.7453929287831921,,,0.7453929287831921,9.85250561559764e-07,2.838797481328673e-06,,
hsa-miR-15a,hsa-miR-425,miRNA,miRNA,miRNA-miRNA,,0.7437730931661933,,,0.7437730931661933,1.070683743804894e-06,3.0520342866651473e-06,,
hsa-miR-15a,hsa-miR-429,miRNA,miRNA,miRNA-miRNA,,0.7378047128545802,,,0.7378047128545802,1.4470045042370344e-06,3.94503270215747e-06,,
hsa-miR-15a,hsa-miR-135b,miRNA,miRNA,miRNA-miRNA,,0.6966982915177922,,,0.6966982915177922,9.45134997080695e-06,2.049412920036916e-05,,
hsa-miR-15a,hsa-miR-203,miRNA,miRNA,miRNA-miRNA,,0.6921898220998336,,,0.6921898220998336,1.1396820346665109e-05,2.4227317138213247e-05,,
hsa-miR-15a,hsa-miR-19a,miRNA,miRNA,miRNA-miRNA,,0.6849162257553466,,,0.6849162257553466,1.5308449899175487e-05,3.14734814405533e-05,,
hsa-miR-15b,hsa-miR-16 (+++ See note below),miRNA,miRNA,miRNA-miRNA,,0.9535139411668585,,,0.9535139411668585,3.557760509647197e-17,8.381665200668839e-15,,
hsa-miR-15b,hsa-miR-25,miRNA,miRNA,miRNA-miRNA,,0.9497209218717079,,,0.9497209218717079,1.124858228533779e-16,2.1434901088815017e-14,,
hsa-miR-15b,hsa-miR-93,miRNA,miRNA,miRNA-miRNA,,0.8839413675114774,,,0.8839413675114774,2.0220252872664275e-11,3.2522936849405794e-10,,
hsa-miR-15b,hsa-miR-19b,miRNA,miRNA,miRNA-miRNA,,0.8794695453233095,,,0.8794695453233095,3.456431534645588e-11,5.089341285388081e-10,,
hsa-miR-15b,hsa-miR-186,miRNA,miRNA,miRNA-miRNA,,0.8714433477430632,,,0.8714433477430632,8.597767929621111e-11,1.0862479671335188e-09,,
hsa-miR-15b,hsa-miR-151-3p,miRNA,miRNA,miRNA-miRNA,,0.8707001566518319,,,0.8707001566518319,9.325909381146777e-11,1.1671958459841512e-09,,
hsa-miR-15b,hsa-miR-24,miRNA,miRNA,miRNA-miRNA,,0.8597011513143814,,,0.8597011513143814,2.93899379373541e-10,2.987479731956933e-09,,
hsa-miR-15b,hsa-miR-20a+hsa-miR-20b,miRNA,miRNA,miRNA-miRNA,,0.85591341881813,,,0.85591341881813,4.267967507800122e-10,4.1830326078718814e-09,,
hsa-miR-15b,hsa-miR-29b,miRNA,miRNA,miRNA-miRNA,,0.849749103903922,,,0.849749103903922,7.661853622489137e-10,6.5288773953338286e-09,,
hsa-miR-15b,hsa-miR-106b,miRNA,miRNA,miRNA-miRNA,,0.8462790266514894,,,0.8462790266514894,1.0531085639056181e-09,8.555172004953348e-09,,
hsa-miR-15b,hsa-miR-195,miRNA,miRNA,miRNA-miRNA,,0.8436992212909246,,,0.8436992212909246,1.3273961136906396e-09,1.0262975743882262e-08,,
hsa-miR-15b,hsa-miR-148a,miRNA,miRNA,miRNA-miRNA,,0.8418157988949316,,,0.8418157988949316,1.5676953499370985e-09,1.1824142893593368e-08,,
hsa-miR-15b,hsa-miR-425,miRNA,miRNA,miRNA-miRNA,,0.8396691657193568,,,0.8396691657193568,1.890123483208717e-09,1.3688868987795502e-08,,
hsa-miR-15b,hsa-miR-125b,miRNA,miRNA,miRNA-miRNA,,0.8309298984013943,,,0.8309298984013943,3.938916403522455e-09,2.5526472809235324e-08,,
hsa-miR-15b,hsa-miR-532-5p,miRNA,miRNA,miRNA-miRNA,,0.82927488809632,,,0.82927488809632,4.505433106333197e-09,2.8687217155587366e-08,,
hsa-miR-15b,hsa-miR-660,miRNA,miRNA,miRNA-miRNA,,0.8189238376757987,,,0.8189238376757987,1.0120739793668056e-08,5.733177209850151e-08,,
hsa-miR-15b,hsa-miR-497,miRNA,miRNA,miRNA-miRNA,,0.8164561240376879,,,0.8164561240376879,1.2182702790178881e-08,6.748509636883322e-08,,
hsa-miR-15b,hsa-miR-99a,miRNA,miRNA,miRNA-miRNA,,0.8113944812520646,,,0.8113944812520646,1.7670390779979682e-08,9.214832691903467e-08,,
hsa-miR-15b,hsa-miR-101,miRNA,miRNA,miRNA-miRNA,,0.8106392088618535,,,0.8106392088618535,1.8660915652913675e-08,9.569394006391712e-08,,
hsa-miR-15b,hsa-miR-1979,miRNA,miRNA,miRNA-miRNA,,0.8102624498349209,,,0.8102624498349209,1.9173867788393635e-08,9.794813838331187e-08,,
hsa-miR-15b,hsa-miR-1308,miRNA,miRNA,miRNA-miRNA,,0.8099376404605148,,,0.8099376404605148,1.9626455258251914e-08,9.975120978337426e-08,,
hsa-miR-15b,hsa-miR-150,miRNA,miRNA,miRNA-miRNA,,0.808198048625242,,,0.808198048625242,2.2221942322043832e-08,1.1016686120732059e-07,,
hsa-miR-15b,hsa-miR-374b,miRNA,miRNA,miRNA-miRNA,,0.807346420013849,,,0.807346420013849,2.3604300748779773e-08,1.1627948892849076e-07,,
hsa-miR-15b,hsa-miR-374a,miRNA,miRNA,miRNA-miRNA,,0.8055992673709584,,,0.8055992673709584,2.6690681904519083e-08,1.2894593610084309e-07,,
hsa-miR-15b,hsa-miR-199a-5p,miRNA,miRNA,miRNA-miRNA,,0.8010726788296164,,,0.8010726788296164,3.649076327224481e-08,1.6759805837768404e-07,,
hsa-miR-15b,hsa-miR-26b,miRNA,miRNA,miRNA-miRNA,,0.8008300071795933,,,0.8008300071795933,3.709940581680421e-08,1.6942202998437954e-07,,
hsa-miR-15b,hsa-miR-130b,miRNA,miRNA,miRNA-miRNA,,0.7856595810687736,,,0.7856595810687736,1.0000063830498944e-07,3.9536283949800856e-07,,
hsa-miR-15b,hsa-miR-106a+hsa-miR-17,miRNA,miRNA,miRNA-miRNA,,0.7848736403898626,,,0.7848736403898626,1.0504426102750324e-07,4.104412345513663e-07,,
hsa-miR-15b,hsa-miR-96,miRNA,miRNA,miRNA-miRNA,,0.7806996313828118,,,0.7806996313828118,1.3595809173980548e-07,5.122409759340743e-07,,
hsa-miR-15b,hsa-miR-484,miRNA,miRNA,miRNA-miRNA,,0.7705744100869043,,,0.7705744100869043,2.4855681623672113e-07,8.457689456483162e-07,,
hsa-miR-15b,hsa-miR-21,miRNA,miRNA,miRNA-miRNA,,0.7655460161648096,,,0.7655460161648096,3.3166811628190315e-07,1.0905835843259624e-06,,
hsa-miR-15b,hsa-miR-135b,miRNA,miRNA,miRNA-miRNA,,0.7646419963815563,,,0.7646419963815563,3.4906065452632734e-07,1.1412146296962782e-06,,
hsa-miR-15b,hsa-miR-340,miRNA,miRNA,miRNA-miRNA,,0.7606625221004372,,,0.7606625221004372,4.359779340455237e-07,1.3890943721975519e-06,,
hsa-miR-15b,hsa-miR-203,miRNA,miRNA,miRNA-miRNA,,0.7590360023166712,,,0.7590360023166712,4.768741008514672e-07,1.4991214865856564e-06,,
hsa-miR-15b,hsa-miR-1975,miRNA,miRNA,miRNA-miRNA,,0.7583750378544833,,,0.7583750378544833,4.944713753629864e-07,1.5447409191331984e-06,,
hsa-miR-15b,hsa-miR-19a,miRNA,miRNA,miRNA-miRNA,,0.7548908594937349,,,0.7548908594937349,5.974313119359859e-07,1.8159983468885528e-06,,
hsa-miR-15b,hsa-miR-154,miRNA,miRNA,miRNA-miRNA,,0.7470144379649235,,,0.7470144379649235,9.059968077984187e-07,2.633176498717465e-06,,
hsa-miR-15b,hsa-miR-27a,miRNA,miRNA,miRNA-miRNA,,0.7439661912445297,,,0.7439661912445297,1.0601565519061724e-06,3.026320021656608e-06,,
hsa-miR-15b,hsa-miR-451,miRNA,miRNA,miRNA-miRNA,,0.742725197900326,,,0.742725197900326,1.1294919296721128e-06,3.186144574157819e-06,,
hsa-miR-15b,hsa-miR-98,miRNA,miRNA,miRNA-miRNA,,0.7347877420317958,,,0.7347877420317958,1.6798756018961066e-06,4.515370325901951e-06,,
hsa-miR-15b,hsa-miR-194,miRNA,miRNA,miRNA-miRNA,,0.73442024914194,,,0.73442024914194,1.710457305632791e-06,4.581915317648749e-06,,
hsa-miR-15b,hsa-miR-107,miRNA,miRNA,miRNA-miRNA,,0.7136810735247333,,,0.7136810735247333,4.525813574640085e-06,1.0656016088438296e-05,,
hsa-miR-15b,hsa-miR-455-5p,miRNA,miRNA,miRNA-miRNA,,0.7127402989192827,,,0.7127402989192827,4.720629219496488e-06,1.1075641490382798e-05,,
hsa-miR-15b,hsa-miR-490-3p,miRNA,miRNA,miRNA-miRNA,,0.7092183982300199,,,0.7092183982300199,5.519387425742875e-06,1.2770159815193653e-05,,
hsa-miR-15b,hsa-miR-142-3p,miRNA,miRNA,miRNA-miRNA,,0.7024533099155311,,,0.7024533099155311,7.405984141377133e-06,1.6551878619539853e-05,,
hsa-miR-15b,hsa-miR-429,miRNA,miRNA,miRNA-miRNA,,0.6942906742077521,,,0.6942906742077521,1.0449243531771098e-05,2.238577034172929e-05,,
hsa-miR-15b,hsa-miR-128,miRNA,miRNA,miRNA-miRNA,,0.6919832738137618,,,0.6919832738137618,1.1494055226186067e-05,2.436934419315786e-05,,
hsa-miR-15b,hsa-miR-145,miRNA,miRNA,miRNA-miRNA,,0.6907343394749496,,,0.6907343394749496,1.2098158669365326e-05,2.555544592342201e-05,,
hsa-miR-16 (+++ See note below),hsa-miR-25,miRNA,miRNA,miRNA-miRNA,,0.9495639891535314,,,0.9495639891535314,1.1774477501970796e-16,2.1434901088815017e-14,,
hsa-miR-16 (+++ See note below),hsa-miR-19b,miRNA,miRNA,miRNA-miRNA,,0.929461155994848,,,0.929461155994848,1.575365095360273e-14,1.0693791876132023e-12,,
hsa-miR-16 (+++ See note below),hsa-miR-20a+hsa-miR-20b,miRNA,miRNA,miRNA-miRNA,,0.9041863054898146,,,0.9041863054898146,1.3109235866319185e-12,3.5427150134812174e-11,,
hsa-miR-16 (+++ See note below),hsa-miR-106b,miRNA,miRNA,miRNA-miRNA,,0.88418754787653,,,0.88418754787653,1.9619741064443168e-11,3.1941895513453205e-10,,
hsa-miR-16 (+++ See note below),hsa-miR-93,miRNA,miRNA,miRNA-miRNA,,0.8839700575210997,,,0.8839700575210997,2.0149403585490936e-11,3.2522936849405794e-10,,
hsa-miR-16 (+++ See note below),hsa-miR-150,miRNA,miRNA,miRNA-miRNA,,0.8780617717051072,,,0.8780617717051072,4.07412777883573e-11,5.827457769370392e-10,,
hsa-miR-16 (+++ See note below),hsa-miR-24,miRNA,miRNA,miRNA-miRNA,,0.8770295083482208,,,0.8770295083482208,4.590284338311803e-11,6.361276392712377e-10,,
hsa-miR-16 (+++ See note below),hsa-miR-186,miRNA,miRNA,miRNA-miRNA,,0.8661706957314309,,,0.8661706957314309,1.514547914045428e-10,1.7247309324838171e-09,,
hsa-miR-16 (+++ See note below),hsa-miR-195,miRNA,miRNA,miRNA-miRNA,,0.8638299591470071,,,0.8638299591470071,1.9326073358473575e-10,2.0975860108587175e-09,,
hsa-miR-16 (+++ See note below),hsa-miR-148a,miRNA,miRNA,miRNA-miRNA,,0.8628612301066004,,,0.8628612301066004,2.1349388166530022e-10,2.280114656185406e-09,,
hsa-miR-16 (+++ See note below),hsa-miR-26b,miRNA,miRNA,miRNA-miRNA,,0.8564719143840962,,,0.8564719143840962,4.042231494966214e-10,3.977674972319334e-09,,
hsa-miR-16 (+++ See note below),hsa-miR-101,miRNA,miRNA,miRNA-miRNA,,0.8538993020059634,,,0.8538993020059634,5.18225630777986e-10,4.837980539081197e-09,,
hsa-miR-16 (+++ See note below),hsa-miR-374b,miRNA,miRNA,miRNA-miRNA,,0.8525627619135007,,,0.8525627619135007,5.88530546535141e-10,5.287471974280849e-09,,
hsa-miR-16 (+++ See note below),hsa-miR-21,miRNA,miRNA,miRNA-miRNA,,0.8525339743598781,,,0.8525339743598781,5.901373214740423e-10,5.287471974280849e-09,,
hsa-miR-16 (+++ See note below),hsa-miR-374a,miRNA,miRNA,miRNA-miRNA,,0.8477633499245585,,,0.8477633499245585,9.200288651533723e-10,7.660531403200116e-09,,
hsa-miR-16 (+++ See note below),hsa-miR-532-5p,miRNA,miRNA,miRNA-miRNA,,0.844970714077117,,,0.844970714077117,1.184897841849037e-09,9.397061102188896e-09,,
hsa-miR-16 (+++ See note below),hsa-miR-29b,miRNA,miRNA,miRNA-miRNA,,0.8373700801484208,,,0.8373700801484208,2.3024259782292596e-09,1.623453528663413e-08,,
hsa-miR-16 (+++ See note below),hsa-miR-497,miRNA,miRNA,miRNA-miRNA,,0.8334705902470246,,,0.8334705902470246,3.195647347196822e-09,2.1619202070140666e-08,,
hsa-miR-16 (+++ See note below),hsa-miR-151-3p,miRNA,miRNA,miRNA-miRNA,,0.831786966173051,,,0.831786966173051,3.672047434211297e-09,2.419356772746861e-08,,
hsa-miR-16 (+++ See note below),hsa-miR-660,miRNA,miRNA,miRNA-miRNA,,0.8244107877882257,,,0.8244107877882257,6.6333582345425725e-09,3.965164138707911e-08,,
hsa-miR-16 (+++ See note below),hsa-miR-1979,miRNA,miRNA,miRNA-miRNA,,0.823125089331334,,,0.823125089331334,7.3330789967943994e-09,4.338106555710719e-08,,
hsa-miR-16 (+++ See note below),hsa-miR-125b,miRNA,miRNA,miRNA-miRNA,,0.819709347094982,,,0.819709347094982,9.535067176950472e-09,5.4398780689012306e-08,,
hsa-miR-16 (+++ See note below),hsa-miR-99a,miRNA,miRNA,miRNA-miRNA,,0.8112456897982651,,,0.8112456897982651,1.7861619917950072e-08,9.260956988748101e-08,,
hsa-miR-16 (+++ See note below),hsa-miR-340,miRNA,miRNA,miRNA-miRNA,,0.8051207738580732,,,0.8051207738580732,2.759832685449849e-08,1.3200787839782957e-07,,
hsa-miR-16 (+++ See note below),hsa-miR-425,miRNA,miRNA,miRNA-miRNA,,0.8017297189336569,,,0.8017297189336569,3.488854743536955e-08,1.6134946013701507e-07,,
hsa-miR-16 (+++ See note below),hsa-miR-154,miRNA,miRNA,miRNA-miRNA,,0.8005229800136768,,,0.8005229800136768,3.788280674166637e-08,1.7260596245776315e-07,,
hsa-miR-16 (+++ See note below),hsa-miR-146a,miRNA,miRNA,miRNA-miRNA,,0.7952023726357608,,,0.7952023726357608,5.410993693693658e-08,2.3428140262965513e-07,,
hsa-miR-16 (+++ See note below),hsa-miR-199a-5p,miRNA,miRNA,miRNA-miRNA,,0.7927279611174034,,,0.7927279611174034,6.364411018578548e-08,2.6802803500953824e-07,,
hsa-miR-16 (+++ See note below),hsa-miR-142-3p,miRNA,miRNA,miRNA-miRNA,,0.7914788348916062,,,0.7914788348916062,6.902093275927668e-08,2.870496736250292e-07,,
hsa-miR-16 (+++ See note below),hsa-miR-130b,miRNA,miRNA,miRNA-miRNA,,0.7881709476706401,,,0.7881709476706401,8.533412347984661e-08,3.476736160089376e-07,,
hsa-miR-16 (+++ See note below),hsa-miR-484,miRNA,miRNA,miRNA-miRNA,,0.7875902085521594,,,0.7875902085521594,8.853852717289921e-08,3.585407495727617e-07,,
hsa-miR-16 (+++ See note below),hsa-miR-96,miRNA,miRNA,miRNA-miRNA,,0.7863958291383587,,,0.7863958291383587,9.547816303339992e-08,3.8086657664219795e-07,,
hsa-miR-16 (+++ See note below),hsa-miR-1308,miRNA,miRNA,miRNA-miRNA,,0.7858555553055367,,,0.7858555553055367,9.877806433910578e-08,3.9168925512685015e-07,,
hsa-miR-16 (+++ See note below),hsa-miR-106a+hsa-miR-17,miRNA,miRNA,miRNA-miRNA,,0.7829564769425856,,,0.7829564769425856,1.1834017517767296e-07,4.5484875392186196e-07,,
hsa-miR-16 (+++ See note below),hsa-miR-27a,miRNA,miRNA,miRNA-miRNA,,0.7781503264052128,,,0.7781503264052128,1.5872674546613556e-07,5.864396822803256e-07,,
hsa-miR-16 (+++ See note below),hsa-miR-451,miRNA,miRNA,miRNA-miRNA,,0.759489528289948,,,0.759489528289948,4.651324661868045e-07,1.469128964572675e-06,,
hsa-miR-16 (+++ See note below),hsa-miR-135b,miRNA,miRNA,miRNA-miRNA,,0.7579569891906368,,,0.7579569891906368,5.059053495570761e-07,1.5760197581505806e-06,,
hsa-miR-16 (+++ See note below),hsa-miR-98,miRNA,miRNA,miRNA-miRNA,,0.755765369029039,,,0.755765369029039,5.698972467083127e-07,1.7428694075030583e-06,,
hsa-miR-16 (+++ See note below),hsa-miR-490-3p,miRNA,miRNA,miRNA-miRNA,,0.7520093932666015,,,0.7520093932666015,6.969702551707085e-07,2.0862226247822776e-06,,
hsa-miR-16 (+++ See note below),hsa-miR-455-5p,miRNA,miRNA,miRNA-miRNA,,0.7465514656295837,,,0.7465514656295837,9.280104291689248e-07,2.6893500497985124e-06,,
hsa-miR-16 (+++ See note below),hsa-miR-1975,miRNA,miRNA,miRNA-miRNA,,0.7412819793248479,,,0.7412819793248479,1.2153072315446383e-06,3.4013315599834215e-06,,
hsa-miR-16 (+++ See note below),hsa-miR-19a,miRNA,miRNA,miRNA-miRNA,,0.7330005114737261,,,0.7330005114737261,1.8334236353754981e-06,4.872502760238135e-06,,
hsa-miR-16 (+++ See note below),hsa-miR-663b,miRNA,miRNA,miRNA-miRNA,,0.7301260204713397,,,0.7301260204713397,2.1073463884753547e-06,5.527126578810607e-06,,
hsa-miR-16 (+++ See note below),hsa-miR-107,miRNA,miRNA,miRNA-miRNA,,0.7278627622229811,,,0.7278627622229811,2.348659108427126e-06,6.08827166941789e-06,,
hsa-miR-16 (+++ See note below),hsa-miR-429,miRNA,miRNA,miRNA-miRNA,,0.7207044971033659,,,0.7207044971033659,3.286648761322866e-06,8.113067228722577e-06,,
hsa-miR-16 (+++ See note below),hsa-miR-194,miRNA,miRNA,miRNA-miRNA,,0.7189821982725676,,,0.7189821982725676,3.5580004083138882e-06,8.65522077073253e-06,,
hsa-miR-16 (+++ See note below),hsa-miR-142-5p,miRNA,miRNA,miRNA-miRNA,,0.7070767635548465,,,0.7070767635548465,6.063121437978832e-06,1.388382010240436e-05,,
hsa-miR-16 (+++ See note below),hsa-miR-155,miRNA,miRNA,miRNA-miRNA,,0.7018012587350871,,,0.7018012587350871,7.615633169516032e-06,1.6963632282487045e-05,,
hsa-miR-16 (+++ See note below),hsa-miR-454,miRNA,miRNA,miRNA-miRNA,,0.7001686976981634,,,0.7001686976981634,8.164319940320732e-06,1.801548284351765e-05,,
hsa-miR-16 (+++ See note below),hsa-miR-203,miRNA,miRNA,miRNA-miRNA,,0.699448935170282,,,0.699448935170282,8.417398841756613e-06,1.8482281996291248e-05,,
hsa-miR-16 (+++ See note below),hsa-miR-200b,miRNA,miRNA,miRNA-miRNA,,0.6820174811590239,,,0.6820174811590239,1.7179127661306642e-05,3.4748690042188435e-05,,
hsa-miR-18b,hsa-miR-425,miRNA,miRNA,miRNA-miRNA,,0.7549053545695419,,,0.7549053545695419,5.969652080437809e-07,1.8159983468885528e-06,,
hsa-miR-18b,hsa-miR-660,miRNA,miRNA,miRNA-miRNA,,0.7547858981395396,,,0.7547858981395396,6.008163738464775e-07,1.8243135536430193e-06,,
hsa-miR-18b,hsa-miR-130b,miRNA,miRNA,miRNA-miRNA,,0.7545526255765794,,,0.7545526255765794,6.084023122156368e-07,1.8459479245633527e-06,,
hsa-miR-18b,hsa-miR-187,miRNA,miRNA,miRNA-miRNA,,0.7407470597408198,,,0.7407470597408198,1.2485938695555264e-06,3.4847515314075843e-06,,
hsa-miR-18b,hsa-miR-183,miRNA,miRNA,miRNA-miRNA,,0.6931737701209119,,,0.6931737701209119,1.0943748992551418e-05,2.337584784808983e-05,,
hsa-miR-18b,hsa-miR-96,miRNA,miRNA,miRNA-miRNA,,0.6825027977656039,,,0.6825027977656039,1.6852223691812978e-05,3.415645540774847e-05,,
hsa-miR-19a,hsa-miR-425,miRNA,miRNA,miRNA-miRNA,,0.8094382030200346,,,0.8094382030200346,2.0341546871508125e-08,1.0234660203566588e-07,,
hsa-miR-19a,hsa-miR-101,miRNA,miRNA,miRNA-miRNA,,0.8010772206536478,,,0.8010772206536478,3.647945984312251e-08,1.6759805837768404e-07,,
hsa-miR-19a,hsa-miR-29b,miRNA,miRNA,miRNA-miRNA,,0.798743145582993,,,0.798743145582993,4.2731256579988615e-08,1.920748401827771e-07,,
hsa-miR-19a,hsa-miR-183,miRNA,miRNA,miRNA-miRNA,,0.7953269138084645,,,0.7953269138084645,5.366664002375569e-08,2.331181055261839e-07,,
hsa-miR-19a,hsa-miR-106b,miRNA,miRNA,miRNA-miRNA,,0.7870330430960593,,,0.7870330430960593,9.171613277600312e-08,3.6954035389123994e-07,,
hsa-miR-19a,hsa-miR-106a+hsa-miR-17,miRNA,miRNA,miRNA-miRNA,,0.7860640178232305,,,0.7860640178232305,9.749262585949115e-08,3.8697518985853524e-07,,
hsa-miR-19a,hsa-miR-194,miRNA,miRNA,miRNA-miRNA,,0.7838993767813345,,,0.7838993767813345,1.1161959057343053e-07,4.323370021727169e-07,,
hsa-miR-19a,hsa-miR-93,miRNA,miRNA,miRNA-miRNA,,0.7798420247332538,,,0.7798420247332538,1.4326007943205218e-07,5.377287892458942e-07,,
hsa-miR-19a,hsa-miR-96,miRNA,miRNA,miRNA-miRNA,,0.7782661862165875,,,0.7782661862165875,1.5762061159055664e-07,5.834293432718848e-07,,
hsa-miR-19a,hsa-miR-19b,miRNA,miRNA,miRNA-miRNA,,0.7737509898321575,,,0.7737509898321575,2.0637617497938538e-07,7.282260623721924e-07,,
hsa-miR-19a,hsa-miR-130b,miRNA,miRNA,miRNA-miRNA,,0.7732971139858685,,,0.7732971139858685,2.1197191437313256e-07,7.440381394078842e-07,,
hsa-miR-19a,hsa-miR-455-5p,miRNA,miRNA,miRNA-miRNA,,0.7730592144605891,,,0.7730592144605891,2.1496004649133128e-07,7.526306986300039e-07,,
hsa-miR-19a,hsa-miR-340,miRNA,miRNA,miRNA-miRNA,,0.7694399974545713,,,0.7694399974545713,2.654364135988241e-07,8.940898540481839e-07,,
hsa-miR-19a,hsa-miR-128,miRNA,miRNA,miRNA-miRNA,,0.7612500935148315,,,0.7612500935148315,4.220104075048378e-07,1.3488840239879291e-06,,
hsa-miR-19a,hsa-miR-660,miRNA,miRNA,miRNA-miRNA,,0.7597689986636865,,,0.7597689986636865,4.580291684347416e-07,1.4524202847039906e-06,,
hsa-miR-19a,hsa-miR-25,miRNA,miRNA,miRNA-miRNA,,0.7596871679739227,,,0.7596871679739227,4.600987322145235e-07,1.4578286570563026e-06,,
hsa-miR-19a,hsa-miR-135b,miRNA,miRNA,miRNA-miRNA,,0.7462548287834093,,,0.7462548287834093,9.423702040884423e-07,2.723082732593226e-06,,
hsa-miR-19a,hsa-miR-532-5p,miRNA,miRNA,miRNA-miRNA,,0.7427994458675603,,,0.7427994458675603,1.1252302048961485e-06,3.1803436630974414e-06,,
hsa-miR-19a,hsa-miR-1299,miRNA,miRNA,miRNA-miRNA,,0.7421195687972204,,,0.7421195687972204,1.164807290469516e-06,3.282936803891915e-06,,
hsa-miR-19a,hsa-miR-20a+hsa-miR-20b,miRNA,miRNA,miRNA-miRNA,,0.7403419744995896,,,0.7403419744995896,1.274351512734628e-06,3.537151650664312e-06,,
hsa-miR-19a,hsa-miR-203,miRNA,miRNA,miRNA-miRNA,,0.7400760977504164,,,0.7400760977504164,1.2915195822883194e-06,3.577134112769515e-06,,
hsa-miR-19a,hsa-miR-148a,miRNA,miRNA,miRNA-miRNA,,0.7369519808764416,,,0.7369519808764416,1.5096468615296105e-06,4.09907503757701e-06,,
hsa-miR-19a,hsa-miR-107,miRNA,miRNA,miRNA-miRNA,,0.7358684432379062,,,0.7358684432379062,1.5928036569488043e-06,4.304439032442619e-06,,
hsa-miR-19a,hsa-miR-663b,miRNA,miRNA,miRNA-miRNA,,0.7293354605252056,,,0.7293354605252056,2.1889460962938025e-06,5.7149472722664135e-06,,
hsa-miR-19a,hsa-miR-374a,miRNA,miRNA,miRNA-miRNA,,0.7247667320249547,,,0.7247667320249547,2.719489040704399e-06,6.8890282150671206e-06,,
hsa-miR-19a,hsa-miR-186,miRNA,miRNA,miRNA-miRNA,,0.7239526548586844,,,0.7239526548586844,2.82545237103996e-06,7.14098846379703e-06,,
hsa-miR-19a,hsa-miR-1308,miRNA,miRNA,miRNA-miRNA,,0.7205589377121451,,,0.7205589377121451,3.3088324307191806e-06,8.160020865166452e-06,,
hsa-miR-19a,hsa-miR-708,miRNA,miRNA,miRNA-miRNA,,0.7202266119160027,,,0.7202266119160027,3.3599904159154453e-06,8.255058568964982e-06,,
hsa-miR-19a,hsa-miR-429,miRNA,miRNA,miRNA-miRNA,,0.7202188382965171,,,0.7202188382965171,3.3611956326312373e-06,8.255058568964982e-06,,
hsa-miR-19a,hsa-miR-98,miRNA,miRNA,miRNA-miRNA,,0.7198850551549348,,,0.7198850551549348,3.4133170249694033e-06,8.345747670941673e-06,,
hsa-miR-19a,hsa-miR-24,miRNA,miRNA,miRNA-miRNA,,0.7178689468952498,,,0.7178689468952498,3.744057095850634e-06,9.060391944943679e-06,,
hsa-miR-19a,hsa-miR-26b,miRNA,miRNA,miRNA-miRNA,,0.7138120871844947,,,0.7138120871844947,4.4992698866697766e-06,1.0605989344386378e-05,,
hsa-miR-19a,hsa-miR-490-3p,miRNA,miRNA,miRNA-miRNA,,0.7054864237276053,,,0.7054864237276053,6.497813742493303e-06,1.4761057310655517e-05,,
hsa-miR-19a,hsa-miR-27a,miRNA,miRNA,miRNA-miRNA,,0.6934840548499506,,,0.6934840548499506,1.0804291129989193e-05,2.3102608636202198e-05,,
hsa-miR-19a,hsa-miR-2117,miRNA,miRNA,miRNA-miRNA,,0.6920544076439992,,,0.6920544076439992,1.1460483833329933e-05,2.431103694517287e-05,,
hsa-miR-19a,hsa-miR-195,miRNA,miRNA,miRNA-miRNA,,0.6892807594309741,,,0.6892807594309741,1.2837294228992024e-05,2.6903905487761933e-05,,
hsa-miR-19a,hsa-miR-374b,miRNA,miRNA,miRNA-miRNA,,0.6830210303344125,,,0.6830210303344125,1.6509357706153395e-05,3.359754960017497e-05,,
hsa-miR-19b,hsa-miR-20a+hsa-miR-20b,miRNA,miRNA,miRNA-miRNA,,0.9653361885663753,,,0.9653361885663753,4.718379846061885e-19,3.1495185472463083e-16,,
hsa-miR-19b,hsa-miR-148a,miRNA,miRNA,miRNA-miRNA,,0.9397264673791033,,,0.9397264673791033,1.5958305238977192e-15,1.7700749798958118e-13,,
hsa-miR-19b,hsa-miR-101,miRNA,miRNA,miRNA-miRNA,,0.9346491683003876,,,0.9346491683003876,5.1876239511452664e-15,4.94676998198495e-13,,
hsa-miR-19b,hsa-miR-106b,miRNA,miRNA,miRNA-miRNA,,0.9261910755384972,,,0.9261910755384972,3.0406137045441955e-14,1.845099679802955e-12,,
hsa-miR-19b,hsa-miR-21,miRNA,miRNA,miRNA-miRNA,,0.9254458325802513,,,0.9254458325802513,3.517310789198681e-14,2.1025118971254803e-12,,
hsa-miR-19b,hsa-miR-26b,miRNA,miRNA,miRNA-miRNA,,0.9224260191375666,,,0.9224260191375666,6.251238189300752e-14,3.2514557075518842e-12,,
hsa-miR-19b,hsa-miR-374a,miRNA,miRNA,miRNA-miRNA,,0.9097983067382557,,,0.9097983067382557,5.508911122184187e-13,1.8540494995250144e-11,,
hsa-miR-19b,hsa-miR-374b,miRNA,miRNA,miRNA-miRNA,,0.906336835312495,,,0.906336835312495,9.464411047577746e-13,2.7968561502892003e-11,,
hsa-miR-19b,hsa-miR-25,miRNA,miRNA,miRNA-miRNA,,0.9050567333097683,,,0.9050567333097683,1.150048954775064e-12,3.266628414095129e-11,,
hsa-miR-19b,hsa-miR-340,miRNA,miRNA,miRNA-miRNA,,0.9043080288053372,,,0.9043080288053372,1.2872365863660579e-12,3.5310839235589464e-11,,
hsa-miR-19b,hsa-miR-29b,miRNA,miRNA,miRNA-miRNA,,0.9037761926345145,,,0.9037761926345145,1.393737135198901e-12,3.6966339248156274e-11,,
hsa-miR-19b,hsa-miR-195,miRNA,miRNA,miRNA-miRNA,,0.8965803976254719,,,0.8965803976254719,3.913171117842691e-12,8.56407121691802e-11,,
hsa-miR-19b,hsa-miR-186,miRNA,miRNA,miRNA-miRNA,,0.8957614985833734,,,0.8957614985833734,4.379876886366484e-12,9.380431513314315e-11,,
hsa-miR-19b,hsa-miR-497,miRNA,miRNA,miRNA-miRNA,,0.8921186809195824,,,0.8921186809195824,7.150551037401929e-12,1.4283288158451355e-10,,
hsa-miR-19b,hsa-miR-93,miRNA,miRNA,miRNA-miRNA,,0.8918231864713358,,,0.8918231864713358,7.434882166649935e-12,1.466832663912955e-10,,
hsa-miR-19b,hsa-miR-24,miRNA,miRNA,miRNA-miRNA,,0.888860899972915,,,0.888860899972915,1.0924236344878123e-11,1.9881329731015025e-10,,
hsa-miR-19b,hsa-miR-532-5p,miRNA,miRNA,miRNA-miRNA,,0.8823603368391622,,,0.8823603368391622,2.4500770354667606e-11,3.7886326359244697e-10,,
hsa-miR-19b,hsa-miR-660,miRNA,miRNA,miRNA-miRNA,,0.8727154288696549,,,0.8727154288696549,7.472169931630387e-11,9.50033034164435e-10,,
hsa-miR-19b,hsa-miR-146a,miRNA,miRNA,miRNA-miRNA,,0.8710355690859223,,,0.8710355690859223,8.990508061452819e-11,1.1287456045805183e-09,,
hsa-miR-19b,hsa-miR-27a,miRNA,miRNA,miRNA-miRNA,,0.8680474129047445,,,0.8680474129047445,1.2415549881411288e-10,1.4624787433838884e-09,,
hsa-miR-19b,hsa-miR-154,miRNA,miRNA,miRNA-miRNA,,0.8650418402525053,,,0.8650418402525053,1.7044388166070236e-10,1.8909355846291217e-09,,
hsa-miR-19b,hsa-miR-96,miRNA,miRNA,miRNA-miRNA,,0.8547731172876357,,,0.8547731172876357,4.76542314871452e-10,4.54417135966706e-09,,
hsa-miR-19b,hsa-miR-455-5p,miRNA,miRNA,miRNA-miRNA,,0.8473826034057923,,,0.8473826034057923,9.52599422997497e-10,7.882563407241687e-09,,
hsa-miR-19b,hsa-miR-1979,miRNA,miRNA,miRNA-miRNA,,0.8456082321543633,,,0.8456082321543633,1.1188889975897522e-09,8.980261393480876e-09,,
hsa-miR-19b,hsa-miR-663b,miRNA,miRNA,miRNA-miRNA,,0.8414984038235795,,,0.8414984038235795,1.611933440816481e-09,1.2066903608355153e-08,,
hsa-miR-19b,hsa-miR-106a+hsa-miR-17,miRNA,miRNA,miRNA-miRNA,,0.8313196231726944,,,0.8313196231726944,3.815427132170572e-09,2.480647023432328e-08,,
hsa-miR-19b,hsa-miR-130b,miRNA,miRNA,miRNA-miRNA,,0.8295193089540249,,,0.8295193089540249,4.41729828108277e-09,2.817082741359314e-08,,
hsa-miR-19b,hsa-miR-150,miRNA,miRNA,miRNA-miRNA,,0.8272807177029684,,,0.8272807177029684,5.287354937318436e-09,3.293290283664127e-08,,
hsa-miR-19b,hsa-miR-425,miRNA,miRNA,miRNA-miRNA,,0.8272447803956784,,,0.8272447803956784,5.302527046060447e-09,3.297611928489455e-08,,
hsa-miR-19b,hsa-miR-125b,miRNA,miRNA,miRNA-miRNA,,0.8253048377307721,,,0.8253048377307721,6.1835886456551814e-09,3.746637295892436e-08,,
hsa-miR-19b,hsa-miR-99a,miRNA,miRNA,miRNA-miRNA,,0.8247599694427734,,,0.8247599694427734,6.454230078859097e-09,3.875440999374915e-08,,
hsa-miR-19b,hsa-miR-98,miRNA,miRNA,miRNA-miRNA,,0.8168517854863279,,,0.8168517854863279,1.1828027683431145e-08,6.62527167064677e-08,,
hsa-miR-19b,hsa-miR-107,miRNA,miRNA,miRNA-miRNA,,0.8165737416241138,,,0.8165737416241138,1.2076261203566625e-08,6.708103484089367e-08,,
hsa-miR-19b,hsa-miR-151-3p,miRNA,miRNA,miRNA-miRNA,,0.8162239644570933,,,0.8162239644570933,1.239533834377512e-08,6.834618509211038e-08,,
hsa-miR-19b,hsa-miR-1308,miRNA,miRNA,miRNA-miRNA,,0.8153877421373809,,,0.8153877421373809,1.3189833133767624e-08,7.17342474273767e-08,,
hsa-miR-19b,hsa-miR-484,miRNA,miRNA,miRNA-miRNA,,0.8124985361581122,,,0.8124985361581122,1.6309143284225667e-08,8.583195644326387e-08,,
hsa-miR-19b,hsa-miR-199a-5p,miRNA,miRNA,miRNA-miRNA,,0.8103271964261314,,,0.8103271964261314,1.9084804580159195e-08,9.761767859966485e-08,,
hsa-miR-19b,hsa-miR-142-3p,miRNA,miRNA,miRNA-miRNA,,0.8086437113946564,,,0.8086437113946564,2.1528564155153715e-08,1.0737471910509418e-07,,
hsa-miR-19b,hsa-miR-200b,miRNA,miRNA,miRNA-miRNA,,0.8005678138502372,,,0.8005678138502372,3.776747144975852e-08,1.722764500641035e-07,,
hsa-miR-19b,hsa-miR-135b,miRNA,miRNA,miRNA-miRNA,,0.794259305137463,,,0.794259305137463,5.757731161325999e-08,2.4792154268824725e-07,,
hsa-miR-19b,hsa-miR-141,miRNA,miRNA,miRNA-miRNA,,0.7940070400433596,,,0.7940070400433596,5.853874202848957e-08,2.504782711795948e-07,,
hsa-miR-19b,hsa-miR-490-3p,miRNA,miRNA,miRNA-miRNA,,0.7862409074739863,,,0.7862409074739863,9.641391441343397e-08,3.830731420890903e-07,,
hsa-miR-19b,hsa-miR-203,miRNA,miRNA,miRNA-miRNA,,0.7722259759869686,,,0.7722259759869686,2.2573234232224563e-07,7.84772596354682e-07,,
hsa-miR-19b,hsa-miR-194,miRNA,miRNA,miRNA-miRNA,,0.765450290136996,,,0.765450290136996,3.33471558229464e-07,1.0947160579581994e-06,,
hsa-miR-19b,hsa-miR-454,miRNA,miRNA,miRNA-miRNA,,0.7634348267359516,,,0.7634348267359516,3.735853898339591e-07,1.2115056569109362e-06,,
hsa-miR-19b,hsa-miR-429,miRNA,miRNA,miRNA-miRNA,,0.7575889073167302,,,0.7575889073167302,5.161719825341115e-07,1.5975802086932894e-06,,
hsa-miR-19b,hsa-miR-128,miRNA,miRNA,miRNA-miRNA,,0.7564593743497637,,,0.7564593743497637,5.488762519879646e-07,1.6870678351587094e-06,,
hsa-miR-19b,hsa-miR-155,miRNA,miRNA,miRNA-miRNA,,0.7454644399254249,,,0.7454644399254249,9.816263111300019e-07,2.830391199478515e-06,,
hsa-miR-19b,hsa-miR-200a,miRNA,miRNA,miRNA-miRNA,,0.7395842228311579,,,0.7395842228311579,1.323837131801912e-06,3.6414613412545724e-06,,
hsa-miR-19b,hsa-miR-509-3p,miRNA,miRNA,miRNA-miRNA,,0.7378562886604605,,,0.7378562886604605,1.4432927221925938e-06,3.9375935642924645e-06,,
hsa-miR-19b,hsa-miR-421,miRNA,miRNA,miRNA-miRNA,,0.717162383947904,,,0.717162383947904,3.866681812531599e-06,9.310937605797891e-06,,
hsa-miR-19b,hsa-miR-142-5p,miRNA,miRNA,miRNA-miRNA,,0.7166086618696986,,,0.7166086618696986,3.965316658557402e-06,9.515334462266264e-06,,
hsa-miR-19b,hsa-miR-708,miRNA,miRNA,miRNA-miRNA,,0.7084226123653597,,,0.7084226123653597,5.7160383674479465e-06,1.3156743483694842e-05,,
hsa-miR-19b,hsa-miR-183,miRNA,miRNA,miRNA-miRNA,,0.7016416386413762,,,0.7016416386413762,7.667766729946536e-06,1.7060780974131044e-05,,
hsa-miR-19b,hsa-miR-1975,miRNA,miRNA,miRNA-miRNA,,0.6955770188932754,,,0.6955770188932754,9.904825822699306e-06,2.1346423559506894e-05,,
hsa-miR-20a+hsa-miR-20b,hsa-miR-26b,miRNA,miRNA,miRNA-miRNA,,0.965798296868761,,,0.965798296868761,3.8699173002139955e-19,3.0998037574714105e-16,,
hsa-miR-20a+hsa-miR-20b,hsa-miR-374b,miRNA,miRNA,miRNA-miRNA,,0.9586889066576967,,,0.9586889066576967,6.271598942108835e-18,2.511775376314588e-15,,
hsa-miR-20a+hsa-miR-20b,hsa-miR-374a,miRNA,miRNA,miRNA-miRNA,,0.9451356299378783,,,0.9451356299378783,4.0389046177759506e-16,5.77707606935453e-14,,
hsa-miR-20a+hsa-miR-20b,hsa-miR-148a,miRNA,miRNA,miRNA-miRNA,,0.9322768441425318,,,0.9322768441425318,8.715506896272818e-15,6.844236297955418e-13,,
hsa-miR-20a+hsa-miR-20b,hsa-miR-497,miRNA,miRNA,miRNA-miRNA,,0.9218229321872876,,,0.9218229321872876,6.992544417390889e-14,3.5904026143141683e-12,,
hsa-miR-20a+hsa-miR-20b,hsa-miR-93,miRNA,miRNA,miRNA-miRNA,,0.9214997026970497,,,0.9214997026970497,7.422662809614573e-14,3.763008171203337e-12,,
hsa-miR-20a+hsa-miR-20b,hsa-miR-195,miRNA,miRNA,miRNA-miRNA,,0.9200129237948205,,,0.9200129237948205,9.736343134063036e-14,4.642149315705054e-12,,
hsa-miR-20a+hsa-miR-20b,hsa-miR-29b,miRNA,miRNA,miRNA-miRNA,,0.9151193140164918,,,0.9151193140164918,2.2948578699229014e-13,9.573860176084604e-12,,
hsa-miR-20a+hsa-miR-20b,hsa-miR-27a,miRNA,miRNA,miRNA-miRNA,,0.911059842123115,,,0.911059842123115,4.4983980566695063e-13,1.6233979789025622e-11,,
hsa-miR-20a+hsa-miR-20b,hsa-miR-101,miRNA,miRNA,miRNA-miRNA,,0.902299174665619,,,0.902299174665619,1.7338751783372682e-12,4.3950443602789613e-11,,
hsa-miR-20a+hsa-miR-20b,hsa-miR-186,miRNA,miRNA,miRNA-miRNA,,0.9000179735460322,,,0.9000179735460322,2.413093755599174e-12,5.73494155902984e-11,,
hsa-miR-20a+hsa-miR-20b,hsa-miR-24,miRNA,miRNA,miRNA-miRNA,,0.8991001334258953,,,0.8991001334258953,2.7502133874495757e-12,6.294059780991742e-11,,
hsa-miR-20a+hsa-miR-20b,hsa-miR-25,miRNA,miRNA,miRNA-miRNA,,0.8811578337744824,,,0.8811578337744824,2.8301871926500647e-11,4.2294401890162353e-10,,
hsa-miR-20a+hsa-miR-20b,hsa-miR-106b,miRNA,miRNA,miRNA-miRNA,,0.8808364511883534,,,0.8808364511883534,2.940636445106918e-11,4.3619440602419285e-10,,
hsa-miR-20a+hsa-miR-20b,hsa-miR-532-5p,miRNA,miRNA,miRNA-miRNA,,0.8786731738105225,,,0.8786731738105225,3.794290754109211e-11,5.546034478177879e-10,,
hsa-miR-20a+hsa-miR-20b,hsa-miR-340,miRNA,miRNA,miRNA-miRNA,,0.8782544896022059,,,0.8782544896022059,3.983926369534163e-11,5.735640200591132e-10,,
hsa-miR-20a+hsa-miR-20b,hsa-miR-21,miRNA,miRNA,miRNA-miRNA,,0.8782542566653386,,,0.8782542566653386,3.984034271503755e-11,5.735640200591132e-10,,
hsa-miR-20a+hsa-miR-20b,hsa-miR-146a,miRNA,miRNA,miRNA-miRNA,,0.8585207945903973,,,0.8585207945903973,3.305131980657217e-10,3.334270423811626e-09,,
hsa-miR-20a+hsa-miR-20b,hsa-miR-1979,miRNA,miRNA,miRNA-miRNA,,0.8531711382965969,,,0.8531711382965969,5.555039191362636e-10,5.0794365208692595e-09,,
hsa-miR-20a+hsa-miR-20b,hsa-miR-99a,miRNA,miRNA,miRNA-miRNA,,0.8516379537797065,,,0.8516379537797065,6.422194157891884e-10,5.677900132970639e-09,,
hsa-miR-20a+hsa-miR-20b,hsa-miR-98,miRNA,miRNA,miRNA-miRNA,,0.8500583160442593,,,0.8500583160442593,7.444874705549312e-10,6.384737301011776e-09,,
hsa-miR-20a+hsa-miR-20b,hsa-miR-455-5p,miRNA,miRNA,miRNA-miRNA,,0.8466210989308458,,,0.8466210989308458,1.0209545950345004e-09,8.327745729354734e-09,,
hsa-miR-20a+hsa-miR-20b,hsa-miR-484,miRNA,miRNA,miRNA-miRNA,,0.8445109633873493,,,0.8445109633873493,1.2347087943084961e-09,9.639393218724225e-09,,
hsa-miR-20a+hsa-miR-20b,hsa-miR-154,miRNA,miRNA,miRNA-miRNA,,0.8431451703308214,,,0.8431451703308214,1.3942976495165821e-09,1.0677174161212068e-08,,
hsa-miR-20a+hsa-miR-20b,hsa-miR-199a-5p,miRNA,miRNA,miRNA-miRNA,,0.839060957333345,,,0.839060957333345,1.99200245458497e-09,1.4374720415518567e-08,,
hsa-miR-20a+hsa-miR-20b,hsa-miR-660,miRNA,miRNA,miRNA-miRNA,,0.8344981205312245,,,0.8344981205312245,2.933585101654655e-09,1.9947382567278256e-08,,
hsa-miR-20a+hsa-miR-20b,hsa-miR-200b,miRNA,miRNA,miRNA-miRNA,,0.8228875581955744,,,0.8228875581955744,7.46955317253309e-09,4.386445814662028e-08,,
hsa-miR-20a+hsa-miR-20b,hsa-miR-107,miRNA,miRNA,miRNA-miRNA,,0.8167802250681259,,,0.8167802250681259,1.1891463439924482e-08,6.63329521245564e-08,,
hsa-miR-20a+hsa-miR-20b,hsa-miR-429,miRNA,miRNA,miRNA-miRNA,,0.8146593385048712,,,0.8146593385048712,1.391975585210559e-08,7.523430794559095e-08,,
hsa-miR-20a+hsa-miR-20b,hsa-miR-96,miRNA,miRNA,miRNA-miRNA,,0.8142815471263877,,,0.8142815471263877,1.4312787169069089e-08,7.704665673672272e-08,,
hsa-miR-20a+hsa-miR-20b,hsa-miR-490-3p,miRNA,miRNA,miRNA-miRNA,,0.8141456720356538,,,0.8141456720356538,1.4456619302519934e-08,7.739240966148997e-08,,
hsa-miR-20a+hsa-miR-20b,hsa-miR-1308,miRNA,miRNA,miRNA-miRNA,,0.8129922071825729,,,0.8129922071825729,1.5732231994379267e-08,8.323327495044777e-08,,
hsa-miR-20a+hsa-miR-20b,hsa-miR-106a+hsa-miR-17,miRNA,miRNA,miRNA-miRNA,,0.8122106422157885,,,0.8122106422157885,1.665449096314433e-08,8.730528312486e-08,,
hsa-miR-20a+hsa-miR-20b,hsa-miR-151-3p,miRNA,miRNA,miRNA-miRNA,,0.8057669614411699,,,0.8057669614411699,2.63791296139906e-08,1.2821409478644702e-07,,
hsa-miR-20a+hsa-miR-20b,hsa-miR-663b,miRNA,miRNA,miRNA-miRNA,,0.8018140555339883,,,0.8018140555339883,3.468763374653168e-08,1.6060574931197615e-07,,
hsa-miR-20a+hsa-miR-20b,hsa-miR-130b,miRNA,miRNA,miRNA-miRNA,,0.7966183527334318,,,0.7966183527334318,4.926219272469067e-08,2.1721745240856497e-07,,
hsa-miR-20a+hsa-miR-20b,hsa-miR-509-3p,miRNA,miRNA,miRNA-miRNA,,0.7914547249905186,,,0.7914547249905186,6.912869182590261e-08,2.871995962269087e-07,,
hsa-miR-20a+hsa-miR-20b,hsa-miR-200a,miRNA,miRNA,miRNA-miRNA,,0.7875415517597668,,,0.7875415517597668,8.881194979210002e-08,3.592847059771319e-07,,
hsa-miR-20a+hsa-miR-20b,hsa-miR-425,miRNA,miRNA,miRNA-miRNA,,0.7854011169245217,,,0.7854011169245217,1.0163425173887235e-07,4.0101631987151195e-07,,
hsa-miR-20a+hsa-miR-20b,hsa-miR-125b,miRNA,miRNA,miRNA-miRNA,,0.7738305426139083,,,0.7738305426139083,2.054094210000139e-07,7.264097322630519e-07,,
hsa-miR-20a+hsa-miR-20b,hsa-miR-150,miRNA,miRNA,miRNA-miRNA,,0.7725964310772325,,,0.7725964310772325,2.2088348526534672e-07,7.705909046060223e-07,,
hsa-miR-20a+hsa-miR-20b,hsa-miR-141,miRNA,miRNA,miRNA-miRNA,,0.7673805279753062,,,0.7673805279753062,2.987837947912781e-07,9.96360614603721e-07,,
hsa-miR-20a+hsa-miR-20b,hsa-miR-454,miRNA,miRNA,miRNA-miRNA,,0.7566041304721172,,,0.7566041304721172,5.44581909252616e-07,1.6764416191827264e-06,,
hsa-miR-20a+hsa-miR-20b,hsa-miR-135b,miRNA,miRNA,miRNA-miRNA,,0.7562633974791768,,,0.7562633974791768,5.547393695593389e-07,1.6998222811105734e-06,,
hsa-miR-20a+hsa-miR-20b,hsa-miR-203,miRNA,miRNA,miRNA-miRNA,,0.7532064871364816,,,0.7532064871364816,6.53912331035366e-07,1.97158134106305e-06,,
hsa-miR-20a+hsa-miR-20b,hsa-miR-155,miRNA,miRNA,miRNA-miRNA,,0.7305026487703788,,,0.7305026487703788,2.0694533203699805e-06,5.434859375791326e-06,,
hsa-miR-20a+hsa-miR-20b,hsa-miR-194,miRNA,miRNA,miRNA-miRNA,,0.7263977189657713,,,0.7263977189657713,2.51798549154708e-06,6.468590053653659e-06,,
hsa-miR-20a+hsa-miR-20b,hsa-miR-128,miRNA,miRNA,miRNA-miRNA,,0.7251990560978133,,,0.7251990560978133,2.664696654904169e-06,6.763060901705449e-06,,
hsa-miR-20a+hsa-miR-20b,hsa-miR-708,miRNA,miRNA,miRNA-miRNA,,0.7152399172473993,,,0.7152399172473993,4.21900883757563e-06,1.0008550640519331e-05,,
hsa-miR-20a+hsa-miR-20b,hsa-miR-142-3p,miRNA,miRNA,miRNA-miRNA,,0.704682851063458,,,0.704682851063458,6.728026927504391e-06,1.5189260340842776e-05,,
hsa-miR-20a+hsa-miR-20b,hsa-miR-142-5p,miRNA,miRNA,miRNA-miRNA,,0.6986329667589016,,,0.6986329667589016,8.712879358870956e-06,1.9037142298024103e-05,,
hsa-miR-20a+hsa-miR-20b,hsa-miR-200c,miRNA,miRNA,miRNA-miRNA,,0.6902005711221517,,,0.6902005711221517,1.2364982841096187e-05,2.605037153003168e-05,,
hsa-miR-21,hsa-miR-142-3p,miRNA,miRNA,miRNA-miRNA,,0.909831920541189,,,0.909831920541189,5.479456630336665e-13,1.8540494995250144e-11,,
hsa-miR-21,hsa-miR-150,miRNA,miRNA,miRNA-miRNA,,0.8639507262167521,,,0.8639507262167521,1.908665185865024e-10,2.0772293666819082e-09,,
hsa-miR-21,hsa-miR-106b,miRNA,miRNA,miRNA-miRNA,,0.8635152233542938,,,0.8635152233542938,1.9963136424392535e-10,2.1608746318835704e-09,,
hsa-miR-21,hsa-miR-146a,miRNA,miRNA,miRNA-miRNA,,0.8580711006962537,,,0.8580711006962537,3.4553725565591297e-10,3.442479375377939e-09,,
hsa-miR-21,hsa-miR-374b,miRNA,miRNA,miRNA-miRNA,,0.8505865549709505,,,0.8505865549709505,7.087268953191457e-10,6.143833800331556e-09,,
hsa-miR-21,hsa-miR-340,miRNA,miRNA,miRNA-miRNA,,0.8504322103298162,,,0.8504322103298162,7.190082393435025e-10,6.19274838402307e-09,,
hsa-miR-21,hsa-miR-374a,miRNA,miRNA,miRNA-miRNA,,0.8402073715478713,,,0.8402073715478713,1.8039979643418975e-09,1.318432818830164e-08,,
hsa-miR-21,hsa-miR-148a,miRNA,miRNA,miRNA-miRNA,,0.8399302205400195,,,0.8399302205400195,1.847886243662326e-09,1.3407218126571768e-08,,
hsa-miR-21,hsa-miR-26b,miRNA,miRNA,miRNA-miRNA,,0.8357130387190278,,,0.8357130387190278,2.6493268321004913e-09,1.835735979682088e-08,,
hsa-miR-21,hsa-miR-532-5p,miRNA,miRNA,miRNA-miRNA,,0.8315195614176368,,,0.8315195614176368,3.753467155353329e-09,2.4603332172160527e-08,,
hsa-miR-21,hsa-miR-101,miRNA,miRNA,miRNA-miRNA,,0.8313925716715344,,,0.8313925716715344,3.792712417313697e-09,2.4707368629760158e-08,,
hsa-miR-21,hsa-miR-24,miRNA,miRNA,miRNA-miRNA,,0.823071627748463,,,0.823071627748463,7.363593884069922e-09,4.3485792478213616e-08,,
hsa-miR-21,hsa-miR-660,miRNA,miRNA,miRNA-miRNA,,0.817547426690339,,,0.817547426690339,1.1227376918059781e-08,6.333189374201327e-08,,
hsa-miR-21,hsa-miR-663b,miRNA,miRNA,miRNA-miRNA,,0.8091660262482949,,,0.8091660262482949,2.0741248675549717e-08,1.0370624337774858e-07,,
hsa-miR-21,hsa-miR-186,miRNA,miRNA,miRNA-miRNA,,0.8009505709904636,,,0.8009505709904636,3.679586582921782e-08,1.6841993445259127e-07,,
hsa-miR-21,hsa-miR-25,miRNA,miRNA,miRNA-miRNA,,0.7956964788627229,,,0.7956964788627229,5.2370728521778065e-08,2.2823152092461495e-07,,
hsa-miR-21,hsa-miR-497,miRNA,miRNA,miRNA-miRNA,,0.786638952688252,,,0.786638952688252,9.402642250708703e-08,3.769527749157993e-07,,
hsa-miR-21,hsa-miR-93,miRNA,miRNA,miRNA-miRNA,,0.784820960489546,,,0.784820960489546,1.053905171487743e-07,4.113928081684611e-07,,
hsa-miR-21,hsa-miR-1979,miRNA,miRNA,miRNA-miRNA,,0.7840386082346894,,,0.7840386082346894,1.1065738443856456e-07,4.290249996867871e-07,,
hsa-miR-21,hsa-miR-27a,miRNA,miRNA,miRNA-miRNA,,0.7762378297338149,,,0.7762378297338149,1.7804314007176747e-07,6.462218584249883e-07,,
hsa-miR-21,hsa-miR-195,miRNA,miRNA,miRNA-miRNA,,0.7749602870054113,,,0.7749602870054113,1.921201752118167e-07,6.870011622529695e-07,,
hsa-miR-21,hsa-miR-29b,miRNA,miRNA,miRNA-miRNA,,0.7716990572769831,,,0.7716990572769831,2.3279697590886405e-07,8.051398000993096e-07,,
hsa-miR-21,hsa-miR-125b,miRNA,miRNA,miRNA-miRNA,,0.7714250009729945,,,0.7714250009729945,2.3655077249845986e-07,8.145673154304777e-07,,
hsa-miR-21,hsa-miR-154,miRNA,miRNA,miRNA-miRNA,,0.7672790351356503,,,0.7672790351356503,3.0052213833765515e-07,1.00132376376232e-06,,
hsa-miR-21,hsa-miR-107,miRNA,miRNA,miRNA-miRNA,,0.7452109289203557,,,0.7452109289203557,9.945295713414864e-07,2.8573846286363726e-06,,
hsa-miR-21,hsa-miR-96,miRNA,miRNA,miRNA-miRNA,,0.7437730029864583,,,0.7437730029864583,1.0706886823382103e-06,3.0520342866651473e-06,,
hsa-miR-21,hsa-miR-455-5p,miRNA,miRNA,miRNA-miRNA,,0.7385660167366461,,,0.7385660167366461,1.3930882335863857e-06,3.813614747445984e-06,,
hsa-miR-21,hsa-miR-155,miRNA,miRNA,miRNA-miRNA,,0.7354873484648684,,,0.7354873484648684,1.6230279816924625e-06,4.377257283958459e-06,,
hsa-miR-21,hsa-miR-1308,miRNA,miRNA,miRNA-miRNA,,0.7278366361472974,,,0.7278366361472974,2.3515857084029987e-06,6.091915111354469e-06,,
hsa-miR-21,hsa-miR-200b,miRNA,miRNA,miRNA-miRNA,,0.7214614180890152,,,0.7214614180890152,3.1734542975042365e-06,7.884419641131803e-06,,
hsa-miR-21,hsa-miR-151-3p,miRNA,miRNA,miRNA-miRNA,,0.7189740082007037,,,0.7189740082007037,3.5593379798742763e-06,8.65522077073253e-06,,
hsa-miR-21,hsa-miR-425,miRNA,miRNA,miRNA-miRNA,,0.717310642000019,,,0.717310642000019,3.840653300810772e-06,9.25500389274798e-06,,
hsa-miR-21,hsa-miR-484,miRNA,miRNA,miRNA-miRNA,,0.7134561658550956,,,0.7134561658550956,4.5717119387584025e-06,1.0757759291849237e-05,,
hsa-miR-21,hsa-miR-130b,miRNA,miRNA,miRNA-miRNA,,0.6979264696870143,,,0.6979264696870143,8.976267676830285e-06,1.9580583902889593e-05,,
hsa-miR-21,hsa-miR-141,miRNA,miRNA,miRNA-miRNA,,0.6977342984935614,,,0.6977342984935614,9.049146726902972e-06,1.9696648174590436e-05,,
hsa-miR-21,hsa-miR-99a,miRNA,miRNA,miRNA-miRNA,,0.6913408751498468,,,0.6913408751498468,1.180128538978839e-05,2.495467158717133e-05,,
hsa-miR-21,hsa-miR-106a+hsa-miR-17,miRNA,miRNA,miRNA-miRNA,,0.6885433708942142,,,0.6885433708942142,1.322764343019997e-05,2.756332567010972e-05,,
hsa-miR-21,hsa-miR-98,miRNA,miRNA,miRNA-miRNA,,0.679112016995363,,,0.679112016995363,1.925883279638311e-05,3.858307434212501e-05,,
hsa-miR-24,hsa-miR-148a,miRNA,miRNA,miRNA-miRNA,,0.9334086915873434,,,0.9334086915873434,6.8206053611184015e-15,6.352680109599814e-13,,
hsa-miR-24,hsa-miR-27a,miRNA,miRNA,miRNA-miRNA,,0.9328114342327406,,,0.9328114342327406,7.766690427968646e-15,6.762085905220528e-13,,
hsa-miR-24,hsa-miR-374b,miRNA,miRNA,miRNA-miRNA,,0.920827593924779,,,0.920827593924779,8.396783320040349e-14,4.114905097827045e-12,,
hsa-miR-24,hsa-miR-195,miRNA,miRNA,miRNA-miRNA,,0.9208092096131566,,,0.9208092096131566,8.425024170332527e-14,4.114905097827045e-12,,
hsa-miR-24,hsa-miR-374a,miRNA,miRNA,miRNA-miRNA,,0.9132440404728124,,,0.9132440404728124,3.1445349027047413e-13,1.2227050762458726e-11,,
hsa-miR-24,hsa-miR-497,miRNA,miRNA,miRNA-miRNA,,0.9120776226036895,,,0.9120776226036895,3.811534090078635e-13,1.4401126444117863e-11,,
hsa-miR-24,hsa-miR-186,miRNA,miRNA,miRNA-miRNA,,0.9112977779680997,,,0.9112977779680997,4.3282550306571307e-13,1.590335908053377e-11,,
hsa-miR-24,hsa-miR-25,miRNA,miRNA,miRNA-miRNA,,0.9106145326113909,,,0.9106145326113909,4.833612327298787e-13,1.6981243307747056e-11,,
hsa-miR-24,hsa-miR-93,miRNA,miRNA,miRNA-miRNA,,0.9068970309117094,,,0.9068970309117094,8.683196494643155e-13,2.6696276476455346e-11,,
hsa-miR-24,hsa-miR-26b,miRNA,miRNA,miRNA-miRNA,,0.9059079965049321,,,0.9059079965049321,1.0105939055572377e-12,2.921705572413257e-11,,
hsa-miR-24,hsa-miR-532-5p,miRNA,miRNA,miRNA-miRNA,,0.8963115037905159,,,0.8963115037905159,4.061078047074823e-12,8.791685177586305e-11,,
hsa-miR-24,hsa-miR-29b,miRNA,miRNA,miRNA-miRNA,,0.8900030359668542,,,0.8900030359668542,9.43020378826458e-12,1.764858232336432e-10,,
hsa-miR-24,hsa-miR-101,miRNA,miRNA,miRNA-miRNA,,0.88594663599075,,,0.88594663599075,1.5785852595037076e-11,2.690312325239298e-10,,
hsa-miR-24,hsa-miR-151-3p,miRNA,miRNA,miRNA-miRNA,,0.8819360255405735,,,0.8819360255405735,2.5784475726989995e-11,3.919367793783934e-10,,
hsa-miR-24,hsa-miR-99a,miRNA,miRNA,miRNA-miRNA,,0.877503468833098,,,0.877503468833098,4.346214564448795e-11,6.107575203725412e-10,,
hsa-miR-24,hsa-miR-1979,miRNA,miRNA,miRNA-miRNA,,0.8668428837890902,,,0.8668428837890902,1.4109653610721613e-10,1.6379467452446393e-09,,
hsa-miR-24,hsa-miR-199a-5p,miRNA,miRNA,miRNA-miRNA,,0.8659739165271412,,,0.8659739165271412,1.5461744409533707e-10,1.739446246072542e-09,,
hsa-miR-24,hsa-miR-484,miRNA,miRNA,miRNA-miRNA,,0.8653929852341582,,,0.8653929852341582,1.643137021355106e-10,1.8279899362575555e-09,,
hsa-miR-24,hsa-miR-98,miRNA,miRNA,miRNA-miRNA,,0.8573052109960461,,,0.8573052109960461,3.7258447932707267e-10,3.6768785670748576e-09,,
hsa-miR-24,hsa-miR-340,miRNA,miRNA,miRNA-miRNA,,0.8467597424497164,,,0.8467597424497164,1.0081822254588516e-09,8.257197981518816e-09,,
hsa-miR-24,hsa-miR-96,miRNA,miRNA,miRNA-miRNA,,0.8437376050276968,,,0.8437376050276968,1.3228727310449925e-09,1.0247785856547765e-08,,
hsa-miR-24,hsa-miR-455-5p,miRNA,miRNA,miRNA-miRNA,,0.8375305178168525,,,0.8375305178168525,2.2711640283807094e-09,1.6098819056104924e-08,,
hsa-miR-24,hsa-miR-106b,miRNA,miRNA,miRNA-miRNA,,0.8320828362766205,,,0.8320828362766205,3.583857787618183e-09,2.3763825230812618e-08,,
hsa-miR-24,hsa-miR-107,miRNA,miRNA,miRNA-miRNA,,0.8319837047521011,,,0.8319837047521011,3.6131861400885122e-09,2.3918695026536347e-08,,
hsa-miR-24,hsa-miR-125b,miRNA,miRNA,miRNA-miRNA,,0.8301892111962874,,,0.8301892111962874,4.183812157299638e-09,2.6895935296926245e-08,,
hsa-miR-24,hsa-miR-490-3p,miRNA,miRNA,miRNA-miRNA,,0.8270245664391658,,,0.8270245664391658,5.3963760536069e-09,3.335260199798709e-08,,
hsa-miR-24,hsa-miR-135b,miRNA,miRNA,miRNA-miRNA,,0.8222064104716752,,,0.8222064104716752,7.873972586902167e-09,4.5836134026952295e-08,,
hsa-miR-24,hsa-miR-425,miRNA,miRNA,miRNA-miRNA,,0.8137185920312603,,,0.8137185920312603,1.491740500005117e-08,7.944708381011294e-08,,
hsa-miR-24,hsa-miR-106a+hsa-miR-17,miRNA,miRNA,miRNA-miRNA,,0.8055376790007661,,,0.8055376790007661,2.680595031391519e-08,1.2934678434606064e-07,,
hsa-miR-24,hsa-miR-130b,miRNA,miRNA,miRNA-miRNA,,0.798236337209011,,,0.798236337209011,4.4212457046347495e-08,1.9762376168596172e-07,,
hsa-miR-24,hsa-miR-150,miRNA,miRNA,miRNA-miRNA,,0.7947183585927096,,,0.7947183585927096,5.586483472371731e-08,2.410976972720774e-07,,
hsa-miR-24,hsa-miR-146a,miRNA,miRNA,miRNA-miRNA,,0.7926022468983801,,,0.7926022468983801,6.416731232842607e-08,2.6994756919679246e-07,,
hsa-miR-24,hsa-miR-1308,miRNA,miRNA,miRNA-miRNA,,0.7863392336059354,,,0.7863392336059354,9.581903997076182e-08,3.8146645634483203e-07,,
hsa-miR-24,hsa-miR-660,miRNA,miRNA,miRNA-miRNA,,0.7827138189539287,,,0.7827138189539287,1.201286797686527e-07,4.608384698021591e-07,,
hsa-miR-24,hsa-miR-128,miRNA,miRNA,miRNA-miRNA,,0.7812600044919227,,,0.7812600044919227,1.3137266699513444e-07,4.968343071912308e-07,,
hsa-miR-24,hsa-miR-200a,miRNA,miRNA,miRNA-miRNA,,0.7796640310403783,,,0.7796640310403783,1.4481986206458242e-07,5.415532657036905e-07,,
hsa-miR-24,hsa-miR-145,miRNA,miRNA,miRNA-miRNA,,0.7761384658330374,,,0.7761384658330374,1.791031746716643e-07,6.485442998407424e-07,,
hsa-miR-24,hsa-miR-429,miRNA,miRNA,miRNA-miRNA,,0.7708673661031511,,,0.7708673661031511,2.4436026003309134e-07,8.343246730030101e-07,,
hsa-miR-24,hsa-miR-154,miRNA,miRNA,miRNA-miRNA,,0.77045581508254,,,0.77045581508254,2.502743349753184e-07,8.501685424734098e-07,,
hsa-miR-24,hsa-miR-509-3p,miRNA,miRNA,miRNA-miRNA,,0.7589681770098714,,,0.7589681770098714,4.786531545009094e-07,1.503534026491092e-06,,
hsa-miR-24,hsa-miR-200b,miRNA,miRNA,miRNA-miRNA,,0.755685666158966,,,0.755685666158966,5.72357855498482e-07,1.7485074075296875e-06,,
hsa-miR-24,hsa-miR-1975,miRNA,miRNA,miRNA-miRNA,,0.7523975985726523,,,0.7523975985726523,6.827317127775942e-07,2.04666205813942e-06,,
hsa-miR-24,hsa-miR-663b,miRNA,miRNA,miRNA-miRNA,,0.7334255421166084,,,0.7334255421166084,1.7957931200109253e-06,4.785197235957256e-06,,
hsa-miR-24,hsa-miR-203,miRNA,miRNA,miRNA-miRNA,,0.7296558454721259,,,0.7296558454721259,2.155536621822379e-06,5.63139215290191e-06,,
hsa-miR-24,hsa-miR-194,miRNA,miRNA,miRNA-miRNA,,0.7277524612549318,,,0.7277524612549318,2.3610374071668458e-06,6.108497942960735e-06,,
hsa-miR-24,hsa-miR-454,miRNA,miRNA,miRNA-miRNA,,0.6988644904272703,,,0.6988644904272703,8.62809975938218e-06,1.8862194070046742e-05,,
hsa-miR-24,hsa-miR-155,miRNA,miRNA,miRNA-miRNA,,0.6902959083942528,,,0.6902959083942528,1.2316938193385902e-05,2.5976481023965526e-05,,
hsa-miR-25,hsa-miR-195,miRNA,miRNA,miRNA-miRNA,,0.9197667685851074,,,0.9197667685851074,1.0178538213383706e-13,4.7958877111296166e-12,,
hsa-miR-25,hsa-miR-93,miRNA,miRNA,miRNA-miRNA,,0.9021692009288252,,,0.9021692009288252,1.7672221936614617e-12,4.4513992991283986e-11,,
hsa-miR-25,hsa-miR-148a,miRNA,miRNA,miRNA-miRNA,,0.899998043690964,,,0.899998043690964,2.4199878239102195e-12,5.73494155902984e-11,,
hsa-miR-25,hsa-miR-106b,miRNA,miRNA,miRNA-miRNA,,0.892061363416732,,,0.892061363416732,7.2049033340850265e-12,1.428496923416363e-10,,
hsa-miR-25,hsa-miR-151-3p,miRNA,miRNA,miRNA-miRNA,,0.8912141315820199,,,0.8912141315820199,8.05425113532969e-12,1.581239009656638e-10,,
hsa-miR-25,hsa-miR-99a,miRNA,miRNA,miRNA-miRNA,,0.8900423453119611,,,0.8900423453119611,9.382323149769424e-12,1.764141042949603e-10,,
hsa-miR-25,hsa-miR-497,miRNA,miRNA,miRNA-miRNA,,0.8884546948020118,,,0.8884546948020118,1.1506405627608449e-11,2.0572836847576713e-10,,
hsa-miR-25,hsa-miR-186,miRNA,miRNA,miRNA-miRNA,,0.8866701514137503,,,0.8866701514137503,1.4420571848675475e-11,2.522025775281453e-10,,
hsa-miR-25,hsa-miR-29b,miRNA,miRNA,miRNA-miRNA,,0.8747922230830946,,,0.8747922230830946,5.923096992574065e-11,7.80329061028261e-10,,
hsa-miR-25,hsa-miR-125b,miRNA,miRNA,miRNA-miRNA,,0.8700572588127218,,,0.8700572588127218,1.0001332726304815e-10,1.232649761759878e-09,,
hsa-miR-25,hsa-miR-532-5p,miRNA,miRNA,miRNA-miRNA,,0.8655670653079253,,,0.8655670653079253,1.6135078633447006e-10,1.8000275745669988e-09,,
hsa-miR-25,hsa-miR-26b,miRNA,miRNA,miRNA-miRNA,,0.8598853020043518,,,0.8598853020043518,2.885373206103986e-10,2.955478181699863e-09,,
hsa-miR-25,hsa-miR-101,miRNA,miRNA,miRNA-miRNA,,0.8584904816495559,,,0.8584904816495559,3.3150666332870117e-10,3.3358899161594176e-09,,
hsa-miR-25,hsa-miR-199a-5p,miRNA,miRNA,miRNA-miRNA,,0.8556085510278167,,,0.8556085510278167,4.396045099718999e-10,4.2733399573724735e-09,,
hsa-miR-25,hsa-miR-425,miRNA,miRNA,miRNA-miRNA,,0.8534402971493058,,,0.8534402971493058,5.414452663919478e-10,4.9850305560913815e-09,,
hsa-miR-25,hsa-miR-1979,miRNA,miRNA,miRNA-miRNA,,0.8449123491370758,,,0.8449123491370758,1.1911169488409582e-09,9.427714189936833e-09,,
hsa-miR-25,hsa-miR-374a,miRNA,miRNA,miRNA-miRNA,,0.8411833675486271,,,0.8411833675486271,1.6569780249017136e-09,1.2380964533080902e-08,,
hsa-miR-25,hsa-miR-374b,miRNA,miRNA,miRNA-miRNA,,0.8363495110768058,,,0.8363495110768058,2.5107541632351284e-09,1.7518415372398414e-08,,
hsa-miR-25,hsa-miR-130b,miRNA,miRNA,miRNA-miRNA,,0.8212478085539204,,,0.8212478085539204,8.477305996945217e-09,4.87810495944908e-08,,
hsa-miR-25,hsa-miR-135b,miRNA,miRNA,miRNA-miRNA,,0.8198968535960209,,,0.8198968535960209,9.399951600210143e-09,5.378115165548803e-08,,
hsa-miR-25,hsa-miR-1308,miRNA,miRNA,miRNA-miRNA,,0.8133284160289597,,,0.8133284160289597,1.5350134206475956e-08,8.146234114618776e-08,,
hsa-miR-25,hsa-miR-150,miRNA,miRNA,miRNA-miRNA,,0.8132153415740363,,,0.8132153415740363,1.5477679620094515e-08,8.199485036835785e-08,,
hsa-miR-25,hsa-miR-96,miRNA,miRNA,miRNA-miRNA,,0.8034724651938439,,,0.8034724651938439,3.094636373774886e-08,1.4478993781505163e-07,,
hsa-miR-25,hsa-miR-27a,miRNA,miRNA,miRNA-miRNA,,0.801084593482664,,,0.801084593482664,3.646111761463606e-08,1.6759805837768404e-07,,
hsa-miR-25,hsa-miR-106a+hsa-miR-17,miRNA,miRNA,miRNA-miRNA,,0.7985746226700607,,,0.7985746226700607,4.3218651358317856e-08,1.938305696417279e-07,,
hsa-miR-25,hsa-miR-660,miRNA,miRNA,miRNA-miRNA,,0.7983596516817059,,,0.7983596516817059,4.384778413292145e-08,1.9621271000262616e-07,,
hsa-miR-25,hsa-miR-154,miRNA,miRNA,miRNA-miRNA,,0.7971517599677667,,,0.7971517599677667,4.754179427507708e-08,2.1109189143202185e-07,,
hsa-miR-25,hsa-miR-490-3p,miRNA,miRNA,miRNA-miRNA,,0.7880730641546726,,,0.7880730641546726,8.586666606307438e-08,3.487789022136033e-07,,
hsa-miR-25,hsa-miR-455-5p,miRNA,miRNA,miRNA-miRNA,,0.7841997827668009,,,0.7841997827668009,1.0955302473506024e-07,4.255672784325085e-07,,
hsa-miR-25,hsa-miR-340,miRNA,miRNA,miRNA-miRNA,,0.78354847576023,,,0.78354847576023,1.1407870652690793e-07,4.404549999244118e-07,,
hsa-miR-25,hsa-miR-1975,miRNA,miRNA,miRNA-miRNA,,0.7789425021168749,,,0.7789425021168749,1.5130328954603604e-07,5.621240024414418e-07,,
hsa-miR-25,hsa-miR-98,miRNA,miRNA,miRNA-miRNA,,0.7782780398759209,,,0.7782780398759209,1.5750784143168792e-07,5.834293432718848e-07,,
hsa-miR-25,hsa-miR-107,miRNA,miRNA,miRNA-miRNA,,0.774042926596005,,,0.774042926596005,2.028487140236947e-07,7.189461058981392e-07,,
hsa-miR-25,hsa-miR-484,miRNA,miRNA,miRNA-miRNA,,0.7707915697179419,,,0.7707915697179419,2.4543977380157595e-07,8.372966729772671e-07,,
hsa-miR-25,hsa-miR-200b,miRNA,miRNA,miRNA-miRNA,,0.7594466278805104,,,0.7594466278805104,4.662317284936168e-07,1.4714405615578687e-06,,
hsa-miR-25,hsa-miR-194,miRNA,miRNA,miRNA-miRNA,,0.751559477423957,,,0.751559477423957,7.138108217563867e-07,2.1350353555894912e-06,,
hsa-miR-25,hsa-miR-203,miRNA,miRNA,miRNA-miRNA,,0.7466323259807572,,,0.7466323259807572,9.241308442183857e-07,2.6813023779787103e-06,,
hsa-miR-25,hsa-miR-429,miRNA,miRNA,miRNA-miRNA,,0.7436250749345702,,,0.7436250749345702,1.0788177030202895e-06,3.0730191327142673e-06,,
hsa-miR-25,hsa-miR-509-3p,miRNA,miRNA,miRNA-miRNA,,0.7431124242429021,,,0.7431124242429021,1.1074262764052367e-06,3.142216437320438e-06,,
hsa-miR-25,hsa-miR-146a,miRNA,miRNA,miRNA-miRNA,,0.7427221143731115,,,0.7427221143731115,1.1296692372794265e-06,3.186144574157819e-06,,
hsa-miR-25,hsa-miR-451,miRNA,miRNA,miRNA-miRNA,,0.7207636048348445,,,0.7207636048348445,3.2776792049552943e-06,8.09815250823316e-06,,
hsa-miR-25,hsa-miR-128,miRNA,miRNA,miRNA-miRNA,,0.7141644094219466,,,0.7141644094219466,4.428587747912897e-06,1.04516758576259e-05,,
hsa-miR-25,hsa-miR-145,miRNA,miRNA,miRNA-miRNA,,0.711602748463861,,,0.711602748463861,4.966338506813311e-06,1.1564061464992623e-05,,
hsa-miR-25,hsa-miR-663b,miRNA,miRNA,miRNA-miRNA,,0.6992866302511032,,,0.6992866302511032,8.47543987705665e-06,1.8585185662161723e-05,,
hsa-miR-25,hsa-miR-142-3p,miRNA,miRNA,miRNA-miRNA,,0.6917735899322773,,,0.6917735899322773,1.1593532943583639e-05,2.4554256710233988e-05,,
hsa-miR-25,hsa-miR-708,miRNA,miRNA,miRNA-miRNA,,0.6854381636956741,,,0.6854381636956741,1.499187867314061e-05,3.0917854833124685e-05,,
hsa-miR-25,hsa-miR-183,miRNA,miRNA,miRNA-miRNA,,0.6839232313917267,,,0.6839232313917267,1.5927451712611606e-05,3.258881984497932e-05,,
hsa-miR-26b,hsa-miR-374b,miRNA,miRNA,miRNA-miRNA,,0.9619116187489457,,,0.9619116187489457,1.895027112891645e-18,9.486979483913797e-16,,
hsa-miR-26b,hsa-miR-27a,miRNA,miRNA,miRNA-miRNA,,0.950478093937695,,,0.950478093937695,9.004411662629444e-17,1.8980351952016278e-14,,
hsa-miR-26b,hsa-miR-195,miRNA,miRNA,miRNA-miRNA,,0.9488363720954571,,,0.9488363720954571,1.452543311885268e-16,2.4001982432998766e-14,,
hsa-miR-26b,hsa-miR-374a,miRNA,miRNA,miRNA-miRNA,,0.9459670808620465,,,0.9459670808620465,3.2300739607718436e-16,4.7912763751449015e-14,,
hsa-miR-26b,hsa-miR-148a,miRNA,miRNA,miRNA-miRNA,,0.9394398173549672,,,0.9394398173549672,1.7102328694808712e-15,1.8024954321765498e-13,,
hsa-miR-26b,hsa-miR-497,miRNA,miRNA,miRNA-miRNA,,0.9311421972659728,,,0.9311421972659728,1.109679150330031e-14,8.23012036494773e-13,,
hsa-miR-26b,hsa-miR-29b,miRNA,miRNA,miRNA-miRNA,,0.9288072462748777,,,0.9288072462748777,1.8012287681267758e-14,1.1826100354668421e-12,,
hsa-miR-26b,hsa-miR-186,miRNA,miRNA,miRNA-miRNA,,0.9190710582126249,,,0.9190710582126249,1.1531155263817074e-13,5.3320761624436534e-12,,
hsa-miR-26b,hsa-miR-93,miRNA,miRNA,miRNA-miRNA,,0.9010421640807269,,,0.9010421640807269,2.0823394081238137e-12,5.104067427074429e-11,,
hsa-miR-26b,hsa-miR-101,miRNA,miRNA,miRNA-miRNA,,0.9007839438393342,,,0.9007839438393342,2.1615155224132056e-12,5.246587677130236e-11,,
hsa-miR-26b,hsa-miR-98,miRNA,miRNA,miRNA-miRNA,,0.8949321544658486,,,0.8949321544658486,4.9046543439155476e-12,1.0393196109725802e-10,,
hsa-miR-26b,hsa-miR-199a-5p,miRNA,miRNA,miRNA-miRNA,,0.8903784333913823,,,0.8903784333913823,8.982044963888172e-12,1.71300428954153e-10,,
hsa-miR-26b,hsa-miR-99a,miRNA,miRNA,miRNA-miRNA,,0.8830874287292726,,,0.8830874287292726,2.2437630932983027e-11,3.5251894992357944e-10,,
hsa-miR-26b,hsa-miR-484,miRNA,miRNA,miRNA-miRNA,,0.8830847135696127,,,0.8830847135696127,2.244502677416049e-11,3.5251894992357944e-10,,
hsa-miR-26b,hsa-miR-455-5p,miRNA,miRNA,miRNA-miRNA,,0.8824125875505529,,,0.8824125875505529,2.434684843415479e-11,3.779423565069377e-10,,
hsa-miR-26b,hsa-miR-490-3p,miRNA,miRNA,miRNA-miRNA,,0.881248213443477,,,0.881248213443477,2.7998252600212417e-11,4.199737890031863e-10,,
hsa-miR-26b,hsa-miR-146a,miRNA,miRNA,miRNA-miRNA,,0.880942897676119,,,0.880942897676119,2.903620049149851e-11,4.3230476939944805e-10,,
hsa-miR-26b,hsa-miR-532-5p,miRNA,miRNA,miRNA-miRNA,,0.8752389850246122,,,0.8752389850246122,5.631324611749011e-11,7.542961561891234e-10,,
hsa-miR-26b,hsa-miR-340,miRNA,miRNA,miRNA-miRNA,,0.872865640485994,,,0.872865640485994,7.348657531982404e-11,9.389097768431457e-10,,
hsa-miR-26b,hsa-miR-1979,miRNA,miRNA,miRNA-miRNA,,0.8621035478154657,,,0.8621035478154657,2.3066351059258723e-10,2.4504174003270874e-09,,
hsa-miR-26b,hsa-miR-509-3p,miRNA,miRNA,miRNA-miRNA,,0.8558617467604107,,,0.8558617467604107,4.2894300573875166e-10,4.190040824350489e-09,,
hsa-miR-26b,hsa-miR-151-3p,miRNA,miRNA,miRNA-miRNA,,0.8538459682050807,,,0.8538459682050807,5.208756278424758e-10,4.8514113709514314e-09,,
hsa-miR-26b,hsa-miR-106b,miRNA,miRNA,miRNA-miRNA,,0.8522619429052029,,,0.8522619429052029,6.055218398893157e-10,5.401146923734319e-09,,
hsa-miR-26b,hsa-miR-429,miRNA,miRNA,miRNA-miRNA,,0.845544759785806,,,0.845544759785806,1.1253055796277545e-09,9.013697692818314e-09,,
hsa-miR-26b,hsa-miR-107,miRNA,miRNA,miRNA-miRNA,,0.8266332911984571,,,0.8266332911984571,5.566907025571217e-09,3.435356338584395e-08,,
hsa-miR-26b,hsa-miR-200a,miRNA,miRNA,miRNA-miRNA,,0.8258716651226655,,,0.8258716651226655,5.9131548474659565e-09,3.610089201844688e-08,,
hsa-miR-26b,hsa-miR-660,miRNA,miRNA,miRNA-miRNA,,0.8158101801993147,,,0.8158101801993147,1.2782804459791526e-08,6.984329039763311e-08,,
hsa-miR-26b,hsa-miR-96,miRNA,miRNA,miRNA-miRNA,,0.8141296783910508,,,0.8141296783910508,1.447363666328489e-08,7.739240966148997e-08,,
hsa-miR-26b,hsa-miR-200b,miRNA,miRNA,miRNA-miRNA,,0.8034885977957157,,,0.8034885977957157,3.0911863251001953e-08,1.4478993781505163e-07,,
hsa-miR-26b,hsa-miR-154,miRNA,miRNA,miRNA-miRNA,,0.8003065670674329,,,0.8003065670674329,3.8444089752939235e-08,1.7476569745802682e-07,,
hsa-miR-26b,hsa-miR-106a+hsa-miR-17,miRNA,miRNA,miRNA-miRNA,,0.7917264525142811,,,0.7917264525142811,6.792308547182191e-08,2.8336662220275703e-07,,
hsa-miR-26b,hsa-miR-130b,miRNA,miRNA,miRNA-miRNA,,0.7907161115217978,,,0.7907161115217978,7.250561803796507e-08,2.9967492285041287e-07,,
hsa-miR-26b,hsa-miR-1308,miRNA,miRNA,miRNA-miRNA,,0.7876841928619815,,,0.7876841928619815,8.801257332654229e-08,3.5713308629463204e-07,,
hsa-miR-26b,hsa-miR-155,miRNA,miRNA,miRNA-miRNA,,0.7844218806942911,,,0.7844218806942911,1.0804775876271694e-07,4.211582178211866e-07,,
hsa-miR-26b,hsa-miR-454,miRNA,miRNA,miRNA-miRNA,,0.782833583481869,,,0.782833583481869,1.1924288747444067e-07,4.5787896868181677e-07,,
hsa-miR-26b,hsa-miR-150,miRNA,miRNA,miRNA-miRNA,,0.7741571620917346,,,0.7741571620917346,2.0148349143044495e-07,7.153735666479894e-07,,
hsa-miR-26b,hsa-miR-663b,miRNA,miRNA,miRNA-miRNA,,0.7706899452544569,,,0.7706899452544569,2.468939823583257e-07,8.408251695111346e-07,,
hsa-miR-26b,hsa-miR-425,miRNA,miRNA,miRNA-miRNA,,0.7686880509139399,,,0.7686880509139399,2.771958611577992e-07,9.290120702401555e-07,,
hsa-miR-26b,hsa-miR-141,miRNA,miRNA,miRNA-miRNA,,0.7472974399467641,,,0.7472974399467641,8.92776042254911e-07,2.6004131267133954e-06,,
hsa-miR-26b,hsa-miR-125b,miRNA,miRNA,miRNA-miRNA,,0.7461409276574694,,,0.7461409276574694,9.479376061942296e-07,2.737195467056878e-06,,
hsa-miR-26b,hsa-miR-708,miRNA,miRNA,miRNA-miRNA,,0.739965128512199,,,0.739965128512199,1.298747140189862e-06,3.590904217076286e-06,,
hsa-miR-26b,hsa-miR-203,miRNA,miRNA,miRNA-miRNA,,0.7387669899340854,,,0.7387669899340854,1.37916369307e-06,3.7780783794427843e-06,,
hsa-miR-26b,hsa-miR-128,miRNA,miRNA,miRNA-miRNA,,0.7353221492622382,,,0.7353221492622382,1.6362912529838514e-06,4.407092446671368e-06,,
hsa-miR-26b,hsa-miR-135b,miRNA,miRNA,miRNA-miRNA,,0.7341678709062236,,,0.7341678709062236,1.7317520385820185e-06,4.626862518026007e-06,,
hsa-miR-26b,hsa-miR-142-5p,miRNA,miRNA,miRNA-miRNA,,0.7316069733088212,,,0.7316069733088212,1.9618906357398945e-06,5.165925046770728e-06,,
hsa-miR-26b,hsa-miR-194,miRNA,miRNA,miRNA-miRNA,,0.7149751261964123,,,0.7149751261964123,4.2697546409923e-06,1.010063044133146e-05,,
hsa-miR-26b,hsa-miR-548g,miRNA,miRNA,miRNA-miRNA,,0.7097607281281587,,,0.7097607281281587,5.388906179652695e-06,1.2497144904174315e-05,,
hsa-miR-26b,hsa-miR-200c,miRNA,miRNA,miRNA-miRNA,,0.6844532827529992,,,0.6844532827529992,1.5594277960297544e-05,3.2011831486925505e-05,,
hsa-miR-27a,hsa-miR-374a,miRNA,miRNA,miRNA-miRNA,,0.9415693203091418,,,0.9415693203091418,1.0141342236038282e-15,1.2692523642291663e-13,,
hsa-miR-27a,hsa-miR-374b,miRNA,miRNA,miRNA-miRNA,,0.9322790035308117,,,0.9322790035308117,8.711466620920635e-15,6.844236297955418e-13,,
hsa-miR-27a,hsa-miR-98,miRNA,miRNA,miRNA-miRNA,,0.9139495295487673,,,0.9139495295487673,2.7954783000580425e-13,1.1195890591732461e-11,,
hsa-miR-27a,hsa-miR-148a,miRNA,miRNA,miRNA-miRNA,,0.91201510151949,,,0.91201510151949,3.8507481136089757e-13,1.4413314200938269e-11,,
hsa-miR-27a,hsa-miR-195,miRNA,miRNA,miRNA-miRNA,,0.9080509556026454,,,0.9080509556026454,7.258790761959136e-13,2.3797314899698427e-11,,
hsa-miR-27a,hsa-miR-29b,miRNA,miRNA,miRNA-miRNA,,0.9076111174343424,,,0.9076111174343424,7.774004105894016e-13,2.4710227336591695e-11,,
hsa-miR-27a,hsa-miR-484,miRNA,miRNA,miRNA-miRNA,,0.9042453251417983,,,0.9042453251417983,1.299388532265049e-12,3.54017079708947e-11,,
hsa-miR-27a,hsa-miR-497,miRNA,miRNA,miRNA-miRNA,,0.9024496154233476,,,0.9024496154233476,1.6960055583740035e-12,4.335937333032193e-11,,
hsa-miR-27a,hsa-miR-199a-5p,miRNA,miRNA,miRNA-miRNA,,0.8935914510397615,,,0.8935914510397615,5.877600772815765e-12,1.2309342136470925e-10,,
hsa-miR-27a,hsa-miR-101,miRNA,miRNA,miRNA-miRNA,,0.8901362643232473,,,0.8901362643232473,9.26883519408167e-12,1.7510228751083532e-10,,
hsa-miR-27a,hsa-miR-186,miRNA,miRNA,miRNA-miRNA,,0.8878828453354605,,,0.8878828453354605,1.2374754306457419e-11,2.2027062665494206e-10,,
hsa-miR-27a,hsa-miR-490-3p,miRNA,miRNA,miRNA-miRNA,,0.8867789987714957,,,0.8867789987714957,1.4224903006879781e-11,2.4987165150242774e-10,,
hsa-miR-27a,hsa-miR-532-5p,miRNA,miRNA,miRNA-miRNA,,0.8777991149114841,,,0.8777991149114841,4.2001073802751426e-11,5.986274041993575e-10,,
hsa-miR-27a,hsa-miR-340,miRNA,miRNA,miRNA-miRNA,,0.8758528142094175,,,0.8758528142094175,5.2520834381638814e-11,7.082354939342203e-10,,
hsa-miR-27a,hsa-miR-455-5p,miRNA,miRNA,miRNA-miRNA,,0.8746061991870203,,,0.8746061991870203,6.048657437467438e-11,7.916625175508853e-10,,
hsa-miR-27a,hsa-miR-93,miRNA,miRNA,miRNA-miRNA,,0.8666800318359916,,,0.8666800318359916,1.4354414018546999e-10,1.6567558543020383e-09,,
hsa-miR-27a,hsa-miR-200a,miRNA,miRNA,miRNA-miRNA,,0.8551361284437112,,,0.8551361284437112,4.601537836276473e-10,4.451487689441371e-09,,
hsa-miR-27a,hsa-miR-107,miRNA,miRNA,miRNA-miRNA,,0.844782618533481,,,0.844782618533481,1.2050484096166738e-09,9.463174275519174e-09,,
hsa-miR-27a,hsa-miR-99a,miRNA,miRNA,miRNA-miRNA,,0.8356367488674805,,,0.8356367488674805,2.6664012239326018e-09,1.8443759761399086e-08,,
hsa-miR-27a,hsa-miR-1979,miRNA,miRNA,miRNA-miRNA,,0.8354702353054212,,,0.8354702353054212,2.7040211911394583e-09,1.8671732535368158e-08,,
hsa-miR-27a,hsa-miR-429,miRNA,miRNA,miRNA-miRNA,,0.8347591911117399,,,0.8347591911117399,2.870232440676759e-09,1.9583102086729844e-08,,
hsa-miR-27a,hsa-miR-509-3p,miRNA,miRNA,miRNA-miRNA,,0.8333670767021947,,,0.8333670767021947,3.223209089878867e-09,2.173224310600145e-08,,
hsa-miR-27a,hsa-miR-146a,miRNA,miRNA,miRNA-miRNA,,0.8288451420462408,,,0.8288451420462408,4.664329330565497e-09,2.95579730520804e-08,,
hsa-miR-27a,hsa-miR-151-3p,miRNA,miRNA,miRNA-miRNA,,0.8286083595588871,,,0.8286083595588871,4.7540668085875895e-09,2.989016886717943e-08,,
hsa-miR-27a,hsa-miR-96,miRNA,miRNA,miRNA-miRNA,,0.8101413753500197,,,0.8101413753500197,1.934143916443049e-08,9.855275299433094e-08,,
hsa-miR-27a,hsa-miR-106a+hsa-miR-17,miRNA,miRNA,miRNA-miRNA,,0.7941354645339966,,,0.7941354645339966,5.8047467338211974e-08,2.4944217455959114e-07,,
hsa-miR-27a,hsa-miR-106b,miRNA,miRNA,miRNA-miRNA,,0.7902293355643395,,,0.7902293355643395,7.481311307220946e-08,3.0857519861400505e-07,,
hsa-miR-27a,hsa-miR-660,miRNA,miRNA,miRNA-miRNA,,0.7763279923664727,,,0.7763279923664727,1.7708623825118147e-07,6.441692862815456e-07,,
hsa-miR-27a,hsa-miR-454,miRNA,miRNA,miRNA-miRNA,,0.7749621544854272,,,0.7749621544854272,1.9209887492489716e-07,6.870011622529695e-07,,
hsa-miR-27a,hsa-miR-154,miRNA,miRNA,miRNA-miRNA,,0.7688124515201672,,,0.7688124515201672,2.752180974030286e-07,9.231561809875456e-07,,
hsa-miR-27a,hsa-miR-130b,miRNA,miRNA,miRNA-miRNA,,0.7635125167596767,,,0.7635125167596767,3.719608650824413e-07,1.2072149632537904e-06,,
hsa-miR-27a,hsa-miR-128,miRNA,miRNA,miRNA-miRNA,,0.7624056676672226,,,0.7624056676672226,3.957260103644296e-07,1.2740214401202095e-06,,
hsa-miR-27a,hsa-miR-1308,miRNA,miRNA,miRNA-miRNA,,0.7548848570212131,,,0.7548848570212131,5.976244247688171e-07,1.8159983468885528e-06,,
hsa-miR-27a,hsa-miR-200b,miRNA,miRNA,miRNA-miRNA,,0.7474018390324559,,,0.7474018390324559,8.879435001172464e-07,2.589686613821775e-06,,
hsa-miR-27a,hsa-miR-425,miRNA,miRNA,miRNA-miRNA,,0.7399224146580663,,,0.7399224146580663,1.3015389490954035e-06,3.5949403387083386e-06,,
hsa-miR-27a,hsa-miR-135b,miRNA,miRNA,miRNA-miRNA,,0.7375583705568185,,,0.7375583705568185,1.464853336142455e-06,3.990481121124725e-06,,
hsa-miR-27a,hsa-miR-155,miRNA,miRNA,miRNA-miRNA,,0.7239753194976324,,,0.7239753194976324,2.822452199078814e-06,7.140821893436923e-06,,
hsa-miR-27a,hsa-miR-663b,miRNA,miRNA,miRNA-miRNA,,0.7204630959362922,,,0.7204630959362922,3.3235131546778433e-06,8.186144024898377e-06,,
hsa-miR-27a,hsa-miR-203,miRNA,miRNA,miRNA-miRNA,,0.7161243105018038,,,0.7161243105018038,4.053461157334587e-06,9.703593505753151e-06,,
hsa-miR-27a,hsa-miR-150,miRNA,miRNA,miRNA-miRNA,,0.7044018978662105,,,0.7044018978662105,6.8102436665924e-06,1.5348917211425188e-05,,
hsa-miR-27a,hsa-miR-125b,miRNA,miRNA,miRNA-miRNA,,0.7032575340059126,,,0.7032575340059126,7.1546142133903e-06,1.604380174951184e-05,,
hsa-miR-27a,hsa-miR-141,miRNA,miRNA,miRNA-miRNA,,0.6999247930876603,,,0.6999247930876603,8.249297811832917e-06,1.815298776724771e-05,,
hsa-miR-27a,hsa-miR-708,miRNA,miRNA,miRNA-miRNA,,0.6972703366832596,,,0.6972703366832596,9.227312172061602e-06,2.006264128616e-05,,
hsa-miR-27a,hsa-miR-194,miRNA,miRNA,miRNA-miRNA,,0.6943794687489444,,,0.6943794687489444,1.0410811136688961e-05,2.2320823662976067e-05,,
hsa-miR-27a,hsa-miR-142-5p,miRNA,miRNA,miRNA-miRNA,,0.6902548477341228,,,0.6902548477341228,1.2337609739270532e-05,2.6006382634620255e-05,,
hsa-miR-27a,hsa-miR-145,miRNA,miRNA,miRNA-miRNA,,0.6893090231516955,,,0.6893090231516955,1.2822541727501887e-05,2.6887057391960764e-05,,
hsa-miR-27a,hsa-miR-127-3p,miRNA,miRNA,miRNA-miRNA,,0.6869767050517755,,,0.6869767050517755,1.4092810366448233e-05,2.921413329069626e-05,,
hsa-miR-29b,hsa-miR-101,miRNA,miRNA,miRNA-miRNA,,0.9324536851242631,,,0.9324536851242631,8.390335570398438e-15,6.844236297955418e-13,,
hsa-miR-29b,hsa-miR-148a,miRNA,miRNA,miRNA-miRNA,,0.9299652041402277,,,0.9299652041402277,1.4195377193278917e-14,9.802152699841736e-13,,
hsa-miR-29b,hsa-miR-186,miRNA,miRNA,miRNA-miRNA,,0.9230859833635345,,,0.9230859833635345,5.524015318062466e-14,2.9110107037947603e-12,,
hsa-miR-29b,hsa-miR-195,miRNA,miRNA,miRNA-miRNA,,0.9110585959706767,,,0.9110585959706767,4.4993052598797604e-13,1.6233979789025622e-11,,
hsa-miR-29b,hsa-miR-374a,miRNA,miRNA,miRNA-miRNA,,0.9072928294117254,,,0.9072928294117254,8.167761163751751e-13,2.555615895377013e-11,,
hsa-miR-29b,hsa-miR-497,miRNA,miRNA,miRNA-miRNA,,0.9050790509647137,,,0.9050790509647137,1.1461758334582284e-12,3.266628414095129e-11,,
hsa-miR-29b,hsa-miR-93,miRNA,miRNA,miRNA-miRNA,,0.8991677146207383,,,0.8991677146207383,2.7239760682672616e-12,6.269841467477232e-11,,
hsa-miR-29b,hsa-miR-199a-5p,miRNA,miRNA,miRNA-miRNA,,0.8891931397864524,,,0.8891931397864524,1.0468476916018036e-11,1.9320852556982595e-10,,
hsa-miR-29b,hsa-miR-374b,miRNA,miRNA,miRNA-miRNA,,0.8887362059846992,,,0.8887362059846992,1.1099978724508455e-11,2.0024961617863226e-10,,
hsa-miR-29b,hsa-miR-98,miRNA,miRNA,miRNA-miRNA,,0.8838602463753334,,,0.8838602463753334,2.0421828922078767e-11,3.2715769933170184e-10,,
hsa-miR-29b,hsa-miR-151-3p,miRNA,miRNA,miRNA-miRNA,,0.8739220148902105,,,0.8739220148902105,6.531938771703894e-11,8.466153650703591e-10,,
hsa-miR-29b,hsa-miR-484,miRNA,miRNA,miRNA-miRNA,,0.8697989709588277,,,0.8697989709588277,1.0285199241755272e-10,1.2558604561960323e-09,,
hsa-miR-29b,hsa-miR-455-5p,miRNA,miRNA,miRNA-miRNA,,0.8690894456781941,,,0.8690894456781941,1.1103766443400481e-10,1.3436911510502798e-09,,
hsa-miR-29b,hsa-miR-1979,miRNA,miRNA,miRNA-miRNA,,0.8666921670648473,,,0.8666921670648473,1.4336040834090304e-10,1.6567558543020383e-09,,
hsa-miR-29b,hsa-miR-1308,miRNA,miRNA,miRNA-miRNA,,0.8661135485954178,,,0.8661135485954178,1.5236705078134095e-10,1.7247309324838171e-09,,
hsa-miR-29b,hsa-miR-96,miRNA,miRNA,miRNA-miRNA,,0.8645738416563775,,,0.8645738416563775,1.789427003648392e-10,1.968861304838409e-09,,
hsa-miR-29b,hsa-miR-490-3p,miRNA,miRNA,miRNA-miRNA,,0.8644359299073544,,,0.8644359299073544,1.8152084130454298e-10,1.986314124111188e-09,,
hsa-miR-29b,hsa-miR-532-5p,miRNA,miRNA,miRNA-miRNA,,0.8632138202851108,,,0.8632138202851108,2.0591341925943205e-10,2.2168904412204985e-09,,
hsa-miR-29b,hsa-miR-429,miRNA,miRNA,miRNA-miRNA,,0.8545282592823997,,,0.8545282592823997,4.878991111442597e-10,4.613073665459025e-09,,
hsa-miR-29b,hsa-miR-340,miRNA,miRNA,miRNA-miRNA,,0.8544388873527644,,,0.8544388873527644,4.921061312322588e-10,4.637376601376934e-09,,
hsa-miR-29b,hsa-miR-99a,miRNA,miRNA,miRNA-miRNA,,0.8540776366760763,,,0.8540776366760763,5.094548009339888e-10,4.778375826090457e-09,,
hsa-miR-29b,hsa-miR-509-3p,miRNA,miRNA,miRNA-miRNA,,0.8454697287315801,,,0.8454697287315801,1.1329344136641786e-09,9.056691270908255e-09,,
hsa-miR-29b,hsa-miR-425,miRNA,miRNA,miRNA-miRNA,,0.8408803036069975,,,0.8408803036069975,1.701402954711804e-09,1.2665648389629692e-08,,
hsa-miR-29b,hsa-miR-106b,miRNA,miRNA,miRNA-miRNA,,0.8400319839615186,,,0.8400319839615186,1.8316584323251016e-09,1.3339570855169466e-08,,
hsa-miR-29b,hsa-miR-106a+hsa-miR-17,miRNA,miRNA,miRNA-miRNA,,0.838902655632002,,,0.838902655632002,2.019336491945912e-09,1.4545760162308231e-08,,
hsa-miR-29b,hsa-miR-660,miRNA,miRNA,miRNA-miRNA,,0.8204310353669677,,,0.8204310353669677,9.02461897571663e-09,5.1707580826530906e-08,,
hsa-miR-29b,hsa-miR-708,miRNA,miRNA,miRNA-miRNA,,0.8166280749057003,,,0.8166280749057003,1.2027379953013878e-08,6.690674664857792e-08,,
hsa-miR-29b,hsa-miR-203,miRNA,miRNA,miRNA-miRNA,,0.8159824094336122,,,0.8159824094336122,1.2620196653232136e-08,6.91434850837137e-08,,
hsa-miR-29b,hsa-miR-130b,miRNA,miRNA,miRNA-miRNA,,0.8141691285161654,,,0.8141691285161654,1.4431694688361162e-08,7.739240966148997e-08,,
hsa-miR-29b,hsa-miR-200a,miRNA,miRNA,miRNA-miRNA,,0.7948109531826825,,,0.7948109531826825,5.552512839606462e-08,2.398901178276578e-07,,
hsa-miR-29b,hsa-miR-2117,miRNA,miRNA,miRNA-miRNA,,0.7940443952280918,,,0.7940443952280918,5.839545182856691e-08,2.504001976160712e-07,,
hsa-miR-29b,hsa-miR-135b,miRNA,miRNA,miRNA-miRNA,,0.7936762678750661,,,0.7936762678750661,5.982168705763876e-08,2.5379857697652886e-07,,
hsa-miR-29b,hsa-miR-107,miRNA,miRNA,miRNA-miRNA,,0.7814065556206956,,,0.7814065556206956,1.3019705846944224e-07,4.933199802933927e-07,,
hsa-miR-29b,hsa-miR-454,miRNA,miRNA,miRNA-miRNA,,0.7790746050398383,,,0.7790746050398383,1.5009674168612012e-07,5.581591926210874e-07,,
hsa-miR-29b,hsa-miR-194,miRNA,miRNA,miRNA-miRNA,,0.7758940791669617,,,0.7758940791669617,1.8173495950998863e-07,6.557193809346887e-07,,
hsa-miR-29b,hsa-miR-128,miRNA,miRNA,miRNA-miRNA,,0.7756647611604028,,,0.7756647611604028,1.842366052943573e-07,6.629538222856253e-07,,
hsa-miR-29b,hsa-miR-494 (+++ See note below),miRNA,miRNA,miRNA-miRNA,,0.7748686341423817,,,0.7748686341423817,1.9316821795027604e-07,6.901326609195857e-07,,
hsa-miR-29b,hsa-miR-146a,miRNA,miRNA,miRNA-miRNA,,0.7746966873800458,,,0.7746966873800458,1.9514853931150332e-07,6.96586363585179e-07,,
hsa-miR-29b,hsa-miR-663b,miRNA,miRNA,miRNA-miRNA,,0.7724512222127125,,,0.7724512222127125,2.2277264334034073e-07,7.761823759121754e-07,,
hsa-miR-29b,hsa-miR-150,miRNA,miRNA,miRNA-miRNA,,0.7720910944052095,,,0.7720910944052095,2.275218370737544e-07,7.903078555770914e-07,,
hsa-miR-29b,hsa-miR-125b,miRNA,miRNA,miRNA-miRNA,,0.7656892236476737,,,0.7656892236476737,3.2898677898927084e-07,1.083546093628314e-06,,
hsa-miR-29b,hsa-miR-142-5p,miRNA,miRNA,miRNA-miRNA,,0.7576245977649918,,,0.7576245977649918,5.151682326546747e-07,1.5957067067145957e-06,,
hsa-miR-29b,hsa-miR-200b,miRNA,miRNA,miRNA-miRNA,,0.7564189905623027,,,0.7564189905623027,5.500797819558736e-07,1.6894704959610994e-06,,
hsa-miR-29b,hsa-miR-154,miRNA,miRNA,miRNA-miRNA,,0.7362451170201405,,,0.7362451170201405,1.563434302831582e-06,4.2292358894861064e-06,,
hsa-miR-29b,hsa-miR-155,miRNA,miRNA,miRNA-miRNA,,0.7237391808264945,,,0.7237391808264945,2.8538529635724427e-06,7.185366771975929e-06,,
hsa-miR-29b,hsa-miR-1975,miRNA,miRNA,miRNA-miRNA,,0.7213067661839404,,,0.7213067661839404,3.196289765785135e-06,7.926402793789144e-06,,
hsa-miR-29b,hsa-miR-1290,miRNA,miRNA,miRNA-miRNA,,0.7200173435756791,,,0.7200173435756791,3.3925725546125773e-06,8.305166920063186e-06,,
hsa-miR-29b,hsa-miR-183,miRNA,miRNA,miRNA-miRNA,,0.7188224962657489,,,0.7188224962657489,3.584164837261246e-06,8.710303503174325e-06,,
hsa-miR-29b,hsa-miR-421,miRNA,miRNA,miRNA-miRNA,,0.713918979011104,,,0.713918979011104,4.477718068264278e-06,1.0561402157478466e-05,,
hsa-miR-29b,hsa-miR-141,miRNA,miRNA,miRNA-miRNA,,0.7116794088916745,,,0.7116794088916745,4.9494224578216745e-06,1.1533909496438698e-05,,
hsa-miR-29b,hsa-miR-1978,miRNA,miRNA,miRNA-miRNA,,0.7091787416339458,,,0.7091787416339458,5.52904003071946e-06,1.2785106999440784e-05,,
hsa-miR-29b,hsa-miR-145,miRNA,miRNA,miRNA-miRNA,,0.6817970037073822,,,0.6817970037073822,1.732952110949011e-05,3.50175237353723e-05,,
hsa-miR-32,hsa-miR-362-3p,miRNA,miRNA,miRNA-miRNA,,0.7257981972925566,,,0.7257981972925566,2.590420385577313e-06,6.616475538416542e-06,,
hsa-miR-32,hsa-miR-1305,miRNA,miRNA,miRNA-miRNA,,0.6900044360612857,,,0.6900044360612857,1.2464357097833879e-05,2.6218356185307084e-05,,
hsa-miR-93,hsa-miR-374a,miRNA,miRNA,miRNA-miRNA,,0.9313683912427088,,,0.9313683912427088,1.0578586662721093e-14,7.993818789471316e-13,,
hsa-miR-93,hsa-miR-148a,miRNA,miRNA,miRNA-miRNA,,0.9103120838134096,,,0.9103120838134096,5.074339103574699e-13,1.7369853085313392e-11,,
hsa-miR-93,hsa-miR-374b,miRNA,miRNA,miRNA-miRNA,,0.8989916020931435,,,0.8989916020931435,2.7928393813282815e-12,6.319390803513994e-11,,
hsa-miR-93,hsa-miR-195,miRNA,miRNA,miRNA-miRNA,,0.8907655737987559,,,0.8907655737987559,8.540586001420149e-12,1.660439171635325e-10,,
hsa-miR-93,hsa-miR-532-5p,miRNA,miRNA,miRNA-miRNA,,0.8858215083076605,,,0.8858215083076605,1.6033764118961713e-11,2.720984122730579e-10,,
hsa-miR-93,hsa-miR-497,miRNA,miRNA,miRNA-miRNA,,0.8831107931767486,,,0.8831107931767486,2.2374081488218586e-11,3.5251894992357944e-10,,
hsa-miR-93,hsa-miR-455-5p,miRNA,miRNA,miRNA-miRNA,,0.8828992378376972,,,0.8828992378376972,2.2955618941715428e-11,3.5773250529793883e-10,,
hsa-miR-93,hsa-miR-101,miRNA,miRNA,miRNA-miRNA,,0.8819579297002822,,,0.8819579297002822,2.571671284870641e-11,3.919367793783934e-10,,
hsa-miR-93,hsa-miR-151-3p,miRNA,miRNA,miRNA-miRNA,,0.8753572875132256,,,0.8753572875132256,5.5563206163365666e-11,7.467471163901997e-10,,
hsa-miR-93,hsa-miR-1979,miRNA,miRNA,miRNA-miRNA,,0.8746588547517731,,,0.8746588547517731,6.012869118669785e-11,7.895587154187701e-10,,
hsa-miR-93,hsa-miR-106b,miRNA,miRNA,miRNA-miRNA,,0.873231978942173,,,0.873231978942173,7.055304553640852e-11,9.085689626151643e-10,,
hsa-miR-93,hsa-miR-186,miRNA,miRNA,miRNA-miRNA,,0.8689410254108771,,,0.8689410254108771,1.1282435691135451e-10,1.3528788905089065e-09,,
hsa-miR-93,hsa-miR-199a-5p,miRNA,miRNA,miRNA-miRNA,,0.8668767069041657,,,0.8668767069041657,1.4059304831598845e-10,1.6368463910044587e-09,,
hsa-miR-93,hsa-miR-1308,miRNA,miRNA,miRNA-miRNA,,0.8663520372696502,,,0.8663520372696502,1.485932795761479e-10,1.7052036810959094e-09,,
hsa-miR-93,hsa-miR-98,miRNA,miRNA,miRNA-miRNA,,0.8622560718856602,,,0.8622560718856602,2.2710796334651004e-10,2.419062215964821e-09,,
hsa-miR-93,hsa-miR-484,miRNA,miRNA,miRNA-miRNA,,0.8531014521787491,,,0.8531014521787491,5.591982425365943e-10,5.089974912179683e-09,,
hsa-miR-93,hsa-miR-107,miRNA,miRNA,miRNA-miRNA,,0.8434119742954052,,,0.8434119742954052,1.3617024730971898e-09,1.0487727701450471e-08,,
hsa-miR-93,hsa-miR-340,miRNA,miRNA,miRNA-miRNA,,0.8421905313567684,,,0.8421905313567684,1.5169073138423483e-09,1.1506086727156449e-08,,
hsa-miR-93,hsa-miR-99a,miRNA,miRNA,miRNA-miRNA,,0.8417052694837518,,,0.8417052694837518,1.5829721714617844e-09,1.1916923959970764e-08,,
hsa-miR-93,hsa-miR-130b,miRNA,miRNA,miRNA-miRNA,,0.8375100057270524,,,0.8375100057270524,2.275138972722943e-09,1.6098819056104924e-08,,
hsa-miR-93,hsa-miR-490-3p,miRNA,miRNA,miRNA-miRNA,,0.835275595277074,,,0.835275595277074,2.7486152120377246e-09,1.8881996439470133e-08,,
hsa-miR-93,hsa-miR-96,miRNA,miRNA,miRNA-miRNA,,0.8327221172915906,,,0.8327221172915906,3.399928261618124e-09,2.2683176018737022e-08,,
hsa-miR-93,hsa-miR-106a+hsa-miR-17,miRNA,miRNA,miRNA-miRNA,,0.8317959511706655,,,0.8317959511706655,3.6693401287937647e-09,2.419356772746861e-08,,
hsa-miR-93,hsa-miR-425,miRNA,miRNA,miRNA-miRNA,,0.8317843659678176,,,0.8317843659678176,3.6728312555058465e-09,2.419356772746861e-08,,
hsa-miR-93,hsa-miR-660,miRNA,miRNA,miRNA-miRNA,,0.8251458962487593,,,0.8251458962487593,6.261437138755691e-09,3.777013471228421e-08,,
hsa-miR-93,hsa-miR-429,miRNA,miRNA,miRNA-miRNA,,0.8153767982198927,,,0.8153767982198927,1.3200534420468572e-08,7.17342474273767e-08,,
hsa-miR-93,hsa-miR-154,miRNA,miRNA,miRNA-miRNA,,0.8048814180560568,,,0.8048814180560568,2.806291168818656e-08,1.334821393244503e-07,,
hsa-miR-93,hsa-miR-203,miRNA,miRNA,miRNA-miRNA,,0.8047850832914514,,,0.8047850832914514,2.8251913806550532e-08,1.342217257357472e-07,,
hsa-miR-93,hsa-miR-200a,miRNA,miRNA,miRNA-miRNA,,0.8045717858676691,,,0.8045717858676691,2.8674554446385977e-08,1.3574656094299744e-07,,
hsa-miR-93,hsa-miR-509-3p,miRNA,miRNA,miRNA-miRNA,,0.7967052007708498,,,0.7967052007708498,4.897824548674935e-08,2.1674903113196811e-07,,
hsa-miR-93,hsa-miR-194,miRNA,miRNA,miRNA-miRNA,,0.7908471437575548,,,0.7908471437575548,7.189572220972349e-08,2.9776873572899956e-07,,
hsa-miR-93,hsa-miR-146a,miRNA,miRNA,miRNA-miRNA,,0.7884108479053257,,,0.7884108479053257,8.404170288132801e-08,3.4345614289767214e-07,,
hsa-miR-93,hsa-miR-125b,miRNA,miRNA,miRNA-miRNA,,0.7814700195897123,,,0.7814700195897123,1.2969095675269308e-07,4.92333916392925e-07,,
hsa-miR-93,hsa-miR-454,miRNA,miRNA,miRNA-miRNA,,0.779793522718277,,,0.779793522718277,1.4368357738048204e-07,5.388134151768076e-07,,
hsa-miR-93,hsa-miR-128,miRNA,miRNA,miRNA-miRNA,,0.7792966200737036,,,0.7792966200737036,1.480888149542277e-07,5.517169338527274e-07,,
hsa-miR-93,hsa-miR-708,miRNA,miRNA,miRNA-miRNA,,0.769687214354797,,,0.769687214354797,2.616710695624101e-07,8.83636284652152e-07,,
hsa-miR-93,hsa-miR-150,miRNA,miRNA,miRNA-miRNA,,0.7642225705693209,,,0.7642225705693209,3.574096795196847e-07,1.1656561616256819e-06,,
hsa-miR-93,hsa-miR-135b,miRNA,miRNA,miRNA-miRNA,,0.7599513891444905,,,0.7599513891444905,4.534469233379644e-07,1.440170442481005e-06,,
hsa-miR-93,hsa-miR-200b,miRNA,miRNA,miRNA-miRNA,,0.7259037257531737,,,0.7259037257531737,2.5775345556261073e-06,6.603805664899445e-06,,
hsa-miR-93,hsa-miR-663b,miRNA,miRNA,miRNA-miRNA,,0.7220777990905223,,,0.7220777990905223,3.083906088732736e-06,7.685777153313382e-06,,
hsa-miR-93,hsa-miR-2117,miRNA,miRNA,miRNA-miRNA,,0.7212435120187656,,,0.7212435120187656,3.205672632135972e-06,7.944751789421144e-06,,
hsa-miR-93,hsa-miR-1975,miRNA,miRNA,miRNA-miRNA,,0.7186731396997341,,,0.7186731396997341,3.60879232025699e-06,8.759523177351056e-06,,
hsa-miR-93,hsa-miR-142-5p,miRNA,miRNA,miRNA-miRNA,,0.7167217370543773,,,0.7167217370543773,3.9449908786577445e-06,9.472235293180017e-06,,
hsa-miR-93,hsa-miR-183,miRNA,miRNA,miRNA-miRNA,,0.7156886610447599,,,0.7156886610447599,4.1342578710652e-06,9.849912417380206e-06,,
hsa-miR-93,hsa-miR-155,miRNA,miRNA,miRNA-miRNA,,0.715230341144049,,,0.715230341144049,4.22083446487819e-06,1.0008550640519331e-05,,
hsa-miR-93,hsa-miR-1274a,miRNA,miRNA,miRNA-miRNA,,0.7084992924277551,,,0.7084992924277551,5.6968167523150124e-06,1.312004088155355e-05,,
hsa-miR-93,hsa-miR-145,miRNA,miRNA,miRNA-miRNA,,0.689839815674625,,,0.689839815674625,1.254832069338903e-05,2.6353447497127986e-05,,
hsa-miR-93,hsa-miR-494 (+++ See note below),miRNA,miRNA,miRNA-miRNA,,0.6855878658950033,,,0.6855878658950033,1.4902177542760886e-05,3.074869709364109e-05,,
hsa-miR-96,hsa-miR-130b,miRNA,miRNA,miRNA-miRNA,,0.9190344676336315,,,0.9190344676336315,1.1606716206382778e-13,5.3320761624436534e-12,,
hsa-miR-96,hsa-miR-128,miRNA,miRNA,miRNA-miRNA,,0.9003167014644483,,,0.9003167014644483,2.3119154702689356e-12,5.5778442520645106e-11,,
hsa-miR-96,hsa-miR-148a,miRNA,miRNA,miRNA-miRNA,,0.8997705728935517,,,0.8997705728935517,2.4999773860926597e-12,5.855210193743334e-11,,
hsa-miR-96,hsa-miR-425,miRNA,miRNA,miRNA-miRNA,,0.8906875624479936,,,0.8906875624479936,8.627892756455534e-12,1.6612841581540585e-10,,
hsa-miR-96,hsa-miR-101,miRNA,miRNA,miRNA-miRNA,,0.8831798496173936,,,0.8831798496173936,2.2187225680688222e-11,3.5251894992357944e-10,,
hsa-miR-96,hsa-miR-106b,miRNA,miRNA,miRNA-miRNA,,0.8675175546747845,,,0.8675175546747845,1.313616125054443e-10,1.5399614677589434e-09,,
hsa-miR-96,hsa-miR-106a+hsa-miR-17,miRNA,miRNA,miRNA-miRNA,,0.8672005462067521,,,0.8672005462067521,1.3585574087625034e-10,1.5863039131468881e-09,,
hsa-miR-96,hsa-miR-135b,miRNA,miRNA,miRNA-miRNA,,0.8662630629876019,,,0.8662630629876019,1.4999096455006164e-10,1.7163251800657053e-09,,
hsa-miR-96,hsa-miR-183,miRNA,miRNA,miRNA-miRNA,,0.8597086739013502,,,0.8597086739013502,2.936785481421631e-10,2.987479731956933e-09,,
hsa-miR-96,hsa-miR-484,miRNA,miRNA,miRNA-miRNA,,0.8590210579677127,,,0.8590210579677127,3.1450967908603264e-10,3.180836527120103e-09,,
hsa-miR-96,hsa-miR-660,miRNA,miRNA,miRNA-miRNA,,0.8550330877654658,,,0.8550330877654658,4.647519816314496e-10,4.47435501546624e-09,,
hsa-miR-96,hsa-miR-532-5p,miRNA,miRNA,miRNA-miRNA,,0.8533442205650841,,,0.8533442205650841,5.464253935797653e-10,5.018416401960385e-09,,
hsa-miR-96,hsa-miR-455-5p,miRNA,miRNA,miRNA-miRNA,,0.8521066121021946,,,0.8521066121021946,6.14471579354652e-10,5.456671120433218e-09,,
hsa-miR-96,hsa-miR-1979,miRNA,miRNA,miRNA-miRNA,,0.8506025156474166,,,0.8506025156474166,7.076714829606803e-10,6.143833800331556e-09,,
hsa-miR-96,hsa-miR-98,miRNA,miRNA,miRNA-miRNA,,0.8504931314643932,,,0.8504931314643932,7.149337803892552e-10,6.184254407038806e-09,,
hsa-miR-96,hsa-miR-142-5p,miRNA,miRNA,miRNA-miRNA,,0.842207904392359,,,0.842207904392359,1.5145899276779977e-09,1.1506086727156449e-08,,
hsa-miR-96,hsa-miR-708,miRNA,miRNA,miRNA-miRNA,,0.8367553630013748,,,0.8367553630013748,2.4259120701887327e-09,1.7045224282641888e-08,,
hsa-miR-96,hsa-miR-194,miRNA,miRNA,miRNA-miRNA,,0.8354235206403071,,,0.8354235206403071,2.7146627913216564e-09,1.8712950910917788e-08,,
hsa-miR-96,hsa-miR-421,miRNA,miRNA,miRNA-miRNA,,0.8343376098854213,,,0.8343376098854213,2.973172146303849e-09,2.0182295671096468e-08,,
hsa-miR-96,hsa-miR-490-3p,miRNA,miRNA,miRNA-miRNA,,0.8265248827068129,,,0.8265248827068129,5.615024837042515e-09,3.4597191495931186e-08,,
hsa-miR-96,hsa-miR-340,miRNA,miRNA,miRNA-miRNA,,0.8244317743940771,,,0.8244317743940771,6.622464355306672e-09,3.964569468311393e-08,,
hsa-miR-96,hsa-miR-186,miRNA,miRNA,miRNA-miRNA,,0.823674064273295,,,0.823674064273295,7.026395435390579e-09,4.1813839106596236e-08,,
hsa-miR-96,hsa-miR-203,miRNA,miRNA,miRNA-miRNA,,0.8197726062576486,,,0.8197726062576486,9.48928481076253e-09,5.421481550228806e-08,,
hsa-miR-96,hsa-miR-663b,miRNA,miRNA,miRNA-miRNA,,0.8156394274657329,,,0.8156394274657329,1.2945917566888439e-08,7.054204061957577e-08,,
hsa-miR-96,hsa-miR-374a,miRNA,miRNA,miRNA-miRNA,,0.8112412348167498,,,0.8112412348167498,1.7867374738877918e-08,9.260956988748101e-08,,
hsa-miR-96,hsa-miR-2117,miRNA,miRNA,miRNA-miRNA,,0.8110553540182409,,,0.8110553540182409,1.8109014386068113e-08,9.350161323044315e-08,,
hsa-miR-96,hsa-miR-1308,miRNA,miRNA,miRNA-miRNA,,0.8100026646701095,,,0.8100026646701095,1.9535072790512195e-08,9.941291807624059e-08,,
hsa-miR-96,hsa-miR-1299,miRNA,miRNA,miRNA-miRNA,,0.8061801154265114,,,0.8061801154265114,2.5625741644890514e-08,1.254658866598857e-07,,
hsa-miR-96,hsa-miR-497,miRNA,miRNA,miRNA-miRNA,,0.7963798810032656,,,0.7963798810032656,5.004965345584844e-08,2.2003168176802746e-07,,
hsa-miR-96,hsa-miR-195,miRNA,miRNA,miRNA-miRNA,,0.7953502164184604,,,0.7953502164184604,5.3584066640142417e-08,2.3301214646446294e-07,,
hsa-miR-96,hsa-miR-151-3p,miRNA,miRNA,miRNA-miRNA,,0.7867501336580364,,,0.7867501336580364,9.336930165563666e-08,3.7506926091356553e-07,,
hsa-miR-96,hsa-miR-374b,miRNA,miRNA,miRNA-miRNA,,0.7864810934100085,,,0.7864810934100085,9.496671072323874e-08,3.795825114237237e-07,,
hsa-miR-96,hsa-miR-154,miRNA,miRNA,miRNA-miRNA,,0.7851611843852212,,,0.7851611843852212,1.0317258193701573e-07,4.047138442229502e-07,,
hsa-miR-96,hsa-miR-199a-5p,miRNA,miRNA,miRNA-miRNA,,0.7768820295909573,,,0.7768820295909573,1.7130878270604153e-07,6.254254099705527e-07,,
hsa-miR-96,hsa-miR-107,miRNA,miRNA,miRNA-miRNA,,0.7758064084179361,,,0.7758064084179361,1.8268767202578946e-07,6.5797133674756e-07,,
hsa-miR-96,hsa-miR-200a,miRNA,miRNA,miRNA-miRNA,,0.767148016718663,,,0.767148016718663,3.027798585389821e-07,1.0080077584776585e-06,,
hsa-miR-96,hsa-miR-99a,miRNA,miRNA,miRNA-miRNA,,0.767027790837976,,,0.767027790837976,3.048652309401653e-07,1.0141073504280415e-06,,
hsa-miR-96,hsa-miR-146a,miRNA,miRNA,miRNA-miRNA,,0.7631232798628996,,,0.7631232798628996,3.801652719859368e-07,1.2288635305114421e-06,,
hsa-miR-96,hsa-miR-454,miRNA,miRNA,miRNA-miRNA,,0.7590455264061007,,,0.7590455264061007,4.76624768611833e-07,1.4991214865856564e-06,,
hsa-miR-96,hsa-miR-125b,miRNA,miRNA,miRNA-miRNA,,0.7583816481115639,,,0.7583816481115639,4.942924898494371e-07,1.5447409191331984e-06,,
hsa-miR-96,hsa-miR-509-3p,miRNA,miRNA,miRNA-miRNA,,0.7567175841872428,,,0.7567175841872428,5.412376491654481e-07,1.6674282960827842e-06,,
hsa-miR-96,hsa-miR-141,miRNA,miRNA,miRNA-miRNA,,0.7450766426534808,,,0.7450766426534808,1.0014269597369364e-06,2.8730049955203657e-06,,
hsa-miR-96,hsa-miR-429,miRNA,miRNA,miRNA-miRNA,,0.7398189894604837,,,0.7398189894604837,1.3083215517470898e-06,3.6086968421123242e-06,,
hsa-miR-96,hsa-miR-494 (+++ See note below),miRNA,miRNA,miRNA-miRNA,,0.7289240787035415,,,0.7289240787035415,2.232535072098222e-06,5.813591003740819e-06,,
hsa-miR-96,hsa-miR-1975,miRNA,miRNA,miRNA-miRNA,,0.7248248305218495,,,0.7248248305218495,2.7120666127432895e-06,6.8745739139473885e-06,,
hsa-miR-96,hsa-miR-200b,miRNA,miRNA,miRNA-miRNA,,0.7238123116598643,,,0.7238123116598643,2.844094555746575e-06,7.16840698286031e-06,,
hsa-miR-96,hsa-miR-150,miRNA,miRNA,miRNA-miRNA,,0.7209202199277248,,,0.7209202199277248,3.2540203781081806e-06,8.054605447665799e-06,,
hsa-miR-96,hsa-miR-520c-3p,miRNA,miRNA,miRNA-miRNA,,0.7141837735871633,,,0.7141837735871633,4.424732322570398e-06,1.0448734051824554e-05,,
hsa-miR-96,hsa-miR-362-3p,miRNA,miRNA,miRNA-miRNA,,0.7087644216178853,,,0.7087644216178853,5.630806787175634e-06,1.299791422630456e-05,,
hsa-miR-96,hsa-miR-1290,miRNA,miRNA,miRNA-miRNA,,0.7079978994639052,,,0.7079978994639052,5.8235712229761365e-06,1.3388864952938821e-05,,
hsa-miR-96,hsa-miR-155,miRNA,miRNA,miRNA-miRNA,,0.7048929673511463,,,0.7048929673511463,6.667128509126742e-06,1.5094318642765744e-05,,
hsa-miR-96,hsa-miR-145,miRNA,miRNA,miRNA-miRNA,,0.6925022469485187,,,0.6925022469485187,1.1251155894600981e-05,2.396583042823554e-05,,
hsa-miR-96,hsa-miR-1978,miRNA,miRNA,miRNA-miRNA,,0.6862827173760055,,,0.6862827173760055,1.4492138714620143e-05,2.99798634049864e-05,,
hsa-miR-96,hsa-miR-1305,miRNA,miRNA,miRNA-miRNA,,0.6852731554347221,,,0.6852731554347221,1.5091315975216217e-05,3.1106907092506926e-05,,
hsa-miR-96,hsa-miR-200c,miRNA,miRNA,miRNA-miRNA,,0.679655604989764,,,0.679655604989764,1.8853274068608337e-05,3.782934000239298e-05,,
hsa-miR-98,hsa-miR-490-3p,miRNA,miRNA,miRNA-miRNA,,0.9487280993981863,,,0.9487280993981863,1.49825108820217e-16,2.4001982432998766e-14,,
hsa-miR-98,hsa-miR-484,miRNA,miRNA,miRNA-miRNA,,0.9173721651304758,,,0.9173721651304758,1.5566337575370825e-13,6.850899119709907e-12,,
hsa-miR-98,hsa-miR-455-5p,miRNA,miRNA,miRNA-miRNA,,0.915494571412313,,,0.915494571412313,2.1527962287036467e-13,9.172286059529898e-12,,
hsa-miR-98,hsa-miR-509-3p,miRNA,miRNA,miRNA-miRNA,,0.9033764728557623,,,0.9033764728557623,1.4790950153379591e-12,3.897220747650346e-11,,
hsa-miR-98,hsa-miR-200a,miRNA,miRNA,miRNA-miRNA,,0.901693484628729,,,0.901693484628729,1.894411401548577e-12,4.712495442982639e-11,,
hsa-miR-98,hsa-miR-101,miRNA,miRNA,miRNA-miRNA,,0.8995781776283106,,,0.8995781776283106,2.5695377601278567e-12,5.983138796111667e-11,,
hsa-miR-98,hsa-miR-199a-5p,miRNA,miRNA,miRNA-miRNA,,0.8878092269390726,,,0.8878092269390726,1.2490847466057091e-11,2.213532924847728e-10,,
hsa-miR-98,hsa-miR-374a,miRNA,miRNA,miRNA-miRNA,,0.8835755087299155,,,0.8835755087299155,2.1144178891835753e-11,3.373802249474191e-10,,
hsa-miR-98,hsa-miR-106a+hsa-miR-17,miRNA,miRNA,miRNA-miRNA,,0.8829839565147869,,,0.8829839565147869,2.2721079914492088e-11,3.554606447560188e-10,,
hsa-miR-98,hsa-miR-532-5p,miRNA,miRNA,miRNA-miRNA,,0.8814728862793098,,,0.8814728862793098,2.7256499664044944e-11,4.119331364320755e-10,,
hsa-miR-98,hsa-miR-148a,miRNA,miRNA,miRNA-miRNA,,0.8688697558849025,,,0.8688697558849025,1.136917122282941e-10,1.3592098730576652e-09,,
hsa-miR-98,hsa-miR-195,miRNA,miRNA,miRNA-miRNA,,0.8607146312322633,,,0.8607146312322633,2.654900243619277e-10,2.747513042815298e-09,,
hsa-miR-98,hsa-miR-708,miRNA,miRNA,miRNA-miRNA,,0.8582578951578148,,,0.8582578951578148,3.392215983220574e-10,3.3964562531995997e-09,,
hsa-miR-98,hsa-miR-1308,miRNA,miRNA,miRNA-miRNA,,0.846880459573782,,,0.846880459573782,9.971814825655388e-10,8.183835732940539e-09,,
hsa-miR-98,hsa-miR-454,miRNA,miRNA,miRNA-miRNA,,0.846176541898584,,,0.846176541898584,1.0629221304581099e-09,8.60000632825198e-09,,
hsa-miR-98,hsa-miR-497,miRNA,miRNA,miRNA-miRNA,,0.8442374146108835,,,0.8442374146108835,1.265254819248055e-09,9.839505924443613e-09,,
hsa-miR-98,hsa-miR-340,miRNA,miRNA,miRNA-miRNA,,0.8403007561706932,,,0.8403007561706932,1.7894277819380274e-09,1.3101751858613895e-08,,
hsa-miR-98,hsa-miR-429,miRNA,miRNA,miRNA-miRNA,,0.8400095042124591,,,0.8400095042124591,1.835231845492728e-09,1.3339570855169466e-08,,
hsa-miR-98,hsa-miR-142-5p,miRNA,miRNA,miRNA-miRNA,,0.838733449213009,,,0.838733449213009,2.0489353021348013e-09,1.4706067894354623e-08,,
hsa-miR-98,hsa-miR-2117,miRNA,miRNA,miRNA-miRNA,,0.8375537743254312,,,0.8375537743254312,2.2666649961969e-09,1.609581832009439e-08,,
hsa-miR-98,hsa-miR-186,miRNA,miRNA,miRNA-miRNA,,0.8353787980698609,,,0.8353787980698609,2.724886724989205e-09,1.8751153494126744e-08,,
hsa-miR-98,hsa-miR-151-3p,miRNA,miRNA,miRNA-miRNA,,0.8352489825935387,,,0.8352489825935387,2.7547648186079134e-09,1.889183749747379e-08,,
hsa-miR-98,hsa-miR-374b,miRNA,miRNA,miRNA-miRNA,,0.8350106688340762,,,0.8350106688340762,2.8104015273482138e-09,1.9207607708241632e-08,,
hsa-miR-98,hsa-miR-146a,miRNA,miRNA,miRNA-miRNA,,0.8315325117999927,,,0.8315325117999927,3.749486016722239e-09,2.4603332172160527e-08,,
hsa-miR-98,hsa-miR-494 (+++ See note below),miRNA,miRNA,miRNA-miRNA,,0.8230560669057668,,,0.8230560669057668,7.37249765111287e-09,4.3485792478213616e-08,,
hsa-miR-98,hsa-miR-130b,miRNA,miRNA,miRNA-miRNA,,0.8229190095092549,,,0.8229190095092549,7.451349500243488e-09,4.382181314019849e-08,,
hsa-miR-98,hsa-miR-1979,miRNA,miRNA,miRNA-miRNA,,0.8216868486430242,,,0.8216868486430242,8.195889490560551e-09,4.763966551211454e-08,,
hsa-miR-98,hsa-miR-128,miRNA,miRNA,miRNA-miRNA,,0.8110495044690389,,,0.8110495044690389,1.8116667132789983e-08,9.350161323044315e-08,,
hsa-miR-98,hsa-miR-107,miRNA,miRNA,miRNA-miRNA,,0.8089893700581425,,,0.8089893700581425,2.1004522480183565e-08,1.0489166151263737e-07,,
hsa-miR-98,hsa-miR-155,miRNA,miRNA,miRNA-miRNA,,0.8056259214965621,,,0.8056259214965621,2.6640937468864364e-08,1.2886105623526784e-07,,
hsa-miR-98,hsa-miR-99a,miRNA,miRNA,miRNA-miRNA,,0.8036778406654033,,,0.8036778406654033,3.050978462738433e-08,1.4358600168351848e-07,,
hsa-miR-98,hsa-miR-154,miRNA,miRNA,miRNA-miRNA,,0.7994362396095862,,,0.7994362396095862,4.0779277682774726e-08,1.8433522248252005e-07,,
hsa-miR-98,hsa-miR-660,miRNA,miRNA,miRNA-miRNA,,0.7969555597695762,,,0.7969555597695762,4.816808476227348e-08,2.1339953481516073e-07,,
hsa-miR-98,hsa-miR-425,miRNA,miRNA,miRNA-miRNA,,0.7717391195322012,,,0.7717391195322012,2.3225282397174153e-07,8.039520829791054e-07,,
hsa-miR-98,hsa-miR-106b,miRNA,miRNA,miRNA-miRNA,,0.7682525395183489,,,0.7682525395183489,2.8422258929983474e-07,9.509703175821539e-07,,
hsa-miR-98,hsa-miR-216a,miRNA,miRNA,miRNA-miRNA,,0.7640537970857044,,,0.7640537970857044,3.608204384261701e-07,1.1739121493881488e-06,,
hsa-miR-98,hsa-miR-194,miRNA,miRNA,miRNA-miRNA,,0.7610236934352073,,,0.7610236934352073,4.2734316259977106e-07,1.3648400049538143e-06,,
hsa-miR-98,hsa-miR-203,miRNA,miRNA,miRNA-miRNA,,0.7541256776355041,,,0.7541256776355041,6.22513297710541e-07,1.8834800918421328e-06,,
hsa-miR-98,hsa-miR-1299,miRNA,miRNA,miRNA-miRNA,,0.7455891382904198,,,0.7455891382904198,9.753355413799145e-07,2.8142787054946376e-06,,
hsa-miR-98,hsa-miR-127-3p,miRNA,miRNA,miRNA-miRNA,,0.73451882184601,,,0.73451882184601,1.7022050311899883e-06,4.566196349575287e-06,,
hsa-miR-98,hsa-miR-1978,miRNA,miRNA,miRNA-miRNA,,0.7280044032068665,,,0.7280044032068665,2.33285028511399e-06,6.055129871601769e-06,,
hsa-miR-98,hsa-miR-1290,miRNA,miRNA,miRNA-miRNA,,0.7149845745902682,,,0.7149845745902682,4.267934418713846e-06,1.010063044133146e-05,,
hsa-miR-98,hsa-miR-663b,miRNA,miRNA,miRNA-miRNA,,0.7133895639356276,,,0.7133895639356276,4.585384643313324e-06,1.0783596885772086e-05,,
hsa-miR-98,hsa-miR-183,miRNA,miRNA,miRNA-miRNA,,0.7123362467997186,,,0.7123362467997186,4.806611388968439e-06,1.1251010293874107e-05,,
hsa-miR-98,hsa-miR-1274a,miRNA,miRNA,miRNA-miRNA,,0.6997013872628114,,,0.6997013872628114,8.3278356224854e-06,1.830569795173108e-05,,
hsa-miR-98,hsa-miR-421,miRNA,miRNA,miRNA-miRNA,,0.6992660471767367,,,0.6992660471767367,8.482826314714515e-06,1.8585185662161723e-05,,
hsa-miR-98,hsa-miR-520c-3p,miRNA,miRNA,miRNA-miRNA,,0.6962713335078659,,,0.6962713335078659,9.62176083017341e-06,2.081855868441086e-05,,
hsa-miR-98,hsa-miR-362-3p,miRNA,miRNA,miRNA-miRNA,,0.6950938478444482,,,0.6950938478444482,1.0106232886223938e-05,2.1727885763881977e-05,,
hsa-miR-98,hsa-miR-135b,miRNA,miRNA,miRNA-miRNA,,0.6897213557829422,,,0.6897213557829422,1.2609056377794637e-05,2.646712305716327e-05,,
hsa-miR-98,hsa-miR-1975,miRNA,miRNA,miRNA-miRNA,,0.6868943528756243,,,0.6868943528756243,1.4139671114836707e-05,2.929611113032644e-05,,
hsa-miR-98,hsa-miR-1305,miRNA,miRNA,miRNA-miRNA,,0.6839050319162778,,,0.6839050319162778,1.593900462324308e-05,3.258881984497932e-05,,
hsa-miR-98,hsa-miR-145,miRNA,miRNA,miRNA-miRNA,,0.6831553126952562,,,0.6831553126952562,1.6421549315690714e-05,3.3469875322820005e-05,,
hsa-miR-99a,hsa-miR-195,miRNA,miRNA,miRNA-miRNA,,0.974929763152633,,,0.974929763152633,3.8970387247179175e-21,5.20254669749842e-18,,
hsa-miR-99a,hsa-miR-497,miRNA,miRNA,miRNA-miRNA,,0.963693463271578,,,0.963693463271578,9.346816477668861e-19,5.347714284723398e-16,,
hsa-miR-99a,hsa-miR-199a-5p,miRNA,miRNA,miRNA-miRNA,,0.9251479806323577,,,0.9251479806323577,3.7265480020060905e-14,2.194827168828587e-12,,
hsa-miR-99a,hsa-miR-148a,miRNA,miRNA,miRNA-miRNA,,0.9189819728805015,,,0.9189819728805015,1.1715922654058465e-13,5.3320761624436534e-12,,
hsa-miR-99a,hsa-miR-186,miRNA,miRNA,miRNA-miRNA,,0.8995005878980499,,,0.8995005878980499,2.598094343527419e-12,6.014663494697869e-11,,
hsa-miR-99a,hsa-miR-125b,miRNA,miRNA,miRNA-miRNA,,0.8845439435905899,,,0.8845439435905899,1.8779573625509153e-11,3.090853886193174e-10,,
hsa-miR-99a,hsa-miR-151-3p,miRNA,miRNA,miRNA-miRNA,,0.8845218511859095,,,0.8845218511859095,1.8830670367818587e-11,3.090853886193174e-10,,
hsa-miR-99a,hsa-miR-374b,miRNA,miRNA,miRNA-miRNA,,0.8469532301027675,,,0.8469532301027675,9.906036192448284e-10,8.146545164426155e-09,,
hsa-miR-99a,hsa-miR-548g,miRNA,miRNA,miRNA-miRNA,,0.8227318630229908,,,0.8227318630229908,7.560271896451296e-09,4.4155010730938675e-08,,
hsa-miR-99a,hsa-miR-200b,miRNA,miRNA,miRNA-miRNA,,0.8215247152470186,,,0.8215247152470186,8.298797523179651e-09,4.7960583088505776e-08,,
hsa-miR-99a,hsa-miR-1979,miRNA,miRNA,miRNA-miRNA,,0.8160045292604765,,,0.8160045292604765,1.2599450897022908e-08,6.912438471585856e-08,,
hsa-miR-99a,hsa-miR-490-3p,miRNA,miRNA,miRNA-miRNA,,0.807973697181447,,,0.807973697181447,2.2578704330223482e-08,1.1150149302409994e-07,,
hsa-miR-99a,hsa-miR-101,miRNA,miRNA,miRNA-miRNA,,0.7975831663717774,,,0.7975831663717774,4.619088831343831e-08,2.0600724687674881e-07,,
hsa-miR-99a,hsa-miR-145,miRNA,miRNA,miRNA-miRNA,,0.7942449318646426,,,0.7942449318646426,5.763169943639406e-08,2.4792154268824725e-07,,
hsa-miR-99a,hsa-miR-509-3p,miRNA,miRNA,miRNA-miRNA,,0.7925318471323368,,,0.7925318471323368,6.446202442433814e-08,2.7090284136356163e-07,,
hsa-miR-99a,hsa-miR-374a,miRNA,miRNA,miRNA-miRNA,,0.7910416862544614,,,0.7910416862544614,7.099888579041022e-08,2.943587345658312e-07,,
hsa-miR-99a,hsa-miR-484,miRNA,miRNA,miRNA-miRNA,,0.7851635235366912,,,0.7851635235366912,1.0315748203768523e-07,4.047138442229502e-07,,
hsa-miR-99a,hsa-miR-154,miRNA,miRNA,miRNA-miRNA,,0.7835376469319804,,,0.7835376469319804,1.1415537825756291e-07,4.404549999244118e-07,,
hsa-miR-99a,hsa-miR-429,miRNA,miRNA,miRNA-miRNA,,0.7764444802815132,,,0.7764444802815132,1.7585691298527252e-07,6.402790331872877e-07,,
hsa-miR-99a,hsa-miR-130b,miRNA,miRNA,miRNA-miRNA,,0.7761086395341239,,,0.7761086395341239,1.7942249293971102e-07,6.485442998407424e-07,,
hsa-miR-99a,hsa-miR-200c,miRNA,miRNA,miRNA-miRNA,,0.7717480399232625,,,0.7717480399232625,2.3213181980920926e-07,8.039520829791054e-07,,
hsa-miR-99a,hsa-miR-135b,miRNA,miRNA,miRNA-miRNA,,0.7654901721738792,,,0.7654901721738792,3.3271910955524415e-07,1.0931419473082467e-06,,
hsa-miR-99a,hsa-miR-455-5p,miRNA,miRNA,miRNA-miRNA,,0.7627917227284282,,,0.7627917227284282,3.872839302184441e-07,1.2488503546899102e-06,,
hsa-miR-99a,hsa-miR-532-5p,miRNA,miRNA,miRNA-miRNA,,0.7577482906084834,,,0.7577482906084834,5.117032981767526e-07,1.5898927146608954e-06,,
hsa-miR-99a,hsa-miR-106b,miRNA,miRNA,miRNA-miRNA,,0.7550370294718269,,,0.7550370294718269,5.927462435158451e-07,1.8052841865254443e-06,,
hsa-miR-99a,hsa-miR-425,miRNA,miRNA,miRNA-miRNA,,0.7398285293464043,,,0.7398285293464043,1.307694582986418e-06,3.6086968421123242e-06,,
hsa-miR-99a,hsa-miR-1308,miRNA,miRNA,miRNA-miRNA,,0.7327791356952279,,,0.7327791356952279,1.8533062411167038e-06,4.915557281902251e-06,,
hsa-miR-99a,hsa-miR-146a,miRNA,miRNA,miRNA-miRNA,,0.7252742610421087,,,0.7252742610421087,2.655268356135191e-06,6.747683861879086e-06,,
hsa-miR-99a,hsa-miR-106a+hsa-miR-17,miRNA,miRNA,miRNA-miRNA,,0.7193501001769171,,,0.7193501001769171,3.498384745778213e-06,8.522524882507144e-06,,
hsa-miR-99a,hsa-miR-200a,miRNA,miRNA,miRNA-miRNA,,0.7186531546892541,,,0.7186531546892541,3.6120992889388933e-06,8.762239643973512e-06,,
hsa-miR-99a,hsa-miR-128,miRNA,miRNA,miRNA-miRNA,,0.7156678969560909,,,0.7156678969560909,4.138145077595436e-06,9.853312149684734e-06,,
hsa-miR-99a,hsa-miR-708,miRNA,miRNA,miRNA-miRNA,,0.7053389199790586,,,0.7053389199790586,6.539529054599677e-06,1.4830585426767671e-05,,
hsa-miR-99a,hsa-miR-216a,miRNA,miRNA,miRNA-miRNA,,0.6921247514189924,,,0.6921247514189924,1.1427372524594155e-05,2.427937769814302e-05,,
hsa-miR-99a,hsa-miR-340,miRNA,miRNA,miRNA-miRNA,,0.6901687080661879,,,0.6901687080661879,1.2381077769032051e-05,2.607056596475992e-05,,
hsa-miR-99a,hsa-miR-660,miRNA,miRNA,miRNA-miRNA,,0.689221674182374,,,0.689221674182374,1.2868183869989476e-05,2.6954537865746787e-05,,
hsa-miR-99a,hsa-miR-150,miRNA,miRNA,miRNA-miRNA,,0.6890786578602246,,,0.6890786578602246,1.2943230792367166e-05,2.7083406125094307e-05,,
hsa-miR-101,hsa-miR-148a,miRNA,miRNA,miRNA-miRNA,,0.9274168980984794,,,0.9274168980984794,2.3849090131362055e-14,1.4924313433766411e-12,,
hsa-miR-101,hsa-miR-374a,miRNA,miRNA,miRNA-miRNA,,0.9038524073738495,,,0.9038524073738495,1.3779895351077719e-12,3.6792320587377507e-11,,
hsa-miR-101,hsa-miR-455-5p,miRNA,miRNA,miRNA-miRNA,,0.8934518680487161,,,0.8934518680487161,5.988559494244288e-12,1.2362979780643492e-10,,
hsa-miR-101,hsa-miR-340,miRNA,miRNA,miRNA-miRNA,,0.8922630381410955,,,0.8922630381410955,7.015339645238135e-12,1.4118811698079765e-10,,
hsa-miR-101,hsa-miR-146a,miRNA,miRNA,miRNA-miRNA,,0.8893217997859272,,,0.8893217997859272,1.0296762031823563e-11,1.909191293400619e-10,,
hsa-miR-101,hsa-miR-106a+hsa-miR-17,miRNA,miRNA,miRNA-miRNA,,0.8814284234817752,,,0.8814284234817752,2.74018336913054e-11,4.125727215551809e-10,,
hsa-miR-101,hsa-miR-186,miRNA,miRNA,miRNA-miRNA,,0.8775195294529032,,,0.8775195294529032,4.3381582661821436e-11,6.107575203725412e-10,,
hsa-miR-101,hsa-miR-532-5p,miRNA,miRNA,miRNA-miRNA,,0.8760166382576348,,,0.8760166382576348,5.154939367950959e-11,6.998485480896132e-10,,
hsa-miR-101,hsa-miR-130b,miRNA,miRNA,miRNA-miRNA,,0.8741874694335333,,,0.8741874694335333,6.340344608309967e-11,8.244506544247213e-10,,
hsa-miR-101,hsa-miR-195,miRNA,miRNA,miRNA-miRNA,,0.8705579045895749,,,0.8705579045895749,9.47161867333437e-11,1.1817393391496621e-09,,
hsa-miR-101,hsa-miR-425,miRNA,miRNA,miRNA-miRNA,,0.868972710129479,,,0.868972710129479,1.1244071868799785e-10,1.3528788905089065e-09,,
hsa-miR-101,hsa-miR-490-3p,miRNA,miRNA,miRNA-miRNA,,0.8683618102549491,,,0.8683618102549491,1.2005419200169306e-10,1.4208986187604717e-09,,
hsa-miR-101,hsa-miR-484,miRNA,miRNA,miRNA-miRNA,,0.8618653009854094,,,0.8618653009854094,2.3632037405125556e-10,2.4906923633559962e-09,,
hsa-miR-101,hsa-miR-106b,miRNA,miRNA,miRNA-miRNA,,0.8573010326480602,,,0.8573010326480602,3.7273725299185825e-10,3.6768785670748576e-09,,
hsa-miR-101,hsa-miR-454,miRNA,miRNA,miRNA-miRNA,,0.8550937631650394,,,0.8550937631650394,4.620392305360594e-10,4.458956911558838e-09,,
hsa-miR-101,hsa-miR-497,miRNA,miRNA,miRNA-miRNA,,0.8537158459235903,,,0.8537158459235903,5.273935767571898e-10,4.889377951186447e-09,,
hsa-miR-101,hsa-miR-1308,miRNA,miRNA,miRNA-miRNA,,0.8535928509558872,,,0.8535928509558872,5.336236277550673e-10,4.9243378552051714e-09,,
hsa-miR-101,hsa-miR-374b,miRNA,miRNA,miRNA-miRNA,,0.8481327087803817,,,0.8481327087803817,8.894168328177298e-10,7.4365645416179704e-09,,
hsa-miR-101,hsa-miR-660,miRNA,miRNA,miRNA-miRNA,,0.843494955843791,,,0.843494955843791,1.3517088384149204e-09,1.0430816758866583e-08,,
hsa-miR-101,hsa-miR-199a-5p,miRNA,miRNA,miRNA-miRNA,,0.8406051401988396,,,0.8406051401988396,1.7426862467811592e-09,1.2853514582612417e-08,,
hsa-miR-101,hsa-miR-151-3p,miRNA,miRNA,miRNA-miRNA,,0.8287182016987685,,,0.8287182016987685,4.712242285691464e-09,2.981442394027538e-08,,
hsa-miR-101,hsa-miR-142-5p,miRNA,miRNA,miRNA-miRNA,,0.8228487076150708,,,0.8228487076150708,7.492095939462388e-09,4.393242201690609e-08,,
hsa-miR-101,hsa-miR-509-3p,miRNA,miRNA,miRNA-miRNA,,0.8215597746256237,,,0.8215597746256237,8.276444720821642e-09,4.7900521830766873e-08,,
hsa-miR-101,hsa-miR-663b,miRNA,miRNA,miRNA-miRNA,,0.8213888010668151,,,0.8213888010668151,8.385978247415155e-09,4.839458628371426e-08,,
hsa-miR-101,hsa-miR-203,miRNA,miRNA,miRNA-miRNA,,0.8196308301866495,,,0.8196308301866495,9.592174510474292e-09,5.464674098783718e-08,,
hsa-miR-101,hsa-miR-128,miRNA,miRNA,miRNA-miRNA,,0.816279716109839,,,0.816279716109839,1.2343966264745071e-08,6.81897722624883e-08,,
hsa-miR-101,hsa-miR-107,miRNA,miRNA,miRNA-miRNA,,0.8112178737614425,,,0.8112178737614425,1.7897579798479478e-08,9.260956988748101e-08,,
hsa-miR-101,hsa-miR-155,miRNA,miRNA,miRNA-miRNA,,0.8060707179718947,,,0.8060707179718947,2.5823280811060135e-08,1.2627868088925012e-07,,
hsa-miR-101,hsa-miR-1979,miRNA,miRNA,miRNA-miRNA,,0.8057195946436385,,,0.8057195946436385,2.646679038595979e-08,1.284369776456728e-07,,
hsa-miR-101,hsa-miR-708,miRNA,miRNA,miRNA-miRNA,,0.8056911254628583,,,0.8056911254628583,2.6519606343834948e-08,1.284369776456728e-07,,
hsa-miR-101,hsa-miR-135b,miRNA,miRNA,miRNA-miRNA,,0.8056902706769453,,,0.8056902706769453,2.6521193636197604e-08,1.284369776456728e-07,,
hsa-miR-101,hsa-miR-194,miRNA,miRNA,miRNA-miRNA,,0.7993343272327103,,,0.7993343272327103,4.106106871212097e-08,1.851909686847348e-07,,
hsa-miR-101,hsa-miR-150,miRNA,miRNA,miRNA-miRNA,,0.7981064275725831,,,0.7981064275725831,4.459964179154084e-08,1.9913217990537464e-07,,
hsa-miR-101,hsa-miR-154,miRNA,miRNA,miRNA-miRNA,,0.7962729307412525,,,0.7962729307412525,5.0406551794492e-08,2.2135771922910137e-07,,
hsa-miR-101,hsa-miR-200a,miRNA,miRNA,miRNA-miRNA,,0.7924444795018669,,,0.7924444795018669,6.482949420694464e-08,2.718765699464013e-07,,
hsa-miR-101,hsa-miR-429,miRNA,miRNA,miRNA-miRNA,,0.7880994836964113,,,0.7880994836964113,8.572262929892146e-08,3.487789022136033e-07,,
hsa-miR-101,hsa-miR-421,miRNA,miRNA,miRNA-miRNA,,0.783193331466056,,,0.783193331466056,1.1661799623985407e-07,4.490914182121303e-07,,
hsa-miR-101,hsa-miR-183,miRNA,miRNA,miRNA-miRNA,,0.7821517784516744,,,0.7821517784516744,1.243666572164823e-07,4.7436996395429676e-07,,
hsa-miR-101,hsa-miR-125b,miRNA,miRNA,miRNA-miRNA,,0.7710705129549257,,,0.7710705129549257,2.414883631488948e-07,8.259273222983122e-07,,
hsa-miR-101,hsa-miR-1975,miRNA,miRNA,miRNA-miRNA,,0.7664759245216952,,,0.7664759245216952,3.146070967339545e-07,1.0447772988552968e-06,,
hsa-miR-101,hsa-miR-494 (+++ See note below),miRNA,miRNA,miRNA-miRNA,,0.7578537767544848,,,0.7578537767544848,5.08765201205991e-07,1.5819911730046535e-06,,
hsa-miR-101,hsa-miR-1978,miRNA,miRNA,miRNA-miRNA,,0.7531650791139105,,,0.7531650791139105,6.553602370359996e-07,1.973471991976826e-06,,
hsa-miR-101,hsa-miR-2117,miRNA,miRNA,miRNA-miRNA,,0.7408864313195924,,,0.7408864313195924,1.2398420763280755e-06,3.4627388533430557e-06,,
hsa-miR-101,hsa-miR-142-3p,miRNA,miRNA,miRNA-miRNA,,0.724902806865744,,,0.724902806865744,2.702133610498582e-06,6.8537334452481444e-06,,
hsa-miR-101,hsa-miR-362-3p,miRNA,miRNA,miRNA-miRNA,,0.7208768401768816,,,0.7208768401768816,3.26055789416468e-06,8.06348843238618e-06,,
hsa-miR-101,hsa-miR-141,miRNA,miRNA,miRNA-miRNA,,0.7058883872406099,,,0.7058883872406099,6.385356100446915e-06,1.4530313171755621e-05,,
hsa-miR-101,hsa-miR-1290,miRNA,miRNA,miRNA-miRNA,,0.7048554950344875,,,0.7048554950344875,6.677952452398679e-06,1.511028224398684e-05,,
hsa-miR-101,hsa-miR-1299,miRNA,miRNA,miRNA-miRNA,,0.6935232447036885,,,0.6935232447036885,1.0786792013022013e-05,2.3077511758628824e-05,,
hsa-miR-101,hsa-miR-200b,miRNA,miRNA,miRNA-miRNA,,0.6798523318773924,,,0.6798523318773924,1.8708410629346052e-05,3.7557486000266134e-05,,
hsa-miR-106a+hsa-miR-17,hsa-miR-455-5p,miRNA,miRNA,miRNA-miRNA,,0.8794069264615526,,,0.8794069264615526,3.481953570008295e-11,5.108140676880301e-10,,
hsa-miR-106a+hsa-miR-17,hsa-miR-532-5p,miRNA,miRNA,miRNA-miRNA,,0.8657229465198032,,,0.8657229465198032,1.5873959126790376e-10,1.7808181037197606e-09,,
hsa-miR-106a+hsa-miR-17,hsa-miR-425,miRNA,miRNA,miRNA-miRNA,,0.85253759033721,,,0.85253759033721,5.899352739525172e-10,5.287471974280849e-09,,
hsa-miR-106a+hsa-miR-17,hsa-miR-454,miRNA,miRNA,miRNA-miRNA,,0.848278039472396,,,0.848278039472396,8.776316904890813e-10,7.353378494579018e-09,,
hsa-miR-106a+hsa-miR-17,hsa-miR-130b,miRNA,miRNA,miRNA-miRNA,,0.8457088533054916,,,0.8457088533054916,1.1087860516832146e-09,8.917044451789708e-09,,
hsa-miR-106a+hsa-miR-17,hsa-miR-128,miRNA,miRNA,miRNA-miRNA,,0.8415534824827557,,,0.8415534824827557,1.6041750765643642e-09,1.2033132967436107e-08,,
hsa-miR-106a+hsa-miR-17,hsa-miR-200a,miRNA,miRNA,miRNA-miRNA,,0.8366443373049015,,,0.8366443373049015,2.4488552611549924e-09,1.7176296534020567e-08,,
hsa-miR-106a+hsa-miR-17,hsa-miR-154,miRNA,miRNA,miRNA-miRNA,,0.8328225683500928,,,0.8328225683500928,3.371830578396996e-09,2.2582243254983226e-08,,
hsa-miR-106a+hsa-miR-17,hsa-miR-1308,miRNA,miRNA,miRNA-miRNA,,0.8327641872884896,,,0.8327641872884896,3.3881345075537556e-09,2.265355376085608e-08,,
hsa-miR-106a+hsa-miR-17,hsa-miR-203,miRNA,miRNA,miRNA-miRNA,,0.8327080070646942,,,0.8327080070646942,3.4038923314009865e-09,2.2683176018737022e-08,,
hsa-miR-106a+hsa-miR-17,hsa-miR-490-3p,miRNA,miRNA,miRNA-miRNA,,0.8288822498905422,,,0.8288822498905422,4.650408122884361e-09,2.9516457261730373e-08,,
hsa-miR-106a+hsa-miR-17,hsa-miR-194,miRNA,miRNA,miRNA-miRNA,,0.8276125456413276,,,0.8276125456413276,5.149138716188274e-09,3.2172075754031263e-08,,
hsa-miR-106a+hsa-miR-17,hsa-miR-660,miRNA,miRNA,miRNA-miRNA,,0.8261587663578203,,,0.8261587663578203,5.780371454450055e-09,3.555883938419747e-08,,
hsa-miR-106a+hsa-miR-17,hsa-miR-2117,miRNA,miRNA,miRNA-miRNA,,0.8253375727740409,,,0.8253375727740409,6.1676662631953254e-09,3.745931560909191e-08,,
hsa-miR-106a+hsa-miR-17,hsa-miR-148a,miRNA,miRNA,miRNA-miRNA,,0.823286730328194,,,0.823286730328194,7.241523494754258e-09,4.3030121063042734e-08,,
hsa-miR-106a+hsa-miR-17,hsa-miR-107,miRNA,miRNA,miRNA-miRNA,,0.821612939869554,,,0.821612939869554,8.242653814645398e-09,4.777399208054243e-08,,
hsa-miR-106a+hsa-miR-17,hsa-miR-340,miRNA,miRNA,miRNA-miRNA,,0.8194644774706397,,,0.8194644774706397,9.714207683133261e-09,5.518496705099108e-08,,
hsa-miR-106a+hsa-miR-17,hsa-miR-1979,miRNA,miRNA,miRNA-miRNA,,0.8185735720183385,,,0.8185735720183385,1.0392410614896335e-08,5.8787576995282236e-08,,
hsa-miR-106a+hsa-miR-17,hsa-miR-429,miRNA,miRNA,miRNA-miRNA,,0.8174197958805942,,,0.8174197958805942,1.1335433749580224e-08,6.385149390586329e-08,,
hsa-miR-106a+hsa-miR-17,hsa-miR-106b,miRNA,miRNA,miRNA-miRNA,,0.8161026942650597,,,0.8161026942650597,1.2507761589360994e-08,6.876531214098427e-08,,
hsa-miR-106a+hsa-miR-17,hsa-miR-708,miRNA,miRNA,miRNA-miRNA,,0.8117198766985007,,,0.8117198766985007,1.7258725306944455e-08,9.011889811514021e-08,,
hsa-miR-106a+hsa-miR-17,hsa-miR-374a,miRNA,miRNA,miRNA-miRNA,,0.8082259577610145,,,0.8082259577610145,2.2177925420041204e-08,1.1016686120732059e-07,,
hsa-miR-106a+hsa-miR-17,hsa-miR-509-3p,miRNA,miRNA,miRNA-miRNA,,0.8042490428460862,,,0.8042490428460862,2.9325104624848697e-08,1.384988726680649e-07,,
hsa-miR-106a+hsa-miR-17,hsa-miR-142-5p,miRNA,miRNA,miRNA-miRNA,,0.8035228545774699,,,0.8035228545774699,3.083872024294487e-08,1.4462420910186675e-07,,
hsa-miR-106a+hsa-miR-17,hsa-miR-183,miRNA,miRNA,miRNA-miRNA,,0.7997944265029956,,,0.7997944265029956,3.980289860783791e-08,1.8037975637480757e-07,,
hsa-miR-106a+hsa-miR-17,hsa-miR-135b,miRNA,miRNA,miRNA-miRNA,,0.7970587486972109,,,0.7970587486972109,4.783775817895517e-08,2.1217078793656194e-07,,
hsa-miR-106a+hsa-miR-17,hsa-miR-494 (+++ See note below),miRNA,miRNA,miRNA-miRNA,,0.7966325983312267,,,0.7966325983312267,4.921551384927472e-08,2.1721745240856497e-07,,
hsa-miR-106a+hsa-miR-17,hsa-miR-484,miRNA,miRNA,miRNA-miRNA,,0.7876246245788123,,,0.7876246245788123,8.834559530597984e-08,3.5812156801664907e-07,,
hsa-miR-106a+hsa-miR-17,hsa-miR-186,miRNA,miRNA,miRNA-miRNA,,0.7804146524716564,,,0.7804146524716564,1.3834580547571673e-07,5.202581698875545e-07,,
hsa-miR-106a+hsa-miR-17,hsa-miR-151-3p,miRNA,miRNA,miRNA-miRNA,,0.7768846314746451,,,0.7768846314746451,1.7128206229353495e-07,6.254254099705527e-07,,
hsa-miR-106a+hsa-miR-17,hsa-miR-1299,miRNA,miRNA,miRNA-miRNA,,0.7745622915210683,,,0.7745622915210683,1.9670929867958723e-07,7.002851032993305e-07,,
hsa-miR-106a+hsa-miR-17,hsa-miR-663b,miRNA,miRNA,miRNA-miRNA,,0.7718350541902431,,,0.7718350541902431,2.3095450125399115e-07,8.008422316209823e-07,,
hsa-miR-106a+hsa-miR-17,hsa-miR-374b,miRNA,miRNA,miRNA-miRNA,,0.7652370210052375,,,0.7652370210052375,3.375217360804889e-07,1.106198488545301e-06,,
hsa-miR-106a+hsa-miR-17,hsa-miR-195,miRNA,miRNA,miRNA-miRNA,,0.7641697316598645,,,0.7641697316598645,3.584743245742447e-07,1.1681771114075264e-06,,
hsa-miR-106a+hsa-miR-17,hsa-miR-1978,miRNA,miRNA,miRNA-miRNA,,0.7641150953354011,,,0.7641150953354011,3.5957823217502743e-07,1.1708218047650285e-06,,
hsa-miR-106a+hsa-miR-17,hsa-miR-199a-5p,miRNA,miRNA,miRNA-miRNA,,0.7601552328703696,,,0.7601552328703696,4.4837527086897824e-07,1.426324829094724e-06,,
hsa-miR-106a+hsa-miR-17,hsa-miR-146a,miRNA,miRNA,miRNA-miRNA,,0.7582818772034868,,,0.7582818772034868,4.969987659930399e-07,1.5514263895573847e-06,,
hsa-miR-106a+hsa-miR-17,hsa-miR-497,miRNA,miRNA,miRNA-miRNA,,0.7513976373868666,,,0.7513976373868666,7.199587795112315e-07,2.1510892302473685e-06,,
hsa-miR-106a+hsa-miR-17,hsa-miR-421,miRNA,miRNA,miRNA-miRNA,,0.7159252234945054,,,0.7159252234945054,4.0902048219617515e-06,9.785705084800965e-06,,
hsa-miR-106a+hsa-miR-17,hsa-miR-155,miRNA,miRNA,miRNA-miRNA,,0.7117359955791771,,,0.7117359955791771,4.936969468477308e-06,1.1515761631480268e-05,,
hsa-miR-106a+hsa-miR-17,hsa-miR-141,miRNA,miRNA,miRNA-miRNA,,0.7089976051106243,,,0.7089976051106243,5.573324450383844e-06,1.2872643843014588e-05,,
hsa-miR-106a+hsa-miR-17,hsa-miR-1975,miRNA,miRNA,miRNA-miRNA,,0.7072619938896701,,,0.7072619938896701,6.0142451026971355e-06,1.3787665504465958e-05,,
hsa-miR-106a+hsa-miR-17,hsa-miR-934,miRNA,miRNA,miRNA-miRNA,,0.7047025536199643,,,0.7047025536199643,6.722295157328626e-06,1.5184879923914918e-05,,
hsa-miR-106a+hsa-miR-17,hsa-miR-127-3p,miRNA,miRNA,miRNA-miRNA,,0.7005633285126618,,,0.7005633285126618,8.028505547928554e-06,1.778438314129085e-05,,
hsa-miR-106a+hsa-miR-17,hsa-miR-200b,miRNA,miRNA,miRNA-miRNA,,0.7002374496544519,,,0.7002374496544519,8.140509960299766e-06,1.798275917870963e-05,,
hsa-miR-106a+hsa-miR-17,hsa-miR-362-3p,miRNA,miRNA,miRNA-miRNA,,0.696120463707063,,,0.696120463707063,9.68263878558436e-06,2.093896778416056e-05,,
hsa-miR-106a+hsa-miR-17,hsa-miR-1290,miRNA,miRNA,miRNA-miRNA,,0.6950917179018039,,,0.6950917179018039,1.0107128883423751e-05,2.1727885763881977e-05,,
hsa-miR-106a+hsa-miR-17,hsa-miR-125b,miRNA,miRNA,miRNA-miRNA,,0.6903387001422275,,,0.6903387001422275,1.229542847261954e-05,2.5944779258609725e-05,,
hsa-miR-106a+hsa-miR-17,hsa-miR-1305,miRNA,miRNA,miRNA-miRNA,,0.6851947415942704,,,0.6851947415942704,1.5138778221410668e-05,3.1188686613554384e-05,,
hsa-miR-106b,hsa-miR-532-5p,miRNA,miRNA,miRNA-miRNA,,0.9078212620596664,,,0.9078212620596664,7.523758867193613e-13,2.4106123410488336e-11,,
hsa-miR-106b,hsa-miR-660,miRNA,miRNA,miRNA-miRNA,,0.906557601529772,,,0.906557601529772,9.149076052869413e-13,2.7344813128165673e-11,,
hsa-miR-106b,hsa-miR-148a,miRNA,miRNA,miRNA-miRNA,,0.8820750113965495,,,0.8820750113965495,2.535729361554304e-11,3.9059984973173026e-10,,
hsa-miR-106b,hsa-miR-340,miRNA,miRNA,miRNA-miRNA,,0.8614027920618741,,,0.8614027920618741,2.4766952068323083e-10,2.583115704000884e-09,,
hsa-miR-106b,hsa-miR-425,miRNA,miRNA,miRNA-miRNA,,0.8511570009337482,,,0.8511570009337482,6.71893367591151e-10,5.914138323522109e-09,,
hsa-miR-106b,hsa-miR-455-5p,miRNA,miRNA,miRNA-miRNA,,0.8474890870864868,,,0.8474890870864868,9.433849002690901e-10,7.82247727862879e-09,,
hsa-miR-106b,hsa-miR-374b,miRNA,miRNA,miRNA-miRNA,,0.8448456293266418,,,0.8448456293266418,1.198263173996733e-09,9.44851804934611e-09,,
hsa-miR-106b,hsa-miR-130b,miRNA,miRNA,miRNA-miRNA,,0.8448116161285535,,,0.8448116161285535,1.201921453118592e-09,9.457161924832928e-09,,
hsa-miR-106b,hsa-miR-374a,miRNA,miRNA,miRNA-miRNA,,0.8439178233661255,,,0.8439178233661255,1.301824039174747e-09,1.0104273792431903e-08,,
hsa-miR-106b,hsa-miR-1979,miRNA,miRNA,miRNA-miRNA,,0.8375537120279152,,,0.8375537120279152,2.2666770368372624e-09,1.609581832009439e-08,,
hsa-miR-106b,hsa-miR-107,miRNA,miRNA,miRNA-miRNA,,0.8347259353940649,,,0.8347259353940649,2.8782317915626147e-09,1.9604282866000462e-08,,
hsa-miR-106b,hsa-miR-186,miRNA,miRNA,miRNA-miRNA,,0.8332083633599989,,,0.8332083633599989,3.265893883408934e-09,2.19830336185761e-08,,
hsa-miR-106b,hsa-miR-154,miRNA,miRNA,miRNA-miRNA,,0.8314720006538152,,,0.8314720006538152,3.76812145589772e-09,2.4659030115801255e-08,,
hsa-miR-106b,hsa-miR-195,miRNA,miRNA,miRNA-miRNA,,0.8190183209571427,,,0.8190183209571427,1.0048584116764988e-08,5.700365352357475e-08,,
hsa-miR-106b,hsa-miR-663b,miRNA,miRNA,miRNA-miRNA,,0.8092318459926374,,,0.8092318459926374,2.0643933996503493e-08,1.0347804212264893e-07,,
hsa-miR-106b,hsa-miR-194,miRNA,miRNA,miRNA-miRNA,,0.8072892575210557,,,0.8072892575210557,2.369985681053019e-08,1.1660678934419337e-07,,
hsa-miR-106b,hsa-miR-1308,miRNA,miRNA,miRNA-miRNA,,0.8065493857713981,,,0.8065493857713981,2.4969151762768193e-08,1.2255080001211595e-07,,
hsa-miR-106b,hsa-miR-497,miRNA,miRNA,miRNA-miRNA,,0.7989012916267924,,,0.7989012916267924,4.227846562085531e-08,1.902530952938489e-07,,
hsa-miR-106b,hsa-miR-146a,miRNA,miRNA,miRNA-miRNA,,0.7940553944348152,,,0.7940553944348152,5.83533214751491e-08,2.504001976160712e-07,,
hsa-miR-106b,hsa-miR-150,miRNA,miRNA,miRNA-miRNA,,0.7852043950076025,,,0.7852043950076025,1.0289397139097839e-07,4.047138442229502e-07,,
hsa-miR-106b,hsa-miR-141,miRNA,miRNA,miRNA-miRNA,,0.7823576189035674,,,0.7823576189035674,1.2279891365863415e-07,4.688366531962152e-07,,
hsa-miR-106b,hsa-miR-151-3p,miRNA,miRNA,miRNA-miRNA,,0.7791891661450919,,,0.7791891661450919,1.4905754816813581e-07,5.548099260347434e-07,,
hsa-miR-106b,hsa-miR-200b,miRNA,miRNA,miRNA-miRNA,,0.7762292386074602,,,0.7762292386074602,1.7813456471939753e-07,6.462218584249883e-07,,
hsa-miR-106b,hsa-miR-490-3p,miRNA,miRNA,miRNA-miRNA,,0.7742514638894005,,,0.7742514638894005,2.0036283508692659e-07,7.120258691420949e-07,,
hsa-miR-106b,hsa-miR-203,miRNA,miRNA,miRNA-miRNA,,0.7735083554558739,,,0.7735083554558739,2.093505217524819e-07,7.367740242694992e-07,,
hsa-miR-106b,hsa-miR-135b,miRNA,miRNA,miRNA-miRNA,,0.7727500754687721,,,0.7727500754687721,2.1890054667142762e-07,7.656739645581377e-07,,
hsa-miR-106b,hsa-miR-125b,miRNA,miRNA,miRNA-miRNA,,0.7675540336513255,,,0.7675540336513255,2.9583330841600335e-07,9.87343666838411e-07,,
hsa-miR-106b,hsa-miR-429,miRNA,miRNA,miRNA-miRNA,,0.7663720388225953,,,0.7663720388225953,3.1647245959555363e-07,1.0483641031267099e-06,,
hsa-miR-106b,hsa-miR-199a-5p,miRNA,miRNA,miRNA-miRNA,,0.7567966169007894,,,0.7567966169007894,5.389191025639796e-07,1.661563514833517e-06,,
hsa-miR-106b,hsa-miR-183,miRNA,miRNA,miRNA-miRNA,,0.7563859764636067,,,0.7563859764636067,5.510654673235268e-07,1.6912009169584097e-06,,
hsa-miR-106b,hsa-miR-142-3p,miRNA,miRNA,miRNA-miRNA,,0.7553834223325794,,,0.7553834223325794,5.817771767523317e-07,1.7745754705964117e-06,,
hsa-miR-106b,hsa-miR-484,miRNA,miRNA,miRNA-miRNA,,0.7529460619264563,,,0.7529460619264563,6.630673394330994e-07,1.9921865674640384e-06,,
hsa-miR-106b,hsa-miR-454,miRNA,miRNA,miRNA-miRNA,,0.7511940580407762,,,0.7511940580407762,7.277609113889048e-07,2.1718945231837287e-06,,
hsa-miR-106b,hsa-miR-155,miRNA,miRNA,miRNA-miRNA,,0.7416673872084172,,,0.7416673872084172,1.1918275939169276e-06,3.3496628165875754e-06,,
hsa-miR-106b,hsa-miR-128,miRNA,miRNA,miRNA-miRNA,,0.739443634956714,,,0.739443634956714,1.3332085344453966e-06,3.664722155424718e-06,,
hsa-miR-106b,hsa-miR-1975,miRNA,miRNA,miRNA-miRNA,,0.7280217270085756,,,0.7280217270085756,2.3309233976322902e-06,6.054052015251182e-06,,
hsa-miR-106b,hsa-miR-509-3p,miRNA,miRNA,miRNA-miRNA,,0.7202016681485647,,,0.7202016681485647,3.363859072297341e-06,8.255058568964982e-06,,
hsa-miR-106b,hsa-miR-142-5p,miRNA,miRNA,miRNA-miRNA,,0.7072374228728888,,,0.7072374228728888,6.020707992505106e-06,1.3794585532026858e-05,,
hsa-miR-106b,hsa-miR-200a,miRNA,miRNA,miRNA-miRNA,,0.7047267574803046,,,0.7047267574803046,6.715259946522174e-06,1.5177548581163265e-05,,
hsa-miR-106b,hsa-miR-708,miRNA,miRNA,miRNA-miRNA,,0.7004833101545608,,,0.7004833101545608,8.055877795780641e-06,1.783512577569459e-05,,
hsa-miR-106b,hsa-miR-1299,miRNA,miRNA,miRNA-miRNA,,0.691671475901806,,,0.691671475901806,1.1642258937936073e-05,2.4644422328982017e-05,,
hsa-miR-106b,hsa-miR-421,miRNA,miRNA,miRNA-miRNA,,0.6827821964813992,,,0.6827821964813992,1.666658137503248e-05,3.3831555198684785e-05,,
hsa-miR-106b,hsa-miR-200c,miRNA,miRNA,miRNA-miRNA,,0.6824573348798835,,,0.6824573348798835,1.688260679973266e-05,3.420072849414735e-05,,
hsa-miR-107,hsa-miR-532-5p,miRNA,miRNA,miRNA-miRNA,,0.8911020684912966,,,0.8911020684912966,8.173288478365129e-12,1.596781480773285e-10,,
hsa-miR-107,hsa-miR-340,miRNA,miRNA,miRNA-miRNA,,0.8898618092281686,,,0.8898618092281686,9.604097346540717e-12,1.7890423196695616e-10,,
hsa-miR-107,hsa-miR-455-5p,miRNA,miRNA,miRNA-miRNA,,0.8776897928776843,,,0.8776897928776843,4.253596201312654e-11,6.019665295497236e-10,,
hsa-miR-107,hsa-miR-374a,miRNA,miRNA,miRNA-miRNA,,0.8737064911865826,,,0.8737064911865826,6.691416966017044e-11,8.644879015773634e-10,,
hsa-miR-107,hsa-miR-200a,miRNA,miRNA,miRNA-miRNA,,0.857490448523401,,,0.857490448523401,3.6586940465021245e-10,3.626997439663616e-09,,
hsa-miR-107,hsa-miR-374b,miRNA,miRNA,miRNA-miRNA,,0.8141715706738232,,,0.8141715706738232,1.44291019482984e-08,7.739240966148997e-08,,
hsa-miR-107,hsa-miR-148a,miRNA,miRNA,miRNA-miRNA,,0.8141613372804203,,,0.8141613372804203,1.4439969190872698e-08,7.739240966148997e-08,,
hsa-miR-107,hsa-miR-490-3p,miRNA,miRNA,miRNA-miRNA,,0.8018305501070865,,,0.8018305501070865,3.464846337980749e-08,1.6060574931197615e-07,,
hsa-miR-107,hsa-miR-203,miRNA,miRNA,miRNA-miRNA,,0.7952134852359488,,,0.7952134852359488,5.407024626279696e-08,2.3428140262965513e-07,,
hsa-miR-107,hsa-miR-660,miRNA,miRNA,miRNA-miRNA,,0.7938011304568859,,,0.7938011304568859,5.933439144948454e-08,2.52802380590623e-07,,
hsa-miR-107,hsa-miR-509-3p,miRNA,miRNA,miRNA-miRNA,,0.781006998674432,,,0.781006998674432,1.33425136526322e-07,5.041204450829431e-07,,
hsa-miR-107,hsa-miR-425,miRNA,miRNA,miRNA-miRNA,,0.777334181099118,,,0.777334181099118,1.6672219127042875e-07,6.097921242356778e-07,,
hsa-miR-107,hsa-miR-146a,miRNA,miRNA,miRNA-miRNA,,0.7759526403478868,,,0.7759526403478868,1.8110111390092782e-07,6.540216061074986e-07,,
hsa-miR-107,hsa-miR-128,miRNA,miRNA,miRNA-miRNA,,0.7746113546445823,,,0.7746113546445823,1.9613820246858768e-07,6.988732214294428e-07,,
hsa-miR-107,hsa-miR-130b,miRNA,miRNA,miRNA-miRNA,,0.7688873091653212,,,0.7688873091653212,2.740342109784489e-07,9.207273615509126e-07,,
hsa-miR-107,hsa-miR-1274a,miRNA,miRNA,miRNA-miRNA,,0.766142574670009,,,0.766142574670009,3.2062857525473505e-07,1.059626145740448e-06,,
hsa-miR-107,hsa-miR-195,miRNA,miRNA,miRNA-miRNA,,0.7628836562599187,,,0.7628836562599187,3.852979791698261e-07,1.2444503278831884e-06,,
hsa-miR-107,hsa-miR-194,miRNA,miRNA,miRNA-miRNA,,0.7615381916385076,,,0.7615381916385076,4.1531228269909536e-07,1.329596876266888e-06,,
hsa-miR-107,hsa-miR-484,miRNA,miRNA,miRNA-miRNA,,0.7571192571433191,,,0.7571192571433191,5.295477072355204e-07,1.633928018088027e-06,,
hsa-miR-107,hsa-miR-186,miRNA,miRNA,miRNA-miRNA,,0.7537336122306333,,,0.7537336122306333,6.357337788907012e-07,1.9201461421246294e-06,,
hsa-miR-107,hsa-miR-497,miRNA,miRNA,miRNA-miRNA,,0.7475138590789917,,,0.7475138590789917,8.827847247109057e-07,2.578813145490282e-06,,
hsa-miR-107,hsa-miR-1979,miRNA,miRNA,miRNA-miRNA,,0.7474196002831875,,,0.7474196002831875,8.87123725342826e-07,2.5895995043717336e-06,,
hsa-miR-107,hsa-miR-151-3p,miRNA,miRNA,miRNA-miRNA,,0.7435656644379716,,,0.7435656644379716,1.0820982596160635e-06,3.0779854614789307e-06,,
hsa-miR-107,hsa-miR-663b,miRNA,miRNA,miRNA-miRNA,,0.743105495434265,,,0.743105495434265,1.1078176303361944e-06,3.142216437320438e-06,,
hsa-miR-107,hsa-miR-1308,miRNA,miRNA,miRNA-miRNA,,0.7399894883844662,,,0.7399894883844662,1.2971574044404109e-06,3.5902663474663757e-06,,
hsa-miR-107,hsa-miR-154,miRNA,miRNA,miRNA-miRNA,,0.7388921392424393,,,0.7388921392424393,1.3705568155434506e-06,3.7570705313152084e-06,,
hsa-miR-107,hsa-miR-155,miRNA,miRNA,miRNA-miRNA,,0.7238353044747273,,,0.7238353044747273,2.8410327195179104e-06,7.16840698286031e-06,,
hsa-miR-107,hsa-miR-199a-5p,miRNA,miRNA,miRNA-miRNA,,0.71964844572019,,,0.71964844572019,3.450707831744953e-06,8.426881015938133e-06,,
hsa-miR-107,hsa-miR-429,miRNA,miRNA,miRNA-miRNA,,0.7156525939865312,,,0.7156525939865312,4.141012041134775e-06,9.854279990935696e-06,,
hsa-miR-107,hsa-miR-141,miRNA,miRNA,miRNA-miRNA,,0.7125585182327994,,,0.7125585182327994,4.7591379103894865e-06,1.1158104043559073e-05,,
hsa-miR-107,hsa-miR-200b,miRNA,miRNA,miRNA-miRNA,,0.712548124761969,,,0.712548124761969,4.7613482672765185e-06,1.1158104043559073e-05,,
hsa-miR-107,hsa-miR-183,miRNA,miRNA,miRNA-miRNA,,0.7125333221001813,,,0.7125333221001813,4.764497925008083e-06,1.11589556664663e-05,,
hsa-miR-107,hsa-miR-454,miRNA,miRNA,miRNA-miRNA,,0.7122955542057676,,,0.7122955542057676,4.815349028677576e-06,1.1264879006923887e-05,,
hsa-miR-107,hsa-miR-135b,miRNA,miRNA,miRNA-miRNA,,0.7097033052179704,,,0.7097033052179704,5.402588131018725e-06,1.252097930493857e-05,,
hsa-miR-107,hsa-miR-934,miRNA,miRNA,miRNA-miRNA,,0.6857879964123819,,,0.6857879964123819,1.4783017215713144e-05,3.0534287750867014e-05,,
hsa-miR-107,hsa-miR-1299,miRNA,miRNA,miRNA-miRNA,,0.6828850799965934,,,0.6828850799965934,1.6598688450064785e-05,3.3745049361679935e-05,,
hsa-miR-107,ESR1,miRNA,mRNA,miRNA-mRNA,validated,-0.1243009844764105,,,-0.1243009844764105,,,80.0756635576,Normal_vs_Metastatic
hsa-miR-107,ETV6,miRNA,mRNA,miRNA-mRNA,predicted,0.0634040123839892,,,0.10156990900753558,,,53.41115,
hsa-miR-125b,hsa-miR-497,miRNA,miRNA,miRNA-miRNA,,0.8683449575736857,,,0.8683449575736857,1.202708194156804e-10,1.4208986187604717e-09,,
hsa-miR-125b,hsa-miR-148a,miRNA,miRNA,miRNA-miRNA,,0.8620465110405402,,,0.8620465110405402,2.3200627166252487e-10,2.451675773109267e-09,,
hsa-miR-125b,hsa-miR-195,miRNA,miRNA,miRNA-miRNA,,0.8513588305938304,,,0.8513588305938304,6.59290094199061e-10,5.815984201029161e-09,,
hsa-miR-125b,hsa-miR-186,miRNA,miRNA,miRNA-miRNA,,0.8378707948308631,,,0.8378707948308631,2.206149837376501e-09,1.572176174144642e-08,,
hsa-miR-125b,hsa-miR-151-3p,miRNA,miRNA,miRNA-miRNA,,0.8099093841978737,,,0.8099093841978737,1.9666287770242116e-08,9.982697404286398e-08,,
hsa-miR-125b,hsa-miR-154,miRNA,miRNA,miRNA-miRNA,,0.7812921459185912,,,0.7812921459185912,1.3111400489911508e-07,4.963247538950434e-07,,
hsa-miR-125b,hsa-miR-199a-5p,miRNA,miRNA,miRNA-miRNA,,0.7749704073263298,,,0.7749704073263298,1.920047697334647e-07,6.870011622529695e-07,,
hsa-miR-125b,hsa-miR-1979,miRNA,miRNA,miRNA-miRNA,,0.7724434755640756,,,0.7724434755640756,2.2287384077378317e-07,7.761823759121754e-07,,
hsa-miR-125b,hsa-miR-135b,miRNA,miRNA,miRNA-miRNA,,0.763535110707562,,,0.763535110707562,3.7148963092787375e-07,1.206663399729225e-06,,
hsa-miR-125b,hsa-miR-425,miRNA,miRNA,miRNA-miRNA,,0.7576925873080692,,,0.7576925873080692,5.132610397979456e-07,1.5934964840238544e-06,,
hsa-miR-125b,hsa-miR-374b,miRNA,miRNA,miRNA-miRNA,,0.7496929095204486,,,0.7496929095204486,7.877164070977138e-07,2.336892007723218e-06,,
hsa-miR-125b,hsa-miR-150,miRNA,miRNA,miRNA-miRNA,,0.746508543073536,,,0.746508543073536,9.300758302379918e-07,2.693386623357308e-06,,
hsa-miR-125b,hsa-miR-130b,miRNA,miRNA,miRNA-miRNA,,0.7451505393173331,,,0.7451505393173331,9.976260060376496e-07,2.864152081850026e-06,,
hsa-miR-125b,hsa-miR-532-5p,miRNA,miRNA,miRNA-miRNA,,0.7416236547932398,,,0.7416236547932398,1.1944708938183058e-06,3.3547376786411742e-06,,
hsa-miR-125b,hsa-miR-1308,miRNA,miRNA,miRNA-miRNA,,0.7412392119021805,,,0.7412392119021805,1.2179384943475168e-06,3.406315411914668e-06,,
hsa-miR-125b,hsa-miR-200b,miRNA,miRNA,miRNA-miRNA,,0.7343427543770557,,,0.7343427543770557,1.7169705308290835e-06,4.593498313941536e-06,,
hsa-miR-125b,hsa-miR-145,miRNA,miRNA,miRNA-miRNA,,0.7328940221048119,,,0.7328940221048119,1.8429634974986813e-06,4.894607962521365e-06,,
hsa-miR-125b,hsa-miR-421,miRNA,miRNA,miRNA-miRNA,,0.7305301538499545,,,0.7305301538499545,2.066710432968627e-06,5.431217377978576e-06,,
hsa-miR-125b,hsa-miR-660,miRNA,miRNA,miRNA-miRNA,,0.7176389045371496,,,0.7176389045371496,3.7835878917802214e-06,9.133978002760571e-06,,
hsa-miR-125b,hsa-miR-200c,miRNA,miRNA,miRNA-miRNA,,0.7074878292210371,,,0.7074878292210371,5.955137714578422e-06,1.366780890939059e-05,,
hsa-miR-125b,hsa-miR-128,miRNA,miRNA,miRNA-miRNA,,0.7049884514957928,,,0.7049884514957928,6.639619574574514e-06,1.504054094806048e-05,,
hsa-miR-125b,hsa-miR-1975,miRNA,miRNA,miRNA-miRNA,,0.7019398501432366,,,0.7019398501432366,7.570628397798313e-06,1.687752407884004e-05,,
hsa-miR-125b,hsa-miR-548g,miRNA,miRNA,miRNA-miRNA,,0.6971192152341248,,,0.6971192152341248,9.286025888937562e-06,2.0169769832199997e-05,,
hsa-miR-125b,hsa-miR-484,miRNA,miRNA,miRNA-miRNA,,0.6926543926531371,,,0.6926543926531371,1.1180831149150035e-05,2.3831414982621548e-05,,
hsa-miR-125b,hsa-miR-374a,miRNA,miRNA,miRNA-miRNA,,0.681272890266818,,,0.681272890266818,1.7691814695749292e-05,3.566148473177994e-05,,
hsa-miR-127-3p,hsa-miR-154,miRNA,miRNA,miRNA-miRNA,,0.7551945010362884,,,0.7551945010362884,5.877364748008836e-07,1.791388570454748e-06,,
hsa-miR-127-3p,hsa-miR-199a-5p,miRNA,miRNA,miRNA-miRNA,,0.7478993439097457,,,0.7478993439097457,8.652403950565039e-07,2.534958143526919e-06,,
hsa-miR-127-3p,hsa-miR-509-3p,miRNA,miRNA,miRNA-miRNA,,0.7258236225777923,,,0.7258236225777923,2.587310421186903e-06,6.612749353448339e-06,,
hsa-miR-127-3p,hsa-miR-200a,miRNA,miRNA,miRNA-miRNA,,0.7257695067105374,,,0.7257695067105374,2.5939338341179023e-06,6.617009557733884e-06,,
hsa-miR-127-3p,hsa-miR-490-3p,miRNA,miRNA,miRNA-miRNA,,0.7060833314837589,,,0.7060833314837589,6.33145413005468e-06,1.4432255999356286e-05,,
hsa-miR-127-3p,hsa-miR-454,miRNA,miRNA,miRNA-miRNA,,0.7019332637265093,,,0.7019332637265093,7.572761740243583e-06,1.687752407884004e-05,,
hsa-miR-127-3p,hsa-miR-455-5p,miRNA,miRNA,miRNA-miRNA,,0.6992665380629611,,,0.6992665380629611,8.482650087574048e-06,1.8585185662161723e-05,,
hsa-miR-127-3p,hsa-miR-429,miRNA,miRNA,miRNA-miRNA,,0.6958320032742183,,,0.6958320032742183,9.800007558294081e-06,2.1169919240004205e-05,,
hsa-miR-127-3p,hsa-miR-497,miRNA,miRNA,miRNA-miRNA,,0.6794749674288277,,,0.6794749674288277,1.8987180436885827e-05,3.805988871357744e-05,,
hsa-miR-128,hsa-miR-130b,miRNA,miRNA,miRNA-miRNA,,0.8774677325458363,,,0.8774677325458363,4.364190206383342e-11,6.111392229568281e-10,,
hsa-miR-128,hsa-miR-425,miRNA,miRNA,miRNA-miRNA,,0.8452822085062233,,,0.8452822085062233,1.1522096759541235e-09,9.192429785251524e-09,,
hsa-miR-128,hsa-miR-148a,miRNA,miRNA,miRNA-miRNA,,0.8253326130499629,,,0.8253326130499629,6.170076254102841e-09,3.745931560909191e-08,,
hsa-miR-128,hsa-miR-183,miRNA,miRNA,miRNA-miRNA,,0.8136610232598658,,,0.8136610232598658,1.4980539132869104e-08,7.96773694915548e-08,,
hsa-miR-128,hsa-miR-708,miRNA,miRNA,miRNA-miRNA,,0.8122158398661057,,,0.8122158398661057,1.6648196930113487e-08,8.730528312486e-08,,
hsa-miR-128,hsa-miR-203,miRNA,miRNA,miRNA-miRNA,,0.7993591497499432,,,0.7993591497499432,4.099226952954259e-08,1.8508910875515e-07,,
hsa-miR-128,hsa-miR-455-5p,miRNA,miRNA,miRNA-miRNA,,0.7954993068229995,,,0.7954993068229995,5.3058512886282266e-08,2.309775479451744e-07,,
hsa-miR-128,hsa-miR-484,miRNA,miRNA,miRNA-miRNA,,0.7937294155131249,,,0.7937294155131249,5.96138233066773e-08,2.532158847973521e-07,,
hsa-miR-128,hsa-miR-1299,miRNA,miRNA,miRNA-miRNA,,0.7917857227780107,,,0.7917857227780107,6.766268837107982e-08,2.8257462661749186e-07,,
hsa-miR-128,hsa-miR-194,miRNA,miRNA,miRNA-miRNA,,0.7907524089150977,,,0.7907524089150977,7.233619689421902e-08,2.992835419022182e-07,,
hsa-miR-128,hsa-miR-135b,miRNA,miRNA,miRNA-miRNA,,0.7826384532889187,,,0.7826384532889187,1.206891779828504e-07,4.6254560557063716e-07,,
hsa-miR-128,hsa-miR-2117,miRNA,miRNA,miRNA-miRNA,,0.77006494748287,,,0.77006494748287,2.5601208442599057e-07,8.667188487963585e-07,,
hsa-miR-128,hsa-miR-421,miRNA,miRNA,miRNA-miRNA,,0.7578966776921517,,,0.7578966776921517,5.075746970780869e-07,1.5795156657325084e-06,,
hsa-miR-128,hsa-miR-186,miRNA,miRNA,miRNA-miRNA,,0.756463963320642,,,0.756463963320642,5.487396422767581e-07,1.6870678351587094e-06,,
hsa-miR-128,hsa-miR-660,miRNA,miRNA,miRNA-miRNA,,0.7562498110669547,,,0.7562498110669547,5.55147950984427e-07,1.6998222811105734e-06,,
hsa-miR-128,hsa-miR-532-5p,miRNA,miRNA,miRNA-miRNA,,0.7507308253247988,,,0.7507308253247988,7.458024311702648e-07,2.22293393279166e-06,,
hsa-miR-128,hsa-miR-1308,miRNA,miRNA,miRNA-miRNA,,0.7492605221435814,,,0.7492605221435814,8.058027147068845e-07,2.387011739941622e-06,,
hsa-miR-128,hsa-miR-490-3p,miRNA,miRNA,miRNA-miRNA,,0.7419328496433567,,,0.7419328496433567,1.175896385468696e-06,3.3095326941687476e-06,,
hsa-miR-128,hsa-miR-151-3p,miRNA,miRNA,miRNA-miRNA,,0.7407189767396829,,,0.7407189767396829,1.2503641296849989e-06,3.4872620747830226e-06,,
hsa-miR-128,hsa-miR-1979,miRNA,miRNA,miRNA-miRNA,,0.7399584839318232,,,0.7399584839318232,1.2991810762905215e-06,3.590904217076286e-06,,
hsa-miR-128,hsa-miR-142-5p,miRNA,miRNA,miRNA-miRNA,,0.7298398683720181,,,0.7298398683720181,2.1365572240974396e-06,5.592752733666827e-06,,
hsa-miR-128,hsa-miR-199a-5p,miRNA,miRNA,miRNA-miRNA,,0.7269409250959089,,,0.7269409250959089,2.453949886226075e-06,6.328441271304205e-06,,
hsa-miR-128,hsa-miR-154,miRNA,miRNA,miRNA-miRNA,,0.7268964545755747,,,0.7268964545755747,2.4591360789788098e-06,6.333863257202431e-06,,
hsa-miR-128,hsa-miR-497,miRNA,miRNA,miRNA-miRNA,,0.7268957757440755,,,0.7268957757440755,2.4592153220848392e-06,6.333863257202431e-06,,
hsa-miR-128,hsa-miR-195,miRNA,miRNA,miRNA-miRNA,,0.7254649618426517,,,0.7254649618426517,2.6314963331558484e-06,6.704289322066904e-06,,
hsa-miR-128,hsa-miR-200a,miRNA,miRNA,miRNA-miRNA,,0.7238817071884007,,,0.7238817071884007,2.8348626267824428e-06,7.158653732827039e-06,,
hsa-miR-128,hsa-miR-340,miRNA,miRNA,miRNA-miRNA,,0.7232942382150701,,,0.7232942382150701,2.9138836717243033e-06,7.30294374546673e-06,,
hsa-miR-128,hsa-miR-374a,miRNA,miRNA,miRNA-miRNA,,0.7184193529151702,,,0.7184193529151702,3.6509919662193046e-06,8.851224470162419e-06,,
hsa-miR-128,hsa-miR-663b,miRNA,miRNA,miRNA-miRNA,,0.7158635861684963,,,0.7158635861684963,4.101641791372259e-06,9.795513043796001e-06,,
hsa-miR-128,hsa-miR-509-3p,miRNA,miRNA,miRNA-miRNA,,0.7068633775036162,,,0.7068633775036162,6.119873263225844e-06,1.3989778778093325e-05,,
hsa-miR-128,hsa-miR-520c-3p,miRNA,miRNA,miRNA-miRNA,,0.7055175775005985,,,0.7055175775005985,6.489034095364542e-06,1.4749478746841653e-05,,
hsa-miR-128,hsa-miR-374b,miRNA,miRNA,miRNA-miRNA,,0.7054286422639277,,,0.7054286422639277,6.514126015277341e-06,1.4781345434099574e-05,,
hsa-miR-128,hsa-miR-494 (+++ See note below),miRNA,miRNA,miRNA-miRNA,,0.6920902494354622,,,0.6920902494354622,1.1443602025564854e-05,2.4288090149648778e-05,,
hsa-miR-128,hsa-miR-145,miRNA,miRNA,miRNA-miRNA,,0.6873206250736675,,,0.6873206250736675,1.3898622837308688e-05,2.885639422676065e-05,,
hsa-miR-128,hsa-miR-146a,miRNA,miRNA,miRNA-miRNA,,0.6846107623916884,,,0.6846107623916884,1.5496511272455642e-05,3.184378021866847e-05,,
hsa-miR-128,hsa-miR-1975,miRNA,miRNA,miRNA-miRNA,,0.684008834861331,,,0.684008834861331,1.587321254538955e-05,3.251884962630462e-05,,
hsa-miR-128,hsa-miR-1305,miRNA,miRNA,miRNA-miRNA,,0.6810529321198174,,,0.6810529321198174,1.7845886854861036e-05,3.5897929107844526e-05,,
hsa-miR-130b,hsa-miR-425,miRNA,miRNA,miRNA-miRNA,,0.9283036621517778,,,0.9283036621517778,1.9952824985351262e-14,1.2888881301021259e-12,,
hsa-miR-130b,hsa-miR-183,miRNA,miRNA,miRNA-miRNA,,0.8730015907894637,,,0.8730015907894637,7.238501457407081e-11,9.291730236190821e-10,,
hsa-miR-130b,hsa-miR-142-5p,miRNA,miRNA,miRNA-miRNA,,0.8597275843002665,,,0.8597275843002665,2.931240955542698e-10,2.987479731956933e-09,,
hsa-miR-130b,hsa-miR-148a,miRNA,miRNA,miRNA-miRNA,,0.8536127232093003,,,0.8536127232093003,5.326124624472292e-10,4.9243378552051714e-09,,
hsa-miR-130b,hsa-miR-708,miRNA,miRNA,miRNA-miRNA,,0.8447215512853921,,,0.8447215512853921,1.2116581441440153e-09,9.477911850189027e-09,,
hsa-miR-130b,hsa-miR-135b,miRNA,miRNA,miRNA-miRNA,,0.843217238236948,,,0.843217238236948,1.3854230088148689e-09,1.062953860211408e-08,,
hsa-miR-130b,hsa-miR-203,miRNA,miRNA,miRNA-miRNA,,0.8394037389392452,,,0.8394037389392452,1.9339787133780603e-09,1.3981199904474965e-08,,
hsa-miR-130b,hsa-miR-484,miRNA,miRNA,miRNA-miRNA,,0.83398293458555,,,0.83398293458555,3.062397330975813e-09,2.0752794095699038e-08,,
hsa-miR-130b,hsa-miR-660,miRNA,miRNA,miRNA-miRNA,,0.8306463409006448,,,0.8306463409006448,4.0310665400083625e-09,2.595566156388021e-08,,
hsa-miR-130b,hsa-miR-490-3p,miRNA,miRNA,miRNA-miRNA,,0.8250964909535246,,,0.8250964909535246,6.285818636940839e-09,3.779985531673883e-08,,
hsa-miR-130b,hsa-miR-1308,miRNA,miRNA,miRNA-miRNA,,0.8230217233843438,,,0.8230217233843438,7.392183753540924e-09,4.3537788136663824e-08,,
hsa-miR-130b,hsa-miR-194,miRNA,miRNA,miRNA-miRNA,,0.808162407756753,,,0.808162407756753,2.227826999503659e-08,1.1028982859100315e-07,,
hsa-miR-130b,hsa-miR-186,miRNA,miRNA,miRNA-miRNA,,0.796420267534958,,,0.796420267534958,4.9915485621463725e-08,2.19682988916442e-07,,
hsa-miR-130b,hsa-miR-195,miRNA,miRNA,miRNA-miRNA,,0.7962057967799359,,,0.7962057967799359,5.0631772208267435e-08,2.221032285806255e-07,,
hsa-miR-130b,hsa-miR-455-5p,miRNA,miRNA,miRNA-miRNA,,0.7933006222134985,,,0.7933006222134985,6.130991724860649e-08,2.5903205158874363e-07,,
hsa-miR-130b,hsa-miR-532-5p,miRNA,miRNA,miRNA-miRNA,,0.7916493143900404,,,0.7916493143900404,6.82633589436152e-08,2.844898569918615e-07,,
hsa-miR-130b,hsa-miR-151-3p,miRNA,miRNA,miRNA-miRNA,,0.7888727524551574,,,0.7888727524551574,8.160366132308745e-08,3.341745026574287e-07,,
hsa-miR-130b,hsa-miR-1979,miRNA,miRNA,miRNA-miRNA,,0.7818148389016205,,,0.7818148389016205,1.2697249518094157e-07,4.838485663174795e-07,,
hsa-miR-130b,hsa-miR-199a-5p,miRNA,miRNA,miRNA-miRNA,,0.7808259552407109,,,0.7808259552407109,1.349117992644779e-07,5.087775480736666e-07,,
hsa-miR-130b,hsa-miR-146a,miRNA,miRNA,miRNA-miRNA,,0.7780067455896006,,,0.7780067455896006,1.6010739406797322e-07,5.909954960757906e-07,,
hsa-miR-130b,hsa-miR-374a,miRNA,miRNA,miRNA-miRNA,,0.7778987629453669,,,0.7778987629453669,1.611529692646191e-07,5.932147443977937e-07,,
hsa-miR-130b,hsa-miR-2117,miRNA,miRNA,miRNA-miRNA,,0.7738231830109754,,,0.7738231830109754,2.0549868330937272e-07,7.264097322630519e-07,,
hsa-miR-130b,hsa-miR-340,miRNA,miRNA,miRNA-miRNA,,0.7713790307895919,,,0.7713790307895919,2.3718582846996686e-07,8.145673154304777e-07,,
hsa-miR-130b,hsa-miR-1299,miRNA,miRNA,miRNA-miRNA,,0.766140526830802,,,0.766140526830802,3.206658897971094e-07,1.059626145740448e-06,,
hsa-miR-130b,hsa-miR-497,miRNA,miRNA,miRNA-miRNA,,0.7618650011111772,,,0.7618650011111772,4.078317916295821e-07,1.3077392517826072e-06,,
hsa-miR-130b,hsa-miR-509-3p,miRNA,miRNA,miRNA-miRNA,,0.7609981227101301,,,0.7609981227101301,4.2794932230116033e-07,1.3656868811284041e-06,,
hsa-miR-130b,hsa-miR-421,miRNA,miRNA,miRNA-miRNA,,0.7593937899385518,,,0.7593937899385518,4.675888862036085e-07,1.474561802555474e-06,,
hsa-miR-130b,hsa-miR-154,miRNA,miRNA,miRNA-miRNA,,0.7588821926707217,,,0.7588821926707217,4.809172296352121e-07,1.507099768927249e-06,,
hsa-miR-130b,hsa-miR-454,miRNA,miRNA,miRNA-miRNA,,0.74900486619922,,,0.74900486619922,8.166738798466515e-07,2.4120788265382295e-06,,
hsa-miR-130b,hsa-miR-1978,miRNA,miRNA,miRNA-miRNA,,0.7418347856177505,,,0.7418347856177505,1.18175876775991e-06,3.323696534324747e-06,,
hsa-miR-130b,hsa-miR-1975,miRNA,miRNA,miRNA-miRNA,,0.7333779604369304,,,0.7333779604369304,1.799970590630583e-06,4.793139770927849e-06,,
hsa-miR-130b,hsa-miR-1305,miRNA,miRNA,miRNA-miRNA,,0.7327066052049235,,,0.7327066052049235,1.8598630254786213e-06,4.929683267400316e-06,,
hsa-miR-130b,hsa-miR-374b,miRNA,miRNA,miRNA-miRNA,,0.7319577770212083,,,0.7319577770212083,1.9288019821108875e-06,5.0921898077482555e-06,,
hsa-miR-130b,hsa-miR-200a,miRNA,miRNA,miRNA-miRNA,,0.7283763196974681,,,0.7283763196974681,2.291799454792591e-06,5.960166763924887e-06,,
hsa-miR-130b,hsa-miR-429,miRNA,miRNA,miRNA-miRNA,,0.7276110425746677,,,0.7276110425746677,2.3769946000653488e-06,6.141847337588208e-06,,
hsa-miR-130b,hsa-miR-494 (+++ See note below),miRNA,miRNA,miRNA-miRNA,,0.7233711638053645,,,0.7233711638053645,2.9034236959717e-06,7.2858470566207136e-06,,
hsa-miR-130b,hsa-miR-663b,miRNA,miRNA,miRNA-miRNA,,0.7177764830954485,,,0.7177764830954485,3.7599009084319018e-06,9.086716119590335e-06,,
hsa-miR-130b,hsa-miR-187,miRNA,miRNA,miRNA-miRNA,,0.7157688053599323,,,0.7157688053599323,4.1192852654498074e-06,9.82593060638861e-06,,
hsa-miR-130b,hsa-miR-362-3p,miRNA,miRNA,miRNA-miRNA,,0.710103407849564,,,0.710103407849564,5.307908280630736e-06,1.2323578355899189e-05,,
hsa-miR-130b,hsa-miR-155,miRNA,miRNA,miRNA-miRNA,,0.6915139678319127,,,0.6915139678319127,1.1717780604753693e-05,2.479118400530298e-05,,
hsa-miR-135b,hsa-miR-425,miRNA,miRNA,miRNA-miRNA,,0.8888277380203663,,,0.8888277380203663,1.097072127479231e-11,1.9881329731015025e-10,,
hsa-miR-135b,hsa-miR-148a,miRNA,miRNA,miRNA-miRNA,,0.8286745763043413,,,0.8286745763043413,4.7288127824398295e-09,2.9819803851283946e-08,,
hsa-miR-135b,hsa-miR-1979,miRNA,miRNA,miRNA-miRNA,,0.8083830836821227,,,0.8083830836821227,2.19316052621334e-08,1.0924885457070183e-07,,
hsa-miR-135b,hsa-miR-203,miRNA,miRNA,miRNA-miRNA,,0.78652847691575,,,0.78652847691575,9.468357011603507e-08,3.788288694452752e-07,,
hsa-miR-135b,hsa-miR-421,miRNA,miRNA,miRNA-miRNA,,0.7826121854050376,,,0.7826121854050376,1.20885095716786e-07,4.6285354526360225e-07,,
hsa-miR-135b,hsa-miR-186,miRNA,miRNA,miRNA-miRNA,,0.781589408160691,,,0.781589408160691,1.2874375607870542e-07,4.896664226925121e-07,,
hsa-miR-135b,hsa-miR-183,miRNA,miRNA,miRNA-miRNA,,0.7733002287212415,,,0.7733002287212415,2.1193304507035368e-07,7.440381394078842e-07,,
hsa-miR-135b,hsa-miR-195,miRNA,miRNA,miRNA-miRNA,,0.7709950390617315,,,0.7709950390617315,2.425517177097266e-07,8.288563391019242e-07,,
hsa-miR-135b,hsa-miR-497,miRNA,miRNA,miRNA-miRNA,,0.7605973540962396,,,0.7605973540962396,4.375528146647775e-07,1.3930039926330952e-06,,
hsa-miR-135b,hsa-miR-200b,miRNA,miRNA,miRNA-miRNA,,0.7485684432987191,,,0.7485684432987191,8.355412061083442e-07,2.458738082633298e-06,,
hsa-miR-135b,hsa-miR-532-5p,miRNA,miRNA,miRNA-miRNA,,0.7415808063304233,,,0.7415808063304233,1.1970659442627918e-06,3.3596700117536657e-06,,
hsa-miR-135b,hsa-miR-340,miRNA,miRNA,miRNA-miRNA,,0.7392649290983507,,,0.7392649290983507,1.3452080342590603e-06,3.695170217563468e-06,,
hsa-miR-135b,hsa-miR-374b,miRNA,miRNA,miRNA-miRNA,,0.7332612675564782,,,0.7332612675564782,1.8102531968755048e-06,4.814119557427886e-06,,
hsa-miR-135b,hsa-miR-151-3p,miRNA,miRNA,miRNA-miRNA,,0.7302835520109142,,,0.7302835520109142,2.091420816930261e-06,5.488951750855632e-06,,
hsa-miR-135b,hsa-miR-374a,miRNA,miRNA,miRNA-miRNA,,0.727139544372621,,,0.727139544372621,2.4309078896797715e-06,6.273058052942967e-06,,
hsa-miR-135b,hsa-miR-145,miRNA,miRNA,miRNA-miRNA,,0.7235687562436534,,,0.7235687562436534,2.876712201630837e-06,7.2356216279022294e-06,,
hsa-miR-135b,hsa-miR-663b,miRNA,miRNA,miRNA-miRNA,,0.7221612201002084,,,0.7221612201002084,3.071964649049212e-06,7.660783573749747e-06,,
hsa-miR-135b,hsa-miR-199a-5p,miRNA,miRNA,miRNA-miRNA,,0.7208696955066706,,,0.7208696955066706,3.2616357704033984e-06,8.06348843238618e-06,,
hsa-miR-135b,hsa-miR-484,miRNA,miRNA,miRNA-miRNA,,0.7150822403469521,,,0.7150822403469521,4.249160441544324e-06,1.0069755957624273e-05,,
hsa-miR-135b,hsa-miR-660,miRNA,miRNA,miRNA-miRNA,,0.7112786397796809,,,0.7112786397796809,5.038438099999808e-06,1.1718318577525686e-05,,
hsa-miR-135b,hsa-miR-200c,miRNA,miRNA,miRNA-miRNA,,0.7074040575032418,,,0.7074040575032418,5.97700138457394e-06,1.3710132041935068e-05,,
hsa-miR-135b,hsa-miR-455-5p,miRNA,miRNA,miRNA-miRNA,,0.6999949248734778,,,0.6999949248734778,8.224781810478006e-06,1.8108989087940857e-05,,
hsa-miR-135b,hsa-miR-154,miRNA,miRNA,miRNA-miRNA,,0.699200772317386,,,0.699200772317386,8.506289399689042e-06,1.861622352227028e-05,,
hsa-miR-135b,hsa-miR-141,miRNA,miRNA,miRNA-miRNA,,0.6949373430742172,,,0.6949373430742172,1.0172261017146262e-05,2.1844453283469586e-05,,
hsa-miR-135b,hsa-miR-490-3p,miRNA,miRNA,miRNA-miRNA,,0.690977674855817,,,0.690977674855817,1.1978254878065088e-05,2.5315520204037298e-05,,
hsa-miR-135b,hsa-miR-194,miRNA,miRNA,miRNA-miRNA,,0.6885700368309794,,,0.6885700368309794,1.3213342509192404e-05,2.7547858797145017e-05,,
hsa-miR-141,hsa-miR-200b,miRNA,miRNA,miRNA-miRNA,,0.9063141083810228,,,0.9063141083810228,9.497439112093165e-13,2.7968561502892003e-11,,
hsa-miR-141,hsa-miR-200c,miRNA,miRNA,miRNA-miRNA,,0.8765000745092817,,,0.8765000745092817,4.877872833005827e-11,6.644857379655896e-10,,
hsa-miR-141,hsa-miR-154,miRNA,miRNA,miRNA-miRNA,,0.768865470586689,,,0.768865470586689,2.7437910986808796e-07,9.211134409234637e-07,,
hsa-miR-141,hsa-miR-548g,miRNA,miRNA,miRNA-miRNA,,0.7675630956148397,,,0.7675630956148397,2.956799429416867e-07,9.87343666838411e-07,,
hsa-miR-141,hsa-miR-148a,miRNA,miRNA,miRNA-miRNA,,0.7664243237020761,,,0.7664243237020761,3.155323768752016e-07,1.0461152064446873e-06,,
hsa-miR-141,hsa-miR-455-5p,miRNA,miRNA,miRNA-miRNA,,0.7523033243196813,,,0.7523033243196813,6.86164876730361e-07,2.0554153562491366e-06,,
hsa-miR-141,hsa-miR-497,miRNA,miRNA,miRNA-miRNA,,0.7450011354524859,,,0.7450011354524859,1.0053243828014281e-06,2.8780015390419726e-06,,
hsa-miR-141,hsa-miR-374b,miRNA,miRNA,miRNA-miRNA,,0.7199157943417293,,,0.7199157943417293,3.4084864904014157e-06,8.33902773002912e-06,,
hsa-miR-141,hsa-miR-1979,miRNA,miRNA,miRNA-miRNA,,0.715278051081051,,,0.715278051081051,4.211745955304749e-06,1.000477019632e-05,,
hsa-miR-141,hsa-miR-205,miRNA,miRNA,miRNA-miRNA,,0.7087302859200195,,,0.7087302859200195,5.639266572496934e-06,1.3009943907171785e-05,,
hsa-miR-141,hsa-miR-195,miRNA,miRNA,miRNA-miRNA,,0.7087073395036596,,,0.7087073395036596,5.644959814440335e-06,1.3015580919305435e-05,,
hsa-miR-141,hsa-miR-663b,miRNA,miRNA,miRNA-miRNA,,0.7021964150308403,,,0.7021964150308403,7.487949315977063e-06,1.6716408590015683e-05,,
hsa-miR-141,hsa-miR-340,miRNA,miRNA,miRNA-miRNA,,0.7001192284483788,,,0.7001192284483788,8.181490978067058e-06,1.8033501027605155e-05,,
hsa-miR-141,hsa-miR-532-5p,miRNA,miRNA,miRNA-miRNA,,0.687012090375688,,,0.687012090375688,1.4072718237558775e-05,2.9187590130203466e-05,,
hsa-miR-141,hsa-miR-374a,miRNA,miRNA,miRNA-miRNA,,0.6856412527363223,,,0.6856412527363223,1.4870305763156698e-05,3.069874978424875e-05,,
hsa-miR-142-3p,hsa-miR-150,miRNA,miRNA,miRNA-miRNA,,0.8661033671946968,,,0.8661033671946968,1.5253011179307506e-10,1.7247309324838171e-09,,
hsa-miR-142-3p,hsa-miR-146a,miRNA,miRNA,miRNA-miRNA,,0.7445348691060409,,,0.7445348691060409,1.0296993129612264e-06,2.9414734296788243e-06,,
hsa-miR-142-3p,hsa-miR-663b,miRNA,miRNA,miRNA-miRNA,,0.7344078613035729,,,0.7344078613035729,1.7114969576036276e-06,4.581915317648749e-06,,
hsa-miR-142-3p,hsa-miR-660,miRNA,miRNA,miRNA-miRNA,,0.7215681980135848,,,0.7215681980135848,3.1577740702077478e-06,7.855208168436043e-06,,
hsa-miR-142-3p,hsa-miR-340,miRNA,miRNA,miRNA-miRNA,,0.7214176246785976,,,0.7214176246785976,3.1799056211725387e-06,7.895549914938635e-06,,
hsa-miR-142-3p,hsa-miR-1975,miRNA,miRNA,miRNA-miRNA,,0.6832021314595768,,,0.6832021314595768,1.63910334100895e-05,3.3424688802142796e-05,,
hsa-miR-142-5p,hsa-miR-708,miRNA,miRNA,miRNA-miRNA,,0.8660816308355478,,,0.8660816308355478,1.5287877179319726e-10,1.7247309324838171e-09,,
hsa-miR-142-5p,hsa-miR-484,miRNA,miRNA,miRNA-miRNA,,0.8499444691768145,,,0.8499444691768145,7.524094708431383e-10,6.425159767008036e-09,,
hsa-miR-142-5p,hsa-miR-490-3p,miRNA,miRNA,miRNA-miRNA,,0.8449926890139506,,,0.8449926890139506,1.1825640596093776e-09,9.397061102188896e-09,,
hsa-miR-142-5p,hsa-miR-454,miRNA,miRNA,miRNA-miRNA,,0.8065021682647271,,,0.8065021682647271,2.505223765283355e-08,1.2280809277796618e-07,,
hsa-miR-142-5p,hsa-miR-155,miRNA,miRNA,miRNA-miRNA,,0.8024332950198964,,,0.8024332950198964,3.324464189449323e-08,1.5481952417144812e-07,,
hsa-miR-142-5p,hsa-miR-2117,miRNA,miRNA,miRNA-miRNA,,0.799931732608912,,,0.799931732608912,3.9434339774635215e-08,1.7906409387461908e-07,,
hsa-miR-142-5p,hsa-miR-1978,miRNA,miRNA,miRNA-miRNA,,0.7796842456962957,,,0.7796842456962957,1.4464193904318298e-07,5.415532657036905e-07,,
hsa-miR-142-5p,hsa-miR-494 (+++ See note below),miRNA,miRNA,miRNA-miRNA,,0.7794112050292608,,,0.7794112050292608,1.4706214592525845e-07,5.489132287331408e-07,,
hsa-miR-142-5p,hsa-miR-146a,miRNA,miRNA,miRNA-miRNA,,0.7777002570661321,,,0.7777002570661321,1.6309138397074957e-07,5.986993517899651e-07,,
hsa-miR-142-5p,hsa-miR-1308,miRNA,miRNA,miRNA-miRNA,,0.7713522355879787,,,0.7713522355879787,2.375567102179271e-07,8.145673154304777e-07,,
hsa-miR-142-5p,hsa-miR-425,miRNA,miRNA,miRNA-miRNA,,0.7712183274835335,,,0.7712183274835335,2.3941814026012666e-07,8.202477773668154e-07,,
hsa-miR-142-5p,hsa-miR-660,miRNA,miRNA,miRNA-miRNA,,0.7701395194872961,,,0.7701395194872961,2.549082047449302e-07,8.644431498759064e-07,,
hsa-miR-142-5p,hsa-miR-183,miRNA,miRNA,miRNA-miRNA,,0.7573091206270187,,,0.7573091206270187,5.241027160026683e-07,1.6196229765360235e-06,,
hsa-miR-142-5p,hsa-miR-1305,miRNA,miRNA,miRNA-miRNA,,0.7499065374199084,,,0.7499065374199084,7.78917925639806e-07,2.31593637133439e-06,,
hsa-miR-142-5p,hsa-miR-509-3p,miRNA,miRNA,miRNA-miRNA,,0.7476212691772154,,,0.7476212691772154,8.778639255212687e-07,2.566310234826775e-06,,
hsa-miR-142-5p,hsa-miR-1979,miRNA,miRNA,miRNA-miRNA,,0.73920154408212,,,0.73920154408212,1.349487700083164e-06,3.701848108789775e-06,,
hsa-miR-142-5p,hsa-miR-532-5p,miRNA,miRNA,miRNA-miRNA,,0.7380874469157818,,,0.7380874469157818,1.4267631077821353e-06,3.895150815724235e-06,,
hsa-miR-142-5p,hsa-miR-455-5p,miRNA,miRNA,miRNA-miRNA,,0.7355940034023317,,,0.7355940034023317,1.6145170893066973e-06,4.35723783199011e-06,,
hsa-miR-142-5p,hsa-miR-203,miRNA,miRNA,miRNA-miRNA,,0.7347424696838581,,,0.7347424696838581,1.68361596736945e-06,4.522388966676491e-06,,
hsa-miR-142-5p,hsa-miR-1975,miRNA,miRNA,miRNA-miRNA,,0.7340104077357319,,,0.7340104077357319,1.745160129466159e-06,4.659577545674644e-06,,
hsa-miR-142-5p,hsa-miR-200a,miRNA,miRNA,miRNA-miRNA,,0.7297787641689384,,,0.7297787641689384,2.1428423483374464e-06,5.601882248754226e-06,,
hsa-miR-142-5p,hsa-miR-374a,miRNA,miRNA,miRNA-miRNA,,0.7267980403659617,,,0.7267980403659617,2.4706486783901835e-06,6.359221052026147e-06,,
hsa-miR-142-5p,hsa-miR-421,miRNA,miRNA,miRNA-miRNA,,0.7266302412065312,,,0.7266302412065312,2.49039105132335e-06,6.401807548491666e-06,,
hsa-miR-142-5p,hsa-miR-362-3p,miRNA,miRNA,miRNA-miRNA,,0.7238246490891148,,,0.7238246490891148,2.84245127041811e-06,7.16840698286031e-06,,
hsa-miR-142-5p,hsa-miR-520c-3p,miRNA,miRNA,miRNA-miRNA,,0.712785209759613,,,0.712785209759613,4.711158892689867e-06,1.1059901151947784e-05,,
hsa-miR-142-5p,hsa-miR-148a,miRNA,miRNA,miRNA-miRNA,,0.7122019595001136,,,0.7122019595001136,4.835500683064844e-06,1.1298821607744866e-05,,
hsa-miR-142-5p,hsa-miR-340,miRNA,miRNA,miRNA-miRNA,,0.7118524804420353,,,0.7118524804420353,4.9114241594714265e-06,1.1469535719348726e-05,,
hsa-miR-142-5p,hsa-miR-150,miRNA,miRNA,miRNA-miRNA,,0.7099948023054231,,,0.7099948023054231,5.33345864109641e-06,1.2375725294085239e-05,,
hsa-miR-142-5p,hsa-miR-429,miRNA,miRNA,miRNA-miRNA,,0.7061143446484744,,,0.7061143446484744,6.322917131441189e-06,1.4421004049784716e-05,,
hsa-miR-142-5p,hsa-miR-151-3p,miRNA,miRNA,miRNA-miRNA,,0.6996721127682238,,,0.6996721127682238,8.33817701501126e-06,1.8318375724147063e-05,,
hsa-miR-142-5p,hsa-miR-1299,miRNA,miRNA,miRNA-miRNA,,0.6978824411914535,,,0.6978824411914535,8.99291797757689e-06,1.9606225639736227e-05,,
hsa-miR-142-5p,hsa-miR-186,miRNA,miRNA,miRNA-miRNA,,0.6951193866973998,,,0.6951193866973998,1.0095495121304974e-05,2.172619987148115e-05,,
hsa-miR-142-5p,hsa-miR-199a-5p,miRNA,miRNA,miRNA-miRNA,,0.6922297779992344,,,0.6922297779992344,1.1378096757873584e-05,2.420035980631105e-05,,
hsa-miR-142-5p,hsa-miR-1290,miRNA,miRNA,miRNA-miRNA,,0.6839311577466827,,,0.6839311577466827,1.5922422477470574e-05,3.258881984497932e-05,,
hsa-miR-142-5p,hsa-miR-194,miRNA,miRNA,miRNA-miRNA,,0.6826560653428627,,,0.6826560653428627,1.675015748313559e-05,3.398398212763831e-05,,
hsa-miR-142-5p,IGF1,miRNA,mRNA,miRNA-mRNA,validated,-0.1620619086598896,,,-0.1620619086598896,,,88.2850987438979,Normal_vs_Metastatic
hsa-miR-145,hsa-miR-186,miRNA,miRNA,miRNA-miRNA,,0.7627194900216834,,,0.7627194900216834,3.8885085889953563e-07,1.2528943603319712e-06,,
hsa-miR-145,hsa-miR-195,miRNA,miRNA,miRNA-miRNA,,0.7530988190054778,,,0.7530988190054778,6.5768322760485e-07,1.978979208533001e-06,,
hsa-miR-145,hsa-miR-199a-5p,miRNA,miRNA,miRNA-miRNA,,0.7492222348463105,,,0.7492222348463105,8.074223440026119e-07,2.3882765788260414e-06,,
hsa-miR-145,hsa-miR-151-3p,miRNA,miRNA,miRNA-miRNA,,0.7420076219242592,,,0.7420076219242592,1.1714442275509913e-06,3.2993207674695637e-06,,
hsa-miR-145,hsa-miR-148a,miRNA,miRNA,miRNA-miRNA,,0.7365815776500478,,,0.7365815776500478,1.537618142326825e-06,4.166549837631213e-06,,
hsa-miR-145,hsa-miR-484,miRNA,miRNA,miRNA-miRNA,,0.7348879696412036,,,0.7348879696412036,1.6716217682684817e-06,4.4962022712661315e-06,,
hsa-miR-145,hsa-miR-497,miRNA,miRNA,miRNA-miRNA,,0.7228127249562604,,,0.7228127249562604,2.980139272937087e-06,7.464326321521597e-06,,
hsa-miR-146a,hsa-miR-155,miRNA,miRNA,miRNA-miRNA,,0.8766089856338236,,,0.8766089856338236,4.8173853465205376e-11,6.58485607945896e-10,,
hsa-miR-146a,hsa-miR-374a,miRNA,miRNA,miRNA-miRNA,,0.8533221088727171,,,0.8533221088727171,5.475775200141544e-10,5.018416401960385e-09,,
hsa-miR-146a,hsa-miR-340,miRNA,miRNA,miRNA-miRNA,,0.8520366476002305,,,0.8520366476002305,6.185424764143195e-10,5.480669508936614e-09,,
hsa-miR-146a,hsa-miR-148a,miRNA,miRNA,miRNA-miRNA,,0.8448437623208772,,,0.8448437623208772,1.1984637126261731e-09,9.44851804934611e-09,,
hsa-miR-146a,hsa-miR-454,miRNA,miRNA,miRNA-miRNA,,0.8432195033722902,,,0.8432195033722902,1.3851449197695022e-09,1.062953860211408e-08,,
hsa-miR-146a,hsa-miR-490-3p,miRNA,miRNA,miRNA-miRNA,,0.8313883762451094,,,0.8313883762451094,3.794015407566166e-09,2.4707368629760158e-08,,
hsa-miR-146a,hsa-miR-455-5p,miRNA,miRNA,miRNA-miRNA,,0.8290904651849664,,,0.8290904651849664,4.573001889911272e-09,2.9071226300150233e-08,,
hsa-miR-146a,hsa-miR-484,miRNA,miRNA,miRNA-miRNA,,0.8179088751081783,,,0.8179088751081783,1.0926479608276652e-08,6.17215103401241e-08,,
hsa-miR-146a,hsa-miR-374b,miRNA,miRNA,miRNA-miRNA,,0.811019355125717,,,0.811019355125717,1.8156157539668114e-08,9.358482747280669e-08,,
hsa-miR-146a,hsa-miR-195,miRNA,miRNA,miRNA-miRNA,,0.8053624455131169,,,0.8053624455131169,2.7136421424157748e-08,1.3076955671079432e-07,,
hsa-miR-146a,hsa-miR-532-5p,miRNA,miRNA,miRNA-miRNA,,0.8033197045541404,,,0.8033197045541404,3.127480766334526e-08,1.461558981233346e-07,,
hsa-miR-146a,hsa-miR-154,miRNA,miRNA,miRNA-miRNA,,0.8021826427915084,,,0.8021826427915084,3.382195609909721e-08,1.5714261505439018e-07,,
hsa-miR-146a,hsa-miR-200a,miRNA,miRNA,miRNA-miRNA,,0.7990005035867106,,,0.7990005035867106,4.199666161882394e-08,1.8919755881146218e-07,,
hsa-miR-146a,hsa-miR-497,miRNA,miRNA,miRNA-miRNA,,0.7929200559828657,,,0.7929200559828657,6.285219375780202e-08,2.6525082824024984e-07,,
hsa-miR-146a,hsa-miR-150,miRNA,miRNA,miRNA-miRNA,,0.7896277676428158,,,0.7896277676428158,7.77577083773891e-08,3.194047405655829e-07,,
hsa-miR-146a,hsa-miR-663b,miRNA,miRNA,miRNA-miRNA,,0.7882022260193786,,,0.7882022260193786,8.51645905025006e-08,3.473362372327036e-07,,
hsa-miR-146a,hsa-miR-660,miRNA,miRNA,miRNA-miRNA,,0.788088653453599,,,0.788088653453599,8.578164792530071e-08,3.487789022136033e-07,,
hsa-miR-146a,hsa-miR-186,miRNA,miRNA,miRNA-miRNA,,0.786764168069574,,,0.786764168069574,9.328665285968153e-08,3.7506926091356553e-07,,
hsa-miR-146a,hsa-miR-509-3p,miRNA,miRNA,miRNA-miRNA,,0.757951474530932,,,0.757951474530932,5.060577800203861e-07,1.5760197581505806e-06,,
hsa-miR-146a,hsa-miR-1308,miRNA,miRNA,miRNA-miRNA,,0.7463147953448838,,,0.7463147953448838,9.39451076270987e-07,2.716607624884695e-06,,
hsa-miR-146a,hsa-miR-199a-5p,miRNA,miRNA,miRNA-miRNA,,0.7435949532986903,,,0.7435949532986903,1.0804798392160896e-06,3.0755662800713853e-06,,
hsa-miR-146a,hsa-miR-151-3p,miRNA,miRNA,miRNA-miRNA,,0.7323448225480519,,,0.7323448225480519,1.892884640707485e-06,5.007267494077594e-06,,
hsa-miR-146a,hsa-miR-1979,miRNA,miRNA,miRNA-miRNA,,0.72013049269424,,,0.72013049269424,3.3749202895664455e-06,8.272065948417146e-06,,
hsa-miR-146a,hsa-miR-429,miRNA,miRNA,miRNA-miRNA,,0.7158750035700165,,,0.7158750035700165,4.099521074356888e-06,9.795513043796001e-06,,
hsa-miR-146a,hsa-miR-194,miRNA,miRNA,miRNA-miRNA,,0.7083770327960863,,,0.7083770327960863,5.727491775377721e-06,1.317553392325547e-05,,
hsa-miR-146a,hsa-miR-425,miRNA,miRNA,miRNA-miRNA,,0.7007594615547414,,,0.7007594615547414,7.961769252453268e-06,1.7656082976785902e-05,,
hsa-miR-146a,hsa-miR-708,miRNA,miRNA,miRNA-miRNA,,0.6929847635878001,,,0.6929847635878001,1.102949405348476e-05,2.3546441196272104e-05,,
hsa-miR-146a,hsa-miR-362-3p,miRNA,miRNA,miRNA-miRNA,,0.6874873215451157,,,0.6874873215451157,1.3805373762274178e-05,2.8677656596425352e-05,,
hsa-miR-148a,hsa-miR-497,miRNA,miRNA,miRNA-miRNA,,0.9547553408320131,,,0.9547553408320131,2.3903264325522867e-17,6.382171574914606e-15,,
hsa-miR-148a,hsa-miR-195,miRNA,miRNA,miRNA-miRNA,,0.9542515884633802,,,0.9542515884633802,2.81269321822115e-17,7.040522711859816e-15,,
hsa-miR-148a,hsa-miR-186,miRNA,miRNA,miRNA-miRNA,,0.9300832989509853,,,0.9300832989509853,1.3851608620931662e-14,9.802152699841736e-13,,
hsa-miR-148a,hsa-miR-374b,miRNA,miRNA,miRNA-miRNA,,0.9142957784704948,,,0.9142957784704948,2.6376458046453945e-13,1.0670476209701823e-11,,
hsa-miR-148a,hsa-miR-374a,miRNA,miRNA,miRNA-miRNA,,0.9068606065408121,,,0.9068606065408121,8.732115401786892e-13,2.6696276476455346e-11,,
hsa-miR-148a,hsa-miR-199a-5p,miRNA,miRNA,miRNA-miRNA,,0.899024610568503,,,0.899024610568503,2.779810873022709e-12,6.319390803513994e-11,,
hsa-miR-148a,hsa-miR-151-3p,miRNA,miRNA,miRNA-miRNA,,0.8891161004546502,,,0.8891161004546502,1.0572561773447033e-11,1.942344490947494e-10,,
hsa-miR-148a,hsa-miR-455-5p,miRNA,miRNA,miRNA-miRNA,,0.8890300551483837,,,0.8890300551483837,1.0689946411642986e-11,1.9549422547319706e-10,,
hsa-miR-148a,hsa-miR-532-5p,miRNA,miRNA,miRNA-miRNA,,0.8819195565682496,,,0.8819195565682496,2.5835533022695595e-11,3.919367793783934e-10,,
hsa-miR-148a,hsa-miR-340,miRNA,miRNA,miRNA-miRNA,,0.8649456497453085,,,0.8649456497453085,1.7215963025159146e-10,1.9046942518166405e-09,,
hsa-miR-148a,hsa-miR-1979,miRNA,miRNA,miRNA-miRNA,,0.8609224319510301,,,0.8609224319510301,2.5998788488946736e-10,2.6975426916640334e-09,,
hsa-miR-148a,hsa-miR-484,miRNA,miRNA,miRNA-miRNA,,0.8549526360677062,,,0.8549526360677062,4.683715854368824e-10,4.487627271949077e-09,,
hsa-miR-148a,hsa-miR-154,miRNA,miRNA,miRNA-miRNA,,0.8490569361870342,,,0.8490569361870342,8.168868798166184e-10,6.887646218243277e-09,,
hsa-miR-148a,hsa-miR-425,miRNA,miRNA,miRNA-miRNA,,0.8474955492762938,,,0.8474955492762938,9.428283517831012e-10,7.82247727862879e-09,,
hsa-miR-148a,hsa-miR-490-3p,miRNA,miRNA,miRNA-miRNA,,0.8350252178436047,,,0.8350252178436047,2.806975474284008e-09,1.9207607708241632e-08,,
hsa-miR-148a,hsa-miR-660,miRNA,miRNA,miRNA-miRNA,,0.8334168063542292,,,0.8334168063542292,3.2099407557810057e-09,2.1679279472011682e-08,,
hsa-miR-148a,hsa-miR-200b,miRNA,miRNA,miRNA-miRNA,,0.8286793272234888,,,0.8286793272234888,4.7270056130735375e-09,2.9819803851283946e-08,,
hsa-miR-148a,hsa-miR-1308,miRNA,miRNA,miRNA-miRNA,,0.8166271849127068,,,0.8166271849127068,1.2028179172778051e-08,6.690674664857792e-08,,
hsa-miR-148a,hsa-miR-509-3p,miRNA,miRNA,miRNA-miRNA,,0.8081955268065518,,,0.8081955268065518,2.2225923559429473e-08,1.1016686120732059e-07,,
hsa-miR-148a,hsa-miR-663b,miRNA,miRNA,miRNA-miRNA,,0.8052513303595067,,,0.8052513303595067,2.7347906211342348e-08,1.3132897407245338e-07,,
hsa-miR-148a,hsa-miR-429,miRNA,miRNA,miRNA-miRNA,,0.7912303046206755,,,0.7912303046206755,7.013916281026279e-08,2.91095696430158e-07,,
hsa-miR-148a,hsa-miR-194,miRNA,miRNA,miRNA-miRNA,,0.7904189716732729,,,0.7904189716732729,7.390628201948976e-08,3.051491334928417e-07,,
hsa-miR-148a,hsa-miR-203,miRNA,miRNA,miRNA-miRNA,,0.7873941708458541,,,0.7873941708458541,8.964487239085117e-08,3.6228830870369216e-07,,
hsa-miR-148a,hsa-miR-200a,miRNA,miRNA,miRNA-miRNA,,0.7866857763870571,,,0.7866857763870571,9.374916225999935e-08,3.7621783051232203e-07,,
hsa-miR-148a,hsa-miR-150,miRNA,miRNA,miRNA-miRNA,,0.7777333826588416,,,0.7777333826588416,1.627664354893692e-07,5.981917084775762e-07,,
hsa-miR-148a,hsa-miR-454,miRNA,miRNA,miRNA-miRNA,,0.75308456701055,,,0.75308456701055,6.581838641776369e-07,1.9789987808043813e-06,,
hsa-miR-148a,hsa-miR-708,miRNA,miRNA,miRNA-miRNA,,0.7470284705134571,,,0.7470284705134571,9.053370784282562e-07,2.6331699339906797e-06,,
hsa-miR-148a,hsa-miR-421,miRNA,miRNA,miRNA-miRNA,,0.7370296038487052,,,0.7370296038487052,1.5038441460823512e-06,4.088863411445904e-06,,
hsa-miR-148a,hsa-miR-200c,miRNA,miRNA,miRNA-miRNA,,0.7341887895328076,,,0.7341887895328076,1.7299778763297048e-06,4.625207873631821e-06,,
hsa-miR-148a,hsa-miR-183,miRNA,miRNA,miRNA-miRNA,,0.7263618171236178,,,0.7263618171236178,2.5222708053718524e-06,6.475445240714275e-06,,
hsa-miR-148a,hsa-miR-548g,miRNA,miRNA,miRNA-miRNA,,0.7214765163386623,,,0.7214765163386623,3.1712328918497216e-06,7.883791267447632e-06,,
hsa-miR-148a,hsa-miR-155,miRNA,miRNA,miRNA-miRNA,,0.7035126885122014,,,0.7035126885122014,7.076493142120542e-06,1.5895319705099704e-05,,
hsa-miR-148a,hsa-miR-2117,miRNA,miRNA,miRNA-miRNA,,0.7025802887137964,,,0.7025802887137964,7.365771022027442e-06,1.6480398292301624e-05,,
hsa-miR-148a,hsa-miR-1975,miRNA,miRNA,miRNA-miRNA,,0.7017801296541007,,,0.7017801296541007,7.622515659112508e-06,1.6969524855333846e-05,,
hsa-miR-150,hsa-miR-1975,miRNA,miRNA,miRNA-miRNA,,0.8140037242298561,,,0.8140037242298561,1.4608297687410643e-08,7.800830965077283e-08,,
hsa-miR-150,hsa-miR-186,miRNA,miRNA,miRNA-miRNA,,0.8108131025918929,,,0.8108131025918929,1.8428440984513355e-08,9.474442380356352e-08,,
hsa-miR-150,hsa-miR-151-3p,miRNA,miRNA,miRNA-miRNA,,0.7841004494351167,,,0.7841004494351167,1.1023245162779747e-07,4.2779163640438846e-07,,
hsa-miR-150,hsa-miR-1979,miRNA,miRNA,miRNA-miRNA,,0.768633101827718,,,0.768633101827718,2.780735910203017e-07,9.311745251139702e-07,,
hsa-miR-150,hsa-miR-532-5p,miRNA,miRNA,miRNA-miRNA,,0.765838178934343,,,0.765838178934343,3.2621885552048395e-07,1.0761997663587629e-06,,
hsa-miR-150,hsa-miR-374a,miRNA,miRNA,miRNA-miRNA,,0.7613142986612321,,,0.7613142986612321,4.205091858199579e-07,1.3451591766844503e-06,,
hsa-miR-150,hsa-miR-374b,miRNA,miRNA,miRNA-miRNA,,0.7588358051701478,,,0.7588358051701478,4.821427272862671e-07,1.5087922746952216e-06,,
hsa-miR-150,hsa-miR-660,miRNA,miRNA,miRNA-miRNA,,0.7563239595468965,,,0.7563239595468965,5.52921435461969e-07,1.6955975107390398e-06,,
hsa-miR-150,hsa-miR-484,miRNA,miRNA,miRNA-miRNA,,0.7484539170782029,,,0.7484539170782029,8.405577775505057e-07,2.46987079903872e-06,,
hsa-miR-150,hsa-miR-340,miRNA,miRNA,miRNA-miRNA,,0.7452104254751201,,,0.7452104254751201,9.945553488936587e-07,2.8573846286363726e-06,,
hsa-miR-150,hsa-miR-195,miRNA,miRNA,miRNA-miRNA,,0.7434343014838651,,,0.7434343014838651,1.0893842164403233e-06,3.094314742442195e-06,,
hsa-miR-150,hsa-miR-155,miRNA,miRNA,miRNA-miRNA,,0.7298044385677555,,,0.7298044385677555,2.140199456860361e-06,5.598627579833929e-06,,
hsa-miR-150,hsa-miR-497,miRNA,miRNA,miRNA-miRNA,,0.72577807770205,,,0.72577807770205,2.592883777083882e-06,6.617009557733884e-06,,
hsa-miR-150,hsa-miR-425,miRNA,miRNA,miRNA-miRNA,,0.7116744756156256,,,0.7116744756156256,4.950509469257959e-06,1.1533909496438698e-05,,
hsa-miR-150,hsa-miR-1308,miRNA,miRNA,miRNA-miRNA,,0.7040323927987795,,,0.7040323927987795,6.9197595165244755e-06,1.5578210715953077e-05,,
hsa-miR-150,hsa-miR-199a-5p,miRNA,miRNA,miRNA-miRNA,,0.6898501377215829,,,0.6898501377215829,1.2543041012753438e-05,2.6353447497127986e-05,,
hsa-miR-150,hsa-miR-490-3p,miRNA,miRNA,miRNA-miRNA,,0.6841961600207388,,,0.6841961600207388,1.575510298526482e-05,3.230885174397625e-05,,
hsa-miR-151-3p,hsa-miR-199a-5p,miRNA,miRNA,miRNA-miRNA,,0.913660628020961,,,0.913660628020961,2.9338275715845826e-13,1.151958767078064e-11,,
hsa-miR-151-3p,hsa-miR-186,miRNA,miRNA,miRNA-miRNA,,0.910698750500906,,,0.910698750500906,4.768491765687217e-13,1.6906517313677098e-11,,
hsa-miR-151-3p,hsa-miR-195,miRNA,miRNA,miRNA-miRNA,,0.9024346794528346,,,0.9024346794528346,1.6997307397903978e-12,4.335937333032193e-11,,
hsa-miR-151-3p,hsa-miR-497,miRNA,miRNA,miRNA-miRNA,,0.8782292912794251,,,0.8782292912794251,3.995614521760114e-11,5.735640200591132e-10,,
hsa-miR-151-3p,hsa-miR-1979,miRNA,miRNA,miRNA-miRNA,,0.8583521658837621,,,0.8583521658837621,3.3607486166432244e-10,3.3733830099388756e-09,,
hsa-miR-151-3p,hsa-miR-484,miRNA,miRNA,miRNA-miRNA,,0.8442906710707361,,,0.8442906710707361,1.259253830879749e-09,9.811890258119444e-09,,
hsa-miR-151-3p,hsa-miR-374a,miRNA,miRNA,miRNA-miRNA,,0.8254912549790125,,,0.8254912549790125,6.093418064687541e-09,3.7144808750492544e-08,,
hsa-miR-151-3p,hsa-miR-532-5p,miRNA,miRNA,miRNA-miRNA,,0.8225984120817206,,,0.8225984120817206,7.638835157115951e-09,4.453207395087247e-08,,
hsa-miR-151-3p,hsa-miR-425,miRNA,miRNA,miRNA-miRNA,,0.8216683315913048,,,0.8216683315913048,8.20758282231187e-09,4.763966551211454e-08,,
hsa-miR-151-3p,hsa-miR-374b,miRNA,miRNA,miRNA-miRNA,,0.8148540913937731,,,0.8148540913937731,1.3721045071604265e-08,7.436100881160363e-08,,
hsa-miR-151-3p,hsa-miR-490-3p,miRNA,miRNA,miRNA-miRNA,,0.8095535617892626,,,0.8095535617892626,2.0174283315436754e-08,1.0176071118176852e-07,,
hsa-miR-151-3p,hsa-miR-455-5p,miRNA,miRNA,miRNA-miRNA,,0.8057728595219456,,,0.8057728595219456,2.6368232841841234e-08,1.2821409478644702e-07,,
hsa-miR-151-3p,hsa-miR-1975,miRNA,miRNA,miRNA-miRNA,,0.8052549892320274,,,0.8052549892320274,2.734091827420988e-08,1.3132897407245338e-07,,
hsa-miR-151-3p,hsa-miR-1308,miRNA,miRNA,miRNA-miRNA,,0.7961345330049562,,,0.7961345330049562,5.087185697835933e-08,2.2266861988888428e-07,,
hsa-miR-151-3p,hsa-miR-660,miRNA,miRNA,miRNA-miRNA,,0.779608764815397,,,0.779608764815397,1.4530732116817552e-07,5.428692362672976e-07,,
hsa-miR-151-3p,hsa-miR-203,miRNA,miRNA,miRNA-miRNA,,0.7735363216291569,,,0.7735363216291569,2.090057086110441e-07,7.362074432605378e-07,,
hsa-miR-151-3p,hsa-miR-340,miRNA,miRNA,miRNA-miRNA,,0.7659807211567857,,,0.7659807211567857,3.2359004651870737e-07,1.0684073671124675e-06,,
hsa-miR-151-3p,hsa-miR-429,miRNA,miRNA,miRNA-miRNA,,0.7592578663008693,,,0.7592578663008693,4.71096717447167e-07,1.4844550380612933e-06,,
hsa-miR-151-3p,hsa-miR-509-3p,miRNA,miRNA,miRNA-miRNA,,0.7409253329746404,,,0.7409253329746404,1.2374092550061025e-06,3.4583559429863507e-06,,
hsa-miR-151-3p,hsa-miR-154,miRNA,miRNA,miRNA-miRNA,,0.7403406827978514,,,0.7403406827978514,1.2744344149584526e-06,3.537151650664312e-06,,
hsa-miR-151-3p,hsa-miR-200a,miRNA,miRNA,miRNA-miRNA,,0.7299901320600032,,,0.7299901320600032,2.1211724830616965e-06,5.556112357529166e-06,,
hsa-miR-151-3p,hsa-miR-708,miRNA,miRNA,miRNA-miRNA,,0.7202551895619485,,,0.7202551895619485,3.3555631299306153e-06,8.25493263843496e-06,,
hsa-miR-151-3p,hsa-miR-194,miRNA,miRNA,miRNA-miRNA,,0.7144327679183441,,,0.7144327679183441,4.375427930868695e-06,1.0338400509220722e-05,,
hsa-miR-151-3p,hsa-miR-200b,miRNA,miRNA,miRNA-miRNA,,0.6999992481365384,,,0.6999992481365384,8.223272686244913e-06,1.8108989087940857e-05,,
hsa-miR-151-3p,hsa-miR-454,miRNA,miRNA,miRNA-miRNA,,0.6957603155643333,,,0.6957603155643333,9.82937484502539e-06,2.1210477507719118e-05,,
hsa-miR-151-3p,hsa-miR-2117,miRNA,miRNA,miRNA-miRNA,,0.6872549967253888,,,0.6872549967253888,1.3935490831370232e-05,2.8917948590485896e-05,,
hsa-miR-154,hsa-miR-497,miRNA,miRNA,miRNA-miRNA,,0.8373923497566115,,,0.8373923497566115,2.298063084449394e-09,1.6232350358412385e-08,,
hsa-miR-154,hsa-miR-532-5p,miRNA,miRNA,miRNA-miRNA,,0.8227649327951161,,,0.8227649327951161,7.540918818155185e-09,4.4154064132619174e-08,,
hsa-miR-154,hsa-miR-455-5p,miRNA,miRNA,miRNA-miRNA,,0.8146881630700039,,,0.8146881630700039,1.3890179679479925e-08,7.5175904886915e-08,,
hsa-miR-154,hsa-miR-195,miRNA,miRNA,miRNA-miRNA,,0.8146252400659872,,,0.8146252400659872,1.3954818152579974e-08,7.53221653653407e-08,,
hsa-miR-154,hsa-miR-660,miRNA,miRNA,miRNA-miRNA,,0.8039681345473897,,,0.8039681345473897,2.990232950685831e-08,1.4089274079407946e-07,,
hsa-miR-154,hsa-miR-1979,miRNA,miRNA,miRNA-miRNA,,0.7951769526106486,,,0.7951769526106486,5.420082968115608e-08,2.3442151498167399e-07,,
hsa-miR-154,hsa-miR-374b,miRNA,miRNA,miRNA-miRNA,,0.7871698471008417,,,0.7871698471008417,9.092638401577271e-08,3.6672725879473285e-07,,
hsa-miR-154,hsa-miR-340,miRNA,miRNA,miRNA-miRNA,,0.786795956620684,,,0.786795956620684,9.309969756724296e-08,3.7473797865005835e-07,,
hsa-miR-154,hsa-miR-199a-5p,miRNA,miRNA,miRNA-miRNA,,0.7793362777247792,,,0.7793362777247792,1.4773274649341426e-07,5.509028395773968e-07,,
hsa-miR-154,hsa-miR-374a,miRNA,miRNA,miRNA-miRNA,,0.7739226719779404,,,0.7739226719779404,2.0429501020924011e-07,7.234319327038079e-07,,
hsa-miR-154,hsa-miR-200b,miRNA,miRNA,miRNA-miRNA,,0.7715985731509093,,,0.7715985731509093,2.3416695163429495e-07,8.091791555611313e-07,,
hsa-miR-154,hsa-miR-454,miRNA,miRNA,miRNA-miRNA,,0.7656529655991636,,,0.7656529655991636,3.2966377501147474e-07,1.0848836638627415e-06,,
hsa-miR-154,hsa-miR-186,miRNA,miRNA,miRNA-miRNA,,0.7621676313392368,,,0.7621676313392368,4.010147188043575e-07,1.2876614573662844e-06,,
hsa-miR-154,hsa-miR-490-3p,miRNA,miRNA,miRNA-miRNA,,0.7555301602382728,,,0.7555301602382728,5.771866141355168e-07,1.761914931107275e-06,,
hsa-miR-154,hsa-miR-200a,miRNA,miRNA,miRNA-miRNA,,0.7526720975926846,,,0.7526720975926846,6.728243991272033e-07,2.0199862957304716e-06,,
hsa-miR-154,hsa-miR-663b,miRNA,miRNA,miRNA-miRNA,,0.7450268710635155,,,0.7450268710635155,1.0039944484511247e-06,2.8780015390419726e-06,,
hsa-miR-154,hsa-miR-484,miRNA,miRNA,miRNA-miRNA,,0.7366733524267578,,,0.7366733524267578,1.5306440781606087e-06,4.1504600765289356e-06,,
hsa-miR-154,hsa-miR-1308,miRNA,miRNA,miRNA-miRNA,,0.7258633932594138,,,0.7258633932594138,2.5824525657422817e-06,6.6069001540851214e-06,,
hsa-miR-154,hsa-miR-194,miRNA,miRNA,miRNA-miRNA,,0.7225019411425444,,,0.7225019411425444,3.0236264906820507e-06,7.568515059488509e-06,,
hsa-miR-154,hsa-miR-509-3p,miRNA,miRNA,miRNA-miRNA,,0.7090464836645579,,,0.7090464836645579,5.561343005666123e-06,1.285238242221167e-05,,
hsa-miR-154,hsa-miR-425,miRNA,miRNA,miRNA-miRNA,,0.705449313413801,,,0.705449313413801,6.508286089023479e-06,1.4776465865384938e-05,,
hsa-miR-154,hsa-miR-429,miRNA,miRNA,miRNA-miRNA,,0.6992068459608575,,,0.6992068459608575,8.504103748737356e-06,1.861622352227028e-05,,
hsa-miR-155,hsa-miR-455-5p,miRNA,miRNA,miRNA-miRNA,,0.8261120433546075,,,0.8261120433546075,5.8017920233830736e-09,3.5583732088283634e-08,,
hsa-miR-155,hsa-miR-490-3p,miRNA,miRNA,miRNA-miRNA,,0.808026955632383,,,0.808026955632383,2.2493540164710237e-08,1.1121805970328951e-07,,
hsa-miR-155,hsa-miR-454,miRNA,miRNA,miRNA-miRNA,,0.7939728140134327,,,0.7939728140134327,5.867031213285535e-08,2.50773319201799e-07,,
hsa-miR-155,hsa-miR-374a,miRNA,miRNA,miRNA-miRNA,,0.7761121416735139,,,0.7761121416735139,1.793849723049695e-07,6.485442998407424e-07,,
hsa-miR-155,hsa-miR-532-5p,miRNA,miRNA,miRNA-miRNA,,0.7734401288276264,,,0.7734401288276264,2.101939168050442e-07,7.390927452187902e-07,,
hsa-miR-155,hsa-miR-200a,miRNA,miRNA,miRNA-miRNA,,0.750508579521189,,,0.750508579521189,7.546022348647864e-07,2.2469754279802748e-06,,
hsa-miR-155,hsa-miR-509-3p,miRNA,miRNA,miRNA-miRNA,,0.7503403401089281,,,0.7503403401089281,7.613265266674125e-07,2.2653140708045967e-06,,
hsa-miR-155,hsa-miR-1308,miRNA,miRNA,miRNA-miRNA,,0.7489547473089164,,,0.7489547473089164,8.188206826080601e-07,2.4152335185408145e-06,,
hsa-miR-155,hsa-miR-660,miRNA,miRNA,miRNA-miRNA,,0.741540916694197,,,0.741540916694197,1.1994864133439403e-06,3.364105802130589e-06,,
hsa-miR-155,hsa-miR-340,miRNA,miRNA,miRNA-miRNA,,0.7357658232620572,,,0.7357658232620572,1.6008915455560211e-06,4.323378718780758e-06,,
hsa-miR-155,hsa-miR-484,miRNA,miRNA,miRNA-miRNA,,0.7349597700222454,,,0.7349597700222454,1.6657316533210343e-06,4.483370478192703e-06,,
hsa-miR-155,hsa-miR-1975,miRNA,miRNA,miRNA-miRNA,,0.7328001045066712,,,0.7328001045066712,1.851414575643792e-06,4.9137941520565854e-06,,
hsa-miR-155,hsa-miR-663b,miRNA,miRNA,miRNA-miRNA,,0.7200243753083839,,,0.7200243753083839,3.391473103176468e-06,8.305166920063186e-06,,
hsa-miR-155,hsa-miR-708,miRNA,miRNA,miRNA-miRNA,,0.7177657635292135,,,0.7177657635292135,3.761741654502066e-06,9.086716119590335e-06,,
hsa-miR-155,hsa-miR-494 (+++ See note below),miRNA,miRNA,miRNA-miRNA,,0.7066689919937488,,,0.7066689919937488,6.171990359582195e-06,1.410086787799583e-05,,
hsa-miR-155,hsa-miR-374b,miRNA,miRNA,miRNA-miRNA,,0.7002074534262317,,,0.7002074534262317,8.150890425440076e-06,1.7995764142165108e-05,,
hsa-miR-155,hsa-miR-1978,miRNA,miRNA,miRNA-miRNA,,0.6978112076917344,,,0.6978112076917344,9.019915630693706e-06,1.9643698804202446e-05,,
hsa-miR-183,hsa-miR-194,miRNA,miRNA,miRNA-miRNA,,0.8459992097264197,,,0.8459992097264197,1.0801022514607645e-09,8.721390155444278e-09,,
hsa-miR-183,hsa-miR-425,miRNA,miRNA,miRNA-miRNA,,0.8362852885252229,,,0.8362852885252229,2.5244274812455993e-09,1.758318619545848e-08,,
hsa-miR-183,hsa-miR-362-3p,miRNA,miRNA,miRNA-miRNA,,0.8212527674980714,,,0.8212527674980714,8.474078385590575e-09,4.87810495944908e-08,,
hsa-miR-183,hsa-miR-340,miRNA,miRNA,miRNA-miRNA,,0.7533488790684699,,,0.7533488790684699,6.489555885103569e-07,1.958603716642034e-06,,
hsa-miR-183,hsa-miR-203,miRNA,miRNA,miRNA-miRNA,,0.7484345761496304,,,0.7484345761496304,8.414076703967391e-07,2.470555513151716e-06,,
hsa-miR-183,hsa-miR-660,miRNA,miRNA,miRNA-miRNA,,0.7428375115189102,,,0.7428375115189102,1.1230509782949936e-06,3.1764259661521535e-06,,
hsa-miR-183,hsa-miR-708,miRNA,miRNA,miRNA-miRNA,,0.740380965829856,,,0.740380965829856,1.2718513357154424e-06,3.534881748466583e-06,,
hsa-miR-183,hsa-miR-454,miRNA,miRNA,miRNA-miRNA,,0.7383905889646587,,,0.7383905889646587,1.4053473630416834e-06,3.841922313298254e-06,,
hsa-miR-183,hsa-miR-455-5p,miRNA,miRNA,miRNA-miRNA,,0.7375472011808761,,,0.7375472011808761,1.4656673481084822e-06,3.990481121124725e-06,,
hsa-miR-183,hsa-miR-1978,miRNA,miRNA,miRNA-miRNA,,0.7372934526121505,,,0.7372934526121505,1.484271591177179e-06,4.038388398549322e-06,,
hsa-miR-183,hsa-miR-490-3p,miRNA,miRNA,miRNA-miRNA,,0.7247406743678683,,,0.7247406743678683,2.722824054327192e-06,6.893116521858663e-06,,
hsa-miR-183,hsa-miR-484,miRNA,miRNA,miRNA-miRNA,,0.7224256364976737,,,0.7224256364976737,3.0343913897436904e-06,7.585978474359225e-06,,
hsa-miR-183,hsa-miR-1308,miRNA,miRNA,miRNA-miRNA,,0.7213788926401635,,,0.7213788926401635,3.185621266041349e-06,7.904840873913013e-06,,
hsa-miR-183,hsa-miR-1299,miRNA,miRNA,miRNA-miRNA,,0.7145259463473458,,,0.7145259463473458,4.357105854825152e-06,1.0301185920055923e-05,,
hsa-miR-183,hsa-miR-663b,miRNA,miRNA,miRNA-miRNA,,0.7070246840595793,,,0.7070246840595793,6.076928238424471e-06,1.3900978804231923e-05,,
hsa-miR-183,hsa-miR-2117,miRNA,miRNA,miRNA-miRNA,,0.7026595124677448,,,0.7026595124677448,7.340781824336656e-06,1.6436411376665283e-05,,
hsa-miR-183,hsa-miR-532-5p,miRNA,miRNA,miRNA-miRNA,,0.68889890763511,,,0.68889890763511,1.3038114541684973e-05,2.7239253385210388e-05,,
hsa-miR-183,hsa-miR-1979,miRNA,miRNA,miRNA-miRNA,,0.688664828451487,,,0.688664828451487,1.3162618885816244e-05,2.7470707992545107e-05,,
hsa-miR-183,hsa-miR-200a,miRNA,miRNA,miRNA-miRNA,,0.6880659286321834,,,0.6880659286321834,1.348607405510367e-05,2.80726229681342e-05,,
hsa-miR-183,hsa-miR-187,miRNA,miRNA,miRNA-miRNA,,0.6836320021463865,,,0.6836320021463865,1.6113232900573498e-05,3.2908463930034096e-05,,
hsa-miR-183,hsa-miR-374a,miRNA,miRNA,miRNA-miRNA,,0.6825410167315236,,,0.6825410167315236,1.682671994057479e-05,3.412203208202635e-05,,
hsa-miR-186,hsa-miR-195,miRNA,miRNA,miRNA-miRNA,,0.9210563836394156,,,0.9210563836394156,8.052603183136488e-14,4.031334468557704e-12,,
hsa-miR-186,hsa-miR-374b,miRNA,miRNA,miRNA-miRNA,,0.9126859421950142,,,0.9126859421950142,3.448854083070491e-13,1.3281404425670497e-11,,
hsa-miR-186,hsa-miR-497,miRNA,miRNA,miRNA-miRNA,,0.9078802585687873,,,0.9078802585687873,7.454859387107874e-13,2.4077993423683093e-11,,
hsa-miR-186,hsa-miR-199a-5p,miRNA,miRNA,miRNA-miRNA,,0.8819468211365598,,,0.8819468211365598,2.5751057769008833e-11,3.919367793783934e-10,,
hsa-miR-186,hsa-miR-484,miRNA,miRNA,miRNA-miRNA,,0.8610412064570929,,,0.8610412064570929,2.5689046744670304e-10,2.6723281094131055e-09,,
hsa-miR-186,hsa-miR-532-5p,miRNA,miRNA,miRNA-miRNA,,0.8537889301359577,,,0.8537889301359577,5.237235131414351e-10,4.866618724202895e-09,,
hsa-miR-186,hsa-miR-374a,miRNA,miRNA,miRNA-miRNA,,0.8521821606260196,,,0.8521821606260196,6.101035439913689e-10,5.429921541523183e-09,,
hsa-miR-186,hsa-miR-1979,miRNA,miRNA,miRNA-miRNA,,0.8462339289304536,,,0.8462339289304536,1.0574166173899423e-09,8.572780470944774e-09,,
hsa-miR-186,hsa-miR-660,miRNA,miRNA,miRNA-miRNA,,0.8418408688356416,,,0.8418408688356416,1.5642492699060551e-09,1.1820411935799531e-08,,
hsa-miR-186,hsa-miR-425,miRNA,miRNA,miRNA-miRNA,,0.8404399174193274,,,0.8404399174193274,1.7679165087046842e-09,1.299175342635277e-08,,
hsa-miR-186,hsa-miR-340,miRNA,miRNA,miRNA-miRNA,,0.8331112364269919,,,0.8331112364269919,3.292271599899323e-09,2.2100975246687913e-08,,
hsa-miR-186,hsa-miR-429,miRNA,miRNA,miRNA-miRNA,,0.8109156036203554,,,0.8109156036203554,1.8292659189590605e-08,9.416722372019327e-08,,
hsa-miR-186,hsa-miR-490-3p,miRNA,miRNA,miRNA-miRNA,,0.8101518815857061,,,0.8101518815857061,1.932684502937784e-08,9.855275299433094e-08,,
hsa-miR-186,hsa-miR-455-5p,miRNA,miRNA,miRNA-miRNA,,0.795304329280909,,,0.795304329280909,5.374678021874436e-08,2.3321327711383658e-07,,
hsa-miR-186,hsa-miR-200b,miRNA,miRNA,miRNA-miRNA,,0.7785594592627993,,,0.7785594592627993,1.5485214309890007e-07,5.742433639917545e-07,,
hsa-miR-186,hsa-miR-1975,miRNA,miRNA,miRNA-miRNA,,0.7616747831190241,,,0.7616747831190241,4.1217066518841067e-07,1.3205948112636678e-06,,
hsa-miR-186,hsa-miR-1308,miRNA,miRNA,miRNA-miRNA,,0.7594929467379309,,,0.7594929467379309,4.6504497518642246e-07,1.469128964572675e-06,,
hsa-miR-186,hsa-miR-203,miRNA,miRNA,miRNA-miRNA,,0.7571938245001135,,,0.7571938245001135,5.274031022738956e-07,1.6285654777231702e-06,,
hsa-miR-186,hsa-miR-663b,miRNA,miRNA,miRNA-miRNA,,0.7452523577076064,,,0.7452523577076064,9.924104080503344e-07,2.8553187386793026e-06,,
hsa-miR-186,hsa-miR-200a,miRNA,miRNA,miRNA-miRNA,,0.7333275889737542,,,0.7333275889737542,1.8044026267261468e-06,4.801749182749647e-06,,
hsa-miR-186,hsa-miR-509-3p,miRNA,miRNA,miRNA-miRNA,,0.7237350010668941,,,0.7237350010668941,2.8544116190296386e-06,7.185366771975929e-06,,
hsa-miR-186,hsa-miR-194,miRNA,miRNA,miRNA-miRNA,,0.7048093611329092,,,0.7048093611329092,6.691300177085727e-06,1.513193518307642e-05,,
hsa-miR-186,hsa-miR-708,miRNA,miRNA,miRNA-miRNA,,0.7013006864498292,,,0.7013006864498292,7.780209331242622e-06,1.7282162158417473e-05,,
hsa-miR-186,hsa-miR-200c,miRNA,miRNA,miRNA-miRNA,,0.6964896009559803,,,0.6964896009559803,9.534299938666883e-06,2.0640470948303168e-05,,
hsa-miR-186,hsa-miR-421,miRNA,miRNA,miRNA-miRNA,,0.6949763632049011,,,0.6949763632049011,1.0155762311708363e-05,2.182072320729184e-05,,
hsa-miR-186,hsa-miR-548g,miRNA,miRNA,miRNA-miRNA,,0.6886246165641547,,,0.6886246165641547,1.3184115001393692e-05,2.7501239885719653e-05,,
hsa-miR-187,hsa-miR-425,miRNA,miRNA,miRNA-miRNA,,0.7335982173381322,,,0.7335982173381322,1.7807069611609497e-06,4.751320039606665e-06,,
hsa-miR-194,hsa-miR-203,miRNA,miRNA,miRNA-miRNA,,0.829610252770391,,,0.829610252770391,4.384912374553275e-09,2.8008890047983838e-08,,
hsa-miR-194,hsa-miR-425,miRNA,miRNA,miRNA-miRNA,,0.8195798370829007,,,0.8195798370829007,9.629431384181716e-09,5.478106916711332e-08,,
hsa-miR-194,hsa-miR-455-5p,miRNA,miRNA,miRNA-miRNA,,0.8164164673237486,,,0.8164164673237486,1.2218785310649808e-08,6.759148504026585e-08,,
hsa-miR-194,hsa-miR-1308,miRNA,miRNA,miRNA-miRNA,,0.8051405385402431,,,0.8051405385402431,2.7560281432784083e-08,1.3200787839782957e-07,,
hsa-miR-194,hsa-miR-532-5p,miRNA,miRNA,miRNA-miRNA,,0.785683041014855,,,0.785683041014855,9.985355787948395e-08,3.9517144200329374e-07,,
hsa-miR-194,hsa-miR-340,miRNA,miRNA,miRNA-miRNA,,0.7746312238793309,,,0.7746312238793309,1.959073558690771e-07,6.986722709311255e-07,,
hsa-miR-194,hsa-miR-374a,miRNA,miRNA,miRNA-miRNA,,0.7596591250829773,,,0.7596591250829773,4.608099217377499e-07,1.458927854987896e-06,,
hsa-miR-194,hsa-miR-708,miRNA,miRNA,miRNA-miRNA,,0.7404176966653955,,,0.7404176966653955,1.2695001924336298e-06,3.530797410206033e-06,,
hsa-miR-194,hsa-miR-660,miRNA,miRNA,miRNA-miRNA,,0.7385347912542671,,,0.7385347912542671,1.3952631625922836e-06,3.81695967635389e-06,,
hsa-miR-194,hsa-miR-454,miRNA,miRNA,miRNA-miRNA,,0.7344180762837821,,,0.7344180762837821,1.7106396216394167e-06,4.581915317648749e-06,,
hsa-miR-194,hsa-miR-484,miRNA,miRNA,miRNA-miRNA,,0.7278916892920547,,,0.7278916892920547,2.345422609404441e-06,6.083819657166313e-06,,
hsa-miR-194,hsa-miR-200a,miRNA,miRNA,miRNA-miRNA,,0.725345077140088,,,0.725345077140088,2.646418007422917e-06,6.73373832257229e-06,,
hsa-miR-194,hsa-miR-1979,miRNA,miRNA,miRNA-miRNA,,0.7221714634767703,,,0.7221714634767703,3.0705012433575864e-06,7.660783573749747e-06,,
hsa-miR-194,hsa-miR-1299,miRNA,miRNA,miRNA-miRNA,,0.7170718054724159,,,0.7170718054724159,3.882662670395811e-06,9.33937777473587e-06,,
hsa-miR-194,hsa-miR-1978,miRNA,miRNA,miRNA-miRNA,,0.7133038954035841,,,0.7133038954035841,4.603026082439968e-06,1.081873207756577e-05,,
hsa-miR-194,hsa-miR-509-3p,miRNA,miRNA,miRNA-miRNA,,0.7033275353579177,,,0.7033275353579177,7.133104391383784e-06,1.6004528340331684e-05,,
hsa-miR-194,hsa-miR-362-3p,miRNA,miRNA,miRNA-miRNA,,0.7026556210578172,,,0.7026556210578172,7.342007478864967e-06,1.6436411376665283e-05,,
hsa-miR-194,hsa-miR-494 (+++ See note below),miRNA,miRNA,miRNA-miRNA,,0.7025160678783314,,,0.7025160678783314,7.386084434921688e-06,1.6516620972563574e-05,,
hsa-miR-194,hsa-miR-490-3p,miRNA,miRNA,miRNA-miRNA,,0.7004703501857998,,,0.7004703501857998,8.060319014733384e-06,1.783512577569459e-05,,
hsa-miR-194,hsa-miR-195,miRNA,miRNA,miRNA-miRNA,,0.6898989241346976,,,0.6898989241346976,1.25181141453334e-05,2.6317610053574943e-05,,
hsa-miR-195,hsa-miR-497,miRNA,miRNA,miRNA-miRNA,,0.9791764498922093,,,0.9791764498922093,2.476895917964807e-22,4.959984075724527e-19,,
hsa-miR-195,hsa-miR-199a-5p,miRNA,miRNA,miRNA-miRNA,,0.9447261871932012,,,0.9447261871932012,4.503009089284103e-16,6.21881082847684e-14,,
hsa-miR-195,hsa-miR-374b,miRNA,miRNA,miRNA-miRNA,,0.9071304107792226,,,0.9071304107792226,8.375741276454281e-13,2.6003754893177825e-11,,
hsa-miR-195,hsa-miR-374a,miRNA,miRNA,miRNA-miRNA,,0.886119947680737,,,0.886119947680737,1.544833239485706e-11,2.655389323665344e-10,,
hsa-miR-195,hsa-miR-490-3p,miRNA,miRNA,miRNA-miRNA,,0.8604057306105944,,,0.8604057306105944,2.7386805842781353e-10,2.8196441491089797e-09,,
hsa-miR-195,hsa-miR-1979,miRNA,miRNA,miRNA-miRNA,,0.8447290497925695,,,0.8447290497925695,1.2108447319541196e-09,9.477911850189027e-09,,
hsa-miR-195,hsa-miR-509-3p,miRNA,miRNA,miRNA-miRNA,,0.8405297141860586,,,0.8405297141860586,1.7541626818395083e-09,1.2914377832292703e-08,,
hsa-miR-195,hsa-miR-455-5p,miRNA,miRNA,miRNA-miRNA,,0.8382469862502085,,,0.8382469862502085,2.1362723772703883e-09,1.5278162269585545e-08,,
hsa-miR-195,hsa-miR-484,miRNA,miRNA,miRNA-miRNA,,0.8365330972253223,,,0.8365330972253223,2.472043090173431e-09,1.7308623384868165e-08,,
hsa-miR-195,hsa-miR-532-5p,miRNA,miRNA,miRNA-miRNA,,0.8299594023029173,,,0.8299594023029173,4.2625970193102274e-09,2.727108795900553e-08,,
hsa-miR-195,hsa-miR-200b,miRNA,miRNA,miRNA-miRNA,,0.8152634790445766,,,0.8152634790445766,1.3311811403040289e-08,7.224092773601132e-08,,
hsa-miR-195,hsa-miR-429,miRNA,miRNA,miRNA-miRNA,,0.8094860814797945,,,0.8094860814797945,2.0271971828921525e-08,1.0212483921362353e-07,,
hsa-miR-195,hsa-miR-340,miRNA,miRNA,miRNA-miRNA,,0.8013727248099047,,,0.8013727248099047,3.575089467296854e-08,1.6514686639589275e-07,,
hsa-miR-195,hsa-miR-1308,miRNA,miRNA,miRNA-miRNA,,0.7843914191100553,,,0.7843914191100553,1.0825308454718855e-07,4.213348917507193e-07,,
hsa-miR-195,hsa-miR-200a,miRNA,miRNA,miRNA-miRNA,,0.7752084470075479,,,0.7752084470075479,1.8930854639168488e-07,6.799827159629578e-07,,
hsa-miR-195,hsa-miR-425,miRNA,miRNA,miRNA-miRNA,,0.7646244212359568,,,0.7646244212359568,3.494068935911583e-07,1.1414148522288654e-06,,
hsa-miR-195,hsa-miR-548g,miRNA,miRNA,miRNA-miRNA,,0.7600366687927285,,,0.7600366687927285,4.513188170634022e-07,1.4345490970943856e-06,,
hsa-miR-195,hsa-miR-660,miRNA,miRNA,miRNA-miRNA,,0.7588332329852753,,,0.7588332329852753,4.822107644469123e-07,1.5087922746952216e-06,,
hsa-miR-195,hsa-miR-200c,miRNA,miRNA,miRNA-miRNA,,0.7195112587904373,,,0.7195112587904373,3.472557123878879e-06,8.464754279449124e-06,,
hsa-miR-195,hsa-miR-708,miRNA,miRNA,miRNA-miRNA,,0.7181994549555512,,,0.7181994549555512,3.6879183525378866e-06,8.935337569216114e-06,,
hsa-miR-195,hsa-miR-663b,miRNA,miRNA,miRNA-miRNA,,0.7005828130319992,,,0.7005828130319992,8.02185315184447e-06,1.7779480837375264e-05,,
hsa-miR-195,hsa-miR-454,miRNA,miRNA,miRNA-miRNA,,0.7003300733406802,,,0.7003300733406802,8.108532200806822e-06,1.793190031155788e-05,,
hsa-miR-195,hsa-miR-203,miRNA,miRNA,miRNA-miRNA,,0.6934458535171145,,,0.6934458535171145,1.0821373560074902e-05,2.312678821136605e-05,,
hsa-miR-199a-5p,hsa-miR-497,miRNA,miRNA,miRNA-miRNA,,0.9241910391270188,,,0.9241910391270188,4.47961285460113e-14,2.424439119280747e-12,,
hsa-miR-199a-5p,hsa-miR-490-3p,miRNA,miRNA,miRNA-miRNA,,0.8886097046176389,,,0.8886097046176389,1.1280939883996052e-11,2.0260163334261967e-10,,
hsa-miR-199a-5p,hsa-miR-484,miRNA,miRNA,miRNA-miRNA,,0.8499597966540267,,,0.8499597966540267,7.513384019853545e-10,6.425159767008036e-09,,
hsa-miR-199a-5p,hsa-miR-509-3p,miRNA,miRNA,miRNA-miRNA,,0.8464570515564631,,,0.8464570515564631,1.0362599364863111e-09,8.435408629324546e-09,,
hsa-miR-199a-5p,hsa-miR-374a,miRNA,miRNA,miRNA-miRNA,,0.840843135415298,,,0.840843135415298,1.7069262136927225e-09,1.268319014070381e-08,,
hsa-miR-199a-5p,hsa-miR-429,miRNA,miRNA,miRNA-miRNA,,0.8310561534627314,,,0.8310561534627314,3.898513651268417e-09,2.530558699081039e-08,,
hsa-miR-199a-5p,hsa-miR-374b,miRNA,miRNA,miRNA-miRNA,,0.8261402433834402,,,0.8261402433834402,5.788854751185206e-09,3.555883938419747e-08,,
hsa-miR-199a-5p,hsa-miR-455-5p,miRNA,miRNA,miRNA-miRNA,,0.82514421008667,,,0.82514421008667,6.262267822833621e-09,3.777013471228421e-08,,
hsa-miR-199a-5p,hsa-miR-1979,miRNA,miRNA,miRNA-miRNA,,0.8164999328977021,,,0.8164999328977021,1.2142956248048026e-08,6.735808832885366e-08,,
hsa-miR-199a-5p,hsa-miR-532-5p,miRNA,miRNA,miRNA-miRNA,,0.7934936846801336,,,0.7934936846801336,6.054085557929317e-08,2.565779117408139e-07,,
hsa-miR-199a-5p,hsa-miR-200a,miRNA,miRNA,miRNA-miRNA,,0.7700127362838106,,,0.7700127362838106,2.567875597859997e-07,8.686099467423386e-07,,
hsa-miR-199a-5p,hsa-miR-1308,miRNA,miRNA,miRNA-miRNA,,0.7628456824948312,,,0.7628456824948312,3.861171590731155e-07,1.2460912345590875e-06,,
hsa-miR-199a-5p,hsa-miR-425,miRNA,miRNA,miRNA-miRNA,,0.757658887218482,,,0.757658887218482,5.142055628233925e-07,1.5939576463681788e-06,,
hsa-miR-199a-5p,hsa-miR-340,miRNA,miRNA,miRNA-miRNA,,0.749875234007071,,,0.749875234007071,7.802015583825597e-07,2.3180320781321598e-06,,
hsa-miR-199a-5p,hsa-miR-708,miRNA,miRNA,miRNA-miRNA,,0.7486425165806893,,,0.7486425165806893,8.323111429656543e-07,2.4510339173363572e-06,,
hsa-miR-199a-5p,hsa-miR-216a,miRNA,miRNA,miRNA-miRNA,,0.7324187007966599,,,0.7324187007966599,1.8860983986302956e-06,4.995915401133819e-06,,
hsa-miR-199a-5p,hsa-miR-454,miRNA,miRNA,miRNA-miRNA,,0.7318392676457182,,,0.7318392676457182,1.9399228448861884e-06,5.118175885223442e-06,,
hsa-miR-199a-5p,hsa-miR-660,miRNA,miRNA,miRNA-miRNA,,0.7223042976623508,,,0.7223042976623508,3.0515813462201494e-06,7.619440954870136e-06,,
hsa-miR-199a-5p,hsa-miR-2117,miRNA,miRNA,miRNA-miRNA,,0.7077807484676751,,,0.7077807484676751,5.87925714520193e-06,1.3509136469612006e-05,,
hsa-miR-199a-5p,hsa-miR-200b,miRNA,miRNA,miRNA-miRNA,,0.703352560595033,,,0.703352560595033,7.125428932172872e-06,1.5996268426767014e-05,,
hsa-miR-199a-5p,hsa-miR-494 (+++ See note below),miRNA,miRNA,miRNA-miRNA,,0.6836880552934175,,,0.6836880552934175,1.607732409851139e-05,3.2851879089050063e-05,,
hsa-miR-199a-5p,hsa-miR-203,miRNA,miRNA,miRNA-miRNA,,0.6823770250601491,,,0.6823770250601491,1.6936399179132557e-05,3.429235526411824e-05,,
hsa-miR-199a-5p,ETS1,miRNA,mRNA,miRNA-mRNA,predicted,0.5239476509504852,,,0.23409970787093384,,,73.7802,
hsa-miR-200a,hsa-miR-490-3p,miRNA,miRNA,miRNA-miRNA,,0.8923881311662971,,,0.8923881311662971,6.900090791096101e-12,1.3957001827444386e-10,,
hsa-miR-200a,hsa-miR-455-5p,miRNA,miRNA,miRNA-miRNA,,0.8902899635252233,,,0.8902899635252233,9.08584961423639e-12,1.7245889907590875e-10,,
hsa-miR-200a,hsa-miR-509-3p,miRNA,miRNA,miRNA-miRNA,,0.8689439850008546,,,0.8689439850008546,1.127884710782647e-10,1.3528788905089065e-09,,
hsa-miR-200a,hsa-miR-374a,miRNA,miRNA,miRNA-miRNA,,0.8580221218906492,,,0.8580221218906492,3.4721113412846206e-10,3.4505721890434012e-09,,
hsa-miR-200a,hsa-miR-1274a,miRNA,miRNA,miRNA-miRNA,,0.854624952156165,,,0.854624952156165,4.83384870729918e-10,4.587574424818298e-09,,
hsa-miR-200a,hsa-miR-429,miRNA,miRNA,miRNA-miRNA,,0.8360945820271126,,,0.8360945820271126,2.565435232364228e-09,1.7837791850032523e-08,,
hsa-miR-200a,hsa-miR-532-5p,miRNA,miRNA,miRNA-miRNA,,0.8258915870500614,,,0.8258915870500614,5.903851168447167e-09,3.6099120503253286e-08,,
hsa-miR-200a,hsa-miR-484,miRNA,miRNA,miRNA-miRNA,,0.8253264529332526,,,0.8253264529332526,6.173070737078816e-09,3.745931560909191e-08,,
hsa-miR-200a,hsa-miR-340,miRNA,miRNA,miRNA-miRNA,,0.8126439147613398,,,0.8126439147613398,1.613726415372083e-08,8.52635131077202e-08,,
hsa-miR-200a,hsa-miR-454,miRNA,miRNA,miRNA-miRNA,,0.8050158078149698,,,0.8050158078149698,2.780118740385465e-08,1.3271007813163037e-07,,
hsa-miR-200a,hsa-miR-497,miRNA,miRNA,miRNA-miRNA,,0.78521602998071,,,0.78521602998071,1.0281907006570161e-07,4.047138442229502e-07,,
hsa-miR-200a,hsa-miR-374b,miRNA,miRNA,miRNA-miRNA,,0.782453101859492,,,0.782453101859492,1.220778493854518e-07,4.669740083942067e-07,,
hsa-miR-200a,hsa-miR-1308,miRNA,miRNA,miRNA-miRNA,,0.7713730080494154,,,0.7713730080494154,2.3726914515244023e-07,8.145673154304777e-07,,
hsa-miR-200a,hsa-miR-1979,miRNA,miRNA,miRNA-miRNA,,0.7646974516342802,,,0.7646974516342802,3.4797021294636936e-07,1.1385790055965763e-06,,
hsa-miR-200a,hsa-miR-2117,miRNA,miRNA,miRNA-miRNA,,0.7557595315562158,,,0.7557595315562158,5.700771345390778e-07,1.7428694075030583e-06,,
hsa-miR-200a,hsa-miR-708,miRNA,miRNA,miRNA-miRNA,,0.7477264701054442,,,0.7477264701054442,8.730685910854971e-07,2.554156104673058e-06,,
hsa-miR-200a,hsa-miR-216a,miRNA,miRNA,miRNA-miRNA,,0.7405668457139667,,,0.7405668457139667,1.2599937717295761e-06,3.509231610415127e-06,,
hsa-miR-200a,hsa-miR-663b,miRNA,miRNA,miRNA-miRNA,,0.7252983781844523,,,0.7252983781844523,2.652251263641055e-06,6.7442960704015405e-06,,
hsa-miR-200a,hsa-miR-494 (+++ See note below),miRNA,miRNA,miRNA-miRNA,,0.7197259261823489,,,0.7197259261823489,3.438423025801846e-06,8.402003793981936e-06,,
hsa-miR-200a,hsa-miR-660,miRNA,miRNA,miRNA-miRNA,,0.7118295270615976,,,0.7118295270615976,4.916448365167063e-06,1.1474577915206344e-05,,
hsa-miR-200a,hsa-miR-203,miRNA,miRNA,miRNA-miRNA,,0.7096742454196903,,,0.7096742454196903,5.409524102365364e-06,1.2523204641603054e-05,,
hsa-miR-200a,hsa-miR-200b,miRNA,miRNA,miRNA-miRNA,,0.6840079923213634,,,0.6840079923213634,1.5873745572890273e-05,3.251884962630462e-05,,
hsa-miR-200b,hsa-miR-200c,miRNA,miRNA,miRNA-miRNA,,0.9490760357227337,,,0.9490760357227337,1.355941882745766e-16,2.3611074958246923e-14,,
hsa-miR-200b,hsa-miR-497,miRNA,miRNA,miRNA-miRNA,,0.8504592018370767,,,0.8504592018370767,7.172003879167081e-10,6.190490417255207e-09,,
hsa-miR-200b,hsa-miR-548g,miRNA,miRNA,miRNA-miRNA,,0.8427595990885054,,,0.8427595990885054,1.442674732409361e-09,1.1026550197136434e-08,,
hsa-miR-200b,hsa-miR-374b,miRNA,miRNA,miRNA-miRNA,,0.8125079464707555,,,0.8125079464707555,1.629796688043777e-08,8.583195644326387e-08,,
hsa-miR-200b,hsa-miR-1979,miRNA,miRNA,miRNA-miRNA,,0.78358957656093,,,0.78358957656093,1.1378812814350182e-07,4.3988557260108574e-07,,
hsa-miR-200b,hsa-miR-205,miRNA,miRNA,miRNA-miRNA,,0.7727104575905265,,,0.7727104575905265,2.194102919318483e-07,7.667872767775326e-07,,
hsa-miR-200b,hsa-miR-532-5p,miRNA,miRNA,miRNA-miRNA,,0.7292624693077187,,,0.7292624693077187,2.1966231217490217e-06,5.727523178779187e-06,,
hsa-miR-200b,hsa-miR-374a,miRNA,miRNA,miRNA-miRNA,,0.7262254783788943,,,0.7262254783788943,2.5386049266635834e-06,6.513204824655767e-06,,
hsa-miR-200b,hsa-miR-455-5p,miRNA,miRNA,miRNA-miRNA,,0.7252018615941933,,,0.7252018615941933,2.664344389571481e-06,6.763060901705449e-06,,
hsa-miR-200b,hsa-miR-429,miRNA,miRNA,miRNA-miRNA,,0.7218511498362,,,0.7218511498362,3.1165634213687953e-06,7.762336133446533e-06,,
hsa-miR-200b,hsa-miR-663b,miRNA,miRNA,miRNA-miRNA,,0.6894028065492439,,,0.6894028065492439,1.2773700358525036e-05,2.6798674665213605e-05,,
hsa-miR-200b,hsa-miR-425,miRNA,miRNA,miRNA-miRNA,,0.6815934333334208,,,0.6815934333334208,1.7469436015324802e-05,3.526466292408056e-05,,
hsa-miR-200c,hsa-miR-548g,miRNA,miRNA,miRNA-miRNA,,0.8750546718734598,,,0.8750546718734598,5.7500470374418046e-11,7.676312794984809e-10,,
hsa-miR-200c,hsa-miR-205,miRNA,miRNA,miRNA-miRNA,,0.8749384095129912,,,0.8749384095129912,5.8261214944611e-11,7.726363107720763e-10,,
hsa-miR-200c,hsa-miR-497,miRNA,miRNA,miRNA-miRNA,,0.7633119730480085,,,0.7633119730480085,3.7616753687116494e-07,1.2179070211552268e-06,,
hsa-miR-200c,hsa-miR-1979,miRNA,miRNA,miRNA-miRNA,,0.7369533957967634,,,0.7369533957967634,1.5095409068317377e-06,4.09907503757701e-06,,
hsa-miR-203,hsa-miR-425,miRNA,miRNA,miRNA-miRNA,,0.9067674267326348,,,0.9067674267326348,8.858423733512099e-13,2.6798596908667762e-11,,
hsa-miR-203,hsa-miR-532-5p,miRNA,miRNA,miRNA-miRNA,,0.7863031162393559,,,0.7863031162393559,9.603715864696249e-08,3.8195513444000476e-07,,
hsa-miR-203,hsa-miR-374a,miRNA,miRNA,miRNA-miRNA,,0.7804758341179232,,,0.7804758341179232,1.378299783213755e-07,5.188055105048016e-07,,
hsa-miR-203,hsa-miR-1308,miRNA,miRNA,miRNA-miRNA,,0.7779058597813489,,,0.7779058597813489,1.6108406056155287e-07,5.932147443977937e-07,,
hsa-miR-203,hsa-miR-455-5p,miRNA,miRNA,miRNA-miRNA,,0.766705024321614,,,0.766705024321614,3.105288667237296e-07,1.0320897188618565e-06,,
hsa-miR-203,hsa-miR-708,miRNA,miRNA,miRNA-miRNA,,0.7656969176142684,,,0.7656969176142684,3.288432837907141e-07,1.083546093628314e-06,,
hsa-miR-203,hsa-miR-340,miRNA,miRNA,miRNA-miRNA,,0.7637221240974846,,,0.7637221240974846,3.676100492257885e-07,1.1950310447640283e-06,,
hsa-miR-203,hsa-miR-484,miRNA,miRNA,miRNA-miRNA,,0.7491933855168096,,,0.7491933855168096,8.08644689022147e-07,2.3901269221650916e-06,,
hsa-miR-203,hsa-miR-1979,miRNA,miRNA,miRNA-miRNA,,0.74647687639663,,,0.74647687639663,9.31602292206593e-07,2.6958577892250037e-06,,
hsa-miR-203,hsa-miR-660,miRNA,miRNA,miRNA-miRNA,,0.7397910192179051,,,0.7397910192179051,1.310161356387809e-06,3.6112843994034235e-06,,
hsa-miR-203,hsa-miR-2117,miRNA,miRNA,miRNA-miRNA,,0.7323590249317441,,,0.7323590249317441,1.8915783285471835e-06,5.007119104977839e-06,,
hsa-miR-203,hsa-miR-1975,miRNA,miRNA,miRNA-miRNA,,0.7204964814274027,,,0.7204964814274027,3.318392575172516e-06,8.178561392963648e-06,,
hsa-miR-203,hsa-miR-509-3p,miRNA,miRNA,miRNA-miRNA,,0.7019683609179705,,,0.7019683609179705,7.561400025268177e-06,1.6870978886461868e-05,,
hsa-miR-203,hsa-miR-1299,miRNA,miRNA,miRNA-miRNA,,0.6997129112704558,,,0.6997129112704558,8.323767883354472e-06,1.830569795173108e-05,,
hsa-miR-203,hsa-miR-429,miRNA,miRNA,miRNA-miRNA,,0.6966271923132061,,,0.6966271923132061,9.479536721465456e-06,2.0544125849279845e-05,,
hsa-miR-203,hsa-miR-374b,miRNA,miRNA,miRNA-miRNA,,0.6918077880907257,,,0.6918077880907257,1.1577255793269752e-05,2.4532756323833523e-05,,
hsa-miR-203,hsa-miR-490-3p,miRNA,miRNA,miRNA-miRNA,,0.6890627295930981,,,0.6890627295930981,1.295161348531032e-05,2.7086794782594167e-05,,
hsa-miR-203,hsa-miR-497,miRNA,miRNA,miRNA-miRNA,,0.6851091002478046,,,0.6851091002478046,1.5190769127549171e-05,3.126363327637946e-05,,
hsa-miR-203,hsa-miR-494 (+++ See note below),miRNA,miRNA,miRNA-miRNA,,0.6830949488158241,,,0.6830949488158241,1.646096946666682e-05,3.353315499186196e-05,,
hsa-miR-205,hsa-miR-548g,miRNA,miRNA,miRNA-miRNA,,0.8323190537581083,,,0.8323190537581083,3.514853487676476e-09,2.3383701359043664e-08,,
hsa-miR-210,hsa-miR-934,miRNA,miRNA,miRNA-miRNA,,0.7855822867357931,,,0.7855822867357931,1.0048663489617249e-07,3.968924780662435e-07,,
hsa-miR-210,hsa-miR-1299,miRNA,miRNA,miRNA-miRNA,,0.772628230826693,,,0.772628230826693,2.2047173352343714e-07,7.698250154850616e-07,,
hsa-miR-210,hsa-miR-425,miRNA,miRNA,miRNA-miRNA,,0.7015129050341987,,,0.7015129050341987,7.710047665583836e-06,1.71453308721062e-05,,
hsa-miR-210,hsa-miR-455-5p,miRNA,miRNA,miRNA-miRNA,,0.688808431477661,,,0.688808431477661,1.3086111137528259e-05,2.7325273777789715e-05,,
hsa-miR-216a,hsa-miR-509-3p,miRNA,miRNA,miRNA-miRNA,,0.8123730616642215,,,0.8123730616642215,1.6458840946007755e-08,8.650611284614312e-08,,
hsa-miR-216a,hsa-miR-490-3p,miRNA,miRNA,miRNA-miRNA,,0.8047390497183383,,,0.8047390497183383,2.8342640535891675e-08,1.3433405366419665e-07,,
hsa-miR-216a,hsa-miR-548g,miRNA,miRNA,miRNA-miRNA,,0.7347034172423977,,,0.7347034172423977,1.686848536734917e-06,4.528035113688568e-06,,
hsa-miR-216a,hsa-miR-708,miRNA,miRNA,miRNA-miRNA,,0.7179225278102672,,,0.7179225278102672,3.7349036893243536e-06,9.04370572898672e-06,,
hsa-miR-216a,hsa-miR-429,miRNA,miRNA,miRNA-miRNA,,0.6827908712977724,,,0.6827908712977724,1.666084719218705e-05,3.3831555198684785e-05,,
hsa-miR-340,hsa-miR-374a,miRNA,miRNA,miRNA-miRNA,,0.9081988579849015,,,0.9081988579849015,7.092782623451606e-13,2.3476524303242712e-11,,
hsa-miR-340,hsa-miR-532-5p,miRNA,miRNA,miRNA-miRNA,,0.8848983895745249,,,0.8848983895745249,1.7977132868469864e-11,3.009550295296038e-10,,
hsa-miR-340,hsa-miR-660,miRNA,miRNA,miRNA-miRNA,,0.8773112097038249,,,0.8773112097038249,4.4437355218405294e-11,6.179569710059486e-10,,
hsa-miR-340,hsa-miR-455-5p,miRNA,miRNA,miRNA-miRNA,,0.8656725401325058,,,0.8656725401325058,1.5957965561488768e-10,1.7852416780380593e-09,,
hsa-miR-340,hsa-miR-374b,miRNA,miRNA,miRNA-miRNA,,0.8616545665309201,,,0.8616545665309201,2.41430490990075e-10,2.5312280534430636e-09,,
hsa-miR-340,hsa-miR-484,miRNA,miRNA,miRNA-miRNA,,0.8400274527145849,,,0.8400274527145849,1.83237820942524e-09,1.3339570855169466e-08,,
hsa-miR-340,hsa-miR-663b,miRNA,miRNA,miRNA-miRNA,,0.8331032381532333,,,0.8331032381532333,3.294452489955726e-09,2.2100975246687913e-08,,
hsa-miR-340,hsa-miR-490-3p,miRNA,miRNA,miRNA-miRNA,,0.8093236101873522,,,0.8093236101873522,2.0508960290247015e-08,1.0293030822360814e-07,,
hsa-miR-340,hsa-miR-1979,miRNA,miRNA,miRNA-miRNA,,0.8011622490460633,,,0.8011622490460633,3.626843843172022e-08,1.6734458055188877e-07,,
hsa-miR-340,hsa-miR-497,miRNA,miRNA,miRNA-miRNA,,0.7900876617640541,,,0.7900876617640541,7.549723434674365e-08,3.110765674472308e-07,,
hsa-miR-340,hsa-miR-454,miRNA,miRNA,miRNA-miRNA,,0.7814185744396434,,,0.7814185744396434,1.3010107423415176e-07,4.933199802933927e-07,,
hsa-miR-340,hsa-miR-425,miRNA,miRNA,miRNA-miRNA,,0.7775442809395187,,,0.7775442809395187,1.646294410530056e-07,6.032396261823307e-07,,
hsa-miR-340,hsa-miR-1308,miRNA,miRNA,miRNA-miRNA,,0.7649672249870199,,,0.7649672249870199,3.4270980760852643e-07,1.1222835482192548e-06,,
hsa-miR-340,hsa-miR-429,miRNA,miRNA,miRNA-miRNA,,0.7362388395930223,,,0.7362388395930223,1.5639196884716413e-06,4.2292358894861064e-06,,
hsa-miR-340,hsa-miR-509-3p,miRNA,miRNA,miRNA-miRNA,,0.7234814120522006,,,0.7234814120522006,2.8884921474440337e-06,7.252922288723107e-06,,
hsa-miR-340,hsa-miR-362-3p,miRNA,miRNA,miRNA-miRNA,,0.7164103931789259,,,0.7164103931789259,4.001185971916695e-06,9.589916108633371e-06,,
hsa-miR-340,hsa-miR-1274a,miRNA,miRNA,miRNA-miRNA,,0.6851593972523804,,,0.6851593972523804,1.5160215454927695e-05,3.121679326323158e-05,,
hsa-miR-362-3p,hsa-miR-1978,miRNA,miRNA,miRNA-miRNA,,0.7317775363057069,,,0.7317775363057069,1.9457387619843037e-06,5.130140712144263e-06,,
hsa-miR-362-3p,hsa-miR-520c-3p,miRNA,miRNA,miRNA-miRNA,,0.7287520807262601,,,0.7287520807262601,2.250992397792782e-06,5.857845713554316e-06,,
hsa-miR-362-3p,hsa-miR-454,miRNA,miRNA,miRNA-miRNA,,0.7002851096363506,,,0.7002851096363506,8.12404141061051e-06,1.7956283581399058e-05,,
hsa-miR-362-3p,hsa-miR-490-3p,miRNA,miRNA,miRNA-miRNA,,0.6844977382398666,,,0.6844977382398666,1.556662278037497e-05,3.197144832584705e-05,,
hsa-miR-362-3p,TGFBI,miRNA,mRNA,miRNA-mRNA,predicted,0.035271555431585264,,,-0.14048141123422594,,,52.1669,
hsa-miR-362-3p,CASP10,miRNA,mRNA,miRNA-mRNA,predicted,0.022541679657803387,,,-0.09652261761686864,,,51.6038795728,
hsa-miR-374a,hsa-miR-374b,miRNA,miRNA,miRNA-miRNA,,0.9249686578793187,,,0.9249686578793187,3.8580333672921237e-14,2.2073462337149933e-12,,
hsa-miR-374a,hsa-miR-532-5p,miRNA,miRNA,miRNA-miRNA,,0.8998001688059468,,,0.8998001688059468,2.489433189248351e-12,5.855210193743334e-11,,
hsa-miR-374a,hsa-miR-455-5p,miRNA,miRNA,miRNA-miRNA,,0.8929140520775034,,,0.8929140520775034,6.4344757429544344e-12,1.308125652311295e-10,,
hsa-miR-374a,hsa-miR-484,miRNA,miRNA,miRNA-miRNA,,0.8839485020598888,,,0.8839485020598888,2.0202612774241303e-11,3.2522936849405794e-10,,
hsa-miR-374a,hsa-miR-497,miRNA,miRNA,miRNA-miRNA,,0.8749717980750479,,,0.8749717980750479,5.8041795070436565e-11,7.722836852395297e-10,,
hsa-miR-374a,hsa-miR-1979,miRNA,miRNA,miRNA-miRNA,,0.8614135231245516,,,0.8614135231245516,2.4740059336515585e-10,2.583115704000884e-09,,
hsa-miR-374a,hsa-miR-490-3p,miRNA,miRNA,miRNA-miRNA,,0.848763950996921,,,0.848763950996921,8.392659839193437e-10,7.061471146212125e-09,,
hsa-miR-374a,hsa-miR-509-3p,miRNA,miRNA,miRNA-miRNA,,0.8211413659461049,,,0.8211413659461049,8.546859154140553e-09,4.911071866905727e-08,,
hsa-miR-374a,hsa-miR-1308,miRNA,miRNA,miRNA-miRNA,,0.8093471002256017,,,0.8093471002256017,2.0474539935943797e-08,1.0288648989141142e-07,,
hsa-miR-374a,hsa-miR-429,miRNA,miRNA,miRNA-miRNA,,0.8083582353523442,,,0.8083582353523442,2.1970390984193015e-08,1.0930610669775532e-07,,
hsa-miR-374a,hsa-miR-454,miRNA,miRNA,miRNA-miRNA,,0.8008799808782704,,,0.8008799808782704,3.6973310721357096e-08,1.6903893771579358e-07,,
hsa-miR-374a,hsa-miR-660,miRNA,miRNA,miRNA-miRNA,,0.8004473921911784,,,0.8004473921911784,3.807798895390788e-08,1.7329812018227393e-07,,
hsa-miR-374a,hsa-miR-663b,miRNA,miRNA,miRNA-miRNA,,0.7621571615154783,,,0.7621571615154783,4.0124881368117924e-07,1.2876614573662844e-06,,
hsa-miR-374a,hsa-miR-425,miRNA,miRNA,miRNA-miRNA,,0.7589058575198587,,,0.7589058575198587,4.802931312606574e-07,1.507099768927249e-06,,
hsa-miR-374a,hsa-miR-1274a,miRNA,miRNA,miRNA-miRNA,,0.7156916694639075,,,0.7156916694639075,4.133694945454346e-06,9.849912417380206e-06,,
hsa-miR-374a,hsa-miR-708,miRNA,miRNA,miRNA-miRNA,,0.6960172532926436,,,0.6960172532926436,9.724486095329599e-06,2.1018114847164084e-05,,
hsa-miR-374b,hsa-miR-497,miRNA,miRNA,miRNA-miRNA,,0.9062196953564482,,,0.9062196953564482,9.635792772288444e-13,2.8168868651835923e-11,,
hsa-miR-374b,hsa-miR-532-5p,miRNA,miRNA,miRNA-miRNA,,0.8785892639305879,,,0.8785892639305879,3.831613712194036e-11,5.580222879031677e-10,,
hsa-miR-374b,hsa-miR-1979,miRNA,miRNA,miRNA-miRNA,,0.8595492263480172,,,0.8595492263480172,2.983922003240979e-10,3.025470284298765e-09,,
hsa-miR-374b,hsa-miR-484,miRNA,miRNA,miRNA-miRNA,,0.8472641582181312,,,0.8472641582181312,9.629465019164486e-10,7.951754103454384e-09,,
hsa-miR-374b,hsa-miR-455-5p,miRNA,miRNA,miRNA-miRNA,,0.8388716589238123,,,0.8388716589238123,2.024729005875299e-09,1.4558419512622212e-08,,
hsa-miR-374b,hsa-miR-660,miRNA,miRNA,miRNA-miRNA,,0.830091178896804,,,0.830091178896804,4.2172549118648066e-09,2.7024169475229683e-08,,
hsa-miR-374b,hsa-miR-429,miRNA,miRNA,miRNA-miRNA,,0.8172006675481354,,,0.8172006675481354,1.1523188392411153e-08,6.47270259629827e-08,,
hsa-miR-374b,hsa-miR-490-3p,miRNA,miRNA,miRNA-miRNA,,0.8030135656684363,,,0.8030135656684363,3.194267628332223e-08,1.4910305188194117e-07,,
hsa-miR-374b,hsa-miR-663b,miRNA,miRNA,miRNA-miRNA,,0.7889243987758988,,,0.7889243987758988,8.133512803947448e-08,3.334157500492275e-07,,
hsa-miR-374b,hsa-miR-509-3p,miRNA,miRNA,miRNA-miRNA,,0.7543950457767529,,,0.7543950457767529,6.135761071252674e-07,1.8588292806631586e-06,,
hsa-miR-374b,hsa-miR-1308,miRNA,miRNA,miRNA-miRNA,,0.7488618399779452,,,0.7488618399779452,8.228139116096573e-07,2.4248489448099174e-06,,
hsa-miR-374b,hsa-miR-425,miRNA,miRNA,miRNA-miRNA,,0.7320555063187763,,,0.7320555063187763,1.919674783628965e-06,5.071436351209766e-06,,
hsa-miR-374b,hsa-miR-454,miRNA,miRNA,miRNA-miRNA,,0.7168807791704558,,,0.7168807791704558,3.916562383153463e-06,9.409617483221128e-06,,
hsa-miR-421,hsa-miR-1290,miRNA,miRNA,miRNA-miRNA,,0.79947895173212,,,0.79947895173212,4.066170587714522e-08,1.8401144863047074e-07,,
hsa-miR-421,hsa-miR-425,miRNA,miRNA,miRNA-miRNA,,0.7844137492317733,,,0.7844137492317733,1.08102533812779e-07,4.211582178211866e-07,,
hsa-miR-421,hsa-miR-708,miRNA,miRNA,miRNA-miRNA,,0.7596229192278053,,,0.7596229192278053,4.6172961514319455e-07,1.4606849199435181e-06,,
hsa-miR-421,hsa-miR-660,miRNA,miRNA,miRNA-miRNA,,0.7042000256960783,,,0.7042000256960783,6.869879392674221e-06,1.5474615842328604e-05,,
hsa-miR-421,hsa-miR-2117,miRNA,miRNA,miRNA-miRNA,,0.6947331322256388,,,0.6947331322256388,1.0259002763272346e-05,2.2018920721814442e-05,,
hsa-miR-421,hsa-miR-484,miRNA,miRNA,miRNA-miRNA,,0.693596825652213,,,0.693596825652213,1.0754005762928574e-05,2.3019664928128773e-05,,
hsa-miR-421,hsa-miR-520c-3p,miRNA,miRNA,miRNA-miRNA,,0.6835208362996937,,,0.6835208362996937,1.6184662353763643e-05,3.303749884139826e-05,,
hsa-miR-421,hsa-miR-532-5p,miRNA,miRNA,miRNA-miRNA,,0.6806874302791811,,,0.6806874302791811,1.8104586798090802e-05,3.64000352039928e-05,,
hsa-miR-421,ATM,miRNA,mRNA,miRNA-mRNA,predicted,0.20937511843789092,,,0.07887263359087505,,,59.8672,
hsa-miR-421,ETS1,miRNA,mRNA,miRNA-mRNA,predicted,0.6908231888772753,,,0.2085909218846757,,,81.16081693,
hsa-miR-421,EPS8,miRNA,mRNA,miRNA-mRNA,predicted,0.3567627392019139,,,0.13438397067476074,,,66.3859,
hsa-miR-421,LCK,miRNA,mRNA,miRNA-mRNA,predicted,0.44343580368360574,,,0.15680118721916375,,,70.2193,
hsa-miR-425,hsa-miR-660,miRNA,miRNA,miRNA-miRNA,,0.8307044499951863,,,0.8307044499951863,4.01202217642525e-09,2.5874635775496175e-08,,
hsa-miR-425,hsa-miR-532-5p,miRNA,miRNA,miRNA-miRNA,,0.8246671777995138,,,0.8246671777995138,6.501392240179852e-09,3.897915557173699e-08,,
hsa-miR-425,hsa-miR-1308,miRNA,miRNA,miRNA-miRNA,,0.7946055426696462,,,0.7946055426696462,5.6281303669377276e-08,2.426336073152379e-07,,
hsa-miR-425,hsa-miR-1975,miRNA,miRNA,miRNA-miRNA,,0.7851609274058327,,,0.7851609274058327,1.031742409367371e-07,4.047138442229502e-07,,
hsa-miR-425,hsa-miR-1979,miRNA,miRNA,miRNA-miRNA,,0.7851107109849185,,,0.7851107109849185,1.0349889596722201e-07,4.052828611637102e-07,,
hsa-miR-425,hsa-miR-708,miRNA,miRNA,miRNA-miRNA,,0.7745264154003344,,,0.7745264154003344,1.9712786032704253e-07,7.011519365984062e-07,,
hsa-miR-425,hsa-miR-1299,miRNA,miRNA,miRNA-miRNA,,0.7737869980356706,,,0.7737869980356706,2.0593807588439367e-07,7.273209822901205e-07,,
hsa-miR-425,hsa-miR-484,miRNA,miRNA,miRNA-miRNA,,0.7715707952368419,,,0.7715707952368419,2.3454696759457933e-07,8.097530714774e-07,,
hsa-miR-425,hsa-miR-455-5p,miRNA,miRNA,miRNA-miRNA,,0.7662754647331512,,,0.7662754647331512,3.1821559688680476e-07,1.0532673268856636e-06,,
hsa-miR-425,hsa-miR-490-3p,miRNA,miRNA,miRNA-miRNA,,0.7446580221729534,,,0.7446580221729534,1.0232094594665175e-06,2.927109917973859e-06,,
hsa-miR-425,hsa-miR-2117,miRNA,miRNA,miRNA-miRNA,,0.7434642572604158,,,0.7434642572604158,1.087718816139224e-06,3.0917770465845228e-06,,
hsa-miR-425,hsa-miR-497,miRNA,miRNA,miRNA-miRNA,,0.7397412612307235,,,0.7397412612307235,1.313440123799488e-06,3.617831977865853e-06,,
hsa-miR-425,hsa-miR-429,miRNA,miRNA,miRNA-miRNA,,0.72239064085252,,,0.72239064085252,3.0393401389797846e-06,7.593610266134771e-06,,
hsa-miR-425,hsa-miR-663b,miRNA,miRNA,miRNA-miRNA,,0.715370027690827,,,0.715370027690827,4.194274968735964e-06,9.975101692272882e-06,,
hsa-miR-425,hsa-miR-509-3p,miRNA,miRNA,miRNA-miRNA,,0.6978685480885523,,,0.6978685480885523,8.998177745605719e-06,1.960701951640419e-05,,
hsa-miR-425,hsa-miR-1978,miRNA,miRNA,miRNA-miRNA,,0.6971175992010509,,,0.6971175992010509,9.286655573177726e-06,2.0169769832199997e-05,,
hsa-miR-425,hsa-miR-494 (+++ See note below),miRNA,miRNA,miRNA-miRNA,,0.6891573293665365,,,0.6891573293665365,1.2901899605157913e-05,2.7011033935524017e-05,,
hsa-miR-425,hsa-miR-1290,miRNA,miRNA,miRNA-miRNA,,0.6875079174758005,,,0.6875079174758005,1.3793891838714457e-05,2.8668675046212454e-05,,
hsa-miR-425,hsa-miR-454,miRNA,miRNA,miRNA-miRNA,,0.6860016273050384,,,0.6860016273050384,1.4656768946444294e-05,3.02891432561968e-05,,
hsa-miR-429,hsa-miR-490-3p,miRNA,miRNA,miRNA-miRNA,,0.8487020335144663,,,0.8487020335144663,8.440672269943054e-10,7.086979547405017e-09,,
hsa-miR-429,hsa-miR-455-5p,miRNA,miRNA,miRNA-miRNA,,0.8207351646473863,,,0.8207351646473863,8.817136225638846e-09,5.059116129467562e-08,,
hsa-miR-429,hsa-miR-1979,miRNA,miRNA,miRNA-miRNA,,0.8162119755290004,,,0.8162119755290004,1.2406411126582831e-08,6.834618509211038e-08,,
hsa-miR-429,hsa-miR-509-3p,miRNA,miRNA,miRNA-miRNA,,0.8095923147534239,,,0.8095923147534239,2.0118377897311704e-08,1.0172987381284774e-07,,
hsa-miR-429,hsa-miR-532-5p,miRNA,miRNA,miRNA-miRNA,,0.8071943723631034,,,0.8071943723631034,2.385925686879655e-08,1.1724702301782845e-07,,
hsa-miR-429,hsa-miR-454,miRNA,miRNA,miRNA-miRNA,,0.7971966591617827,,,0.7971966591617827,4.7399526063126476e-08,2.1092789098091282e-07,,
hsa-miR-429,hsa-miR-497,miRNA,miRNA,miRNA-miRNA,,0.7940267178344701,,,0.7940267178344701,5.846322014136498e-08,2.504226702311944e-07,,
hsa-miR-429,hsa-miR-484,miRNA,miRNA,miRNA-miRNA,,0.7736586045595397,,,0.7736586045595397,2.0750409686390432e-07,7.315615386795218e-07,,
hsa-miR-429,hsa-miR-1308,miRNA,miRNA,miRNA-miRNA,,0.7713970038448674,,,0.7713970038448674,2.3693735394990696e-07,8.145673154304777e-07,,
hsa-miR-429,hsa-miR-708,miRNA,miRNA,miRNA-miRNA,,0.7598959621459065,,,0.7598959621459065,4.5483498278066715e-07,1.4434343154014041e-06,,
hsa-miR-429,hsa-miR-660,miRNA,miRNA,miRNA-miRNA,,0.7483151875880151,,,0.7483151875880151,8.466712984021855e-07,2.4841894139932256e-06,,
hsa-miR-429,hsa-miR-2117,miRNA,miRNA,miRNA-miRNA,,0.7429221283187379,,,0.7429221283187379,1.1182205064498249e-06,3.1672370073066116e-06,,
hsa-miR-429,hsa-miR-663b,miRNA,miRNA,miRNA-miRNA,,0.6903399922400235,,,0.6903399922400235,1.2294779514601278e-05,2.5944779258609725e-05,,
hsa-miR-429,hsa-miR-494 (+++ See note below),miRNA,miRNA,miRNA-miRNA,,0.6865019557526292,,,0.6865019557526292,1.436489572936773e-05,2.9731993486365766e-05,,
hsa-miR-429,PTHLH,miRNA,mRNA,miRNA-mRNA,validated,-0.1746593679528142,,,-0.1746593679528142,,,85.0002267353,Normal_vs_Metastatic
hsa-miR-429,NOTCH1,miRNA,mRNA,miRNA-mRNA,validated,0.1344257534442888,,,0.1344257534442888,,,80.9674,Normal_vs_Metastatic
hsa-miR-429,ETS1,miRNA,mRNA,miRNA-mRNA,predicted,0.23802449143057033,,,0.18307029158913907,,,61.134312304,
hsa-miR-429,DLC1,miRNA,mRNA,miRNA-mRNA,predicted,0.44309356308712683,,,-0.11572128915924207,,,70.2041632893,
hsa-miR-429,EPS8,miRNA,mRNA,miRNA-mRNA,predicted,0.9982167952651337,,,-0.08306652083947365,,,94.756305422,
hsa-miR-429,JUN,miRNA,mRNA,miRNA-mRNA,predicted,0.9773589740292292,,,-0.10983796717899189,,,93.8338,
hsa-miR-429,TIMP2,miRNA,mRNA,miRNA-mRNA,predicted,0.8415772708878138,,,0.09764003456486932,,,87.8284096987,
hsa-miR-454,hsa-miR-455-5p,miRNA,miRNA,miRNA-miRNA,,0.8630537370551327,,,0.8630537370551327,2.0932374866085811e-10,2.2475646471494284e-09,,
hsa-miR-454,hsa-miR-490-3p,miRNA,miRNA,miRNA-miRNA,,0.8528097931553976,,,0.8528097931553976,5.749075359704454e-10,5.1858213548685446e-09,,
hsa-miR-454,hsa-miR-509-3p,miRNA,miRNA,miRNA-miRNA,,0.8047665197059503,,,0.8047665197059503,2.8288468305257924e-08,1.3423615587980806e-07,,
hsa-miR-454,hsa-miR-532-5p,miRNA,miRNA,miRNA-miRNA,,0.7830735996014391,,,0.7830735996014391,1.1748568146775923e-07,4.5199822697250314e-07,,
hsa-miR-454,hsa-miR-1308,miRNA,miRNA,miRNA-miRNA,,0.7777295771426883,,,0.7777295771426883,1.6280373589027665e-07,5.981917084775762e-07,,
hsa-miR-454,hsa-miR-484,miRNA,miRNA,miRNA-miRNA,,0.7695921644716556,,,0.7695921644716556,2.631129502149411e-07,8.877568370773709e-07,,
hsa-miR-454,hsa-miR-708,miRNA,miRNA,miRNA-miRNA,,0.7645091464197988,,,0.7645091464197988,3.5168565547017434e-07,1.147922616265728e-06,,
hsa-miR-454,hsa-miR-660,miRNA,miRNA,miRNA-miRNA,,0.7493456739243687,,,0.7493456739243687,8.022112409583544e-07,2.3781317690882376e-06,,
hsa-miR-454,hsa-miR-1978,miRNA,miRNA,miRNA-miRNA,,0.7430878340444038,,,0.7430878340444038,1.1088157534854657e-06,3.1428217216626255e-06,,
hsa-miR-454,hsa-miR-1979,miRNA,miRNA,miRNA-miRNA,,0.7405928025840998,,,0.7405928025840998,1.2583459800413634e-06,3.5070811761069317e-06,,
hsa-miR-454,hsa-miR-494 (+++ See note below),miRNA,miRNA,miRNA-miRNA,,0.7335184962723745,,,0.7335184962723745,1.7876575805484544e-06,4.7666901531934486e-06,,
hsa-miR-454,hsa-miR-663b,miRNA,miRNA,miRNA-miRNA,,0.7037836596105201,,,0.7037836596105201,6.994376290867779e-06,1.5737346654452504e-05,,
hsa-miR-454,hsa-miR-497,miRNA,miRNA,miRNA-miRNA,,0.6818188687147316,,,0.6818188687147316,1.731455350672488e-05,3.500494033035494e-05,,
hsa-miR-455-5p,hsa-miR-490-3p,miRNA,miRNA,miRNA-miRNA,,0.8862858634801756,,,0.8862858634801756,1.5131484914029508e-11,2.612137805202077e-10,,
hsa-miR-455-5p,hsa-miR-532-5p,miRNA,miRNA,miRNA-miRNA,,0.8850770387557771,,,0.8850770387557771,1.758482336899194e-11,2.9591267896139803e-10,,
hsa-miR-455-5p,hsa-miR-509-3p,miRNA,miRNA,miRNA-miRNA,,0.8767494533990496,,,0.8767494533990496,4.740395946790957e-11,6.524153184500955e-10,,
hsa-miR-455-5p,hsa-miR-497,miRNA,miRNA,miRNA-miRNA,,0.8171570822805121,,,0.8171570822805121,1.156087255739739e-08,6.484775152993915e-08,,
hsa-miR-455-5p,hsa-miR-660,miRNA,miRNA,miRNA-miRNA,,0.8125548243403975,,,0.8125548243403975,1.624239594054512e-08,8.57059232435879e-08,,
hsa-miR-455-5p,hsa-miR-1308,miRNA,miRNA,miRNA-miRNA,,0.805929264000734,,,0.805929264000734,2.6080777508119126e-08,1.272271789525178e-07,,
hsa-miR-455-5p,hsa-miR-1979,miRNA,miRNA,miRNA-miRNA,,0.8019031360129196,,,0.8019031360129196,3.4476572503930474e-08,1.5999846219958464e-07,,
hsa-miR-455-5p,hsa-miR-484,miRNA,miRNA,miRNA-miRNA,,0.7937275591682675,,,0.7937275591682675,5.96210724105347e-08,2.532158847973521e-07,,
hsa-miR-455-5p,hsa-miR-1299,miRNA,miRNA,miRNA-miRNA,,0.7883010245319075,,,0.7883010245319075,8.463111413670618e-08,3.4551234670490136e-07,,
hsa-miR-455-5p,hsa-miR-663b,miRNA,miRNA,miRNA-miRNA,,0.7853859323343022,,,0.7853859323343022,1.0173098152046344e-07,4.0101631987151195e-07,,
hsa-miR-455-5p,hsa-miR-708,miRNA,miRNA,miRNA-miRNA,,0.7741317596564881,,,0.7741317596564881,2.0178634575700172e-07,7.15814273478115e-07,,
hsa-miR-455-5p,hsa-miR-2117,miRNA,miRNA,miRNA-miRNA,,0.7489517765427858,,,0.7489517765427858,8.189480944265733e-07,2.4152335185408145e-06,,
hsa-miR-455-5p,hsa-miR-494 (+++ See note below),miRNA,miRNA,miRNA-miRNA,,0.7413890354902033,,,0.7413890354902033,1.2087432987473788e-06,3.3876955293794623e-06,,
hsa-miR-455-5p,hsa-miR-934,miRNA,miRNA,miRNA-miRNA,,0.7239478854820975,,,0.7239478854820975,2.826084073687464e-06,7.14098846379703e-06,,
hsa-miR-455-5p,MPL,miRNA,mRNA,miRNA-mRNA,predicted,0.6087440878034457,,,0.13453134054522056,,,77.5306,
hsa-miR-484,hsa-miR-490-3p,miRNA,miRNA,miRNA-miRNA,,0.8863879390642828,,,0.8863879390642828,1.4939552216783196e-11,2.6014307229659435e-10,,
hsa-miR-484,hsa-miR-1979,miRNA,miRNA,miRNA-miRNA,,0.8494472583840756,,,0.8494472583840756,7.8792762266732e-10,6.657489723170077e-09,,
hsa-miR-484,hsa-miR-532-5p,miRNA,miRNA,miRNA-miRNA,,0.8403571763192861,,,0.8403571763192861,1.7806775576526132e-09,1.3061563403660653e-08,,
hsa-miR-484,hsa-miR-497,miRNA,miRNA,miRNA-miRNA,,0.8322308078954743,,,0.8322308078954743,3.5404875832923166e-09,2.3515178724851955e-08,,
hsa-miR-484,hsa-miR-660,miRNA,miRNA,miRNA-miRNA,,0.822726985081286,,,0.822726985081286,7.56313042732183e-09,4.4155010730938675e-08,,
hsa-miR-484,hsa-miR-1308,miRNA,miRNA,miRNA-miRNA,,0.8097229770741787,,,0.8097229770741787,1.9930930317015364e-08,1.0104224799955257e-07,,
hsa-miR-484,hsa-miR-708,miRNA,miRNA,miRNA-miRNA,,0.8053467990282595,,,0.8053467990282595,2.716611015814753e-08,1.3076955671079432e-07,,
hsa-miR-484,hsa-miR-509-3p,miRNA,miRNA,miRNA-miRNA,,0.769539273219942,,,0.769539273219942,2.6391843844211996e-07,8.897250386874498e-07,,
hsa-miR-484,hsa-miR-2117,miRNA,miRNA,miRNA-miRNA,,0.7466232838192792,,,0.7466232838192792,9.245639410708112e-07,2.6813023779787103e-06,,
hsa-miR-484,hsa-miR-1975,miRNA,miRNA,miRNA-miRNA,,0.7258928125503246,,,0.7258928125503246,2.5788644344326423e-06,6.603805664899445e-06,,
hsa-miR-484,hsa-miR-1274a,miRNA,miRNA,miRNA-miRNA,,0.7193055013073408,,,0.7193055013073408,3.5055630078465935e-06,8.534820575334715e-06,,
hsa-miR-484,hsa-miR-494 (+++ See note below),miRNA,miRNA,miRNA-miRNA,,0.7104498658956426,,,0.7104498658956426,5.227141206685725e-06,1.2143097756830817e-05,,
hsa-miR-484,hsa-miR-663b,miRNA,miRNA,miRNA-miRNA,,0.6924920962914352,,,0.6924920962914352,1.1255861931463433e-05,2.396583042823554e-05,,
hsa-miR-484,hsa-miR-1978,miRNA,miRNA,miRNA-miRNA,,0.6795081277299587,,,0.6795081277299587,1.896253462888848e-05,3.802951987416043e-05,,
hsa-miR-484,ETS1,miRNA,mRNA,miRNA-mRNA,predicted,0.1061289448976401,,,0.2608896517538927,,,55.3008,
hsa-miR-484,MMP14,miRNA,mRNA,miRNA-mRNA,predicted,0.48857690827612593,,,0.05755657548461219,,,72.2158131195,
hsa-miR-490-3p,hsa-miR-509-3p,miRNA,miRNA,miRNA-miRNA,,0.9290765683602442,,,0.9290765683602442,1.70478913479589e-14,1.1379467474762566e-12,,
hsa-miR-490-3p,hsa-miR-532-5p,miRNA,miRNA,miRNA-miRNA,,0.8502410404384495,,,0.8502410404384495,7.319333451281173e-10,6.29054301982427e-09,,
hsa-miR-490-3p,hsa-miR-708,miRNA,miRNA,miRNA-miRNA,,0.840688037643156,,,0.840688037643156,1.7301528451769168e-09,1.2804874506454698e-08,,
hsa-miR-490-3p,hsa-miR-497,miRNA,miRNA,miRNA-miRNA,,0.8270667725536824,,,0.8270667725536824,5.378271426610527e-09,3.329208201479932e-08,,
hsa-miR-490-3p,hsa-miR-1308,miRNA,miRNA,miRNA-miRNA,,0.804117339200344,,,0.804117339200344,2.959445005578771e-08,1.3960632800168407e-07,,
hsa-miR-490-3p,hsa-miR-2117,miRNA,miRNA,miRNA-miRNA,,0.7957562931845841,,,0.7957562931845841,5.2163704019336546e-08,2.2757694400592905e-07,,
hsa-miR-490-3p,hsa-miR-1979,miRNA,miRNA,miRNA-miRNA,,0.7857688016688276,,,0.7857688016688276,9.931757259116552e-08,3.934390486920059e-07,,
hsa-miR-490-3p,hsa-miR-660,miRNA,miRNA,miRNA-miRNA,,0.7779155931177091,,,0.7779155931177091,1.6098959588428718e-07,5.932147443977937e-07,,
hsa-miR-490-3p,hsa-miR-494 (+++ See note below),miRNA,miRNA,miRNA-miRNA,,0.7588902303536663,,,0.7588902303536663,4.807051738188981e-07,1.507099768927249e-06,,
hsa-miR-490-3p,hsa-miR-1299,miRNA,miRNA,miRNA-miRNA,,0.7321840020604176,,,0.7321840020604176,1.907734024303053e-06,5.0432176682070805e-06,,
hsa-miR-490-3p,hsa-miR-520c-3p,miRNA,miRNA,miRNA-miRNA,,0.7276461845642136,,,0.7276461845642136,2.3730201705616456e-06,6.135536335119039e-06,,
hsa-miR-490-3p,hsa-miR-1305,miRNA,miRNA,miRNA-miRNA,,0.7076783580875298,,,0.7076783580875298,5.9056810883351354e-06,1.3562071535998979e-05,,
hsa-miR-490-3p,hsa-miR-1978,miRNA,miRNA,miRNA-miRNA,,0.7014409901247657,,,0.7014409901247657,7.733759027731416e-06,1.718851548616222e-05,,
hsa-miR-490-3p,hsa-miR-663b,miRNA,miRNA,miRNA-miRNA,,0.688286973272957,,,0.688286973272957,1.3365864842416416e-05,2.783686359536024e-05,,
hsa-miR-490-3p,hsa-miR-1274a,miRNA,miRNA,miRNA-miRNA,,0.6810691392650488,,,0.6810691392650488,1.7834493185050547e-05,3.589303779202384e-05,,
hsa-miR-494 (+++ See note below),hsa-miR-2117,miRNA,miRNA,miRNA-miRNA,,0.9176009257642727,,,0.9176009257642727,1.4955556073686663e-13,6.655222452790565e-12,,
hsa-miR-494 (+++ See note below),hsa-miR-708,miRNA,miRNA,miRNA-miRNA,,0.8973282210991836,,,0.8973282210991836,3.5276493958591176e-12,7.805655154925838e-11,,
hsa-miR-494 (+++ See note below),hsa-miR-1308,miRNA,miRNA,miRNA-miRNA,,0.896967289055456,,,0.896967289055456,3.709097594123346e-12,8.162052672782417e-11,,
hsa-miR-494 (+++ See note below),hsa-miR-1978,miRNA,miRNA,miRNA-miRNA,,0.8728502315345128,,,0.8728502315345128,7.361240197971229e-11,9.389097768431457e-10,,
hsa-miR-494 (+++ See note below),hsa-miR-1246,miRNA,miRNA,miRNA-miRNA,,0.7984783046865349,,,0.7984783046865349,4.349950365856492e-08,1.9487193753081938e-07,,
hsa-miR-494 (+++ See note below),hsa-miR-509-3p,miRNA,miRNA,miRNA-miRNA,,0.7972309117701658,,,0.7972309117701658,4.7291255516292484e-08,2.1068017613209276e-07,,
hsa-miR-494 (+++ See note below),hsa-miR-1305,miRNA,miRNA,miRNA-miRNA,,0.739232166521266,,,0.739232166521266,1.347418570923653e-06,3.698705535674593e-06,,
hsa-miR-494 (+++ See note below),hsa-miR-1290,miRNA,miRNA,miRNA-miRNA,,0.7202020008472133,,,0.7202020008472133,3.363807445754581e-06,8.255058568964982e-06,,
hsa-miR-494 (+++ See note below),hsa-miR-532-5p,miRNA,miRNA,miRNA-miRNA,,0.6955684523148558,,,0.6955684523148558,9.908364893164374e-06,2.1346423559506894e-05,,
hsa-miR-494 (+++ See note below),hsa-miR-660,miRNA,miRNA,miRNA-miRNA,,0.6929374520348317,,,0.6929374520348317,1.1051052362597792e-05,2.3579895957487562e-05,,
hsa-miR-494 (+++ See note below),hsa-miR-1299,miRNA,miRNA,miRNA-miRNA,,0.6830055737526449,,,0.6830055737526449,1.651949205634794e-05,3.3601099891149564e-05,,
hsa-miR-497,hsa-miR-1979,miRNA,miRNA,miRNA-miRNA,,0.852284692817036,,,0.852284692817036,6.042211965369622e-10,5.401146923734319e-09,,
hsa-miR-497,hsa-miR-532-5p,miRNA,miRNA,miRNA-miRNA,,0.8240933523557695,,,0.8240933523557695,6.800158669321351e-09,4.0527731355107156e-08,,
hsa-miR-497,hsa-miR-509-3p,miRNA,miRNA,miRNA-miRNA,,0.816092953705849,,,0.816092953705849,1.2516832097572418e-08,6.876531214098427e-08,,
hsa-miR-497,hsa-miR-1308,miRNA,miRNA,miRNA-miRNA,,0.792500158243759,,,0.792500158243759,6.459508713735706e-08,2.71177488453999e-07,,
hsa-miR-497,hsa-miR-548g,miRNA,miRNA,miRNA-miRNA,,0.7838257033096007,,,0.7838257033096007,1.1213183078475421e-07,4.3390143216709233e-07,,
hsa-miR-497,hsa-miR-660,miRNA,miRNA,miRNA-miRNA,,0.7402204994223928,,,0.7402204994223928,1.2821693858349987e-06,3.553694387729529e-06,,
hsa-miR-497,hsa-miR-708,miRNA,miRNA,miRNA-miRNA,,0.717505016957131,,,0.717505016957131,3.8067693933671557e-06,9.17887502735428e-06,,
hsa-miR-497,hsa-miR-663b,miRNA,miRNA,miRNA-miRNA,,0.7122122927104456,,,0.7122122927104456,4.83327211338294e-06,1.1298821607744866e-05,,
hsa-miR-497,hsa-miR-2117,miRNA,miRNA,miRNA-miRNA,,0.6806487593656495,,,0.6806487593656495,1.8132154873463844e-05,3.643717022991606e-05,,
hsa-miR-509-3p,hsa-miR-708,miRNA,miRNA,miRNA-miRNA,,0.827105032525111,,,0.827105032525111,5.361907852309685e-09,3.324216865092924e-08,,
hsa-miR-509-3p,hsa-miR-2117,miRNA,miRNA,miRNA-miRNA,,0.803553060984782,,,0.803553060984782,3.0774357202757916e-08,1.4449155990274965e-07,,
hsa-miR-509-3p,hsa-miR-1308,miRNA,miRNA,miRNA-miRNA,,0.802619643359825,,,0.802619643359825,3.2821313272636404e-08,1.5302602986834552e-07,,
hsa-miR-509-3p,hsa-miR-532-5p,miRNA,miRNA,miRNA-miRNA,,0.7934428083875819,,,0.7934428083875819,6.07426574481671e-08,2.571610391965214e-07,,
hsa-miR-509-3p,hsa-miR-1979,miRNA,miRNA,miRNA-miRNA,,0.7273059327112301,,,0.7273059327112301,2.4117566396479487e-06,6.227650123655728e-06,,
hsa-miR-509-3p,hsa-miR-548g,miRNA,miRNA,miRNA-miRNA,,0.688992178167418,,,0.688992178167418,1.2988802164611869e-05,2.7150392833648504e-05,,
hsa-miR-509-3p,hsa-miR-1299,miRNA,miRNA,miRNA-miRNA,,0.6839027574717894,,,0.6839027574717894,1.594044895788127e-05,3.258881984497932e-05,,
hsa-miR-509-3p,IL1A,miRNA,mRNA,miRNA-mRNA,validated,0.2058769498814225,,,0.2058769498814225,,,73.4877,Normal_vs_Metastatic
hsa-miR-520c-3p,hsa-miR-1305,miRNA,miRNA,miRNA-miRNA,,0.8540106152600486,,,0.8540106152600486,5.127348431581427e-10,4.7979043150662655e-09,,
hsa-miR-520c-3p,hsa-miR-1299,miRNA,miRNA,miRNA-miRNA,,0.827320089293126,,,0.827320089293126,5.2707788069811714e-09,3.288079302485918e-08,,
hsa-miR-520c-3p,hsa-miR-708,miRNA,miRNA,miRNA-miRNA,,0.7608402962421996,,,0.7608402962421996,4.3170804872074373e-07,1.3765849801963204e-06,,
hsa-miR-520c-3p,hsa-miR-2117,miRNA,miRNA,miRNA-miRNA,,0.6944629836956874,,,0.6944629836956874,1.0374780615553266e-05,2.2255488144237186e-05,,
hsa-miR-520c-3p,hsa-miR-1290,miRNA,miRNA,miRNA-miRNA,,0.6880323864154108,,,0.6880323864154108,1.3504400218579406e-05,2.8096167727485983e-05,,
hsa-miR-520c-3p,TIMP3,miRNA,mRNA,miRNA-mRNA,predicted,0.4734414967690269,,,0.10307587432510708,,,71.5464,
hsa-miR-520c-3p,ESR1,miRNA,mRNA,miRNA-mRNA,predicted,0.20241237170352702,,,-0.11427691595338195,,,59.5592497332,
hsa-miR-532-5p,hsa-miR-660,miRNA,miRNA,miRNA-miRNA,,0.8941969498128653,,,0.8941969498128653,5.417960732472182e-12,1.142049091239531e-10,,
hsa-miR-532-5p,hsa-miR-1979,miRNA,miRNA,miRNA-miRNA,,0.8545181068973129,,,0.8545181068973129,4.88375339364451e-10,4.613073665459025e-09,,
hsa-miR-532-5p,hsa-miR-1308,miRNA,miRNA,miRNA-miRNA,,0.8459225732328718,,,0.8459225732328718,1.0876058126877816e-09,8.764308410089669e-09,,
hsa-miR-532-5p,hsa-miR-663b,miRNA,miRNA,miRNA-miRNA,,0.801111784297916,,,0.801111784297916,3.6393545066818616e-08,1.6759805837768404e-07,,
hsa-miR-532-5p,hsa-miR-1975,miRNA,miRNA,miRNA-miRNA,,0.7774902178227849,,,0.7774902178227849,1.6516563984237474e-07,6.046511769366644e-07,,
hsa-miR-532-5p,hsa-miR-2117,miRNA,miRNA,miRNA-miRNA,,0.7281637140062936,,,0.7281637140062936,2.3151849575300997e-06,6.017077063535398e-06,,
hsa-miR-532-5p,hsa-miR-708,miRNA,miRNA,miRNA-miRNA,,0.7175177525604935,,,0.7175177525604935,3.804558795196319e-06,9.17887502735428e-06,,
hsa-miR-532-5p,hsa-miR-1274a,miRNA,miRNA,miRNA-miRNA,,0.7008998046802909,,,0.7008998046802909,7.914324816843933e-06,1.7560593291667562e-05,,
hsa-miR-532-5p,hsa-miR-1299,miRNA,miRNA,miRNA-miRNA,,0.6928633479893659,,,0.6928633479893659,1.1084895724275926e-05,2.3639514044582046e-05,,
hsa-miR-532-5p,IL1A,miRNA,mRNA,miRNA-mRNA,predicted,0.3034913855145045,,,0.2291620688994567,,,64.0298,
hsa-miR-542-3p,hsa-miR-579 (+++ See note below),miRNA,miRNA,miRNA-miRNA,,0.9903923732384048,,,0.9903923732384048,2.437877109333383e-27,9.763697822880199e-24,,
hsa-miR-542-3p,FLT3,miRNA,mRNA,miRNA-mRNA,validated,-0.1011795767162242,,,-0.1011795767162242,,,74.8162175616,Normal_vs_Metastatic
hsa-miR-542-3p,CSF3,miRNA,mRNA,miRNA-mRNA,predicted,0.3436641652422494,,,-0.08426294570674664,,,65.8065726886,
hsa-miR-548g,hsa-miR-1979,miRNA,miRNA,miRNA-miRNA,,0.6834682603583485,,,0.6834682603583485,1.621854443522263e-05,3.308979646615722e-05,,
hsa-miR-660,hsa-miR-663b,miRNA,miRNA,miRNA-miRNA,,0.8510863393123957,,,0.8510863393123957,6.763581140100322e-10,5.940382119759165e-09,,
hsa-miR-660,hsa-miR-1308,miRNA,miRNA,miRNA-miRNA,,0.8145246681139946,,,0.8145246681139946,1.4058706344072297e-08,7.57807791494072e-08,,
hsa-miR-660,hsa-miR-1979,miRNA,miRNA,miRNA-miRNA,,0.7897775447102956,,,0.7897775447102956,7.701480178660108e-08,3.166779067303258e-07,,
hsa-miR-660,hsa-miR-1975,miRNA,miRNA,miRNA-miRNA,,0.7575433603245212,,,0.7575433603245212,5.174555287386759e-07,1.6003161332806154e-06,,
hsa-miR-660,hsa-miR-708,miRNA,miRNA,miRNA-miRNA,,0.7277981913002983,,,0.7277981913002983,2.3558982667425138e-06,6.09914192521252e-06,,
hsa-miR-660,hsa-miR-2117,miRNA,miRNA,miRNA-miRNA,,0.6993314895599295,,,0.6993314895599295,8.459361845250431e-06,1.856424339190574e-05,,
hsa-miR-660,hsa-miR-1978,miRNA,miRNA,miRNA-miRNA,,0.6811128293761359,,,0.6811128293761359,1.7803811609964228e-05,3.5849303920516204e-05,,
hsa-miR-660,hsa-miR-1299,miRNA,miRNA,miRNA-miRNA,,0.6791005756636911,,,0.6791005756636911,1.9267452854993763e-05,3.858307434212501e-05,,
hsa-miR-663b,hsa-miR-1979,miRNA,miRNA,miRNA-miRNA,,0.7224289841660414,,,0.7224289841660414,3.033918378374466e-06,7.585978474359225e-06,,
hsa-miR-663b,hsa-miR-1308,miRNA,miRNA,miRNA-miRNA,,0.7096913672122124,,,0.7096913672122124,5.405436508923542e-06,1.252097930493857e-05,,
hsa-miR-663b,MMP14,miRNA,mRNA,miRNA-mRNA,predicted,0.30042995066209743,,,0.17571747134199023,,,63.8943980220799,
hsa-miR-663b,ETV6,miRNA,mRNA,miRNA-mRNA,predicted,0.044012570386617926,,,0.3112373606446478,,,52.5535,
hsa-miR-708,hsa-miR-2117,miRNA,miRNA,miRNA-miRNA,,0.9275109201861433,,,0.9275109201861433,2.3404783452157738e-14,1.4878755194585989e-12,,
hsa-miR-708,hsa-miR-1308,miRNA,miRNA,miRNA-miRNA,,0.8784022667423523,,,0.8784022667423523,3.916014586357276e-11,5.682477687811917e-10,,
hsa-miR-708,hsa-miR-1305,miRNA,miRNA,miRNA-miRNA,,0.8364484890873642,,,0.8364484890873642,2.4898147763928385e-09,1.7402632075834763e-08,,
hsa-miR-708,hsa-miR-1978,miRNA,miRNA,miRNA-miRNA,,0.8120109339398643,,,0.8120109339398643,1.689798789848327e-08,8.846593664500065e-08,,
hsa-miR-708,hsa-miR-1246,miRNA,miRNA,miRNA-miRNA,,0.788702880215532,,,0.788702880215532,8.249264829370035e-08,3.374699248378651e-07,,
hsa-miR-708,hsa-miR-1290,miRNA,miRNA,miRNA-miRNA,,0.7814881795875437,,,0.7814881795875437,1.295464693356262e-07,4.922520016026404e-07,,
hsa-miR-708,hsa-miR-1299,miRNA,miRNA,miRNA-miRNA,,0.7682063117645468,,,0.7682063117645468,2.8497792823695154e-07,9.52701671610176e-07,,
hsa-miR-708,hsa-miR-1979,miRNA,miRNA,miRNA-miRNA,,0.7404790175698381,,,0.7404790175698381,1.2655838573110718e-06,3.522351180354998e-06,,
hsa-miR-708,hsa-miR-1975,miRNA,miRNA,miRNA-miRNA,,0.6812505279604223,,,0.6812505279604223,1.7707423610301112e-05,3.567315470787523e-05,,
hsa-miR-934,hsa-miR-1299,miRNA,miRNA,miRNA-miRNA,,0.7428679169484876,,,0.7428679169484876,1.121313056387073e-06,3.173751795639737e-06,,
hsa-miR-934,ESR1,miRNA,mRNA,miRNA-mRNA,validated,-0.1861817261276775,,,-0.1861817261276775,,,92.1195935150682,Normal_vs_Metastatic
hsa-miR-934,LIF,miRNA,mRNA,miRNA-mRNA,predicted,0.25262799378444406,,,0.09692812543701529,,,61.7802,
hsa-miR-1246,hsa-miR-2117,miRNA,miRNA,miRNA-miRNA,,0.8408112470250207,,,0.8408112470250207,1.711678050886994e-09,1.269494554407854e-08,,
hsa-miR-1246,hsa-miR-1308,miRNA,miRNA,miRNA-miRNA,,0.7367675034387504,,,0.7367675034387504,1.5235193780703995e-06,4.133939775861755e-06,,
hsa-miR-1246,hsa-miR-1978,miRNA,miRNA,miRNA-miRNA,,0.705963478458971,,,0.705963478458971,6.364544373485004e-06,1.4491188297787062e-05,,
hsa-miR-1246,hsa-miR-1299,miRNA,miRNA,miRNA-miRNA,,0.6924776226746939,,,0.6924776226746939,1.126257525297309e-05,2.396738251230458e-05,,
hsa-miR-1274a,hsa-miR-1308,miRNA,miRNA,miRNA-miRNA,,0.730063308326344,,,0.730063308326344,2.1137168768806292e-06,5.5402068664312304e-06,,
hsa-miR-1290,hsa-miR-2117,miRNA,miRNA,miRNA-miRNA,,0.7576669799962681,,,0.7576669799962681,5.139785993222815e-07,1.5939576463681788e-06,,
hsa-miR-1290,hsa-miR-1979,miRNA,miRNA,miRNA-miRNA,,0.6974153267810532,,,0.6974153267810532,9.171296627838925e-06,1.995168006219169e-05,,
hsa-miR-1290,hsa-miR-1308,miRNA,miRNA,miRNA-miRNA,,0.6842861144102101,,,0.6842861144102101,1.5698668801766495e-05,3.2209615036411275e-05,,
hsa-miR-1290,GAS1,miRNA,mRNA,miRNA-mRNA,predicted,0.20488930010607903,,,0.18861258147893453,,,59.6688,
hsa-miR-1290,NOTCH1,miRNA,mRNA,miRNA-mRNA,predicted,0.11737514468717249,,,0.16422026708012188,,,55.7982,
hsa-miR-1290,IGF1,miRNA,mRNA,miRNA-mRNA,predicted,0.39613228323619254,,,-0.11734471412643545,,,68.1271469606735,
hsa-miR-1299,hsa-miR-1305,miRNA,miRNA,miRNA-miRNA,,0.823234075686729,,,0.823234075686729,7.2712316017512e-09,4.3078820362446087e-08,,
hsa-miR-1299,hsa-miR-2117,miRNA,miRNA,miRNA-miRNA,,0.7796710336144926,,,0.7796710336144926,1.4475820494726757e-07,5.415532657036905e-07,,
hsa-miR-1299,hsa-miR-1975,miRNA,miRNA,miRNA-miRNA,,0.6802371071335488,,,0.6802371071335488,1.8427974417428535e-05,3.7013057944734846e-05,,
hsa-miR-1299,ETS1,miRNA,mRNA,miRNA-mRNA,predicted,0.9999999999977389,,,0.05327582131178865,,,94.8351734886,
hsa-miR-1299,CD34,miRNA,mRNA,miRNA-mRNA,predicted,0.732904991909289,,,-0.10308810433485904,,,83.0220224233975,
hsa-miR-1299,MYCL1,miRNA,mRNA,miRNA-mRNA,predicted,0.9558495518970529,,,0.15694839841298125,,,92.8824753953542,
hsa-miR-1305,hsa-miR-2117,miRNA,miRNA,miRNA-miRNA,,0.7851071907703279,,,0.7851071907703279,1.0352168963058067e-07,4.052828611637102e-07,,
hsa-miR-1305,hsa-miR-1978,miRNA,miRNA,miRNA-miRNA,,0.7035665951534668,,,0.7035665951534668,7.060087667244757e-06,1.5876277994000702e-05,,
hsa-miR-1305,CAV1,miRNA,mRNA,miRNA-mRNA,predicted,0.892236291839026,,,0.07340002079107642,,,90.068970732,
hsa-miR-1305,WEE1,miRNA,mRNA,miRNA-mRNA,predicted,0.986198139648122,,,-0.06953330272683629,,,94.2247410344043,
hsa-miR-1305,IGF1,miRNA,mRNA,miRNA-mRNA,predicted,0.8855450030726486,,,-0.08601317246313972,,,89.7730265824488,
hsa-miR-1308,hsa-miR-1978,miRNA,miRNA,miRNA-miRNA,,0.8528525047042009,,,0.8528525047042009,5.725818440366831e-10,5.176501772837281e-09,,
hsa-miR-1308,hsa-miR-2117,miRNA,miRNA,miRNA-miRNA,,0.8477689800480207,,,0.8477689800480207,9.195550434628924e-10,7.660531403200116e-09,,
hsa-miR-1308,hsa-miR-1979,miRNA,miRNA,miRNA-miRNA,,0.782423530760538,,,0.782423530760538,1.2230074762354228e-07,4.6738024258806e-07,,
hsa-miR-1308,hsa-miR-1975,miRNA,miRNA,miRNA-miRNA,,0.7591792689189337,,,0.7591792689189337,4.731360576703739e-07,1.4897090495045972e-06,,
hsa-miR-1975,hsa-miR-1979,miRNA,miRNA,miRNA-miRNA,,0.7030311590380105,,,0.7030311590380105,7.224576957494225e-06,1.6191623231541337e-05,,
hsa-miR-1975,hsa-miR-1978,miRNA,miRNA,miRNA-miRNA,,0.681543499071355,,,0.681543499071355,1.750391144211089e-05,3.531645608345296e-05,,
hsa-miR-1978,hsa-miR-2117,miRNA,miRNA,miRNA-miRNA,,0.775821726199948,,,0.775821726199948,1.825208858576608e-07,6.579623293068692e-07,,
hsa-miR-1979,hsa-miR-2117,miRNA,miRNA,miRNA-miRNA,,0.7450103536399003,,,0.7450103536399003,1.0048478318053228e-06,2.8780015390419726e-06,,
hsa-miR-2117,SPP1,miRNA,mRNA,miRNA-mRNA,validated,0.1081775511294524,,,0.1081775511294524,,,79.4959,Normal_vs_Metastatic
BCL2A1,MMP9,mRNA,mRNA,mRNA-mRNA,,0.6091384337931138,,,0.6091384337931138,0.00021558447101919557,0.002868833755756842,,
BCL2A1,PLAUR,mRNA,mRNA,mRNA-mRNA,,0.5911456563861264,,,0.5911456563861264,0.00036706815154295236,0.004128147982936703,,
BCL2A1,ETS1,mRNA,mRNA,mRNA-mRNA,,0.5839119702260895,,,0.5839119702260895,0.0004506995554376104,0.004718530476556355,,
BCL2A1,TGFA,mRNA,mRNA,mRNA-mRNA,,0.5336286372460588,,,0.5336286372460588,0.0016594340177945091,0.012588809790165243,,
BCL2A1,CSK,mRNA,mRNA,mRNA-mRNA,,0.508914853235061,,,0.508914853235061,0.0029348377038516888,0.02017700921398036,,
BCL2A1,LCK,mRNA,mRNA,mRNA-mRNA,,0.4964120784748442,,,0.4964120784748442,0.00385503912292613,0.02515576376824678,,
BCL2A1,TNFRSF1B,mRNA,mRNA,mRNA-mRNA,,0.4800440129107261,,,0.4800440129107261,0.005427549500839353,0.03161282842621907,,
BCL2A1,NOTCH1,mRNA,mRNA,mRNA-mRNA,,0.4644825687472351,,,0.4644825687472351,0.0074026570126541165,0.04042585744499056,,
CASP10,IL1A,mRNA,mRNA,mRNA-mRNA,,0.5616144905259657,,,0.5616144905259657,0.0008240810551753205,0.007360593868132379,,
CAV1,PDGFRA,mRNA,mRNA,mRNA-mRNA,,0.8099232264096291,,,0.8099232264096291,1.9646765301161888e-08,2.7505471421626645e-06,,
CAV1,CD34,mRNA,mRNA,mRNA-mRNA,,0.8019037788132563,,,0.8019037788132563,3.447505378944823e-08,4.083967910442329e-06,,
CAV1,IGFBP6,mRNA,mRNA,mRNA-mRNA,,0.7688150467573047,,,0.7688150467573047,2.7517697516051776e-07,1.9568575695411914e-05,,
CAV1,DLC1,mRNA,mRNA,mRNA-mRNA,,0.710474766102725,,,0.710474766102725,5.221379572169609e-06,0.00019612011075954142,,
CAV1,PDGFRB,mRNA,mRNA,mRNA-mRNA,,0.7010911246684705,,,0.7010911246684705,7.850059522245537e-06,0.00024686604938836237,,
CAV1,EGR1,mRNA,mRNA,mRNA-mRNA,,0.6904910654079816,,,0.6904910654079816,1.2219115903961212e-05,0.00033602568735893333,,
CAV1,FOS,mRNA,mRNA,mRNA-mRNA,,0.6530121801537543,,,0.6530121801537543,5.092841183712468e-05,0.0009927816991034432,,
CAV1,IGF1,mRNA,mRNA,mRNA-mRNA,,0.6439077003700006,,,0.6439077003700006,6.999074154782165e-05,0.0012986233973933175,,
CAV1,CDKN1A,mRNA,mRNA,mRNA-mRNA,,0.6112750944029735,,,0.6112750944029735,0.00020194824560112795,0.0027587917507760798,,
CAV1,PLAT,mRNA,mRNA,mRNA-mRNA,,0.5829623953911078,,,0.5829623953911078,0.0004628434728720968,0.0047518596548201935,,
CAV1,JUN,mRNA,mRNA,mRNA-mRNA,,0.5510620726076096,,,0.5510620726076096,0.0010806992987912676,0.00899609146020839,,
CAV1,GAS1,mRNA,mRNA,mRNA-mRNA,,0.5494584270098511,,,0.5494584270098511,0.0011252784984802392,0.00926699939924903,,
CAV1,TIMP2,mRNA,mRNA,mRNA-mRNA,,0.5482420659661749,,,0.5482420659661749,0.0011601586082276337,0.009503426897183809,,
CAV1,TIMP3,mRNA,mRNA,mRNA-mRNA,,0.5013954931160924,,,0.5013954931160924,0.0034621544094995296,0.022981542200988258,,
CAV1,FGFR1,mRNA,mRNA,mRNA-mRNA,,0.49558838834743374,,,0.49558838834743374,0.003923543364500943,0.0254321778483215,,
CAV1,S100A4,mRNA,mRNA,mRNA-mRNA,,0.46888962135025813,,,0.46888962135025813,0.006789474012445764,0.03761075532074272,,
CAV1,SPP1,mRNA,mRNA,mRNA-mRNA,,-0.458252441348179,,,-0.458252441348179,0.008349455970446873,0.04388451260917468,,
CCNE1,NOTCH1,mRNA,mRNA,mRNA-mRNA,,0.7152603873556256,,,0.7152603873556256,4.215108735928754e-06,0.00018031298481473005,,
CCNE1,PLAUR,mRNA,mRNA,mRNA-mRNA,,0.6619221179364823,,,0.6619221179364823,3.6927787586391734e-05,0.0007790245600416886,,
CCNE1,CSK,mRNA,mRNA,mRNA-mRNA,,0.6386434993384649,,,0.6386434993384649,8.372539931569926e-05,0.0015126521285378433,,
CCNE1,PTK7,mRNA,mRNA,mRNA-mRNA,,0.6180504718927514,,,0.6180504718927514,0.0001636404306981333,0.0023774175780672197,,
CCNE1,TGFA,mRNA,mRNA,mRNA-mRNA,,0.5520637556253846,,,0.5520637556253846,0.0010536464569329434,0.008910730312105845,,
CCNE1,CSF3R,mRNA,mRNA,mRNA-mRNA,,0.5129149771255838,,,0.5129149771255838,0.0026837719696994424,0.01895875611622542,,
CCNE1,ETV6,mRNA,mRNA,mRNA-mRNA,,0.4987260798411752,,,0.4987260798411752,0.0036680750248372146,0.02424392934870949,,
CCNE1,MMP9,mRNA,mRNA,mRNA-mRNA,,0.4862128777297806,,,0.4862128777297806,0.004780226589868684,0.02940728319337803,,
CCNE1,MMP14,mRNA,mRNA,mRNA-mRNA,,0.47770809961891064,,,0.47770809961891064,0.005691536413455591,0.032827588302328126,,
CCNE1,L1CAM,mRNA,mRNA,mRNA-mRNA,,0.46998225023421175,,,0.46998225023421175,0.0066443301518744335,0.037208248850496825,,
CCNE1,TNF,mRNA,mRNA,mRNA-mRNA,,0.46252961328179043,,,0.46252961328179043,0.007689088161098251,0.0412585218400394,,
CD34,IGFBP6,mRNA,mRNA,mRNA-mRNA,,0.8694851264179858,,,0.8694851264179858,1.064014095357021e-10,4.096454267124531e-08,,
CD34,DLC1,mRNA,mRNA,mRNA-mRNA,,0.8110836391812467,,,0.8110836391812467,1.8072051851081283e-08,2.7505471421626645e-06,,
CD34,EGR1,mRNA,mRNA,mRNA-mRNA,,0.7427461554223854,,,0.7427461554223854,1.1282875112634713e-06,6.205581311949092e-05,,
CD34,FOS,mRNA,mRNA,mRNA-mRNA,,0.7372088059313784,,,0.7372088059313784,1.4905253461307251e-06,7.651363443471055e-05,,
CD34,IGF1,mRNA,mRNA,mRNA-mRNA,,0.7277702181643445,,,0.7277702181643445,2.359040677185008e-06,0.0001135288325895285,,
CD34,PDGFRB,mRNA,mRNA,mRNA-mRNA,,0.7097371980576446,,,0.7097371980576446,5.394508801177772e-06,0.00019779865604318498,,
CD34,PDGFRA,mRNA,mRNA,mRNA-mRNA,,0.6900425839961499,,,0.6900425839961499,1.244497260981762e-05,0.0003362325933178796,,
CD34,FGFR1,mRNA,mRNA,mRNA-mRNA,,0.6808662670019164,,,0.6808662670019164,1.7977587383169103e-05,0.00042593053184739103,,
CD34,PLAT,mRNA,mRNA,mRNA-mRNA,,0.645320829453799,,,0.645320829453799,6.666574681243656e-05,0.001253359727235448,,
CD34,SPP1,mRNA,mRNA,mRNA-mRNA,,-0.6149365027041568,,,-0.6149365027041568,0.00018035783236649053,0.00250986230121093,,
CD34,JUN,mRNA,mRNA,mRNA-mRNA,,0.6091440282672863,,,0.6091440282672863,0.00021554772267040132,0.002868833755756842,,
CD34,CDKN1A,mRNA,mRNA,mRNA-mRNA,,0.6082874732901071,,,0.6082874732901071,0.00022123952029345546,0.0028873632309484865,,
CD34,ESR1,mRNA,mRNA,mRNA-mRNA,,0.5932698697917306,,,0.5932698697917306,0.0003452776119801974,0.004028238806435636,,
CD34,TIMP2,mRNA,mRNA,mRNA-mRNA,,0.5543759640560106,,,0.5543759640560106,0.0009934563377976841,0.008547054526304098,,
CD34,MMP2,mRNA,mRNA,mRNA-mRNA,,0.4857838688117161,,,0.4857838688117161,0.004822993611053729,0.029473849845328342,,
CD34,GAS1,mRNA,mRNA,mRNA-mRNA,,0.4842558355946662,,,0.4842558355946662,0.0049779981144578295,0.029829249401809563,,
CD34,CEBPA,mRNA,mRNA,mRNA-mRNA,,0.4757770104598842,,,0.4757770104598842,0.005917992347611002,0.033629919613730415,,
CD34,S100A4,mRNA,mRNA,mRNA-mRNA,,0.4532975095803984,,,0.4532975095803984,0.009174030364718687,0.047569046335578374,,
CDKN1A,PDGFRB,mRNA,mRNA,mRNA-mRNA,,0.7394439942888078,,,0.7394439942888078,1.3331845050223767e-06,7.079669440463655e-05,,
CDKN1A,CEBPA,mRNA,mRNA,mRNA-mRNA,,0.6792308118940898,,,0.6792308118940898,1.9169536477286462e-05,0.00044061322649285303,,
CDKN1A,TIMP2,mRNA,mRNA,mRNA-mRNA,,0.6379265713836135,,,0.6379265713836135,8.57716005352953e-05,0.0015126521285378433,,
CDKN1A,MMP2,mRNA,mRNA,mRNA-mRNA,,0.6289122938348952,,,0.6289122938348952,0.00011560353783066755,0.0018739941922024002,,
CDKN1A,TIMP3,mRNA,mRNA,mRNA-mRNA,,0.6198015999846115,,,0.6198015999846115,0.00015485938405373798,0.0023469437141631173,,
CDKN1A,FGFR1,mRNA,mRNA,mRNA-mRNA,,0.6111973167970246,,,0.6111973167970246,0.0002024308232712318,0.0027587917507760798,,
CDKN1A,DLC1,mRNA,mRNA,mRNA-mRNA,,0.5865112651697806,,,0.5865112651697806,0.0004188871346125409,0.00447976518960634,,
CDKN1A,ETS1,mRNA,mRNA,mRNA-mRNA,,0.5688913496926757,,,0.5688913496926757,0.0006799476401268289,0.006384874181678759,,
CDKN1A,TNFRSF1B,mRNA,mRNA,mRNA-mRNA,,0.567424437670277,,,0.567424437670277,0.0007070690014685357,0.0065300985916348295,,
CDKN1A,PLA2G2A,mRNA,mRNA,mRNA-mRNA,,0.5636030942080877,,,0.5636030942080877,0.0007822453381927275,0.007128245953483542,,
CDKN1A,IGFBP6,mRNA,mRNA,mRNA-mRNA,,0.5044371762942504,,,0.5044371762942504,0.0032397490122905376,0.021978914004085588,,
CDKN1A,PLAT,mRNA,mRNA,mRNA-mRNA,,0.5040186031591951,,,0.5040186031591951,0.003269602475720352,0.02208415707284799,,
CDKN1A,PDGFRA,mRNA,mRNA,mRNA-mRNA,,0.4935446502728749,,,0.4935446502728749,0.004098060405573814,0.026186776035616904,,
CDKN1A,LIF,mRNA,mRNA,mRNA-mRNA,,0.4914428693275227,,,0.4914428693275227,0.00428446048077562,0.02715254790285784,,
CDKN1A,IGF1,mRNA,mRNA,mRNA-mRNA,,0.4899892958376667,,,0.4899892958376667,0.0044175972556517945,0.02788155644960559,,
CDKN1A,S100A4,mRNA,mRNA,mRNA-mRNA,,0.48308260309591183,,,0.48308260309591183,0.005099892605390514,0.03044121942752477,,
CDKN1A,MMP14,mRNA,mRNA,mRNA-mRNA,,0.46370116765576275,,,0.46370116765576275,0.007516152900897814,0.040756603758389555,,
CDKN1A,FOS,mRNA,mRNA,mRNA-mRNA,,0.46346740957222266,,,0.46346740957222266,0.007550391681492584,0.04079860768245115,,
CDKN1A,EGR1,mRNA,mRNA,mRNA-mRNA,,0.45241622475202886,,,0.45241622475202886,0.009327680986684711,0.04820345207884045,,
CEBPA,CSF3R,mRNA,mRNA,mRNA-mRNA,,0.637891754861183,,,0.637891754861183,8.587210156368817e-05,0.0015126521285378433,,
CEBPA,NOTCH1,mRNA,mRNA,mRNA-mRNA,,0.6149329999822987,,,0.6149329999822987,0.0001803774631746295,0.00250986230121093,,
CEBPA,TNFRSF1B,mRNA,mRNA,mRNA-mRNA,,0.5944600617124597,,,0.5944600617124597,0.0003335766507604046,0.003979616720788427,,
CEBPA,CSK,mRNA,mRNA,mRNA-mRNA,,0.5942165447068726,,,0.5942165447068726,0.00033594167123538675,0.003979616720788427,,
CEBPA,S100A4,mRNA,mRNA,mRNA-mRNA,,0.5766905489283661,,,0.5766905489283661,0.0005505790888034021,0.005470269656498317,,
CEBPA,PDGFRB,mRNA,mRNA,mRNA-mRNA,,0.5519401870693521,,,0.5519401870693521,0.0010569512747709263,0.008910730312105845,,
CEBPA,ETS1,mRNA,mRNA,mRNA-mRNA,,0.525225184502099,,,0.525225184502099,0.0020241668899533697,0.014843890526324711,,
CEBPA,PLA2G2A,mRNA,mRNA,mRNA-mRNA,,0.5201349199241944,,,0.5201349199241944,0.002277467616944575,0.016466197793871575,,
CEBPA,JUN,mRNA,mRNA,mRNA-mRNA,,0.5189095269092349,,,0.5189095269092349,0.002342404534567372,0.01684225362372294,,
CEBPA,FGFR1,mRNA,mRNA,mRNA-mRNA,,0.5151151154068165,,,0.5151151154068165,0.0025537842849807117,0.018123630409540535,,
CEBPA,MMP14,mRNA,mRNA,mRNA-mRNA,,0.484963092504703,,,0.484963092504703,0.004905730611830803,0.029676743585731427,,
CEBPA,PLAUR,mRNA,mRNA,mRNA-mRNA,,0.46299280332362963,,,0.46299280332362963,0.0076203158739242445,0.04103247009036132,,
CEBPA,MMP2,mRNA,mRNA,mRNA-mRNA,,0.46009751490157574,,,0.46009751490157574,0.008058915240859109,0.042502498188092555,,
COL1A1,MMP14,mRNA,mRNA,mRNA-mRNA,,0.8759859002916277,,,0.8759859002916277,5.173038705662882e-11,3.983239803360419e-08,,
COL1A1,TGFBI,mRNA,mRNA,mRNA-mRNA,,0.712737903362169,,,0.712737903362169,4.721134854294674e-06,0.00018642429937471277,,
COL1A1,MMP2,mRNA,mRNA,mRNA-mRNA,,0.7081979966918336,,,0.7081979966918336,5.772682307378724e-06,0.00020674257565961012,,
COL1A1,PTK7,mRNA,mRNA,mRNA-mRNA,,0.6832103894415681,,,0.6832103894415681,1.638565627228878e-05,0.0004069985590213665,,
COL1A1,PLAUR,mRNA,mRNA,mRNA-mRNA,,0.623275042360707,,,0.623275042360707,0.00013867548435888346,0.002201652019718356,,
COL1A1,MMP9,mRNA,mRNA,mRNA-mRNA,,0.6181211734649164,,,0.6181211734649164,0.0001632774746526614,0.0023774175780672197,,
COL1A1,MMP3,mRNA,mRNA,mRNA-mRNA,,0.6087790524267485,,,0.6087790524267485,0.00021795685027503278,0.002868833755756842,,
COL1A1,TIMP2,mRNA,mRNA,mRNA-mRNA,,0.5885943524707121,,,0.5885943524707121,0.00039484440280432526,0.0043072621964919495,,
COL1A1,PDGFRB,mRNA,mRNA,mRNA-mRNA,,0.5415685775353477,,,0.5415685775353477,0.0013688988273885677,0.010922819658955411,,
COL1A1,S100A4,mRNA,mRNA,mRNA-mRNA,,0.4713962860723928,,,0.4713962860723928,0.006460425082169728,0.03644342354044462,,
COL1A1,TIMP3,mRNA,mRNA,mRNA-mRNA,,0.4676040952126021,,,0.4676040952126021,0.006963693981755204,0.038437594021157755,,
CSF3,WEE1,mRNA,mRNA,mRNA-mRNA,,0.5906379003263541,,,0.5906379003263541,0.00037245387164041845,0.004128147982936703,,
CSF3R,CSK,mRNA,mRNA,mRNA-mRNA,,0.7861871208520241,,,0.7861871208520241,9.674075412428595e-08,9.932050756760024e-06,,
CSF3R,NOTCH1,mRNA,mRNA,mRNA-mRNA,,0.7068888178773185,,,0.7068888178773185,6.113081993690839e-06,0.00020920325045075316,,
CSF3R,ETS1,mRNA,mRNA,mRNA-mRNA,,0.6743703257007627,,,0.6743703257007627,2.314468246875172e-05,0.000519299126266924,,
CSF3R,TNFRSF1B,mRNA,mRNA,mRNA-mRNA,,0.6571407496325982,,,0.6571407496325982,4.3937484374528486e-05,0.0008787496874905696,,
CSF3R,S100A4,mRNA,mRNA,mRNA-mRNA,,0.6356585358928275,,,0.6356585358928275,9.254306846860908e-05,0.0016013070274343594,,
CSF3R,IL1A,mRNA,mRNA,mRNA-mRNA,,0.6148388813200972,,,0.6148388813200972,0.0001809056593729956,0.00250986230121093,,
CSF3R,LCK,mRNA,mRNA,mRNA-mRNA,,0.6033589078564341,,,0.6033589078564341,0.00025666530857531086,0.0031876175419836995,,
CSF3R,PLAUR,mRNA,mRNA,mRNA-mRNA,,0.5906236934142725,,,0.5906236934142725,0.0003726055646936375,0.004128147982936703,,
CSF3R,MMP14,mRNA,mRNA,mRNA-mRNA,,0.5572289629463563,,,0.5572289629463563,0.0009233631790298027,0.008079427816510774,,
CSF3R,MYCL1,mRNA,mRNA,mRNA-mRNA,,0.4555105700274627,,,0.4555105700274627,0.008797603510836893,0.04577131556313789,,
CSF3R,TNF,mRNA,mRNA,mRNA-mRNA,,0.45001955266627924,,,0.45001955266627924,0.009756592259996179,0.04991744877207347,,
CSK,ETS1,mRNA,mRNA,mRNA-mRNA,,0.8051723634427699,,,0.8051723634427699,2.7499122246707378e-08,3.5290540216607803e-06,,
CSK,NOTCH1,mRNA,mRNA,mRNA-mRNA,,0.766789422874948,,,0.766789422874948,3.090386998427767e-07,2.0692156424255484e-05,,
CSK,LCK,mRNA,mRNA,mRNA-mRNA,,0.7069801286806776,,,0.7069801286806776,6.0887629327542895e-06,0.00020920325045075316,,
CSK,PLAUR,mRNA,mRNA,mRNA-mRNA,,0.7019138062147936,,,0.7019138062147936,7.579067214876257e-06,0.00024686604938836237,,
CSK,TNFRSF1B,mRNA,mRNA,mRNA-mRNA,,0.6613159617565605,,,0.6613159617565605,3.775686759423875e-05,0.0007857510283125361,,
CSK,S100A4,mRNA,mRNA,mRNA-mRNA,,0.6168214170948656,,,0.6168214170948656,0.00017006597026143568,0.0024476784504916913,,
CSK,TNF,mRNA,mRNA,mRNA-mRNA,,0.6019678717597413,,,0.6019678717597413,0.0002675359334613237,0.0032698836311939564,,
CSK,MYCL1,mRNA,mRNA,mRNA-mRNA,,0.5911804407301167,,,0.5911804407301167,0.0003667017362178795,0.004128147982936703,,
CSK,ETV6,mRNA,mRNA,mRNA-mRNA,,0.5710050261012001,,,0.5710050261012001,0.0006424809998443625,0.006183879623501989,,
CSK,MMP9,mRNA,mRNA,mRNA-mRNA,,0.541282672865933,,,0.541282672865933,0.0013785317275675226,0.01094298381677312,,
CSK,MMP14,mRNA,mRNA,mRNA-mRNA,,0.5339344556890121,,,0.5339344556890121,0.0016473200035724835,0.012588809790165243,,
CSK,IL1A,mRNA,mRNA,mRNA-mRNA,,0.5219788925758282,,,0.5219788925758282,0.0021826981258480566,0.015855448650028338,,
CSK,TGFA,mRNA,mRNA,mRNA-mRNA,,0.5030914139292316,,,0.5030914139292316,0.0033365788385370386,0.02234057135368278,,
CSK,PTK7,mRNA,mRNA,mRNA-mRNA,,0.49510925862453065,,,0.49510925862453065,0.003963871648959621,0.025541265018400906,,
CSK,FLT3,mRNA,mRNA,mRNA-mRNA,,0.46131971874229283,,,0.46131971874229283,0.007871221121974414,0.04165525954584398,,
CSK,L1CAM,mRNA,mRNA,mRNA-mRNA,,0.45621798126798785,,,0.45621798126798785,0.00868007320561754,0.04531292453102038,,
DLC1,IGFBP6,mRNA,mRNA,mRNA-mRNA,,0.7463938216974536,,,0.7463938216974536,9.356167214714683e-07,5.3364805595039305e-05,,
DLC1,PDGFRB,mRNA,mRNA,mRNA-mRNA,,0.6376966425589344,,,0.6376966425589344,8.643726448787676e-05,0.0015126521285378433,,
DLC1,FGFR1,mRNA,mRNA,mRNA-mRNA,,0.6330565775359657,,,0.6330565775359657,0.0001008977292184578,0.0017075000329277474,,
DLC1,EGR1,mRNA,mRNA,mRNA-mRNA,,0.6066558886276372,,,0.6066558886276372,0.00023245254475724505,0.0030082094027408185,,
DLC1,IGF1,mRNA,mRNA,mRNA-mRNA,,0.6045283276526933,,,0.6045283276526933,0.0002478322020907563,0.0031029397660143473,,
DLC1,FOS,mRNA,mRNA,mRNA-mRNA,,0.5872487646627735,,,0.5872487646627735,0.00041023081219801407,0.004417870285209382,,
DLC1,PDGFRA,mRNA,mRNA,mRNA-mRNA,,0.5694585678053032,,,0.5694585678053032,0.0006697088794432724,0.00636636836013975,,
DLC1,PLAT,mRNA,mRNA,mRNA-mRNA,,0.561112737516628,,,0.561112737516628,0.0008349427148580357,0.007360593868132379,,
DLC1,SPP1,mRNA,mRNA,mRNA-mRNA,,-0.5516387244520057,,,-0.5516387244520057,0.001065052011361636,0.008914022269004996,,
DLC1,TIMP2,mRNA,mRNA,mRNA-mRNA,,0.5110908010503423,,,0.5110908010503423,0.0027958565890948825,0.019488030708833766,,
DLC1,JUN,mRNA,mRNA,mRNA-mRNA,,0.47693768358497834,,,0.47693768358497834,0.0057809770434335064,0.033095556308132344,,
DLC1,IL8,mRNA,mRNA,mRNA-mRNA,,-0.4665118275197267,,,-0.4665118275197267,0.007114701190802552,0.03899160083215633,,
EGR1,FOS,mRNA,mRNA,mRNA-mRNA,,0.9150236763354372,,,0.9150236763354372,2.3324289470680975e-13,3.59194057848487e-10,,
EGR1,IGFBP6,mRNA,mRNA,mRNA-mRNA,,0.763338563258,,,0.763338563258,3.7560728336890186e-07,2.4101467349504536e-05,,
EGR1,JUN,mRNA,mRNA,mRNA-mRNA,,0.697466879209909,,,0.697466879209909,9.151454126128686e-06,0.00028186478708476357,,
EGR1,IGF1,mRNA,mRNA,mRNA-mRNA,,0.6879449606954846,,,0.6879449606954846,1.3552272050917626e-05,0.0003598361889381577,,
EGR1,FGFR1,mRNA,mRNA,mRNA-mRNA,,0.6629663587720125,,,0.6629663587720125,3.553783970390801e-05,0.0007601149047780324,,
EGR1,ESR1,mRNA,mRNA,mRNA-mRNA,,0.6059345453311624,,,0.6059345453311624,0.00023756906764213116,0.0030236063154453056,,
EGR1,PLAT,mRNA,mRNA,mRNA-mRNA,,0.5714661027820566,,,0.5714661027820566,0.000634554197496566,0.006160907969004448,,
EGR1,SPP1,mRNA,mRNA,mRNA-mRNA,,-0.5610444285437133,,,-0.5610444285437133,0.0008364311213786794,0.007360593868132379,,
EGR1,PDGFRA,mRNA,mRNA,mRNA-mRNA,,0.4944230160366125,,,0.4944230160366125,0.004022254066364607,0.025809463592506226,,
EGR1,LIF,mRNA,mRNA,mRNA-mRNA,,0.4877176149060049,,,0.4877176149060049,0.004632785003493576,0.028997534131329047,,
EGR1,MMP1,mRNA,mRNA,mRNA-mRNA,,-0.4793670505702422,,,-0.4793670505702422,0.005502953064550466,0.03185920195266059,,
EPS8,ETV6,mRNA,mRNA,mRNA-mRNA,,0.5883886324960251,,,0.5883886324960251,0.00039716313759860836,0.0043072621964919495,,
EPS8,MPL,mRNA,mRNA,mRNA-mRNA,,0.49233360503140194,,,0.49233360503140194,0.004204592535607459,0.026756497953865647,,
EPS8,IL8,mRNA,mRNA,mRNA-mRNA,,0.47721804921733013,,,0.47721804921733013,0.0057482901862350045,0.033031219726872785,,
EPS8,WFDC2,mRNA,mRNA,mRNA-mRNA,,0.463723172667256,,,0.463723172667256,0.007512936615393032,0.040756603758389555,,
ESR1,FOS,mRNA,mRNA,mRNA-mRNA,,0.5396882820218919,,,0.5396882820218919,0.0014333456184716725,0.011262001287991713,,
ESR1,IGFBP6,mRNA,mRNA,mRNA-mRNA,,0.5110779726631369,,,0.5110779726631369,0.0027966589523715987,0.019488030708833766,,
ESR1,JUN,mRNA,mRNA,mRNA-mRNA,,0.48753050976835616,,,0.48753050976835616,0.004650903201583295,0.028997534131329047,,
ETS1,TNFRSF1B,mRNA,mRNA,mRNA-mRNA,,0.8200703333555829,,,0.8200703333555829,9.276514036612374e-09,1.5873146240425616e-06,,
ETS1,LCK,mRNA,mRNA,mRNA-mRNA,,0.7839456280422169,,,0.7839456280422169,1.1129910883875682e-07,1.0712539225730343e-05,,
ETS1,S100A4,mRNA,mRNA,mRNA-mRNA,,0.7822661058857521,,,0.7822661058857521,1.2349365639150483e-07,1.1187072402524554e-05,,
ETS1,NOTCH1,mRNA,mRNA,mRNA-mRNA,,0.6909732162895068,,,0.6909732162895068,1.198044214370698e-05,0.0003360042135398279,,
ETS1,PLAUR,mRNA,mRNA,mRNA-mRNA,,0.6190661213845643,,,0.6190661213845643,0.00015849490017724946,0.0023469437141631173,,
ETS1,TNF,mRNA,mRNA,mRNA-mRNA,,0.549591952449223,,,0.549591952449223,0.00112150612650156,0.00926699939924903,,
ETS1,MMP9,mRNA,mRNA,mRNA-mRNA,,0.5358807481857161,,,0.5358807481857161,0.001572016294601631,0.012226793402457132,,
ETS1,MMP14,mRNA,mRNA,mRNA-mRNA,,0.5262255358821115,,,0.5262255358821115,0.001977379499703367,0.014570164734656388,,
ETS1,L1CAM,mRNA,mRNA,mRNA-mRNA,,0.5221265378654928,,,0.5221265378654928,0.0021752604428046315,0.015855448650028338,,
ETS1,PDGFRB,mRNA,mRNA,mRNA-mRNA,,0.4897685179331416,,,0.4897685179331416,0.004438126720312372,0.027896796527677768,,
ETS1,IL1A,mRNA,mRNA,mRNA-mRNA,,0.4848816504476169,,,0.4848816504476169,0.004914006243091892,0.029676743585731427,,
ETS1,MMP2,mRNA,mRNA,mRNA-mRNA,,0.48155748854706637,,,0.48155748854706637,0.005262163971493038,0.030812671163875583,,
ETS1,MYCL1,mRNA,mRNA,mRNA-mRNA,,0.45145852474199744,,,0.45145852474199744,0.009497117904172743,0.048914921646909776,,
ETV6,TGFA,mRNA,mRNA,mRNA-mRNA,,0.6832433342655512,,,0.6832433342655512,1.636422028677622e-05,0.0004069985590213665,,
ETV6,PTK7,mRNA,mRNA,mRNA-mRNA,,0.5801311688553783,,,0.5801311688553783,0.0005007869931952782,0.0050883715830414315,,
ETV6,PLAUR,mRNA,mRNA,mRNA-mRNA,,0.580027367455793,,,0.580027367455793,0.0005022288835209725,0.0050883715830414315,,
ETV6,SPP1,mRNA,mRNA,mRNA-mRNA,,0.547060095295029,,,0.547060095295029,0.0011949564062682997,0.009736681828852812,,
ETV6,IL8,mRNA,mRNA,mRNA-mRNA,,0.5405088671054873,,,0.5405088671054873,0.001404901244787327,0.011095117522935814,,
ETV6,NOTCH1,mRNA,mRNA,mRNA-mRNA,,0.5101691486761704,,,0.5101691486761704,0.002854012065072486,0.019798101712664995,,
ETV6,S100A4,mRNA,mRNA,mRNA-mRNA,,0.4692742635951039,,,0.4692742635951039,0.00673807330819174,0.03746076857261834,,
FGFR1,PLAT,mRNA,mRNA,mRNA-mRNA,,0.7133792246861586,,,0.7133792246861586,4.587510510936226e-06,0.00018591489965373126,,
FGFR1,TIMP2,mRNA,mRNA,mRNA-mRNA,,0.6452897445858108,,,0.6452897445858108,6.673733612552385e-05,0.001253359727235448,,
FGFR1,IGFBP6,mRNA,mRNA,mRNA-mRNA,,0.6248674333311346,,,0.6248674333311346,0.00013177446004539848,0.0021138819632282673,,
FGFR1,PDGFRB,mRNA,mRNA,mRNA-mRNA,,0.6192552726759395,,,0.6192552726759395,0.00015755271557221749,0.0023469437141631173,,
FGFR1,FOS,mRNA,mRNA,mRNA-mRNA,,0.6021059685031833,,,0.6021059685031833,0.00026643874776772293,0.0032698836311939564,,
FGFR1,JUN,mRNA,mRNA,mRNA-mRNA,,0.5836081678494617,,,0.5836081678494617,0.00045455378967561825,0.004718530476556355,,
FGFR1,IGF1,mRNA,mRNA,mRNA-mRNA,,0.5449695448160968,,,0.5449695448160968,0.0012587459041602713,0.010202466802141147,,
FGFR1,MMP2,mRNA,mRNA,mRNA-mRNA,,0.5305186735030908,,,0.5305186735030908,0.0017871075558935428,0.013490909980764982,,
FGFR1,TIMP3,mRNA,mRNA,mRNA-mRNA,,0.4869874382688923,,,0.4869874382688923,0.004703836135419623,0.029091998588539034,,
FLT3,JUN,mRNA,mRNA,mRNA-mRNA,,0.48246121615832155,,,0.48246121615832155,0.0051654824286622965,0.030595549769768988,,
FOLR1,WFDC2,mRNA,mRNA,mRNA-mRNA,,0.5348765715147198,,,0.5348765715147198,0.001610484708138385,0.012463047490116147,,
FOS,JUN,mRNA,mRNA,mRNA-mRNA,,0.7740348432094939,,,0.7740348432094939,2.0294563804032936e-07,1.562681412910536e-05,,
FOS,IGFBP6,mRNA,mRNA,mRNA-mRNA,,0.7174882290672239,,,0.7174882290672239,3.809685153907921e-06,0.00017255632755935877,,
FOS,IGF1,mRNA,mRNA,mRNA-mRNA,,0.5963202841121013,,,0.5963202841121013,0.00031599215492714074,0.003801780613967162,,
FOS,SPP1,mRNA,mRNA,mRNA-mRNA,,-0.5368178724773532,,,-0.5368178724773532,0.0015368426244842445,0.012013896658404756,,
FOS,PLAT,mRNA,mRNA,mRNA-mRNA,,0.527487795845111,,,0.527487795845111,0.0019196875752727066,0.014213071470769079,,
FOS,LIF,mRNA,mRNA,mRNA-mRNA,,0.4619176745071158,,,0.4619176745071158,0.007780754262261326,0.04160542209681403,,
FOS,MMP1,mRNA,mRNA,mRNA-mRNA,,-0.46134555384265025,,,-0.46134555384265025,0.00786729405005203,0.04165525954584398,,
GAS1,TIMP2,mRNA,mRNA,mRNA-mRNA,,0.7021072934403495,,,0.7021072934403495,7.516575944390605e-06,0.00024686604938836237,,
GAS1,PDGFRA,mRNA,mRNA,mRNA-mRNA,,0.7010768776000351,,,0.7010768776000351,7.854828844175166e-06,0.00024686604938836237,,
GAS1,S100A4,mRNA,mRNA,mRNA-mRNA,,0.5933445803328352,,,0.5933445803328352,0.0003445325576681957,0.004028238806435636,,
GAS1,PDGFRB,mRNA,mRNA,mRNA-mRNA,,0.5625292950848709,,,0.5625292950848709,0.0008045973695631382,0.007259428827011154,,
GAS1,MMP2,mRNA,mRNA,mRNA-mRNA,,0.554422282445715,,,0.554422282445715,0.000992282100646786,0.008547054526304098,,
GAS1,PLAT,mRNA,mRNA,mRNA-mRNA,,0.49657347617314984,,,0.49657347617314984,0.003841737509438762,0.02515576376824678,,
IGF1,IGFBP6,mRNA,mRNA,mRNA-mRNA,,0.8229374389976366,,,0.8229374389976366,7.440701689846502e-09,1.4323350752954518e-06,,
IGF1,PDGFRA,mRNA,mRNA,mRNA-mRNA,,0.621889472502588,,,0.621889472502588,0.00014494078205260977,0.002277640860826725,,
IGF1,PLAT,mRNA,mRNA,mRNA-mRNA,,0.6047983550260408,,,0.6047983550260408,0.0002458313955250283,0.0031029397660143473,,
IGF1,PLA2G2A,mRNA,mRNA,mRNA-mRNA,,0.5286399716659337,,,0.5286399716659337,0.0018683121305543774,0.01396699359734826,,
IGF1,SPP1,mRNA,mRNA,mRNA-mRNA,,-0.5187429731213448,,,-0.5187429731213448,0.0023513535903249556,0.01684225362372294,,
IGF1,MMP1,mRNA,mRNA,mRNA-mRNA,,-0.48608434726033,,,-0.48608434726033,0.004793005247751874,0.02940728319337803,,
IGF1,PDGFRB,mRNA,mRNA,mRNA-mRNA,,0.48263213061586613,,,0.48263213061586613,0.005147370071113429,0.030595549769768988,,
IGFBP6,PDGFRA,mRNA,mRNA,mRNA-mRNA,,0.6914069035892155,,,0.6914069035892155,1.176936814502769e-05,0.0003360042135398279,,
IGFBP6,SPP1,mRNA,mRNA,mRNA-mRNA,,-0.6812710322603742,,,-0.6812710322603742,1.7693111113061943e-05,0.000425740486158053,,
IGFBP6,PLAT,mRNA,mRNA,mRNA-mRNA,,0.6551281113616501,,,0.6551281113616501,4.722975176745251e-05,0.0009324848425881648,,
IGFBP6,PDGFRB,mRNA,mRNA,mRNA-mRNA,,0.6210269477845626,,,0.6210269477845626,0.0001489673728703209,0.0023172702446494363,,
IGFBP6,TIMP2,mRNA,mRNA,mRNA-mRNA,,0.5555520020681867,,,0.5555520020681867,0.0009640167842420041,0.00838749066515642,,
IGFBP6,MMP2,mRNA,mRNA,mRNA-mRNA,,0.5021528269696757,,,0.5021528269696757,0.00340558197420273,0.022703879828018202,,
IGFBP6,MMP1,mRNA,mRNA,mRNA-mRNA,,-0.4562923632972719,,,-0.4562923632972719,0.008667792962729117,0.04531292453102038,,
IL1A,NOTCH1,mRNA,mRNA,mRNA-mRNA,,0.5775269138180065,,,0.5775269138180065,0.0005380894648482957,0.005380894648482956,,
IL1A,TNFRSF1B,mRNA,mRNA,mRNA-mRNA,,0.470408342641836,,,0.470408342641836,0.00658844987786605,0.037029973766108455,,
IL8,WFDC2,mRNA,mRNA,mRNA-mRNA,,0.6193848331534079,,,0.6193848331534079,0.00015691024578886283,0.0023469437141631173,,
IL8,MPL,mRNA,mRNA,mRNA-mRNA,,0.5636025968931375,,,0.5636025968931375,0.0007822555624277393,0.007128245953483542,,
IL8,SPP1,mRNA,mRNA,mRNA-mRNA,,0.5093019507791441,,,0.5093019507791441,0.0029096848083708256,0.020093787465879247,,
L1CAM,NOTCH1,mRNA,mRNA,mRNA-mRNA,,0.6952062007422258,,,0.6952062007422258,1.0059071444450277e-05,0.00030374451028340055,,
L1CAM,TNF,mRNA,mRNA,mRNA-mRNA,,0.5834530337829821,,,0.5834530337829821,0.000456533143510972,0.004718530476556355,,
L1CAM,S100A4,mRNA,mRNA,mRNA-mRNA,,0.5337834798773168,,,0.5337834798773168,0.0016532907475405806,0.012588809790165243,,
L1CAM,PLAUR,mRNA,mRNA,mRNA-mRNA,,0.46168437397659295,,,0.46168437397659295,0.007815945454350801,0.041648982697924684,,
LCK,TNFRSF1B,mRNA,mRNA,mRNA-mRNA,,0.7621020360591204,,,0.7621020360591204,4.024834245092418e-07,2.4792978949769297e-05,,
LCK,MMP9,mRNA,mRNA,mRNA-mRNA,,0.5689135195554756,,,0.5689135195554756,0.0006795448801131637,0.006384874181678759,,
LCK,PLAUR,mRNA,mRNA,mRNA-mRNA,,0.5624590277597427,,,0.5624590277597427,0.0008060794346876021,0.007259428827011154,,
LCK,S100A4,mRNA,mRNA,mRNA-mRNA,,0.5284316609642399,,,0.5284316609642399,0.00187751100410784,0.013967956262444802,,
LCK,NOTCH1,mRNA,mRNA,mRNA-mRNA,,0.4817585051175426,,,0.4817585051175426,0.00524052605258737,0.030803092064826527,,
LIF,TNFRSF1B,mRNA,mRNA,mRNA-mRNA,,0.5416944678895904,,,0.5416944678895904,0.0013646759414306926,0.010922819658955411,,
LIF,MMP2,mRNA,mRNA,mRNA-mRNA,,0.5046704192513651,,,0.5046704192513651,0.0032232160674158564,0.021963507716019553,,
MMP1,PLAUR,mRNA,mRNA,mRNA-mRNA,,0.5887283508114429,,,0.5887283508114429,0.0003933405210380161,0.0043072621964919495,,
MMP1,PTK7,mRNA,mRNA,mRNA-mRNA,,0.5713761563535695,,,0.5713761563535695,0.000636093744851758,0.006160907969004448,,
MMP1,SPP1,mRNA,mRNA,mRNA-mRNA,,0.5031446659706261,,,0.5031446659706261,0.003332700310417651,0.02234057135368278,,
MMP1,MMP14,mRNA,mRNA,mRNA-mRNA,,0.4978420229870261,,,0.4978420229870261,0.003738559799621002,0.024604196971864715,,
MMP1,MMP3,mRNA,mRNA,mRNA-mRNA,,0.4799328547501708,,,0.4799328547501708,0.005439869826589646,0.03161282842621907,,
MMP1,MMP9,mRNA,mRNA,mRNA-mRNA,,0.47667463681888816,,,0.47667463681888816,0.0058117891325928815,0.03314872320071496,,
MMP2,TIMP2,mRNA,mRNA,mRNA-mRNA,,0.8707544495754286,,,0.8707544495754286,9.27084534036198e-11,4.096454267124531e-08,,
MMP2,PDGFRB,mRNA,mRNA,mRNA-mRNA,,0.8624178329793541,,,0.8624178329793541,2.2339244744471315e-10,6.880487381297165e-08,,
MMP2,MMP14,mRNA,mRNA,mRNA-mRNA,,0.7159370128989884,,,0.7159370128989884,4.088020567274316e-06,0.0001798729049600699,,
MMP2,PLAT,mRNA,mRNA,mRNA-mRNA,,0.6600539648904657,,,0.6600539648904657,3.953692066652386e-05,0.0008118247710192899,,
MMP2,TIMP3,mRNA,mRNA,mRNA-mRNA,,0.6588164402757523,,,0.6588164402757523,4.135537722750565e-05,0.0008379905385573512,,
MMP2,PDGFRA,mRNA,mRNA,mRNA-mRNA,,0.6305624507469579,,,0.6305624507469579,0.00010953297006710986,0.0018137717624016041,,
MMP2,S100A4,mRNA,mRNA,mRNA-mRNA,,0.5996738489841237,,,0.5996738489841237,0.0002863587709625515,0.0034723819471049553,,
MMP2,TGFBI,mRNA,mRNA,mRNA-mRNA,,0.5523524617847798,,,0.5523524617847798,0.0010459603691639618,0.008910730312105845,,
MMP3,MMP9,mRNA,mRNA,mRNA-mRNA,,0.6062392862724102,,,0.6062392862724102,0.00023539543373917444,0.0030209080663194054,,
MMP3,MMP14,mRNA,mRNA,mRNA-mRNA,,0.583613054144028,,,0.583613054144028,0.000454491569006496,0.004718530476556355,,
MMP3,PTK7,mRNA,mRNA,mRNA-mRNA,,0.484584833221013,,,0.484584833221013,0.004944268377257434,0.029742864456939255,,
MMP3,PLAUR,mRNA,mRNA,mRNA-mRNA,,0.4750609514303498,,,0.4750609514303498,0.006003898529613873,0.03399266079266678,,
MMP3,SPP1,mRNA,mRNA,mRNA-mRNA,,0.4666820212854723,,,0.4666820212854723,0.007090989965467336,0.03899160083215633,,
MMP9,PLAUR,mRNA,mRNA,mRNA-mRNA,,0.7803803147280168,,,0.7803803147280168,1.3863608341374818e-07,1.1861087136509566e-05,,
MMP9,TNF,mRNA,mRNA,mRNA-mRNA,,0.692388418681036,,,0.692388418681036,1.1304030879094875e-05,0.000334773222188579,,
MMP9,MMP14,mRNA,mRNA,mRNA-mRNA,,0.6428813834690555,,,0.6428813834690555,7.249798843297744e-05,0.0013291297879379198,,
MMP9,SPP1,mRNA,mRNA,mRNA-mRNA,,0.5912718920024347,,,0.5912718920024347,0.00036573994220061507,0.004128147982936703,,
MMP9,TGFBI,mRNA,mRNA,mRNA-mRNA,,0.5834925138364511,,,0.5834925138364511,0.00045602869608438667,0.004718530476556355,,
MMP9,PTK7,mRNA,mRNA,mRNA-mRNA,,0.5741498386872264,,,0.5741498386872264,0.0005901044465451689,0.005788285654009937,,
MMP9,S100A4,mRNA,mRNA,mRNA-mRNA,,0.5346502325278222,,,0.5346502325278222,0.0016192679780328797,0.012468363430853176,,
MMP9,NOTCH1,mRNA,mRNA,mRNA-mRNA,,0.5054447200041439,,,0.5054447200041439,0.003168852953318279,0.021689037991600667,,
MMP14,PTK7,mRNA,mRNA,mRNA-mRNA,,0.8236587631289971,,,0.8236587631289971,7.0347810004051004e-09,1.4323350752954518e-06,,
MMP14,PLAUR,mRNA,mRNA,mRNA-mRNA,,0.7685409626709732,,,0.7685409626709732,2.7955108136302735e-07,1.9568575695411914e-05,,
MMP14,TIMP2,mRNA,mRNA,mRNA-mRNA,,0.711096095042137,,,0.711096095042137,5.079462755202486e-06,0.00019555931607529567,,
MMP14,TGFBI,mRNA,mRNA,mRNA-mRNA,,0.6871202332926963,,,0.6871202332926963,1.4011473955455395e-05,0.00036572321849832727,,
MMP14,S100A4,mRNA,mRNA,mRNA-mRNA,,0.6742327400149418,,,0.6742327400149418,2.3267298514556985e-05,0.000519299126266924,,
MMP14,PDGFRB,mRNA,mRNA,mRNA-mRNA,,0.6470991325779278,,,0.6470991325779278,6.268313606724532e-05,0.0012066503692944723,,
MMP14,NOTCH1,mRNA,mRNA,mRNA-mRNA,,0.6310141505933774,,,0.6310141505933774,0.00010792174007440078,0.0018065160838541,,
MMP14,TIMP3,mRNA,mRNA,mRNA-mRNA,,0.5790594606545968,,,0.5790594606545968,0.000515851566035804,0.005192231448987831,,
NOTCH1,PLAUR,mRNA,mRNA,mRNA-mRNA,,0.7133840246266719,,,0.7133840246266719,4.586523477234542e-06,0.00018591489965373126,,
NOTCH1,S100A4,mRNA,mRNA,mRNA-mRNA,,0.6837752489756148,,,0.6837752489756148,1.602160964192665e-05,0.0004069985590213665,,
NOTCH1,TNF,mRNA,mRNA,mRNA-mRNA,,0.6657123247812773,,,0.6657123247812773,3.2104604881586865e-05,0.0006963534016569545,,
NOTCH1,PTK7,mRNA,mRNA,mRNA-mRNA,,0.6201585318970424,,,0.6201585318970424,0.00015312200773836805,0.0023469437141631173,,
NOTCH1,TGFA,mRNA,mRNA,mRNA-mRNA,,0.5701781763487056,,,0.5701781763487056,0.000656915044506639,0.006283535208324374,,
NOTCH1,TNFRSF1B,mRNA,mRNA,mRNA-mRNA,,0.5124859364276513,,,0.5124859364276513,0.0027097775750174347,0.019055056920213927,,
PDGFRA,PDGFRB,mRNA,mRNA,mRNA-mRNA,,0.7541086187161601,,,0.7541086187161601,6.230832643877169e-07,3.690570104450324e-05,,
PDGFRA,TIMP2,mRNA,mRNA,mRNA-mRNA,,0.7228724963185756,,,0.7228724963185756,2.9718410628430084e-06,0.00013868591626600707,,
PDGFRA,PLAT,mRNA,mRNA,mRNA-mRNA,,0.5910697432548078,,,0.5910697432548078,0.00036786894098742116,0.004128147982936703,,
PDGFRA,S100A4,mRNA,mRNA,mRNA-mRNA,,0.5444036728331945,,,0.5444036728331945,0.0012765169914379215,0.010292335951907849,,
PDGFRA,TIMP3,mRNA,mRNA,mRNA-mRNA,,0.529150850974019,,,0.529150850974019,0.0018459180217816294,0.013866896358749803,,
PDGFRB,TIMP2,mRNA,mRNA,mRNA-mRNA,,0.8407232650144063,,,0.8407232650144063,1.7248519574669897e-09,4.427120024165274e-07,,
PDGFRB,TIMP3,mRNA,mRNA,mRNA-mRNA,,0.7879071044663825,,,0.7879071044663825,8.677654642029959e-08,9.545420106232956e-06,,
PDGFRB,PLAT,mRNA,mRNA,mRNA-mRNA,,0.7323480354050539,,,0.7323480354050539,1.8925890555274388e-06,9.40189401778147e-05,,
PDGFRB,S100A4,mRNA,mRNA,mRNA-mRNA,,0.6346709380359943,,,0.6346709380359943,9.563829620394343e-05,0.0016364775128230322,,
PLA2G2A,TNFRSF1B,mRNA,mRNA,mRNA-mRNA,,0.495506300638815,,,0.495506300638815,0.0039304274856496865,0.0254321778483215,,
PLAT,TIMP2,mRNA,mRNA,mRNA-mRNA,,0.6909330755698614,,,0.6909330755698614,1.2000150483565281e-05,0.0003360042135398279,,
PLAT,TIMP3,mRNA,mRNA,mRNA-mRNA,,0.681480904049677,,,0.681480904049677,1.7547214804232835e-05,0.000425740486158053,,
PLAUR,PTK7,mRNA,mRNA,mRNA-mRNA,,0.7773191156607371,,,0.7773191156607371,1.6687318572669447e-07,1.3525510843111026e-05,,
PLAUR,SPP1,mRNA,mRNA,mRNA-mRNA,,0.629099871441475,,,0.629099871441475,0.00011489865548713478,0.0018739941922024002,,
PLAUR,S100A4,mRNA,mRNA,mRNA-mRNA,,0.6090155211544024,,,0.6090155211544024,0.00021639325384455676,0.002868833755756842,,
PLAUR,TGFBI,mRNA,mRNA,mRNA-mRNA,,0.5755647541675853,,,0.5755647541675853,0.0005677947440775458,0.005605153242816798,,
PLAUR,TNF,mRNA,mRNA,mRNA-mRNA,,0.5613782851903818,,,0.5613782851903818,0.0008291787123092857,0.007360593868132379,,
PLAUR,TGFA,mRNA,mRNA,mRNA-mRNA,,0.45039631723401774,,,0.45039631723401774,0.009688082062160428,0.04973215458575687,,
PTK7,SPP1,mRNA,mRNA,mRNA-mRNA,,0.5678752652695809,,,0.5678752652695809,0.0006986341011772862,0.006520584944321338,,
PTK7,TGFA,mRNA,mRNA,mRNA-mRNA,,0.5152678909621412,,,0.5152678909621412,0.002544964363287547,0.018123630409540535,,
PTK7,TGFBI,mRNA,mRNA,mRNA-mRNA,,0.4853041771592093,,,0.4853041771592093,0.004871201474025519,0.029650791581024898,,
PTK7,TIMP2,mRNA,mRNA,mRNA-mRNA,,0.4818300917793325,,,0.4818300917793325,0.005232838716632383,0.030803092064826527,,
PTK7,TNF,mRNA,mRNA,mRNA-mRNA,,0.4694206627561001,,,0.4694206627561001,0.006718596963812768,0.03746076857261834,,
S100A4,TNFRSF1B,mRNA,mRNA,mRNA-mRNA,,0.6695941136647245,,,0.6695941136647245,2.776000799473519e-05,0.0006107201758841741,,
S100A4,TIMP2,mRNA,mRNA,mRNA-mRNA,,0.6151353420907358,,,0.6151353420907358,0.0001792465648422645,0.00250986230121093,,
S100A4,TNF,mRNA,mRNA,mRNA-mRNA,,0.5673678494223523,,,0.5673678494223523,0.0007081340680539068,0.0065300985916348295,,
S100A4,TGFBI,mRNA,mRNA,mRNA-mRNA,,0.55186850738944,,,0.55186850738944,0.0010588724981268633,0.008910730312105845,,
TGFBI,TIMP2,mRNA,mRNA,mRNA-mRNA,,0.592765286873993,,,0.592765286873993,0.0003503471042447795,0.004056650680729026,,
TGFBI,TIMP3,mRNA,mRNA,mRNA-mRNA,,0.48724725939908453,,,0.48724725939908453,0.004678447315879221,0.029051648655056453,,
TIMP2,TIMP3,mRNA,mRNA,mRNA-mRNA,,0.6804606146809516,,,0.6804606146809516,1.826682252434415e-05,0.0004262258589013635,,
