source,target,source_type,target_type,edge_type,regulatory_type,weight,mi_value,mi,pearson_r,pearson_p,pearson_p_fdr,miRDB_score,comparison
hsa-let-7c,hsa-miR-99a,miRNA,miRNA,miRNA-miRNA,,0.9439216078179402,,,0.9439216078179402,3.0389196718974012e-55,2.4341746571898182e-52,,
hsa-let-7c,hsa-miR-125b,miRNA,miRNA,miRNA-miRNA,,0.7345704097548076,,,0.7345704097548076,2.0577222484743972e-20,3.0981870696014886e-19,,
hsa-let-7c,hsa-miR-145,miRNA,miRNA,miRNA-miRNA,,0.732798996889027,,,0.732798996889027,2.819029809752812e-20,4.197105720468406e-19,,
hsa-let-7c,hsa-miR-199a-5p,miRNA,miRNA,miRNA-miRNA,,0.7287731957399453,,,0.7287731957399453,5.712121073230222e-20,8.027033297644576e-19,,
hsa-let-7c,hsa-miR-195,miRNA,miRNA,miRNA-miRNA,,0.7276235325402437,,,0.7276235325402437,6.972342661149304e-20,9.56309327325444e-19,,
hsa-let-7c,hsa-miR-497,miRNA,miRNA,miRNA-miRNA,,0.6716165693832976,,,0.6716165693832976,3.8892237081011024e-16,2.7814894555258774e-15,,
hsa-let-7c,hsa-miR-10b,miRNA,miRNA,miRNA-miRNA,,0.6698803575503476,,,0.6698803575503476,4.931732491189652e-16,3.459122351526192e-15,,
hsa-let-7c,hsa-let-7f,miRNA,miRNA,miRNA-miRNA,,0.6240528790264972,,,0.6240528790264972,1.5314063638702986e-13,7.748292283249385e-13,,
hsa-let-7c,hsa-miR-216a,miRNA,miRNA,miRNA-miRNA,,0.612729651377568,,,0.612729651377568,5.486704378071677e-13,2.6222256604029915e-12,,
hsa-let-7c,hsa-let-7i,miRNA,miRNA,miRNA-miRNA,,0.5935431975900943,,,0.5935431975900943,4.261239690573236e-12,1.815560102207001e-11,,
hsa-let-7c,hsa-let-7g,miRNA,miRNA,miRNA-miRNA,,0.5792795975376908,,,0.5792795975376908,1.7956575540423353e-11,7.029920336206796e-11,,
hsa-let-7c,hsa-miR-127-3p,miRNA,miRNA,miRNA-miRNA,,0.5729701408581291,,,0.5729701408581291,3.319293763987002e-11,1.2721312463892768e-10,,
hsa-let-7c,hsa-miR-26b,miRNA,miRNA,miRNA-miRNA,,0.5545474149736658,,,0.5545474149736658,1.8560816865196093e-10,6.578413411071712e-10,,
hsa-let-7c,hsa-miR-490-3p,miRNA,miRNA,miRNA-miRNA,,0.5283953147127238,,,0.5283953147127238,1.7971665914596874e-09,5.748923481466493e-09,,
hsa-let-7c,hsa-miR-27a,miRNA,miRNA,miRNA-miRNA,,0.5264957379619598,,,0.5264957379619598,2.103670981297485e-09,6.697299109774585e-09,,
hsa-let-7c,hsa-miR-484,miRNA,miRNA,miRNA-miRNA,,0.5182023982088284,,,0.5182023982088284,4.136878938022681e-09,1.283361746458624e-08,,
hsa-let-7c,hsa-miR-148a,miRNA,miRNA,miRNA-miRNA,,0.5079047994570124,,,0.5079047994570124,9.344581851941831e-09,2.805476035759148e-08,,
hsa-let-7c,hsa-miR-16 (+++ See note below),miRNA,miRNA,miRNA-miRNA,,0.4850343939028596,,,0.4850343939028596,5.198535404477817e-08,1.4734702261099547e-07,,
hsa-let-7c,hsa-miR-374b,miRNA,miRNA,miRNA-miRNA,,0.45716111832544337,,,0.45716111832544337,3.577912305622876e-07,9.421130035515857e-07,,
hsa-let-7c,hsa-miR-548g,miRNA,miRNA,miRNA-miRNA,,0.45421111790188234,,,0.45421111790188234,4.3453017540524143e-07,1.135220712653615e-06,,
hsa-let-7c,hsa-miR-205,miRNA,miRNA,miRNA-miRNA,,0.4312751825244623,,,0.4312751825244623,1.8526406171975392e-06,4.502321402837466e-06,,
hsa-let-7c,hsa-miR-374a,miRNA,miRNA,miRNA-miRNA,,0.4264627411171169,,,0.4264627411171169,2.478485582215266e-06,5.90853259331675e-06,,
hsa-let-7c,hsa-miR-154,miRNA,miRNA,miRNA-miRNA,,0.42642145627030015,,,0.42642145627030015,2.484633475136541e-06,5.91966512071496e-06,,
hsa-let-7c,hsa-miR-24,miRNA,miRNA,miRNA-miRNA,,0.41500164604474093,,,0.41500164604474093,4.869558184730914e-06,1.1182672322160156e-05,,
hsa-let-7c,hsa-miR-21,miRNA,miRNA,miRNA-miRNA,,0.40257603972523054,,,0.40257603972523054,9.852244172849872e-06,2.1921243284590965e-05,,
hsa-let-7c,hsa-miR-15a,miRNA,miRNA,miRNA-miRNA,,0.40224590451382863,,,0.40224590451382863,1.0034619772354636e-05,2.2314631975724773e-05,,
hsa-let-7c,hsa-miR-532-5p,miRNA,miRNA,miRNA-miRNA,,0.39713099639936034,,,0.39713099639936034,1.3299659937802821e-05,2.9266559368626536e-05,,
hsa-let-7c,hsa-miR-509-3p,miRNA,miRNA,miRNA-miRNA,,0.39120608919934946,,,0.39120608919934946,1.8325305875236315e-05,3.960758231533807e-05,,
hsa-let-7c,hsa-miR-25,miRNA,miRNA,miRNA-miRNA,,0.3876004423933384,,,0.3876004423933384,2.2206062832713354e-05,4.743215021067573e-05,,
hsa-let-7c,hsa-miR-200a,miRNA,miRNA,miRNA-miRNA,,0.38576896773082947,,,0.38576896773082947,2.4460903027640965e-05,5.1861258139598764e-05,,
hsa-let-7c,hsa-miR-128,miRNA,miRNA,miRNA-miRNA,,0.38233521984071067,,,0.38233521984071067,2.9278431628142685e-05,6.161855946963293e-05,,
hsa-let-7c,hsa-miR-451,miRNA,miRNA,miRNA-miRNA,,0.37360734906555987,,,0.37360734906555987,4.582601367689536e-05,9.35916291565354e-05,,
hsa-let-7f,hsa-miR-490-3p,miRNA,miRNA,miRNA-miRNA,,0.8052320202757144,,,0.8052320202757144,5.97209743149135e-27,3.5173897372239494e-25,,
hsa-let-7f,hsa-miR-374a,miRNA,miRNA,miRNA-miRNA,,0.7903823864499503,,,0.7903823864499503,2.2694294527767464e-25,9.08906495837087e-24,,
hsa-let-7f,hsa-miR-26b,miRNA,miRNA,miRNA-miRNA,,0.7791307242344584,,,0.7791307242344584,2.953125949131165e-24,9.461815541016253e-23,,
hsa-let-7f,hsa-miR-200a,miRNA,miRNA,miRNA-miRNA,,0.7762364609136139,,,0.7762364609136139,5.577084211113947e-24,1.692138050417527e-22,,
hsa-let-7f,hsa-miR-27a,miRNA,miRNA,miRNA-miRNA,,0.7707408171383072,,,0.7707408171383072,1.817774116085181e-23,4.853456889947433e-22,,
hsa-let-7f,hsa-let-7g,miRNA,miRNA,miRNA-miRNA,,0.7653010545224211,,,0.7653010545224211,5.670225682202407e-23,1.3763184155891297e-21,,
hsa-let-7f,hsa-miR-98,miRNA,miRNA,miRNA-miRNA,,0.757729520874843,,,0.757729520874843,2.627219462041045e-22,5.537145659720174e-21,,
hsa-let-7f,hsa-miR-16 (+++ See note below),miRNA,miRNA,miRNA-miRNA,,0.7444004549697945,,,0.7444004549697945,3.422956746440264e-21,5.760059567013974e-20,,
hsa-let-7f,hsa-miR-374b,miRNA,miRNA,miRNA-miRNA,,0.739531516592853,,,0.739531516592853,8.406597581420662e-21,1.34673693254359e-19,,
hsa-let-7f,hsa-miR-454,miRNA,miRNA,miRNA-miRNA,,0.7298025943384646,,,0.7298025943384646,4.774167408784324e-20,6.756374725152373e-19,,
hsa-let-7f,hsa-miR-15b,miRNA,miRNA,miRNA-miRNA,,0.722548120451874,,,0.722548120451874,1.6611505902852874e-19,2.1187605458893553e-18,,
hsa-let-7f,hsa-miR-15a,miRNA,miRNA,miRNA-miRNA,,0.7172577371092291,,,0.7172577371092291,4.023685397366388e-19,4.913067078186702e-18,,
hsa-let-7f,hsa-miR-20a+hsa-miR-20b,miRNA,miRNA,miRNA-miRNA,,0.7157196198137498,,,0.7157196198137498,5.184341495096308e-19,6.142984523035714e-18,,
hsa-let-7f,hsa-miR-128,miRNA,miRNA,miRNA-miRNA,,0.7122443892707058,,,0.7122443892707058,9.135540236924732e-19,1.0483621389364914e-17,,
hsa-let-7f,hsa-let-7i,miRNA,miRNA,miRNA-miRNA,,0.7117434022654915,,,0.7117434022654915,9.906128024646681e-19,1.1271034868951693e-17,,
hsa-let-7f,hsa-miR-484,miRNA,miRNA,miRNA-miRNA,,0.7115412981732245,,,0.7115412981732245,1.023459489656785e-18,1.154635283401528e-17,,
hsa-let-7f,hsa-miR-148a,miRNA,miRNA,miRNA-miRNA,,0.6963570267266939,,,0.6963570267266939,1.0986101834392744e-17,1.043806645392638e-16,,
hsa-let-7f,hsa-miR-186,miRNA,miRNA,miRNA-miRNA,,0.6960780990954704,,,0.6960780990954704,1.1459857586621305e-17,1.0799230502216078e-16,,
hsa-let-7f,hsa-miR-101,miRNA,miRNA,miRNA-miRNA,,0.6952835761369933,,,0.6952835761369933,1.2920925961118531e-17,1.2147490252178337e-16,,
hsa-let-7f,hsa-miR-200b,miRNA,miRNA,miRNA-miRNA,,0.6951976582999316,,,0.6951976582999316,1.3089379151823443e-17,1.2277040633033463e-16,,
hsa-let-7f,hsa-miR-509-3p,miRNA,miRNA,miRNA-miRNA,,0.6919901887619815,,,0.6919901887619815,2.1160443731771223e-17,1.9130378588204005e-16,,
hsa-let-7f,hsa-miR-24,miRNA,miRNA,miRNA-miRNA,,0.6865172353156321,,,0.6865172353156321,4.734617846038961e-17,4.000452420545578e-16,,
hsa-let-7f,hsa-miR-29b,miRNA,miRNA,miRNA-miRNA,,0.6775837862598918,,,0.6775837862598918,1.6983633154295985e-16,1.2956085863420082e-15,,
hsa-let-7f,hsa-miR-106b,miRNA,miRNA,miRNA-miRNA,,0.6727863842435531,,,0.6727863842435531,3.3111545332291744e-16,2.3951831910197177e-15,,
hsa-let-7f,hsa-miR-141,miRNA,miRNA,miRNA-miRNA,,0.6705730792791427,,,0.6705730792791427,4.4867590277655035e-16,3.1860762245036954e-15,,
hsa-let-7f,hsa-miR-106a+hsa-miR-17,miRNA,miRNA,miRNA-miRNA,,0.6621560934644799,,,0.6621560934644799,1.3917963288386075e-15,9.305750078461808e-15,,
hsa-let-7f,hsa-miR-19b,miRNA,miRNA,miRNA-miRNA,,0.6605319028511334,,,0.6605319028511334,1.7243944954969541e-15,1.1321639269615247e-14,,
hsa-let-7f,hsa-miR-429,miRNA,miRNA,miRNA-miRNA,,0.6546698285225268,,,0.6546698285225268,3.696496932011129e-15,2.3387788645662828e-14,,
hsa-let-7f,hsa-miR-340,miRNA,miRNA,miRNA-miRNA,,0.6525424362606665,,,0.6525424362606665,4.8547992621167955e-15,3.009825239129685e-14,,
hsa-let-7f,hsa-miR-25,miRNA,miRNA,miRNA-miRNA,,0.6525156414011203,,,0.6525156414011203,4.871428032671153e-15,3.0154666570089596e-14,,
hsa-let-7f,hsa-miR-200c,miRNA,miRNA,miRNA-miRNA,,0.6433842910437122,,,0.6433842910437122,1.5317724483319477e-14,8.865243721921171e-14,,
hsa-let-7f,hsa-miR-93,miRNA,miRNA,miRNA-miRNA,,0.6393917132765767,,,0.6393917132765767,2.4975457679605988e-14,1.408826873335521e-13,,
hsa-let-7f,hsa-miR-660,miRNA,miRNA,miRNA-miRNA,,0.6371976637657913,,,0.6371976637657913,3.257414209288125e-14,1.7920252621152392e-13,,
hsa-let-7f,hsa-miR-130b,miRNA,miRNA,miRNA-miRNA,,0.6323250114348096,,,0.6323250114348096,5.83167038291723e-14,3.057047105181087e-13,,
hsa-let-7f,hsa-miR-532-5p,miRNA,miRNA,miRNA-miRNA,,0.6319433424481571,,,0.6319433424481571,6.101203884740218e-14,3.1858307116537905e-13,,
hsa-let-7f,hsa-miR-107,miRNA,miRNA,miRNA-miRNA,,0.6266108302238612,,,0.6266108302238612,1.1396283307176089e-13,5.799506308162673e-13,,
hsa-let-7f,hsa-miR-1979,miRNA,miRNA,miRNA-miRNA,,0.6158412292777796,,,0.6158412292777796,3.8835074629245703e-13,1.8807070603401336e-12,,
hsa-let-7f,hsa-miR-96,miRNA,miRNA,miRNA-miRNA,,0.6148265602708657,,,0.6148265602708657,4.348586694149093e-13,2.093280013229221e-12,,
hsa-let-7f,hsa-miR-195,miRNA,miRNA,miRNA-miRNA,,0.6142429561453224,,,0.6142429561453224,4.640053218203006e-13,2.225558459748867e-12,,
hsa-let-7f,hsa-miR-497,miRNA,miRNA,miRNA-miRNA,,0.603576610420513,,,0.603576610420513,1.4839417798091682e-12,6.677738009141257e-12,,
hsa-let-7f,hsa-miR-21,miRNA,miRNA,miRNA-miRNA,,0.6008109359911964,,,0.6008109359911964,1.9919975049274153e-12,8.77662267022475e-12,,
hsa-let-7f,hsa-miR-32,miRNA,miRNA,miRNA-miRNA,,0.600398078010114,,,0.600398078010114,2.081001084308368e-12,9.128597308493991e-12,,
hsa-let-7f,hsa-miR-151-3p,miRNA,miRNA,miRNA-miRNA,,0.591429146717805,,,0.591429146717805,5.297319536841761e-12,2.2332383942159213e-11,,
hsa-let-7f,hsa-miR-19a,miRNA,miRNA,miRNA-miRNA,,0.5835609556144538,,,0.5835609556144538,1.1746179999419881e-11,4.7711410646730854e-11,,
hsa-let-7f,hsa-miR-455-5p,miRNA,miRNA,miRNA-miRNA,,0.5828601957664108,,,0.5828601957664108,1.2596514771387745e-11,5.085588876956443e-11,,
hsa-let-7f,hsa-miR-1274a,miRNA,miRNA,miRNA-miRNA,,0.5766788148774276,,,0.5766788148774276,2.3168481039351645e-11,9.008715200252751e-11,,
hsa-let-7f,hsa-miR-425,miRNA,miRNA,miRNA-miRNA,,0.5673336847624351,,,0.5673336847624351,5.6841116325375655e-11,2.1196338071054887e-10,,
hsa-let-7f,hsa-miR-362-3p,miRNA,miRNA,miRNA-miRNA,,0.5646926756757136,,,0.5646926756757136,7.288150799789558e-11,2.6927162318410683e-10,,
hsa-let-7f,hsa-miR-194,miRNA,miRNA,miRNA-miRNA,,0.5541978679630054,,,0.5541978679630054,1.915766811405122e-10,6.771973591948379e-10,,
hsa-let-7f,hsa-miR-183,miRNA,miRNA,miRNA-miRNA,,0.5522753107283962,,,0.5522753107283962,2.2785664576603077e-10,8.004963739411871e-10,,
hsa-let-7f,hsa-miR-1975,miRNA,miRNA,miRNA-miRNA,,0.539118773950065,,,0.539118773950065,7.252394987992333e-10,2.400482803876801e-09,,
hsa-let-7f,hsa-miR-99a,miRNA,miRNA,miRNA-miRNA,,0.5056507955055543,,,0.5056507955055543,1.1129292539050052e-08,3.3188992270212554e-08,,
hsa-let-7f,hsa-miR-216a,miRNA,miRNA,miRNA-miRNA,,0.49660128326173203,,,0.49660128326173203,2.2169441991169152e-08,6.471473409229771e-08,,
hsa-let-7f,hsa-miR-210,miRNA,miRNA,miRNA-miRNA,,0.4932116957570576,,,0.4932116957570576,2.8552199450329907e-08,8.286344840476179e-08,,
hsa-let-7f,hsa-miR-10b,miRNA,miRNA,miRNA-miRNA,,0.48542868015209634,,,0.48542868015209634,5.052290742439094e-08,1.4330328911804935e-07,,
hsa-let-7f,hsa-miR-548g,miRNA,miRNA,miRNA-miRNA,,0.4740766732480079,,,0.4740766732480079,1.1327252832826155e-07,3.128665351411638e-07,,
hsa-let-7f,hsa-miR-2117,miRNA,miRNA,miRNA-miRNA,,0.47094789552715266,,,0.47094789552715266,1.4078452359208296e-07,3.8592882750601795e-07,,
hsa-let-7f,hsa-miR-145,miRNA,miRNA,miRNA-miRNA,,0.4629598383231878,,,0.4629598383231878,2.4289522682825876e-07,6.502642937481125e-07,,
hsa-let-7f,hsa-miR-142-5p,miRNA,miRNA,miRNA-miRNA,,0.46105465849483146,,,0.46105465849483146,2.760754150749219e-07,7.351609291057594e-07,,
hsa-let-7f,hsa-miR-1308,miRNA,miRNA,miRNA-miRNA,,0.4445396710539034,,,0.4445396710539034,8.113291472436279e-07,2.0526678677894693e-06,,
hsa-let-7f,hsa-miR-203,miRNA,miRNA,miRNA-miRNA,,0.4437422998320494,,,0.4437422998320494,8.534619107679943e-07,2.1538216462670555e-06,,
hsa-let-7f,hsa-miR-1978,miRNA,miRNA,miRNA-miRNA,,0.43561671321132367,,,0.43561671321132367,1.4193407712442118e-06,3.504599129983396e-06,,
hsa-let-7f,hsa-miR-146a,miRNA,miRNA,miRNA-miRNA,,0.42244191953462323,,,0.42244191953462323,3.150000846243264e-06,7.421031405414278e-06,,
hsa-let-7f,hsa-miR-18b,miRNA,miRNA,miRNA-miRNA,,0.41814059688049066,,,0.41814059688049066,4.057202489614058e-06,9.40885696056995e-06,,
hsa-let-7f,hsa-miR-154,miRNA,miRNA,miRNA-miRNA,,0.4179352778347905,,,0.4179352778347905,4.106158094283147e-06,9.511372566572587e-06,,
hsa-let-7f,hsa-miR-708,miRNA,miRNA,miRNA-miRNA,,0.40220812042922716,,,0.40220812042922716,1.0055694351883478e-05,2.2349087613370327e-05,,
hsa-let-7f,hsa-miR-187,miRNA,miRNA,miRNA-miRNA,,0.3981387104888992,,,0.3981387104888992,1.258627313914289e-05,2.774244574698254e-05,,
hsa-let-7f,hsa-miR-205,miRNA,miRNA,miRNA-miRNA,,0.38853443883727085,,,0.38853443883727085,2.113275310148792e-05,4.523606422846559e-05,,
hsa-let-7f,hsa-miR-125b,miRNA,miRNA,miRNA-miRNA,,0.38352016474367356,,,0.38352016474367356,2.7523483031435207e-05,5.796645324515113e-05,,
hsa-let-7g,hsa-miR-16 (+++ See note below),miRNA,miRNA,miRNA-miRNA,,0.8933618988927048,,,0.8933618988927048,2.3009703213450093e-40,5.420815374698095e-38,,
hsa-let-7g,hsa-let-7i,miRNA,miRNA,miRNA-miRNA,,0.8591382564803318,,,0.8591382564803318,4.443217714103446e-34,6.590772942586778e-32,,
hsa-let-7g,hsa-miR-15a,miRNA,miRNA,miRNA-miRNA,,0.8228412531597047,,,0.8228412531597047,5.210210121892213e-29,4.0128637573419834e-27,,
hsa-let-7g,hsa-miR-374a,miRNA,miRNA,miRNA-miRNA,,0.818854525146215,,,0.818854525146215,1.5941809155283375e-28,1.182350845683517e-26,,
hsa-let-7g,hsa-miR-374b,miRNA,miRNA,miRNA-miRNA,,0.8107318447499343,,,0.8107318447499343,1.4326831485853497e-27,9.406386901777582e-26,,
hsa-let-7g,hsa-miR-15b,miRNA,miRNA,miRNA-miRNA,,0.8081467617516582,,,0.8081467617516582,2.8186934540438017e-27,1.763885513038348e-25,,
hsa-let-7g,hsa-miR-186,miRNA,miRNA,miRNA-miRNA,,0.8063107318674385,,,0.8063107318674385,4.5299508030658655e-27,2.791146610196737e-25,,
hsa-let-7g,hsa-miR-26b,miRNA,miRNA,miRNA-miRNA,,0.7945581669193187,,,0.7945581669193187,8.410744420652915e-26,3.545792779443676e-24,,
hsa-let-7g,hsa-miR-25,miRNA,miRNA,miRNA-miRNA,,0.7915919531102015,,,0.7915919531102015,1.7063254643055964e-25,6.973299474024401e-24,,
hsa-let-7g,hsa-miR-21,miRNA,miRNA,miRNA-miRNA,,0.7630432143177621,,,0.7630432143177621,9.010880851499656e-23,2.098173128503263e-21,,
hsa-let-7g,hsa-miR-20a+hsa-miR-20b,miRNA,miRNA,miRNA-miRNA,,0.7428518839017685,,,0.7428518839017685,4.565227034777108e-21,7.493333718968163e-20,,
hsa-let-7g,hsa-miR-148a,miRNA,miRNA,miRNA-miRNA,,0.7395845417100091,,,0.7395845417100091,8.325636584634053e-21,1.339123474757405e-19,,
hsa-let-7g,hsa-miR-106b,miRNA,miRNA,miRNA-miRNA,,0.7369534483956093,,,0.7369534483956093,1.3419550881307943e-20,2.095108873244511e-19,,
hsa-let-7g,hsa-miR-24,miRNA,miRNA,miRNA-miRNA,,0.7363625517004995,,,0.7363625517004995,1.4926508811997185e-20,2.313790734256643e-19,,
hsa-let-7g,hsa-miR-19b,miRNA,miRNA,miRNA-miRNA,,0.7362732230941148,,,0.7362732230941148,1.5168226448234974e-20,2.336490266353118e-19,,
hsa-let-7g,hsa-miR-484,miRNA,miRNA,miRNA-miRNA,,0.7117248558817427,,,0.7117248558817427,9.93583733659401e-19,1.1272812615597454e-17,,
hsa-let-7g,hsa-miR-101,miRNA,miRNA,miRNA-miRNA,,0.7113116522554872,,,0.7113116522554872,1.0620702041478801e-18,1.1914821197793446e-17,,
hsa-let-7g,hsa-miR-454,miRNA,miRNA,miRNA-miRNA,,0.7092832367461788,,,0.7092832367461788,1.4707219664296415e-18,1.591957155554247e-17,,
hsa-let-7g,hsa-miR-497,miRNA,miRNA,miRNA-miRNA,,0.7088264975491463,,,0.7088264975491463,1.581968746816684e-18,1.698601831367512e-17,,
hsa-let-7g,hsa-miR-98,miRNA,miRNA,miRNA-miRNA,,0.7087085248507634,,,0.7087085248507634,1.612008988872993e-18,1.7262288771220152e-17,,
hsa-let-7g,hsa-miR-340,miRNA,miRNA,miRNA-miRNA,,0.7043161819465025,,,0.7043161819465025,3.2260762504848703e-18,3.262736207876744e-17,,
hsa-let-7g,hsa-miR-200a,miRNA,miRNA,miRNA-miRNA,,0.7019535988735591,,,0.7019535988735591,4.660942676852198e-18,4.620563222968577e-17,,
hsa-let-7g,hsa-miR-1979,miRNA,miRNA,miRNA-miRNA,,0.6928345585171692,,,0.6928345585171692,1.8658313378864492e-17,1.7099895899851782e-16,,
hsa-let-7g,hsa-miR-27a,miRNA,miRNA,miRNA-miRNA,,0.6919357675292679,,,0.6919357675292679,2.1332453637873294e-17,1.9242449734162736e-16,,
hsa-let-7g,hsa-miR-128,miRNA,miRNA,miRNA-miRNA,,0.6913745943520561,,,0.6913745943520561,2.318739067431689e-17,2.0636777700142033e-16,,
hsa-let-7g,hsa-miR-93,miRNA,miRNA,miRNA-miRNA,,0.686056778371906,,,0.686056778371906,5.0624676816980864e-17,4.2416700973223506e-16,,
hsa-let-7g,hsa-miR-151-3p,miRNA,miRNA,miRNA-miRNA,,0.682544196217525,,,0.682544196217525,8.402894577899267e-17,6.79870561302759e-16,,
hsa-let-7g,hsa-miR-490-3p,miRNA,miRNA,miRNA-miRNA,,0.6734085761753048,,,0.6734085761753048,3.0386500766473916e-16,2.22672064676868e-15,,
hsa-let-7g,hsa-miR-29b,miRNA,miRNA,miRNA-miRNA,,0.6734035345647684,,,0.6734035345647684,3.0407679916935613e-16,2.22672064676868e-15,,
hsa-let-7g,hsa-miR-532-5p,miRNA,miRNA,miRNA-miRNA,,0.6613215188284566,,,0.6613215188284566,1.5540535599240183e-15,1.0270601497517646e-14,,
hsa-let-7g,hsa-miR-195,miRNA,miRNA,miRNA-miRNA,,0.6488194249469468,,,0.6488194249469468,7.781942433024477e-15,4.6726655838475305e-14,,
hsa-let-7g,hsa-miR-200b,miRNA,miRNA,miRNA-miRNA,,0.6410206687573177,,,0.6410206687573177,2.047689410867719e-14,1.1632618568120872e-13,,
hsa-let-7g,hsa-miR-660,miRNA,miRNA,miRNA-miRNA,,0.6378130212064238,,,0.6378130212064238,3.0242090784349866e-14,1.679883128867146e-13,,
hsa-let-7g,hsa-miR-425,miRNA,miRNA,miRNA-miRNA,,0.6370180055707862,,,0.6370180055707862,3.328727271812154e-14,1.8262400991243392e-13,,
hsa-let-7g,hsa-miR-107,miRNA,miRNA,miRNA-miRNA,,0.6358318138920168,,,0.6358318138920168,3.8390317567058154e-14,2.0805578059007833e-13,,
hsa-let-7g,hsa-miR-1975,miRNA,miRNA,miRNA-miRNA,,0.6203078726967212,,,0.6203078726967212,2.348902006098972e-13,1.1614015474600474e-12,,
hsa-let-7g,hsa-miR-429,miRNA,miRNA,miRNA-miRNA,,0.6152407907083614,,,0.6152407907083614,4.152550652300667e-13,2.0037307665619484e-12,,
hsa-let-7g,hsa-miR-96,miRNA,miRNA,miRNA-miRNA,,0.6084899379506123,,,0.6084899379506123,8.733460354107855e-13,4.086157560537612e-12,,
hsa-let-7g,hsa-miR-509-3p,miRNA,miRNA,miRNA-miRNA,,0.6051286377542477,,,0.6051286377542477,1.2563699557249358e-12,5.763759075232953e-12,,
hsa-let-7g,hsa-miR-141,miRNA,miRNA,miRNA-miRNA,,0.6032308074657552,,,0.6032308074657552,1.539829061090739e-12,6.87418138817187e-12,,
hsa-let-7g,hsa-miR-142-3p,miRNA,miRNA,miRNA-miRNA,,0.5816187133293439,,,0.5816187133293439,1.4251109613958765e-11,5.684830080070205e-11,,
hsa-let-7g,hsa-miR-106a+hsa-miR-17,miRNA,miRNA,miRNA-miRNA,,0.5649568604438672,,,0.5649568604438672,7.109863814115212e-11,2.636574497734391e-10,,
hsa-let-7g,hsa-miR-200c,miRNA,miRNA,miRNA-miRNA,,0.5641358200623945,,,0.5641358200623945,7.67817887171356e-11,2.8315935894302766e-10,,
hsa-let-7g,hsa-miR-1274a,miRNA,miRNA,miRNA-miRNA,,0.5520474259949987,,,0.5520474259949987,2.3257216526593966e-10,8.149182168767177e-10,,
hsa-let-7g,hsa-miR-130b,miRNA,miRNA,miRNA-miRNA,,0.5403378502723568,,,0.5403378502723568,6.528271652060347e-10,2.169769955726281e-09,,
hsa-let-7g,hsa-miR-99a,miRNA,miRNA,miRNA-miRNA,,0.5348791124281366,,,0.5348791124281366,1.0421888806180124e-09,3.40176566167493e-09,,
hsa-let-7g,hsa-miR-125b,miRNA,miRNA,miRNA-miRNA,,0.5335109855715263,,,0.5335109855715263,1.1702980569115055e-09,3.8075091128599346e-09,,
hsa-let-7g,hsa-miR-362-3p,miRNA,miRNA,miRNA-miRNA,,0.5332238322675029,,,0.5332238322675029,1.1990460366803716e-09,3.8978728708643575e-09,,
hsa-let-7g,hsa-miR-19a,miRNA,miRNA,miRNA-miRNA,,0.5301448345650873,,,0.5301448345650873,1.5531974204142407e-09,5.000446679066747e-09,,
hsa-let-7g,hsa-miR-145,miRNA,miRNA,miRNA-miRNA,,0.5255171768715223,,,0.5255171768715223,2.280573915262456e-09,7.226027318533335e-09,,
hsa-let-7g,hsa-miR-455-5p,miRNA,miRNA,miRNA-miRNA,,0.5189704481713133,,,0.5189704481713133,3.888693325979425e-09,1.2101178531894016e-08,,
hsa-let-7g,hsa-miR-10b,miRNA,miRNA,miRNA-miRNA,,0.5133032668351803,,,0.5133032668351803,6.116486405432302e-09,1.8699639735691885e-08,,
hsa-let-7g,hsa-miR-183,miRNA,miRNA,miRNA-miRNA,,0.512830612337681,,,0.512830612337681,6.349581432937045e-09,1.932376416330765e-08,,
hsa-let-7g,hsa-miR-32,miRNA,miRNA,miRNA-miRNA,,0.4960303610943411,,,0.4960303610943411,2.3139114865510438e-08,6.749610709131048e-08,,
hsa-let-7g,hsa-miR-146a,miRNA,miRNA,miRNA-miRNA,,0.46693590271928115,,,0.46693590271928115,1.8546958708851782e-07,5.025748960010242e-07,,
hsa-let-7g,hsa-miR-142-5p,miRNA,miRNA,miRNA-miRNA,,0.46421358275478153,,,0.46421358275478153,2.2317216187992277e-07,6.006750728018083e-07,,
hsa-let-7g,hsa-miR-205,miRNA,miRNA,miRNA-miRNA,,0.4273914023782792,,,0.4273914023782792,2.3439415848270216e-06,5.607817232516261e-06,,
hsa-let-7g,hsa-miR-451,miRNA,miRNA,miRNA-miRNA,,0.4002775049309597,,,0.4002775049309597,1.1189753855367176e-05,2.4759648724168806e-05,,
hsa-let-7g,hsa-miR-150,miRNA,miRNA,miRNA-miRNA,,0.3944688606506214,,,0.3944688606506214,1.537162000542245e-05,3.3494743265351964e-05,,
hsa-let-7g,hsa-miR-1308,miRNA,miRNA,miRNA-miRNA,,0.3810403749791489,,,0.3810403749791489,3.1315824238845485e-05,6.56067581908919e-05,,
hsa-let-7g,hsa-miR-9,miRNA,miRNA,miRNA-miRNA,,0.3713306428190801,,,0.3713306428190801,5.139953179926618e-05,0.00010436398241229036,,
hsa-let-7g,hsa-miR-194,miRNA,miRNA,miRNA-miRNA,,0.3687381949177038,,,0.3687381949177038,5.851512534216132e-05,0.00011752912587530396,,
hsa-let-7i,hsa-miR-21,miRNA,miRNA,miRNA-miRNA,,0.8544362911242084,,,0.8544362911242084,2.401154462944672e-33,3.316077111756349e-31,,
hsa-let-7i,hsa-miR-16 (+++ See note below),miRNA,miRNA,miRNA-miRNA,,0.8514322785945678,,,0.8514322785945678,6.842206298533902e-33,8.563448820508836e-31,,
hsa-let-7i,hsa-miR-24,miRNA,miRNA,miRNA-miRNA,,0.7996680672830258,,,0.7996680672830258,2.4185971448312876e-26,1.1670459716926877e-24,,
hsa-let-7i,hsa-miR-374b,miRNA,miRNA,miRNA-miRNA,,0.7942776973564736,,,0.7942776973564736,8.997040518359396e-26,3.75345284125306e-24,,
hsa-let-7i,hsa-miR-15a,miRNA,miRNA,miRNA-miRNA,,0.7876446515322616,,,0.7876446515322616,4.297964695343306e-25,1.5792062940229303e-23,,
hsa-let-7i,hsa-miR-374a,miRNA,miRNA,miRNA-miRNA,,0.7832539406908671,,,0.7832539406908671,1.1739051697915398e-24,4.053008797426825e-23,,
hsa-let-7i,hsa-miR-27a,miRNA,miRNA,miRNA-miRNA,,0.7582458360603879,,,0.7582458360603879,2.3706406762819183e-22,5.050221227930363e-21,,
hsa-let-7i,hsa-miR-490-3p,miRNA,miRNA,miRNA-miRNA,,0.7521565403522612,,,0.7521565403522612,7.838536599503321e-22,1.4601553060935255e-20,,
hsa-let-7i,hsa-miR-15b,miRNA,miRNA,miRNA-miRNA,,0.7253105471616014,,,0.7253105471616014,1.0381097874234089e-19,1.3707996162031116e-18,,
hsa-let-7i,hsa-miR-26b,miRNA,miRNA,miRNA-miRNA,,0.7188548073215797,,,0.7188548073215797,3.087181672209905e-19,3.80435772221559e-18,,
hsa-let-7i,hsa-miR-484,miRNA,miRNA,miRNA-miRNA,,0.7166837623321152,,,0.7166837623321152,4.42367719827198e-19,5.32036852224603e-18,,
hsa-let-7i,hsa-miR-25,miRNA,miRNA,miRNA-miRNA,,0.7149622290178993,,,0.7149622290178993,5.869853073215863e-19,6.8940649730878395e-18,,
hsa-let-7i,hsa-miR-1979,miRNA,miRNA,miRNA-miRNA,,0.6820193324280431,,,0.6820193324280431,9.058347769117439e-17,7.284876067332398e-16,,
hsa-let-7i,hsa-miR-20a+hsa-miR-20b,miRNA,miRNA,miRNA-miRNA,,0.6819748703881167,,,0.6819748703881167,9.116101894004704e-17,7.305961885239734e-16,,
hsa-let-7i,hsa-miR-200a,miRNA,miRNA,miRNA-miRNA,,0.6786107230168263,,,0.6786107230168263,1.4697810970723557e-16,1.1298413231813405e-15,,
hsa-let-7i,hsa-miR-186,miRNA,miRNA,miRNA-miRNA,,0.6732784506600337,,,0.6732784506600337,3.093775833531538e-16,2.2569348293795645e-15,,
hsa-let-7i,hsa-miR-19b,miRNA,miRNA,miRNA-miRNA,,0.6722556803584359,,,0.6722556803584359,3.5622343582587487e-16,2.5567649829437797e-15,,
hsa-let-7i,hsa-miR-454,miRNA,miRNA,miRNA-miRNA,,0.6467938251107647,,,0.6467938251107647,1.003206534437781e-14,5.961190163832808e-14,,
hsa-let-7i,hsa-miR-106b,miRNA,miRNA,miRNA-miRNA,,0.6395010234141195,,,0.6395010234141195,2.464573934968368e-14,1.3921888024750796e-13,,
hsa-let-7i,hsa-miR-98,miRNA,miRNA,miRNA-miRNA,,0.6350867275646931,,,0.6350867275646931,4.197529882617397e-14,2.2625985437257976e-13,,
hsa-let-7i,hsa-miR-29b,miRNA,miRNA,miRNA-miRNA,,0.6308997817664628,,,0.6308997817664628,6.901276978648612e-14,3.589560298634765e-13,,
hsa-let-7i,hsa-miR-148a,miRNA,miRNA,miRNA-miRNA,,0.6085788145367454,,,0.6085788145367454,8.649384924172342e-13,4.051553990796518e-12,,
hsa-let-7i,hsa-miR-128,miRNA,miRNA,miRNA-miRNA,,0.6080230823332344,,,0.6080230823332344,9.188249908901113e-13,4.293925424171406e-12,,
hsa-let-7i,hsa-miR-101,miRNA,miRNA,miRNA-miRNA,,0.6045163549977864,,,0.6045163549977864,1.3417966451031549e-12,6.079067379681149e-12,,
hsa-let-7i,hsa-miR-340,miRNA,miRNA,miRNA-miRNA,,0.6033288808193711,,,0.6033288808193711,1.5237752785555188e-12,6.826308714334288e-12,,
hsa-let-7i,hsa-miR-151-3p,miRNA,miRNA,miRNA-miRNA,,0.5949471256405383,,,0.5949471256405383,3.684554689796972e-12,1.5799402069204363e-11,,
hsa-let-7i,hsa-miR-200b,miRNA,miRNA,miRNA-miRNA,,0.5947050900324737,,,0.5947050900324737,3.7782783057520736e-12,1.6149417945076898e-11,,
hsa-let-7i,hsa-miR-125b,miRNA,miRNA,miRNA-miRNA,,0.5829088736006197,,,0.5829088736006197,1.2535574224614913e-11,5.0660923077278236e-11,,
hsa-let-7i,hsa-miR-497,miRNA,miRNA,miRNA-miRNA,,0.5817101212474085,,,0.5817101212474085,1.4122449985816443e-11,5.6391238477761565e-11,,
hsa-let-7i,hsa-miR-93,miRNA,miRNA,miRNA-miRNA,,0.5800785053199339,,,0.5800785053199339,1.6597041481576017e-11,6.54243613520787e-11,,
hsa-let-7i,hsa-miR-142-3p,miRNA,miRNA,miRNA-miRNA,,0.5735351049837462,,,0.5735351049837462,3.1432905180442366e-11,1.209306294406068e-10,,
hsa-let-7i,hsa-miR-1975,miRNA,miRNA,miRNA-miRNA,,0.5649217098767733,,,0.5649217098767733,7.133340520306568e-11,2.642833375007197e-10,,
hsa-let-7i,hsa-miR-1274a,miRNA,miRNA,miRNA-miRNA,,0.5644490299362707,,,0.5644490299362707,7.456392861801665e-11,2.752336719955361e-10,,
hsa-let-7i,hsa-miR-99a,miRNA,miRNA,miRNA-miRNA,,0.5476120834158734,,,0.5476120834158734,3.454431815898945e-10,1.1865351134369874e-09,,
hsa-let-7i,hsa-miR-141,miRNA,miRNA,miRNA-miRNA,,0.5451838867776413,,,0.5451838867776413,4.2794073556085543e-10,1.4524598694247679e-09,,
hsa-let-7i,hsa-miR-200c,miRNA,miRNA,miRNA-miRNA,,0.5448417815316037,,,0.5448417815316037,4.4098892141226685e-10,1.4942137311811581e-09,,
hsa-let-7i,hsa-miR-146a,miRNA,miRNA,miRNA-miRNA,,0.5434047154834031,,,0.5434047154834031,5.001052443735001e-10,1.6888039660336153e-09,,
hsa-let-7i,hsa-miR-195,miRNA,miRNA,miRNA-miRNA,,0.5430649124525356,,,0.5430649124525356,5.151601388779924e-10,1.7350815715136271e-09,,
hsa-let-7i,hsa-miR-532-5p,miRNA,miRNA,miRNA-miRNA,,0.5405393479899048,,,0.5405393479899048,6.415489338956442e-10,2.1358299918969702e-09,,
hsa-let-7i,hsa-miR-429,miRNA,miRNA,miRNA-miRNA,,0.5396422164900085,,,0.5396422164900085,6.932477720691216e-10,2.3002960456808884e-09,,
hsa-let-7i,hsa-miR-130b,miRNA,miRNA,miRNA-miRNA,,0.5370744102377786,,,0.5370744102377786,8.643375853443076e-10,2.84676976094075e-09,,
hsa-let-7i,hsa-miR-145,miRNA,miRNA,miRNA-miRNA,,0.5308231458280859,,,0.5308231458280859,1.4674501460041334e-09,4.731995036027821e-09,,
hsa-let-7i,hsa-miR-96,miRNA,miRNA,miRNA-miRNA,,0.5224855869839059,,,0.5224855869839059,2.9239912424286574e-09,9.191981888482554e-09,,
hsa-let-7i,hsa-miR-107,miRNA,miRNA,miRNA-miRNA,,0.5215768537922517,,,0.5215768537922517,3.148640901643413e-09,9.874946602256749e-09,,
hsa-let-7i,hsa-miR-660,miRNA,miRNA,miRNA-miRNA,,0.5207413978080491,,,0.5207413978080491,3.3697262728940463e-09,1.0535326871928693e-08,,
hsa-let-7i,hsa-miR-10b,miRNA,miRNA,miRNA-miRNA,,0.5204773423474218,,,0.5204773423474218,3.4426499368790658e-09,1.0746541696960763e-08,,
hsa-let-7i,hsa-miR-106a+hsa-miR-17,miRNA,miRNA,miRNA-miRNA,,0.494589257339192,,,0.494589257339192,2.5770634071980008e-08,7.495380498059545e-08,,
hsa-let-7i,hsa-miR-455-5p,miRNA,miRNA,miRNA-miRNA,,0.48773698699804163,,,0.48773698699804163,4.2719166921874926e-08,1.2192830079396367e-07,,
hsa-let-7i,hsa-miR-509-3p,miRNA,miRNA,miRNA-miRNA,,0.4578825089165783,,,0.4578825089165783,3.410924580461415e-07,8.999178487976263e-07,,
hsa-let-7i,hsa-miR-19a,miRNA,miRNA,miRNA-miRNA,,0.44520127213106997,,,0.44520127213106997,7.778777860722797e-07,1.970525321454447e-06,,
hsa-let-7i,hsa-miR-425,miRNA,miRNA,miRNA-miRNA,,0.440360528476443,,,0.440360528476443,1.0563709300304535e-06,2.6442284842324792e-06,,
hsa-let-7i,hsa-miR-150,miRNA,miRNA,miRNA-miRNA,,0.4375478097738829,,,0.4375478097738829,1.25922923199932e-06,3.128544090668286e-06,,
hsa-let-7i,hsa-miR-183,miRNA,miRNA,miRNA-miRNA,,0.42948816893864444,,,0.42948816893864444,2.065154626578527e-06,4.982496553883735e-06,,
hsa-let-7i,hsa-miR-142-5p,miRNA,miRNA,miRNA-miRNA,,0.4239924652958109,,,0.4239924652958109,2.872868516352908e-06,6.800140903069383e-06,,
hsa-let-7i,hsa-miR-1308,miRNA,miRNA,miRNA-miRNA,,0.41685645847773944,,,0.41685645847773944,4.372696328439262e-06,1.0076322667088172e-05,,
hsa-let-7i,hsa-miR-362-3p,miRNA,miRNA,miRNA-miRNA,,0.4092861479984667,,,0.4092861479984667,6.757426687193054e-06,1.5272852077995586e-05,,
hsa-let-7i,hsa-miR-205,miRNA,miRNA,miRNA-miRNA,,0.40363924699107967,,,0.40363924699107967,9.285892866214417e-06,2.0718663470300134e-05,,
hsa-let-7i,hsa-miR-199a-5p,miRNA,miRNA,miRNA-miRNA,,0.3894487445216594,,,0.3894487445216594,2.0129407030219198e-05,4.320379161630648e-05,,
hsa-let-7i,hsa-miR-451,miRNA,miRNA,miRNA-miRNA,,0.38895326004182895,,,0.38895326004182895,2.0667452911568113e-05,4.4311107553977677e-05,,
hsa-let-7i,hsa-miR-9,miRNA,miRNA,miRNA-miRNA,,0.3847458125012121,,,0.3847458125012121,2.5812366853238738e-05,5.458211681479469e-05,,
hsa-let-7i,hsa-miR-135b,miRNA,miRNA,miRNA-miRNA,,0.38103726163175416,,,0.38103726163175416,3.13208793161012e-05,6.56067581908919e-05,,
hsa-miR-9,hsa-miR-93,miRNA,miRNA,miRNA-miRNA,,0.6035060248766138,,,0.6035060248766138,1.4951877236771976e-12,6.7132587817569235e-12,,
hsa-miR-9,hsa-miR-19b,miRNA,miRNA,miRNA-miRNA,,0.5986979349927527,,,0.5986979349927527,2.4897776993815922e-12,1.0828321188091312e-11,,
hsa-miR-9,hsa-miR-106b,miRNA,miRNA,miRNA-miRNA,,0.5883731669026304,,,0.5883731669026304,7.2357716609185936e-12,3.009269522531565e-11,,
hsa-miR-9,hsa-miR-128,miRNA,miRNA,miRNA-miRNA,,0.5864724017706855,,,0.5864724017706855,8.770166148757387e-12,3.636078201425811e-11,,
hsa-miR-9,hsa-miR-19a,miRNA,miRNA,miRNA-miRNA,,0.5824760807625331,,,0.5824760807625331,1.3087535586171397e-11,5.267897489710196e-11,,
hsa-miR-9,hsa-miR-106a+hsa-miR-17,miRNA,miRNA,miRNA-miRNA,,0.5810375665832485,,,0.5810375665832485,1.5095965651878176e-11,5.997950638469453e-11,,
hsa-miR-9,hsa-miR-20a+hsa-miR-20b,miRNA,miRNA,miRNA-miRNA,,0.5680104519898695,,,0.5680104519898695,5.331445852220793e-11,1.995555199826568e-10,,
hsa-miR-9,hsa-miR-25,miRNA,miRNA,miRNA-miRNA,,0.5614609810200527,,,0.5614609810200527,9.849832302522101e-11,3.5829771454678485e-10,,
hsa-miR-9,hsa-miR-455-5p,miRNA,miRNA,miRNA-miRNA,,0.5597054547653894,,,0.5597054547653894,1.158511846491482e-10,4.187581177976882e-10,,
hsa-miR-9,hsa-miR-18b,miRNA,miRNA,miRNA-miRNA,,0.5469609759193144,,,0.5469609759193144,3.659223044253618e-10,1.249376666004752e-09,,
hsa-miR-9,hsa-miR-130b,miRNA,miRNA,miRNA-miRNA,,0.5383153959456989,,,0.5383153959456989,7.771189007605858e-10,2.567954783453916e-09,,
hsa-miR-9,hsa-miR-107,miRNA,miRNA,miRNA-miRNA,,0.5262092706440118,,,0.5262092706440118,2.1540450826830207e-09,6.835935464457606e-09,,
hsa-miR-9,hsa-miR-15b,miRNA,miRNA,miRNA-miRNA,,0.5207836293085478,,,0.5207836293085478,3.3582017234733935e-09,1.0523942020744085e-08,,
hsa-miR-9,hsa-miR-454,miRNA,miRNA,miRNA-miRNA,,0.49699104795574844,,,0.49699104795574844,2.1529928997723184e-08,6.289377508087625e-08,,
hsa-miR-9,hsa-miR-141,miRNA,miRNA,miRNA-miRNA,,0.4710015359003697,,,0.4710015359003697,1.4026325129157254e-07,3.8476323385119727e-07,,
hsa-miR-9,hsa-miR-151-3p,miRNA,miRNA,miRNA-miRNA,,0.4683485941069869,,,0.4683485941069869,1.6838073206961818e-07,4.575066702434334e-07,,
hsa-miR-9,hsa-miR-98,miRNA,miRNA,miRNA-miRNA,,0.4637024185753706,,,0.4637024185753706,2.3102176514512317e-07,6.201355022829881e-07,,
hsa-miR-9,hsa-miR-32,miRNA,miRNA,miRNA-miRNA,,0.45270645962535816,,,0.45270645962535816,4.794676431422636e-07,1.2461180472321645e-06,,
hsa-miR-9,hsa-miR-340,miRNA,miRNA,miRNA-miRNA,,0.450487425678853,,,0.450487425678853,5.538828612297133e-07,1.4247275910244072e-06,,
hsa-miR-9,hsa-miR-374a,miRNA,miRNA,miRNA-miRNA,,0.44421313442425514,,,0.44421313442425514,8.283385901662912e-07,2.0917377387238313e-06,,
hsa-miR-9,hsa-miR-200b,miRNA,miRNA,miRNA-miRNA,,0.44048291083828833,,,0.44048291083828833,1.0482902857263513e-06,2.6256426481138442e-06,,
hsa-miR-9,hsa-miR-484,miRNA,miRNA,miRNA-miRNA,,0.44002848280432305,,,0.44002848280432305,1.078594079795947e-06,2.6964851994898677e-06,,
hsa-miR-9,hsa-miR-15a,miRNA,miRNA,miRNA-miRNA,,0.4365442467443812,,,0.4365442467443812,1.3401671472100833e-06,3.313191002824928e-06,,
hsa-miR-9,hsa-miR-186,miRNA,miRNA,miRNA-miRNA,,0.4349993334761791,,,0.4349993334761791,1.4744773532438004e-06,3.6295524276222624e-06,,
hsa-miR-9,hsa-miR-660,miRNA,miRNA,miRNA-miRNA,,0.4346986735953301,,,0.4346986735953301,1.5020581761020104e-06,3.6929054605822904e-06,,
hsa-miR-9,hsa-miR-429,miRNA,miRNA,miRNA-miRNA,,0.434432804128252,,,0.434432804128252,1.5268544434703582e-06,3.751224286959055e-06,,
hsa-miR-9,hsa-miR-532-5p,miRNA,miRNA,miRNA-miRNA,,0.4309155384169228,,,0.4309155384169228,1.8936697558500783e-06,4.593668911071813e-06,,
hsa-miR-9,hsa-miR-425,miRNA,miRNA,miRNA-miRNA,,0.4289314033611896,,,0.4289314033611896,2.1359515525921103e-06,5.140917048155891e-06,,
hsa-miR-9,hsa-miR-374b,miRNA,miRNA,miRNA-miRNA,,0.42825637326988464,,,0.42825637326988464,2.224871035633995e-06,5.3388906517160875e-06,,
hsa-miR-9,hsa-miR-200a,miRNA,miRNA,miRNA-miRNA,,0.427404530248017,,,0.427404530248017,2.3420901582166436e-06,5.606737049406849e-06,,
hsa-miR-9,hsa-miR-200c,miRNA,miRNA,miRNA-miRNA,,0.4261347841449717,,,0.4261347841449717,2.527722868438603e-06,6.01516939280844e-06,,
hsa-miR-9,hsa-miR-101,miRNA,miRNA,miRNA-miRNA,,0.4213162206213388,,,0.4213162206213388,3.36684457526627e-06,7.903993273119233e-06,,
hsa-miR-9,hsa-miR-135b,miRNA,miRNA,miRNA-miRNA,,0.4188870914213631,,,0.4188870914213631,3.8838200058311295e-06,9.038174969990513e-06,,
hsa-miR-9,hsa-miR-16 (+++ See note below),miRNA,miRNA,miRNA-miRNA,,0.41285207639207816,,,0.41285207639207816,5.512023620431226e-06,1.2607455511037728e-05,,
hsa-miR-9,hsa-miR-96,miRNA,miRNA,miRNA-miRNA,,0.4091973564783971,,,0.4091973564783971,6.791588341796195e-06,1.5341405137559935e-05,,
hsa-miR-9,hsa-miR-362-3p,miRNA,miRNA,miRNA-miRNA,,0.40833798571023366,,,0.40833798571023366,7.130749631784336e-06,1.6035178144467302e-05,,
hsa-miR-9,hsa-miR-1979,miRNA,miRNA,miRNA-miRNA,,0.39779031336336124,,,0.39779031336336124,1.2828737246347086e-05,2.8261327102101254e-05,,
hsa-miR-9,hsa-miR-490-3p,miRNA,miRNA,miRNA-miRNA,,0.39625459111164524,,,0.39625459111164524,1.3950853540297266e-05,3.058192032232652e-05,,
hsa-miR-9,hsa-miR-24,miRNA,miRNA,miRNA-miRNA,,0.3779661410938151,,,0.3779661410938151,3.66975602518995e-05,7.619166864119103e-05,,
hsa-miR-9,hsa-miR-27a,miRNA,miRNA,miRNA-miRNA,,0.3733449062288743,,,0.3733449062288743,4.643838098217841e-05,9.479394283059353e-05,,
hsa-miR-10b,hsa-miR-199a-5p,miRNA,miRNA,miRNA-miRNA,,0.6914870066589293,,,0.6914870066589293,2.2803671958110734e-17,2.038587191790926e-16,,
hsa-miR-10b,hsa-miR-99a,miRNA,miRNA,miRNA-miRNA,,0.681971073033182,,,0.681971073033182,9.121051042746234e-17,7.305961885239734e-16,,
hsa-miR-10b,hsa-miR-125b,miRNA,miRNA,miRNA-miRNA,,0.6577345774418786,,,0.6577345774418786,2.48642472522757e-15,1.6009856952630897e-14,,
hsa-miR-10b,hsa-miR-195,miRNA,miRNA,miRNA-miRNA,,0.6522015451024714,,,0.6522015451024714,5.070524689454565e-15,3.129037192799003e-14,,
hsa-miR-10b,hsa-miR-154,miRNA,miRNA,miRNA-miRNA,,0.6318350264801821,,,0.6318350264801821,6.179870830474582e-14,3.220339904667794e-13,,
hsa-miR-10b,hsa-miR-145,miRNA,miRNA,miRNA-miRNA,,0.6237042041605952,,,0.6237042041605952,1.5940130341666982e-13,8.040330229014643e-13,,
hsa-miR-10b,hsa-miR-127-3p,miRNA,miRNA,miRNA-miRNA,,0.6020302159512642,,,0.6020302159512642,1.750114135823544e-12,7.736431693127256e-12,,
hsa-miR-10b,hsa-miR-497,miRNA,miRNA,miRNA-miRNA,,0.5584622843891361,,,0.5584622843891361,1.2988427238541416e-10,4.669537799852637e-10,,
hsa-miR-10b,hsa-miR-216a,miRNA,miRNA,miRNA-miRNA,,0.5232891912841632,,,0.5232891912841632,2.7382245280345504e-09,8.628315684326022e-09,,
hsa-miR-10b,hsa-miR-490-3p,miRNA,miRNA,miRNA-miRNA,,0.4806885960430178,,,0.4806885960430178,7.103031508629558e-08,1.9893455379063905e-07,,
hsa-miR-10b,hsa-miR-26b,miRNA,miRNA,miRNA-miRNA,,0.47535761975913376,,,0.47535761975913376,1.0355989938717843e-07,2.868292547648186e-07,,
hsa-miR-10b,hsa-miR-660,miRNA,miRNA,miRNA-miRNA,,0.45060707087917345,,,0.45060707087917345,5.496051516928761e-07,1.4155425289581793e-06,,
hsa-miR-10b,hsa-miR-148a,miRNA,miRNA,miRNA-miRNA,,0.44738140751510574,,,0.44738140751510574,6.76678205706877e-07,1.724711995236253e-06,,
hsa-miR-10b,hsa-miR-16 (+++ See note below),miRNA,miRNA,miRNA-miRNA,,0.4468380173279017,,,0.4468380173279017,7.006613873489072e-07,1.782813758788039e-06,,
hsa-miR-10b,hsa-miR-187,miRNA,miRNA,miRNA-miRNA,,0.44509672614623114,,,0.44509672614623114,7.83075136230639e-07,1.9824373707988047e-06,,
hsa-miR-10b,hsa-miR-532-5p,miRNA,miRNA,miRNA-miRNA,,0.43555348221711615,,,0.43555348221711615,1.4248965852311971e-06,3.5161496142026766e-06,,
hsa-miR-10b,hsa-miR-150,miRNA,miRNA,miRNA-miRNA,,0.43204630619542245,,,0.43204630619542245,1.767490576704882e-06,4.3006073874259125e-06,,
hsa-miR-10b,hsa-miR-451,miRNA,miRNA,miRNA-miRNA,,0.43157611297545667,,,0.43157611297545667,1.8189584547649694e-06,4.42315034082192e-06,,
hsa-miR-10b,hsa-miR-362-3p,miRNA,miRNA,miRNA-miRNA,,0.4059085177964863,,,0.4059085177964863,8.178070238405062e-06,1.832857935356031e-05,,
hsa-miR-10b,hsa-miR-374b,miRNA,miRNA,miRNA-miRNA,,0.3962670708242517,,,0.3962670708242517,1.3941373831797673e-05,3.0577876339731476e-05,,
hsa-miR-10b,hsa-miR-509-3p,miRNA,miRNA,miRNA-miRNA,,0.38920216629038235,,,0.38920216629038235,2.0395499982949943e-05,4.375146086326434e-05,,
hsa-miR-10b,hsa-miR-21,miRNA,miRNA,miRNA-miRNA,,0.3807040763310974,,,0.3807040763310974,3.186630749783406e-05,6.667949923136125e-05,,
hsa-miR-10b,hsa-miR-27a,miRNA,miRNA,miRNA-miRNA,,0.37538935070862245,,,0.37538935070862245,4.18635746970338e-05,8.606961840945604e-05,,
hsa-miR-10b,hsa-miR-15a,miRNA,miRNA,miRNA-miRNA,,0.3727840043645781,,,0.3727840043645781,4.777290112653739e-05,9.731966887679668e-05,,
hsa-miR-10b,hsa-miR-484,miRNA,miRNA,miRNA-miRNA,,0.36873840585789536,,,0.36873840585789536,5.8514510646506616e-05,0.00011752912587530396,,
hsa-miR-15a,hsa-miR-16 (+++ See note below),miRNA,miRNA,miRNA-miRNA,,0.937945111448044,,,0.937945111448044,7.114082655268994e-53,4.070271576336046e-50,,
hsa-miR-15a,hsa-miR-374a,miRNA,miRNA,miRNA-miRNA,,0.8937729158675449,,,0.8937729158675449,1.878737422543909e-40,4.702714610805222e-38,,
hsa-miR-15a,hsa-miR-374b,miRNA,miRNA,miRNA-miRNA,,0.8500464701644921,,,0.8500464701644921,1.1005939821846139e-32,1.2593939710426795e-30,,
hsa-miR-15a,hsa-miR-19b,miRNA,miRNA,miRNA-miRNA,,0.8485986096815105,,,0.8485986096815105,1.79924252448155e-32,2.001657308485724e-30,,
hsa-miR-15a,hsa-miR-15b,miRNA,miRNA,miRNA-miRNA,,0.8282635677833305,,,0.8282635677833305,1.0874489479416641e-29,9.266453269162478e-28,,
hsa-miR-15a,hsa-miR-106b,miRNA,miRNA,miRNA-miRNA,,0.8035713416985015,,,0.8035713416985015,9.108789662174075e-27,4.997356520137969e-25,,
hsa-miR-15a,hsa-miR-454,miRNA,miRNA,miRNA-miRNA,,0.8026119470662988,,,0.8026119470662988,1.1603241110608957e-26,6.279862249728226e-25,,
hsa-miR-15a,hsa-miR-101,miRNA,miRNA,miRNA-miRNA,,0.802122453818254,,,0.802122453818254,1.3121691454541576e-26,6.915456140000526e-25,,
hsa-miR-15a,hsa-miR-21,miRNA,miRNA,miRNA-miRNA,,0.8017535533733948,,,0.8017535533733948,1.4392737234775616e-26,7.486092548737186e-25,,
hsa-miR-15a,hsa-miR-20a+hsa-miR-20b,miRNA,miRNA,miRNA-miRNA,,0.8016225087104621,,,0.8016225087104621,1.487259800821527e-26,7.636507054218225e-25,,
hsa-miR-15a,hsa-miR-186,miRNA,miRNA,miRNA-miRNA,,0.7780874707264963,,,0.7780874707264963,3.717842982067893e-24,1.163278214311087e-22,,
hsa-miR-15a,hsa-miR-26b,miRNA,miRNA,miRNA-miRNA,,0.7736576989263505,,,0.7736576989263505,9.749502705721856e-24,2.6928798852700714e-22,,
hsa-miR-15a,hsa-miR-200a,miRNA,miRNA,miRNA-miRNA,,0.7699914910536638,,,0.7699914910536638,2.130103140885714e-23,5.612541499504793e-22,,
hsa-miR-15a,hsa-miR-29b,miRNA,miRNA,miRNA-miRNA,,0.7576312068396801,,,0.7576312068396801,2.6790575657522904e-22,5.5593914771180954e-21,,
hsa-miR-15a,hsa-miR-25,miRNA,miRNA,miRNA-miRNA,,0.7534478432526732,,,0.7534478432526732,6.100412865825005e-22,1.1692763753889481e-20,,
hsa-miR-15a,hsa-miR-27a,miRNA,miRNA,miRNA-miRNA,,0.7449272630440227,,,0.7449272630440227,3.1020718524409743e-21,5.332102046792318e-20,,
hsa-miR-15a,hsa-miR-340,miRNA,miRNA,miRNA-miRNA,,0.7421724010125111,,,0.7421724010125111,5.176720231050625e-21,8.427953059088518e-20,,
hsa-miR-15a,hsa-miR-19a,miRNA,miRNA,miRNA-miRNA,,0.7270525274265774,,,0.7270525274265774,7.695162167032772e-20,1.0341988080190017e-18,,
hsa-miR-15a,hsa-miR-93,miRNA,miRNA,miRNA-miRNA,,0.7246670089440866,,,0.7246670089440866,1.1588493942569374e-19,1.5117888677521285e-18,,
hsa-miR-15a,hsa-miR-128,miRNA,miRNA,miRNA-miRNA,,0.7211560848221996,,,0.7211560848221996,2.1006902165197067e-19,2.6624254168232358e-18,,
hsa-miR-15a,hsa-miR-484,miRNA,miRNA,miRNA-miRNA,,0.7197440406789061,,,0.7197440406789061,2.66165738263672e-19,3.320852902635534e-18,,
hsa-miR-15a,hsa-miR-141,miRNA,miRNA,miRNA-miRNA,,0.7132031357410076,,,0.7132031357410076,7.820244294357045e-19,9.02595919276656e-18,,
hsa-miR-15a,hsa-miR-98,miRNA,miRNA,miRNA-miRNA,,0.7104055456148484,,,0.7104055456148484,1.2287323254238448e-18,1.3519431217918951e-17,,
hsa-miR-15a,hsa-miR-96,miRNA,miRNA,miRNA-miRNA,,0.7030118762591215,,,0.7030118762591215,3.954471562607304e-18,3.949540800060412e-17,,
hsa-miR-15a,hsa-miR-24,miRNA,miRNA,miRNA-miRNA,,0.6910208504526403,,,0.6910208504526403,2.4436323631629707e-17,2.155671280719757e-16,,
hsa-miR-15a,hsa-miR-490-3p,miRNA,miRNA,miRNA-miRNA,,0.6908320125884321,,,0.6908320125884321,2.5129580355791925e-17,2.2071045904593568e-16,,
hsa-miR-15a,hsa-miR-1979,miRNA,miRNA,miRNA-miRNA,,0.6857216634566571,,,0.6857216634566571,5.314846934646027e-17,4.4253559195961203e-16,,
hsa-miR-15a,hsa-miR-106a+hsa-miR-17,miRNA,miRNA,miRNA-miRNA,,0.6754757725185279,,,0.6754757725185279,2.2808996699500836e-16,1.7042916377145682e-15,,
hsa-miR-15a,hsa-miR-429,miRNA,miRNA,miRNA-miRNA,,0.6664302617212979,,,0.6664302617212979,7.868731229114077e-16,5.424142611463318e-15,,
hsa-miR-15a,hsa-miR-151-3p,miRNA,miRNA,miRNA-miRNA,,0.6659237579386367,,,0.6659237579386367,8.422999629474094e-16,5.776389300692422e-15,,
hsa-miR-15a,hsa-miR-142-3p,miRNA,miRNA,miRNA-miRNA,,0.6617028925314431,,,0.6617028925314431,1.4777485524136872e-15,9.798647272213273e-15,,
hsa-miR-15a,hsa-miR-200b,miRNA,miRNA,miRNA-miRNA,,0.6605082184052118,,,0.6605082184052118,1.7297742323684915e-15,1.1338372832464498e-14,,
hsa-miR-15a,hsa-miR-425,miRNA,miRNA,miRNA-miRNA,,0.6511958964239591,,,0.6511958964239591,5.762549657147212e-15,3.523513187309097e-14,,
hsa-miR-15a,hsa-miR-148a,miRNA,miRNA,miRNA-miRNA,,0.6429521606679348,,,0.6429521606679348,1.6155673032503862e-14,9.309851869809779e-14,,
hsa-miR-15a,hsa-miR-660,miRNA,miRNA,miRNA-miRNA,,0.6214316058623811,,,0.6214316058623811,2.0671952250971852e-13,1.0284617237905873e-12,,
hsa-miR-15a,hsa-miR-362-3p,miRNA,miRNA,miRNA-miRNA,,0.6091016688126129,,,0.6091016688126129,8.170409064188819e-13,3.840667641088758e-12,,
hsa-miR-15a,hsa-miR-532-5p,miRNA,miRNA,miRNA-miRNA,,0.6052192908352005,,,0.6052192908352005,1.2441778824503318e-12,5.714372040382545e-12,,
hsa-miR-15a,hsa-miR-107,miRNA,miRNA,miRNA-miRNA,,0.6049360658075807,,,0.6049360658075807,1.2826540556537184e-12,5.8441746221764985e-12,,
hsa-miR-15a,hsa-miR-1975,miRNA,miRNA,miRNA-miRNA,,0.60324988415117,,,0.60324988415117,1.536693604101505e-12,6.868814603154606e-12,,
hsa-miR-15a,hsa-miR-32,miRNA,miRNA,miRNA-miRNA,,0.598696672538513,,,0.598696672538513,2.4901083181603242e-12,1.0828321188091312e-11,,
hsa-miR-15a,hsa-miR-509-3p,miRNA,miRNA,miRNA-miRNA,,0.5897931411079028,,,0.5897931411079028,6.262295978955823e-12,2.6207414206601954e-11,,
hsa-miR-15a,hsa-miR-130b,miRNA,miRNA,miRNA-miRNA,,0.5799749972771828,,,0.5799749972771828,1.6767410220696384e-11,6.603095175406983e-11,,
hsa-miR-15a,hsa-miR-1274a,miRNA,miRNA,miRNA-miRNA,,0.5795004439342708,,,0.5795004439342708,1.7570359900021515e-11,6.892193085170046e-11,,
hsa-miR-15a,hsa-miR-200c,miRNA,miRNA,miRNA-miRNA,,0.5694372311563056,,,0.5694372311563056,4.6557769549914095e-11,1.7557802923484552e-10,,
hsa-miR-15a,hsa-miR-183,miRNA,miRNA,miRNA-miRNA,,0.5684926768614629,,,0.5684926768614629,5.0931363935644965e-11,1.9099261475866863e-10,,
hsa-miR-15a,hsa-miR-146a,miRNA,miRNA,miRNA-miRNA,,0.5489779930945057,,,0.5489779930945057,3.060065416921087e-10,1.058338686940324e-09,,
hsa-miR-15a,hsa-miR-142-5p,miRNA,miRNA,miRNA-miRNA,,0.5485152649276401,,,0.5485152649276401,3.188541424192292e-10,1.098976626840803e-09,,
hsa-miR-15a,hsa-miR-455-5p,miRNA,miRNA,miRNA-miRNA,,0.5483756198533574,,,0.5483756198533574,3.2283233727458696e-10,1.1117313076394847e-09,,
hsa-miR-15a,hsa-miR-18b,miRNA,miRNA,miRNA-miRNA,,0.5055424956277675,,,0.5055424956277675,1.1222792207815876e-08,3.343741751843049e-08,,
hsa-miR-15a,hsa-miR-497,miRNA,miRNA,miRNA-miRNA,,0.5042760040855505,,,0.5042760040855505,1.2373622214328407e-08,3.676287608930658e-08,,
hsa-miR-15a,hsa-miR-194,miRNA,miRNA,miRNA-miRNA,,0.46448567428207066,,,0.46448567428207066,2.190981603744526e-07,5.909010991917055e-07,,
hsa-miR-15a,hsa-miR-195,miRNA,miRNA,miRNA-miRNA,,0.45763286360478306,,,0.45763286360478306,3.467854775921337e-07,9.143356403926895e-07,,
hsa-miR-15a,hsa-miR-135b,miRNA,miRNA,miRNA-miRNA,,0.4306799645228412,,,0.4306799645228412,1.921009747563839e-06,4.652870856855879e-06,,
hsa-miR-15a,hsa-miR-99a,miRNA,miRNA,miRNA-miRNA,,0.38228573965862384,,,0.38228573965862384,2.9353947414165432e-05,6.174504169838895e-05,,
hsa-miR-15a,hsa-miR-187,miRNA,miRNA,miRNA-miRNA,,0.38166211072716005,,,0.38166211072716005,3.0321506477144167e-05,6.367993363448473e-05,,
hsa-miR-15a,hsa-miR-1308,miRNA,miRNA,miRNA-miRNA,,0.37870794373718847,,,0.37870794373718847,3.532493823336596e-05,7.349422214266529e-05,,
hsa-miR-15a,hsa-miR-210,miRNA,miRNA,miRNA-miRNA,,0.3711288538608782,,,0.3711288538608782,5.1922942884599765e-05,0.0001052918411406694,,
hsa-miR-15a,hsa-miR-205,miRNA,miRNA,miRNA-miRNA,,0.36950223698276746,,,0.36950223698276746,5.632777451724448e-05,0.00011342017945779996,,
hsa-miR-15b,hsa-miR-16 (+++ See note below),miRNA,miRNA,miRNA-miRNA,,0.8914738386769941,,,0.8914738386769941,5.778098680151367e-40,1.285626956333679e-37,,
hsa-miR-15b,hsa-miR-374b,miRNA,miRNA,miRNA-miRNA,,0.8354995386161358,,,0.8354995386161358,1.2312460098936756e-30,1.2027171389327245e-28,,
hsa-miR-15b,hsa-miR-374a,miRNA,miRNA,miRNA-miRNA,,0.8256758937003112,,,0.8256758937003112,2.3124219586136664e-29,1.8900510090301498e-27,,
hsa-miR-15b,hsa-miR-454,miRNA,miRNA,miRNA-miRNA,,0.8091777490221682,,,0.8091777490221682,2.154625270965278e-27,1.369726065113641e-25,,
hsa-miR-15b,hsa-miR-186,miRNA,miRNA,miRNA-miRNA,,0.7970446782538566,,,0.7970446782538566,4.606597451646131e-26,2.0729688532407587e-24,,
hsa-miR-15b,hsa-miR-106b,miRNA,miRNA,miRNA-miRNA,,0.7966892111836564,,,0.7966892111836564,5.023188140928048e-26,2.2353187227129814e-24,,
hsa-miR-15b,hsa-miR-19b,miRNA,miRNA,miRNA-miRNA,,0.7815637672360848,,,0.7815637672360848,1.7175768506935268e-24,5.780584274813089e-23,,
hsa-miR-15b,hsa-miR-25,miRNA,miRNA,miRNA-miRNA,,0.7681942778135208,,,0.7681942778135208,3.1081601102636456e-23,7.979603360003783e-22,,
hsa-miR-15b,hsa-miR-98,miRNA,miRNA,miRNA-miRNA,,0.7670093823258186,,,0.7670093823258186,3.980057273831816e-23,9.900701479314547e-22,,
hsa-miR-15b,hsa-miR-93,miRNA,miRNA,miRNA-miRNA,,0.7577037996614697,,,0.7577037996614697,2.640686194772917e-22,5.537145659720174e-21,,
hsa-miR-15b,hsa-miR-20a+hsa-miR-20b,miRNA,miRNA,miRNA-miRNA,,0.7504682715934055,,,0.7504682715934055,1.085367741067046e-21,1.9848848415404197e-20,,
hsa-miR-15b,hsa-miR-101,miRNA,miRNA,miRNA-miRNA,,0.7409933815662334,,,0.7409933815662334,6.432459615579442e-21,1.0429959822022537e-19,,
hsa-miR-15b,hsa-miR-128,miRNA,miRNA,miRNA-miRNA,,0.7321579071946526,,,0.7321579071946526,3.157256100987649e-20,4.631798785514848e-19,,
hsa-miR-15b,hsa-miR-151-3p,miRNA,miRNA,miRNA-miRNA,,0.728327625325614,,,0.728327625325614,6.171713072266799e-20,8.612442806421091e-19,,
hsa-miR-15b,hsa-miR-200a,miRNA,miRNA,miRNA-miRNA,,0.7274223826328606,,,0.7274223826328606,7.219084358099886e-20,9.834160834758518e-19,,
hsa-miR-15b,hsa-miR-340,miRNA,miRNA,miRNA-miRNA,,0.7179665762728857,,,0.7179665762728857,3.578104846314031e-19,4.395800585732422e-18,,
hsa-miR-15b,hsa-miR-24,miRNA,miRNA,miRNA-miRNA,,0.6945516673657149,,,0.6945516673657149,1.4426195048090685e-17,1.3499278310187663e-16,,
hsa-miR-15b,hsa-miR-21,miRNA,miRNA,miRNA-miRNA,,0.6923016913184397,,,0.6923016913184397,2.020153325163146e-17,1.8387986516541818e-16,,
hsa-miR-15b,hsa-miR-130b,miRNA,miRNA,miRNA-miRNA,,0.690476963266989,,,0.690476963266989,2.6485194740101303e-17,2.321076694400563e-16,,
hsa-miR-15b,hsa-miR-425,miRNA,miRNA,miRNA-miRNA,,0.6879313353711524,,,0.6879313353711524,3.8516803606790663e-17,3.296149539427278e-16,,
hsa-miR-15b,hsa-miR-26b,miRNA,miRNA,miRNA-miRNA,,0.6875125496993938,,,0.6875125496993938,4.0949492369027344e-17,3.4894195093181813e-16,,
hsa-miR-15b,hsa-miR-490-3p,miRNA,miRNA,miRNA-miRNA,,0.6838797265324404,,,0.6838797265324404,6.936159482030131e-17,5.704172222901576e-16,,
hsa-miR-15b,hsa-miR-660,miRNA,miRNA,miRNA-miRNA,,0.6836719788668227,,,0.6836719788668227,7.146729568473262e-17,5.853303051479635e-16,,
hsa-miR-15b,hsa-miR-532-5p,miRNA,miRNA,miRNA-miRNA,,0.6808444844810824,,,0.6808444844810824,1.0710751884658073e-16,8.444204979932202e-16,,
hsa-miR-15b,hsa-miR-200b,miRNA,miRNA,miRNA-miRNA,,0.6754132907155271,,,0.6754132907155271,2.3008391087131084e-16,1.7159889442078208e-15,,
hsa-miR-15b,hsa-miR-429,miRNA,miRNA,miRNA-miRNA,,0.6702118579893958,,,0.6702118579893958,4.713688045599435e-16,3.3353923361529572e-15,,
hsa-miR-15b,hsa-miR-107,miRNA,miRNA,miRNA-miRNA,,0.6644117891534426,,,0.6644117891534426,1.031268985017627e-15,7.0602261281976e-15,,
hsa-miR-15b,hsa-miR-362-3p,miRNA,miRNA,miRNA-miRNA,,0.6601712078041984,,,0.6601712078041984,1.8081124381954172e-15,1.1829397662813876e-14,,
hsa-miR-15b,hsa-miR-19a,miRNA,miRNA,miRNA-miRNA,,0.6576356096786035,,,0.6576356096786035,2.518649314621281e-15,1.6191317022565377e-14,,
hsa-miR-15b,hsa-miR-106a+hsa-miR-17,miRNA,miRNA,miRNA-miRNA,,0.655608118099427,,,0.655608118099427,3.2754943802248438e-15,2.0922416256460127e-14,,
hsa-miR-15b,hsa-miR-141,miRNA,miRNA,miRNA-miRNA,,0.653855750471777,,,0.653855750471777,4.1039515427513375e-15,2.576226634595471e-14,,
hsa-miR-15b,hsa-miR-27a,miRNA,miRNA,miRNA-miRNA,,0.6506882070995765,,,0.6506882070995765,6.145894980415657e-15,3.7294408176613196e-14,,
hsa-miR-15b,hsa-miR-484,miRNA,miRNA,miRNA-miRNA,,0.6393009604961232,,,0.6393009604961232,2.5252447149242488e-14,1.418457935942723e-13,,
hsa-miR-15b,hsa-miR-96,miRNA,miRNA,miRNA-miRNA,,0.6341857745269243,,,0.6341857745269243,4.6745151562247665e-14,2.5028654011604533e-13,,
hsa-miR-15b,hsa-miR-1979,miRNA,miRNA,miRNA-miRNA,,0.6335846818463061,,,0.6335846818463061,5.021542584696971e-14,2.663745437312764e-13,,
hsa-miR-15b,hsa-miR-32,miRNA,miRNA,miRNA-miRNA,,0.6224544569280522,,,0.6224544569280522,1.8394393568255472e-13,9.243355864600146e-13,,
hsa-miR-15b,hsa-miR-29b,miRNA,miRNA,miRNA-miRNA,,0.6144433141366921,,,0.6144433141366921,4.5379192452551567e-13,2.1791806447538255e-12,,
hsa-miR-15b,hsa-miR-148a,miRNA,miRNA,miRNA-miRNA,,0.6085928932911453,,,0.6085928932911453,8.636138786786348e-13,4.050086164060811e-12,,
hsa-miR-15b,hsa-miR-200c,miRNA,miRNA,miRNA-miRNA,,0.5843757611765289,,,0.5843757611765289,1.082709315129121e-11,4.415734019442087e-11,,
hsa-miR-15b,hsa-miR-509-3p,miRNA,miRNA,miRNA-miRNA,,0.5837711267603112,,,0.5837711267603112,1.1502146086012806e-11,4.676760921267136e-11,,
hsa-miR-15b,hsa-miR-497,miRNA,miRNA,miRNA-miRNA,,0.5801329879260406,,,0.5801329879260406,1.6508038753460846e-11,6.513763074641447e-11,,
hsa-miR-15b,hsa-miR-1975,miRNA,miRNA,miRNA-miRNA,,0.5710080048908927,,,0.5710080048908927,4.007497403790805e-11,1.5242190980229986e-10,,
hsa-miR-15b,hsa-miR-455-5p,miRNA,miRNA,miRNA-miRNA,,0.5632232575729994,,,0.5632232575729994,8.361241046913354e-11,3.058152547295706e-10,,
hsa-miR-15b,hsa-miR-183,miRNA,miRNA,miRNA-miRNA,,0.559301598319987,,,0.559301598319987,1.2024146492430354e-10,4.338442045241763e-10,,
hsa-miR-15b,hsa-miR-18b,miRNA,miRNA,miRNA-miRNA,,0.5562462915781958,,,0.5562462915781958,1.5906094430140892e-10,5.662569617130157e-10,,
hsa-miR-15b,hsa-miR-1274a,miRNA,miRNA,miRNA-miRNA,,0.5348299609259867,,,0.5348299609259867,1.0465481442903719e-09,3.413212799578941e-09,,
hsa-miR-15b,hsa-miR-142-3p,miRNA,miRNA,miRNA-miRNA,,0.5300110777782808,,,0.5300110777782808,1.5706651824189757e-09,5.052621731395983e-09,,
hsa-miR-15b,hsa-miR-195,miRNA,miRNA,miRNA-miRNA,,0.518557209855099,,,0.518557209855099,4.020393208983418e-09,1.2481918451146193e-08,,
hsa-miR-15b,hsa-miR-194,miRNA,miRNA,miRNA-miRNA,,0.5023938813979902,,,0.5023938813979902,1.4294973233512815e-08,4.218965939588712e-08,,
hsa-miR-15b,hsa-miR-146a,miRNA,miRNA,miRNA-miRNA,,0.49540661832010946,,,0.49540661832010946,2.4244877322793903e-08,7.056739366118429e-08,,
hsa-miR-15b,hsa-miR-135b,miRNA,miRNA,miRNA-miRNA,,0.47240671218312913,,,0.47240671218312913,1.2724571675573664e-07,3.504945636910078e-07,,
hsa-miR-15b,hsa-miR-142-5p,miRNA,miRNA,miRNA-miRNA,,0.46251845761051325,,,0.46251845761051325,2.502258174993839e-07,6.694418163560671e-07,,
hsa-miR-15b,hsa-miR-210,miRNA,miRNA,miRNA-miRNA,,0.4302261907208844,,,0.4302261907208844,1.974730839990035e-06,4.775843607584596e-06,,
hsa-miR-15b,hsa-miR-187,miRNA,miRNA,miRNA-miRNA,,0.3961707672567389,,,0.3961707672567389,1.4014684258920504e-05,3.070503854320384e-05,,
hsa-miR-16 (+++ See note below),hsa-miR-374a,miRNA,miRNA,miRNA-miRNA,,0.8580003640250846,,,0.8580003640250846,6.7209246657622895e-34,9.613322602277846e-32,,
hsa-miR-16 (+++ See note below),hsa-miR-374b,miRNA,miRNA,miRNA-miRNA,,0.8476358706822967,,,0.8476358706822967,2.4877054434701997e-32,2.6927730543508514e-30,,
hsa-miR-16 (+++ See note below),hsa-miR-21,miRNA,miRNA,miRNA-miRNA,,0.8251988966126784,,,0.8251988966126784,2.6538502133290306e-29,2.1257340208765537e-27,,
hsa-miR-16 (+++ See note below),hsa-miR-454,miRNA,miRNA,miRNA-miRNA,,0.8105811537773636,,,0.8105811537773636,1.490752898425278e-27,9.629782835795546e-26,,
hsa-miR-16 (+++ See note below),hsa-miR-26b,miRNA,miRNA,miRNA-miRNA,,0.7986792182517461,,,0.7986792182517461,3.0868929395427697e-26,1.4375588631242783e-24,,
hsa-miR-16 (+++ See note below),hsa-miR-186,miRNA,miRNA,miRNA-miRNA,,0.7907383381764761,,,0.7907383381764761,2.0871489593831604e-25,8.44346624477733e-24,,
hsa-miR-16 (+++ See note below),hsa-miR-19b,miRNA,miRNA,miRNA-miRNA,,0.7882143336478132,,,0.7882143336478132,3.76607542797441e-25,1.4229369895318407e-23,,
hsa-miR-16 (+++ See note below),hsa-miR-25,miRNA,miRNA,miRNA-miRNA,,0.7741743116929164,,,0.7741743116929164,8.722543002678796e-24,2.458558728198152e-22,,
hsa-miR-16 (+++ See note below),hsa-miR-106b,miRNA,miRNA,miRNA-miRNA,,0.7680199613756451,,,0.7680199613756451,3.2236025437577615e-23,8.171220371993566e-22,,
hsa-miR-16 (+++ See note below),hsa-miR-20a+hsa-miR-20b,miRNA,miRNA,miRNA-miRNA,,0.7636409897956926,,,0.7636409897956926,7.974903583799306e-23,1.8899105830246283e-21,,
hsa-miR-16 (+++ See note below),hsa-miR-101,miRNA,miRNA,miRNA-miRNA,,0.7525171990853132,,,0.7525171990853132,7.309598426842712e-22,1.3744104084274676e-20,,
hsa-miR-16 (+++ See note below),hsa-miR-24,miRNA,miRNA,miRNA-miRNA,,0.7473504364143875,,,0.7473504364143875,1.9663422275103894e-21,3.4692513749687704e-20,,
hsa-miR-16 (+++ See note below),hsa-miR-200a,miRNA,miRNA,miRNA-miRNA,,0.7281509840499372,,,0.7281509840499372,6.363719079433541e-20,8.788515487286667e-19,,
hsa-miR-16 (+++ See note below),hsa-miR-27a,miRNA,miRNA,miRNA-miRNA,,0.7279040474934245,,,0.7279040474934245,6.641921446848021e-20,9.141201166538254e-19,,
hsa-miR-16 (+++ See note below),hsa-miR-29b,miRNA,miRNA,miRNA-miRNA,,0.7194126586221756,,,0.7194126586221756,2.813093628184384e-19,3.488061913584662e-18,,
hsa-miR-16 (+++ See note below),hsa-miR-484,miRNA,miRNA,miRNA-miRNA,,0.7071311889068328,,,0.7071311889068328,2.071136716722622e-18,2.1828690922300268e-17,,
hsa-miR-16 (+++ See note below),hsa-miR-340,miRNA,miRNA,miRNA-miRNA,,0.6990771891224415,,,0.6990771891224415,7.259854661307841e-18,7.057213087023763e-17,,
hsa-miR-16 (+++ See note below),hsa-miR-93,miRNA,miRNA,miRNA-miRNA,,0.6963496320357323,,,0.6963496320357323,1.0998412093775112e-17,1.043806645392638e-16,,
hsa-miR-16 (+++ See note below),hsa-miR-490-3p,miRNA,miRNA,miRNA-miRNA,,0.6939207311761557,,,0.6939207311761557,1.5859635229148634e-17,1.466924690363517e-16,,
hsa-miR-16 (+++ See note below),hsa-miR-128,miRNA,miRNA,miRNA-miRNA,,0.6923379650586728,,,0.6923379650586728,2.0092657128100406e-17,1.8330544828711192e-16,,
hsa-miR-16 (+++ See note below),hsa-miR-98,miRNA,miRNA,miRNA-miRNA,,0.6825139556080698,,,0.6825139556080698,8.439373364719944e-17,6.803362310700865e-16,,
hsa-miR-16 (+++ See note below),hsa-miR-1975,miRNA,miRNA,miRNA-miRNA,,0.6772003251457885,,,0.6772003251457885,1.79228550377336e-16,1.362068964442563e-15,,
hsa-miR-16 (+++ See note below),hsa-miR-1979,miRNA,miRNA,miRNA-miRNA,,0.6753978756918273,,,0.6753978756918273,2.305784406006587e-16,1.7164807706424498e-15,,
hsa-miR-16 (+++ See note below),hsa-miR-142-3p,miRNA,miRNA,miRNA-miRNA,,0.6711787379996424,,,0.6711787379996424,4.129875727204724e-16,2.937860086581691e-15,,
hsa-miR-16 (+++ See note below),hsa-miR-151-3p,miRNA,miRNA,miRNA-miRNA,,0.6607085156474862,,,0.6607085156474862,1.6847874286987593e-15,1.1079759691196275e-14,,
hsa-miR-16 (+++ See note below),hsa-miR-148a,miRNA,miRNA,miRNA-miRNA,,0.6543686758469801,,,0.6543686758469801,3.842428508816344e-15,2.4234529413873163e-14,,
hsa-miR-16 (+++ See note below),hsa-miR-141,miRNA,miRNA,miRNA-miRNA,,0.6428756758255884,,,0.6428756758255884,1.6308546332965915e-14,9.370979636087301e-14,,
hsa-miR-16 (+++ See note below),hsa-miR-200b,miRNA,miRNA,miRNA-miRNA,,0.6425569029607258,,,0.6425569029607258,1.6960940615622162e-14,9.704081023652394e-14,,
hsa-miR-16 (+++ See note below),hsa-miR-532-5p,miRNA,miRNA,miRNA-miRNA,,0.6340185802954555,,,0.6340185802954555,4.768634435966603e-14,2.539678313304022e-13,,
hsa-miR-16 (+++ See note below),hsa-miR-425,miRNA,miRNA,miRNA-miRNA,,0.6289674287124892,,,0.6289674287124892,8.659435329455558e-14,4.472860878889545e-13,,
hsa-miR-16 (+++ See note below),hsa-miR-660,miRNA,miRNA,miRNA-miRNA,,0.6201963912484393,,,0.6201963912484393,2.3787955017855563e-13,1.174731933989045e-12,,
hsa-miR-16 (+++ See note below),hsa-miR-19a,miRNA,miRNA,miRNA-miRNA,,0.6118403005163185,,,0.6118403005163185,6.052124203180879e-13,2.8787122842920927e-12,,
hsa-miR-16 (+++ See note below),hsa-miR-96,miRNA,miRNA,miRNA-miRNA,,0.607644876784358,,,0.607644876784358,9.573406518081207e-13,4.463503271817839e-12,,
hsa-miR-16 (+++ See note below),hsa-miR-429,miRNA,miRNA,miRNA-miRNA,,0.6046138454936245,,,0.6046138454936245,1.3278281405415703e-12,6.029423699397947e-12,,
hsa-miR-16 (+++ See note below),hsa-miR-106a+hsa-miR-17,miRNA,miRNA,miRNA-miRNA,,0.6045264646031797,,,0.6045264646031797,1.340341552755802e-12,6.079067379681149e-12,,
hsa-miR-16 (+++ See note below),hsa-miR-497,miRNA,miRNA,miRNA-miRNA,,0.5998169441843836,,,0.5998169441843836,2.2128260342416226e-12,9.653995933701198e-12,,
hsa-miR-16 (+++ See note below),hsa-miR-1274a,miRNA,miRNA,miRNA-miRNA,,0.5781589858900349,,,0.5781589858900349,2.0046083691812543e-11,7.832640505922851e-11,,
hsa-miR-16 (+++ See note below),hsa-miR-362-3p,miRNA,miRNA,miRNA-miRNA,,0.5781032777481928,,,0.5781032777481928,2.015586120183684e-11,7.867858100717013e-11,,
hsa-miR-16 (+++ See note below),hsa-miR-146a,miRNA,miRNA,miRNA-miRNA,,0.5764730667014507,,,0.5764730667014507,2.3638044370538464e-11,9.155741557447442e-11,,
hsa-miR-16 (+++ See note below),hsa-miR-195,miRNA,miRNA,miRNA-miRNA,,0.5701571399324799,,,0.5701571399324799,4.347001706477024e-11,1.6455332546730136e-10,,
hsa-miR-16 (+++ See note below),hsa-miR-107,miRNA,miRNA,miRNA-miRNA,,0.5697564642438229,,,0.5697564642438229,4.5163295604067866e-11,1.7064056499461493e-10,,
hsa-miR-16 (+++ See note below),hsa-miR-509-3p,miRNA,miRNA,miRNA-miRNA,,0.5607412189502876,,,0.5607412189502876,1.0528629697864085e-10,3.8229521251084003e-10,,
hsa-miR-16 (+++ See note below),hsa-miR-130b,miRNA,miRNA,miRNA-miRNA,,0.5606686395897138,,,0.5606686395897138,1.0599528842025281e-10,3.845209511984715e-10,,
hsa-miR-16 (+++ See note below),hsa-miR-200c,miRNA,miRNA,miRNA-miRNA,,0.5586118899496583,,,0.5586118899496583,1.2811255828402557e-10,4.6141258626575756e-10,,
hsa-miR-16 (+++ See note below),hsa-miR-142-5p,miRNA,miRNA,miRNA-miRNA,,0.5472090094910707,,,0.5472090094910707,3.579867944695768e-10,1.2264645952529128e-09,,
hsa-miR-16 (+++ See note below),hsa-miR-32,miRNA,miRNA,miRNA-miRNA,,0.5316291505840848,,,0.5316291505840848,1.3714697956177482e-09,4.4439615950235285e-09,,
hsa-miR-16 (+++ See note below),hsa-miR-455-5p,miRNA,miRNA,miRNA-miRNA,,0.507649723753557,,,0.507649723753557,9.531859840827526e-09,2.859557952248258e-08,,
hsa-miR-16 (+++ See note below),hsa-miR-183,miRNA,miRNA,miRNA-miRNA,,0.5004680000101909,,,0.5004680000101909,1.655527622538657e-08,4.871703253686496e-08,,
hsa-miR-16 (+++ See note below),hsa-miR-125b,miRNA,miRNA,miRNA-miRNA,,0.45462896908420364,,,0.45462896908420364,4.227802053237464e-07,1.1059665070683242e-06,,
hsa-miR-16 (+++ See note below),hsa-miR-99a,miRNA,miRNA,miRNA-miRNA,,0.4520203791072378,,,0.4520203791072378,5.01394276667222e-07,1.2988900892963933e-06,,
hsa-miR-16 (+++ See note below),hsa-miR-18b,miRNA,miRNA,miRNA-miRNA,,0.42150128205012694,,,0.42150128205012694,3.3302520626442195e-06,7.827264971179636e-06,,
hsa-miR-16 (+++ See note below),hsa-miR-194,miRNA,miRNA,miRNA-miRNA,,0.417261787027117,,,0.417261787027117,4.270691847206698e-06,9.852604175151398e-06,,
hsa-miR-16 (+++ See note below),hsa-miR-150,miRNA,miRNA,miRNA-miRNA,,0.4127819260617928,,,0.4127819260617928,5.534281811649107e-06,1.2651140785191024e-05,,
hsa-miR-16 (+++ See note below),hsa-miR-135b,miRNA,miRNA,miRNA-miRNA,,0.4012056281270986,,,0.4012056281270986,1.0630316087155803e-05,2.3586934032719666e-05,,
hsa-miR-16 (+++ See note below),hsa-miR-1308,miRNA,miRNA,miRNA-miRNA,,0.39486616692047116,,,0.39486616692047116,1.504421894233423e-05,3.279918174417452e-05,,
hsa-miR-16 (+++ See note below),hsa-miR-451,miRNA,miRNA,miRNA-miRNA,,0.3874180075080948,,,0.3874180075080948,2.2421595795009558e-05,4.7841497687273986e-05,,
hsa-miR-16 (+++ See note below),hsa-miR-205,miRNA,miRNA,miRNA-miRNA,,0.3869802964501805,,,0.3869802964501805,2.2946752934852206e-05,4.880602522787206e-05,,
hsa-miR-16 (+++ See note below),hsa-miR-145,miRNA,miRNA,miRNA-miRNA,,0.3804082798171974,,,0.3804082798171974,3.235797607640643e-05,6.75670981157496e-05,,
hsa-miR-18b,hsa-miR-106a+hsa-miR-17,miRNA,miRNA,miRNA-miRNA,,0.8322573766901066,,,0.8322573766901066,3.3098894142620115e-30,3.012751614572581e-28,,
hsa-miR-18b,hsa-miR-19a,miRNA,miRNA,miRNA-miRNA,,0.7999595883011094,,,0.7999595883011094,2.250158531513862e-26,1.1264856148391271e-24,,
hsa-miR-18b,hsa-miR-19b,miRNA,miRNA,miRNA-miRNA,,0.7243411217703841,,,0.7243411217703841,1.2251046910919036e-19,1.5890734761741588e-18,,
hsa-miR-18b,hsa-miR-130b,miRNA,miRNA,miRNA-miRNA,,0.7002886407496701,,,0.7002886407496701,6.027689746434033e-18,5.902419910627947e-17,,
hsa-miR-18b,hsa-miR-20a+hsa-miR-20b,miRNA,miRNA,miRNA-miRNA,,0.6967502148866399,,,0.6967502148866399,1.0350502442996803e-17,9.940950188058081e-17,,
hsa-miR-18b,hsa-miR-107,miRNA,miRNA,miRNA-miRNA,,0.6888563320526457,,,0.6888563320526457,3.3631195492854617e-17,2.9028650420017833e-16,,
hsa-miR-18b,hsa-miR-98,miRNA,miRNA,miRNA-miRNA,,0.6826791552456302,,,0.6826791552456302,8.241955834362496e-17,6.68199050943761e-16,,
hsa-miR-18b,hsa-miR-362-3p,miRNA,miRNA,miRNA-miRNA,,0.6687172210686361,,,0.6687172210686361,5.777062774289939e-16,4.030860001921813e-15,,
hsa-miR-18b,hsa-miR-93,miRNA,miRNA,miRNA-miRNA,,0.661860272581803,,,0.661860272581803,1.44733197362251e-15,9.628844774681317e-15,,
hsa-miR-18b,hsa-miR-106b,miRNA,miRNA,miRNA-miRNA,,0.6569063809332033,,,0.6569063809332033,2.768917041236185e-15,1.7743220400241476e-14,,
hsa-miR-18b,hsa-miR-101,miRNA,miRNA,miRNA-miRNA,,0.6449253949622198,,,0.6449253949622198,1.2659078469304867e-14,7.401402813075328e-14,,
hsa-miR-18b,hsa-miR-425,miRNA,miRNA,miRNA-miRNA,,0.6445413242194313,,,0.6445413242194313,1.3276374168380791e-14,7.739720312134654e-14,,
hsa-miR-18b,hsa-miR-454,miRNA,miRNA,miRNA-miRNA,,0.6377559628667898,,,0.6377559628667898,3.045132858988253e-14,1.6891630332753398e-13,,
hsa-miR-18b,hsa-miR-32,miRNA,miRNA,miRNA-miRNA,,0.6224714289103461,,,0.6224714289103461,1.835873373127051e-13,9.237026205243516e-13,,
hsa-miR-18b,hsa-miR-660,miRNA,miRNA,miRNA-miRNA,,0.6209304466350141,,,0.6209304466350141,2.1885338055981623e-13,1.0861310893953704e-12,,
hsa-miR-18b,hsa-miR-128,miRNA,miRNA,miRNA-miRNA,,0.6066834839862156,,,0.6066834839862156,1.0624131412507276e-12,4.941886911392758e-12,,
hsa-miR-18b,hsa-miR-183,miRNA,miRNA,miRNA-miRNA,,0.5939818441389279,,,0.5939818441389279,4.07228059082735e-12,1.7387509345696734e-11,,
hsa-miR-18b,hsa-miR-96,miRNA,miRNA,miRNA-miRNA,,0.5922069009467832,,,0.5922069009467832,4.8906004522743586e-12,2.0704920519406772e-11,,
hsa-miR-18b,hsa-miR-340,miRNA,miRNA,miRNA-miRNA,,0.5918588411638058,,,0.5918588411638058,5.0687380896527995e-12,2.1436426662153603e-11,,
hsa-miR-18b,hsa-miR-151-3p,miRNA,miRNA,miRNA-miRNA,,0.5862986012275051,,,0.5862986012275051,8.925199105538823e-12,3.6888980823202256e-11,,
hsa-miR-18b,hsa-miR-186,miRNA,miRNA,miRNA-miRNA,,0.5684796216955749,,,0.5684796216955749,5.099450569520366e-11,1.9105051011159088e-10,,
hsa-miR-18b,hsa-miR-429,miRNA,miRNA,miRNA-miRNA,,0.5669046914372085,,,0.5669046914372085,5.919202300478032e-11,2.2031975105403825e-10,,
hsa-miR-18b,hsa-miR-455-5p,miRNA,miRNA,miRNA-miRNA,,0.5579355073713615,,,0.5579355073713615,1.3631257053761005e-10,4.874391473242216e-10,,
hsa-miR-18b,hsa-miR-141,miRNA,miRNA,miRNA-miRNA,,0.5544634433338304,,,0.5544634433338304,1.8702541681406992e-10,6.622783327500884e-10,,
hsa-miR-18b,hsa-miR-374a,miRNA,miRNA,miRNA-miRNA,,0.549987268635654,,,0.549987268635654,2.7969064325773586e-10,9.6983638636124e-10,,
hsa-miR-18b,hsa-miR-194,miRNA,miRNA,miRNA-miRNA,,0.5180994491406659,,,0.5180994491406659,4.171279282376978e-09,1.293032006650139e-08,,
hsa-miR-18b,hsa-miR-200a,miRNA,miRNA,miRNA-miRNA,,0.5109532523445365,,,0.5109532523445365,7.362376263656074e-09,2.230432445986579e-08,,
hsa-miR-18b,hsa-miR-374b,miRNA,miRNA,miRNA-miRNA,,0.5071593464734582,,,0.5071593464734582,9.902053672294074e-09,2.9680936218639426e-08,,
hsa-miR-18b,hsa-miR-1979,miRNA,miRNA,miRNA-miRNA,,0.5054279299375813,,,0.5054279299375813,1.1322520658852722e-08,3.368996674495182e-08,,
hsa-miR-18b,hsa-miR-532-5p,miRNA,miRNA,miRNA-miRNA,,0.5001761156778614,,,0.5001761156778614,1.692639391126528e-08,4.9772545972553194e-08,,
hsa-miR-18b,hsa-miR-25,miRNA,miRNA,miRNA-miRNA,,0.49943809875342154,,,0.49943809875342154,1.7900628815775387e-08,5.25601307970531e-08,,
hsa-miR-18b,hsa-miR-490-3p,miRNA,miRNA,miRNA-miRNA,,0.49340170993149157,,,0.49340170993149157,2.8152121115941478e-08,8.176159903505847e-08,,
hsa-miR-18b,hsa-miR-1246,miRNA,miRNA,miRNA-miRNA,,0.48588353108238586,,,0.48588353108238586,4.888466893437129e-08,1.3885326176039506e-07,,
hsa-miR-18b,hsa-miR-509-3p,miRNA,miRNA,miRNA-miRNA,,0.4843026668762088,,,0.4843026668762088,5.480729294166279e-08,1.5501638999389792e-07,,
hsa-miR-18b,hsa-miR-934,miRNA,miRNA,miRNA-miRNA,,0.47858729692744095,,,0.47858729692744095,8.247464524684534e-08,2.2970163714437802e-07,,
hsa-miR-18b,hsa-miR-200c,miRNA,miRNA,miRNA-miRNA,,0.4756074320483983,,,0.4756074320483983,1.017607519265876e-07,2.822380965830909e-07,,
hsa-miR-18b,hsa-miR-708,miRNA,miRNA,miRNA-miRNA,,0.46429348800977954,,,0.46429348800977954,2.2196832081278578e-07,5.978366676901191e-07,,
hsa-miR-18b,hsa-miR-1978,miRNA,miRNA,miRNA-miRNA,,0.46388353820454387,,,0.46388353820454387,2.2821081075671677e-07,6.134122799198997e-07,,
hsa-miR-18b,hsa-miR-1274a,miRNA,miRNA,miRNA-miRNA,,0.4612144165870653,,,0.4612144165870653,2.7313517115973467e-07,7.28299840542435e-07,,
hsa-miR-18b,hsa-miR-210,miRNA,miRNA,miRNA-miRNA,,0.4564729620760312,,,0.4564729620760312,3.7444376264853856e-07,9.833752586278014e-07,,
hsa-miR-18b,hsa-miR-484,miRNA,miRNA,miRNA-miRNA,,0.4523405502249855,,,0.4523405502249855,4.910457373751554e-07,1.2737293900178092e-06,,
hsa-miR-18b,hsa-miR-200b,miRNA,miRNA,miRNA-miRNA,,0.44820866823703304,,,0.44820866823703304,6.416585288045587e-07,1.6389301070550111e-06,,
hsa-miR-18b,hsa-miR-142-5p,miRNA,miRNA,miRNA-miRNA,,0.43766620578579163,,,0.43766620578579163,1.2499923419150765e-06,3.1075228611855253e-06,,
hsa-miR-18b,hsa-miR-187,miRNA,miRNA,miRNA-miRNA,,0.43233100296423527,,,0.43233100296423527,1.7370014720807683e-06,4.23671796326643e-06,,
hsa-miR-18b,hsa-miR-1299,miRNA,miRNA,miRNA-miRNA,,0.4320642548919233,,,0.4320642548919233,1.7655535075415582e-06,4.29850565209966e-06,,
hsa-miR-18b,hsa-miR-421,miRNA,miRNA,miRNA-miRNA,,0.4288985835007216,,,0.4288985835007216,2.1401957929368776e-06,5.148038528956273e-06,,
hsa-miR-18b,hsa-miR-135b,miRNA,miRNA,miRNA-miRNA,,0.42523235452900876,,,0.42523235452900876,2.6680317867905524e-06,6.334005516358128e-06,,
hsa-miR-18b,hsa-miR-29b,miRNA,miRNA,miRNA-miRNA,,0.41435134899700954,,,0.41435134899700954,5.0560460580083335e-06,1.159099282331046e-05,,
hsa-miR-18b,hsa-miR-26b,miRNA,miRNA,miRNA-miRNA,,0.37132532275356916,,,0.37132532275356916,5.1413267740186986e-05,0.00010436398241229036,,
hsa-miR-19a,hsa-miR-106a+hsa-miR-17,miRNA,miRNA,miRNA-miRNA,,0.8974770272206943,,,0.8974770272206943,2.9088878836269753e-41,7.766730649284024e-39,,
hsa-miR-19a,hsa-miR-19b,miRNA,miRNA,miRNA-miRNA,,0.8863746245226443,,,0.8863746245226443,6.395472231423436e-39,1.3480982256237296e-36,,
hsa-miR-19a,hsa-miR-20a+hsa-miR-20b,miRNA,miRNA,miRNA-miRNA,,0.8449077455252401,,,0.8449077455252401,6.156135965456469e-32,6.488243300435042e-30,,
hsa-miR-19a,hsa-miR-101,miRNA,miRNA,miRNA-miRNA,,0.7746664294479457,,,0.7746664294479457,7.842900895530706e-24,2.2927604442774067e-22,,
hsa-miR-19a,hsa-miR-106b,miRNA,miRNA,miRNA-miRNA,,0.7670182866985591,,,0.7670182866985591,3.9726901772349097e-23,9.900701479314547e-22,,
hsa-miR-19a,hsa-miR-454,miRNA,miRNA,miRNA-miRNA,,0.7519147962352376,,,0.7519147962352376,8.213784811698839e-22,1.522972600502493e-20,,
hsa-miR-19a,hsa-miR-98,miRNA,miRNA,miRNA-miRNA,,0.7444752647633076,,,0.7444752647633076,3.37549210113134e-21,5.728324519080939e-20,,
hsa-miR-19a,hsa-miR-374a,miRNA,miRNA,miRNA-miRNA,,0.7369432443527376,,,0.7369432443527376,1.3444269174128324e-20,2.095108873244511e-19,,
hsa-miR-19a,hsa-miR-93,miRNA,miRNA,miRNA-miRNA,,0.7360828601496432,,,0.7360828601496432,1.5696135103075393e-20,2.408544869265017e-19,,
hsa-miR-19a,hsa-miR-340,miRNA,miRNA,miRNA-miRNA,,0.7281941544033935,,,0.7281941544033935,6.316263082883879e-20,8.753160431470565e-19,,
hsa-miR-19a,hsa-miR-128,miRNA,miRNA,miRNA-miRNA,,0.722720051999624,,,0.722720051999624,1.6135176981728485e-19,2.064580952454396e-18,,
hsa-miR-19a,hsa-miR-130b,miRNA,miRNA,miRNA-miRNA,,0.7202697097054217,,,0.7202697097054217,2.4375833568259717e-19,3.060351518522889e-18,,
hsa-miR-19a,hsa-miR-141,miRNA,miRNA,miRNA-miRNA,,0.7189658145521501,,,0.7189658145521501,3.0306452159823875e-19,3.746214225311562e-18,,
hsa-miR-19a,hsa-miR-200a,miRNA,miRNA,miRNA-miRNA,,0.7162784724381496,,,0.7162784724381496,4.729175778681906e-19,5.6538355204838915e-18,,
hsa-miR-19a,hsa-miR-96,miRNA,miRNA,miRNA-miRNA,,0.7035138219466136,,,0.7035138219466136,3.6569605032483196e-18,3.66153170387738e-17,,
hsa-miR-19a,hsa-miR-362-3p,miRNA,miRNA,miRNA-miRNA,,0.6970824875031824,,,0.6970824875031824,9.841393590985647e-18,9.474707050936902e-17,,
hsa-miR-19a,hsa-miR-429,miRNA,miRNA,miRNA-miRNA,,0.6964284063368824,,,0.6964284063368824,1.0867960347989145e-17,1.0363376474689649e-16,,
hsa-miR-19a,hsa-miR-107,miRNA,miRNA,miRNA-miRNA,,0.6918816238341391,,,0.6918816238341391,2.1504935802872203e-17,1.9354442222584983e-16,,
hsa-miR-19a,hsa-miR-186,miRNA,miRNA,miRNA-miRNA,,0.6908884416954404,,,0.6908884416954404,2.492043942549282e-17,2.1935463714087638e-16,,
hsa-miR-19a,hsa-miR-425,miRNA,miRNA,miRNA-miRNA,,0.6858173615698964,,,0.6858173615698964,5.241553505612117e-17,4.3734212062451104e-16,,
hsa-miR-19a,hsa-miR-32,miRNA,miRNA,miRNA-miRNA,,0.6749629091652943,,,0.6749629091652943,2.449663651910162e-16,1.8134755870425506e-15,,
hsa-miR-19a,hsa-miR-660,miRNA,miRNA,miRNA-miRNA,,0.668642493755634,,,0.668642493755634,5.835939213838816e-16,4.0578014846223016e-15,,
hsa-miR-19a,hsa-miR-374b,miRNA,miRNA,miRNA-miRNA,,0.6640380668569277,,,0.6640380668569277,1.0839809745604778e-15,7.383237760399172e-15,,
hsa-miR-19a,hsa-miR-183,miRNA,miRNA,miRNA-miRNA,,0.6449366890578007,,,0.6449366890578007,1.264135426183909e-14,7.401402813075328e-14,,
hsa-miR-19a,hsa-miR-455-5p,miRNA,miRNA,miRNA-miRNA,,0.644176611061559,,,0.644176611061559,1.3889530724705644e-14,8.073667714433397e-14,,
hsa-miR-19a,hsa-miR-200b,miRNA,miRNA,miRNA-miRNA,,0.6300290870149474,,,0.6300290870149474,7.645828512184721e-14,3.961389804825331e-13,,
hsa-miR-19a,hsa-miR-25,miRNA,miRNA,miRNA-miRNA,,0.6197143940695844,,,0.6197143940695844,2.5123374624486833e-13,1.233077394253306e-12,,
hsa-miR-19a,hsa-miR-29b,miRNA,miRNA,miRNA-miRNA,,0.6124005355104566,,,0.6124005355104566,5.689713681479028e-13,2.7127742017051795e-12,,
hsa-miR-19a,hsa-miR-490-3p,miRNA,miRNA,miRNA-miRNA,,0.6101676390857133,,,0.6101676390857133,7.27212694092847e-13,3.434536367738033e-12,,
hsa-miR-19a,hsa-miR-151-3p,miRNA,miRNA,miRNA-miRNA,,0.6056579521348233,,,0.6056579521348233,1.1867807187063653e-12,5.469570516017253e-12,,
hsa-miR-19a,hsa-miR-484,miRNA,miRNA,miRNA-miRNA,,0.605084592235353,,,0.605084592235353,1.2623353552304625e-12,5.784500111782611e-12,,
hsa-miR-19a,hsa-miR-509-3p,miRNA,miRNA,miRNA-miRNA,,0.5913972912464952,,,0.5913972912464952,5.314656539315891e-12,2.2381913186077963e-11,,
hsa-miR-19a,hsa-miR-194,miRNA,miRNA,miRNA-miRNA,,0.5902561149909084,,,0.5902561149909084,5.973211613631111e-12,2.502375785836046e-11,,
hsa-miR-19a,hsa-miR-200c,miRNA,miRNA,miRNA-miRNA,,0.5748374617816777,,,0.5748374617816777,2.7712068928106543e-11,1.0671811159333337e-10,,
hsa-miR-19a,hsa-miR-26b,miRNA,miRNA,miRNA-miRNA,,0.5688331890307889,,,0.5688331890307889,4.931085046675469e-11,1.852626230012688e-10,,
hsa-miR-19a,hsa-miR-1979,miRNA,miRNA,miRNA-miRNA,,0.5521674719548113,,,0.5521674719548113,2.3007651171002966e-10,8.07586704118027e-10,,
hsa-miR-19a,hsa-miR-532-5p,miRNA,miRNA,miRNA-miRNA,,0.5440725233882016,,,0.5440725233882016,4.717425532322961e-10,1.5943704014306716e-09,,
hsa-miR-19a,hsa-miR-27a,miRNA,miRNA,miRNA-miRNA,,0.541014277082314,,,0.541014277082314,6.157029866569509e-10,2.0514895686864296e-09,,
hsa-miR-19a,hsa-miR-210,miRNA,miRNA,miRNA-miRNA,,0.5340663744956421,,,0.5340663744956421,1.116565101483476e-09,3.638603117527519e-09,,
hsa-miR-19a,hsa-miR-142-5p,miRNA,miRNA,miRNA-miRNA,,0.5240377832791839,,,0.5240377832791839,2.5754117425844665e-09,8.134482672752987e-09,,
hsa-miR-19a,hsa-miR-1274a,miRNA,miRNA,miRNA-miRNA,,0.512408040339495,,,0.512408040339495,6.565172168838437e-09,1.9964703520271785e-08,,
hsa-miR-19a,hsa-miR-1246,miRNA,miRNA,miRNA-miRNA,,0.5029684895832828,,,0.5029684895832828,1.367997957407428e-08,4.0523903989768856e-08,,
hsa-miR-19a,hsa-miR-421,miRNA,miRNA,miRNA-miRNA,,0.4777004547657521,,,0.4777004547657521,8.781548903532585e-08,2.4423682887950004e-07,,
hsa-miR-19a,hsa-miR-24,miRNA,miRNA,miRNA-miRNA,,0.4645477423401327,,,0.4645477423401327,2.181788000344943e-07,5.888181227346022e-07,,
hsa-miR-19a,hsa-miR-146a,miRNA,miRNA,miRNA-miRNA,,0.4639409326382006,,,0.4639409326382006,2.2732687757611402e-07,6.114467056362234e-07,,
hsa-miR-19a,hsa-miR-148a,miRNA,miRNA,miRNA-miRNA,,0.45893793512688447,,,0.45893793512688447,3.1799249230696955e-07,8.411888584474327e-07,,
hsa-miR-19a,hsa-miR-21,miRNA,miRNA,miRNA-miRNA,,0.454400799968534,,,0.454400799968534,4.291583199170372e-07,1.1219184538301136e-06,,
hsa-miR-19a,hsa-miR-142-3p,miRNA,miRNA,miRNA-miRNA,,0.450886940183271,,,0.450886940183271,5.397212568354499e-07,1.3936709436660068e-06,,
hsa-miR-19a,hsa-miR-1975,miRNA,miRNA,miRNA-miRNA,,0.4389428454903753,,,0.4389428454903753,1.1543917486993638e-06,2.880585017782525e-06,,
hsa-miR-19a,hsa-miR-135b,miRNA,miRNA,miRNA-miRNA,,0.4379930824430016,,,0.4379930824430016,1.2248230162558175e-06,3.0468423478910242e-06,,
hsa-miR-19a,hsa-miR-708,miRNA,miRNA,miRNA-miRNA,,0.437099475105663,,,0.437099475105663,1.2947972006373987e-06,3.210936711178193e-06,,
hsa-miR-19a,hsa-miR-1299,miRNA,miRNA,miRNA-miRNA,,0.4203295220461032,,,0.4203295220461032,3.5684524604657624e-06,8.347927630937721e-06,,
hsa-miR-19a,hsa-miR-934,miRNA,miRNA,miRNA-miRNA,,0.395750868623848,,,0.395750868623848,1.4338587411565079e-05,3.1346093113164925e-05,,
hsa-miR-19a,hsa-miR-203,miRNA,miRNA,miRNA-miRNA,,0.38364852182408266,,,0.38364852182408266,2.7339420340513122e-05,5.7658967068854686e-05,,
hsa-miR-19a,hsa-miR-1978,miRNA,miRNA,miRNA-miRNA,,0.3691009051121162,,,0.3691009051121162,5.7467025868103426e-05,0.00011559790989540644,,
hsa-miR-19a,hsa-miR-187,miRNA,miRNA,miRNA-miRNA,,0.36757723041136653,,,0.36757723041136653,6.199116958557723e-05,0.00012419941680352016,,
hsa-miR-19b,hsa-miR-20a+hsa-miR-20b,miRNA,miRNA,miRNA-miRNA,,0.9611873150974761,,,0.9611873150974761,6.576951204602946e-64,1.31703447872174e-60,,
hsa-miR-19b,hsa-miR-106a+hsa-miR-17,miRNA,miRNA,miRNA-miRNA,,0.8733881092880968,,,0.8733881092880968,1.795068884415505e-36,3.1257612530800425e-34,,
hsa-miR-19b,hsa-miR-106b,miRNA,miRNA,miRNA-miRNA,,0.8537889181335564,,,0.8537889181335564,3.0149768531988735e-33,4.0249940990204965e-31,,
hsa-miR-19b,hsa-miR-374a,miRNA,miRNA,miRNA-miRNA,,0.8512149771767787,,,0.8512149771767787,7.374014804733287e-33,8.949372513017216e-31,,
hsa-miR-19b,hsa-miR-93,miRNA,miRNA,miRNA-miRNA,,0.7985225201310064,,,0.7985225201310064,3.2081752793814553e-26,1.4768668958531871e-24,,
hsa-miR-19b,hsa-miR-101,miRNA,miRNA,miRNA-miRNA,,0.7982485063854527,,,0.7982485063854527,3.431542314743118e-26,1.5617417011984304e-24,,
hsa-miR-19b,hsa-miR-374b,miRNA,miRNA,miRNA-miRNA,,0.77586654255178,,,0.77586654255178,6.045078716594395e-24,1.8203413729293647e-22,,
hsa-miR-19b,hsa-miR-141,miRNA,miRNA,miRNA-miRNA,,0.7741986238796937,,,0.7741986238796937,8.676909820279847e-24,2.458558728198152e-22,,
hsa-miR-19b,hsa-miR-25,miRNA,miRNA,miRNA-miRNA,,0.7736681548510798,,,0.7736681548510798,9.727592538927566e-24,2.6928798852700714e-22,,
hsa-miR-19b,hsa-miR-454,miRNA,miRNA,miRNA-miRNA,,0.7685089636790386,,,0.7685089636790386,2.9098893111763347e-23,7.51877851049111e-22,,
hsa-miR-19b,hsa-miR-186,miRNA,miRNA,miRNA-miRNA,,0.7624563360008572,,,0.7624563360008572,1.0155245710346664e-22,2.337457417812551e-21,,
hsa-miR-19b,hsa-miR-98,miRNA,miRNA,miRNA-miRNA,,0.7597834092991274,,,0.7597834092991274,1.742980961167903e-22,3.793825407324702e-21,,
hsa-miR-19b,hsa-miR-200a,miRNA,miRNA,miRNA-miRNA,,0.7582037723899604,,,0.7582037723899604,2.3905945278804033e-22,5.0657836424132355e-21,,
hsa-miR-19b,hsa-miR-340,miRNA,miRNA,miRNA-miRNA,,0.7461124298782756,,,0.7461124298782756,2.4836696954893026e-21,4.324824839319416e-20,,
hsa-miR-19b,hsa-miR-96,miRNA,miRNA,miRNA-miRNA,,0.7428703642773125,,,0.7428703642773125,4.549620806414766e-21,7.493333718968163e-20,,
hsa-miR-19b,hsa-miR-128,miRNA,miRNA,miRNA-miRNA,,0.7423171776846362,,,0.7423171776846362,5.040076339100863e-21,8.238981933917941e-20,,
hsa-miR-19b,hsa-miR-1979,miRNA,miRNA,miRNA-miRNA,,0.7295751148763606,,,0.7295751148763606,4.967556830909168e-20,7.005304615419443e-19,,
hsa-miR-19b,hsa-miR-429,miRNA,miRNA,miRNA-miRNA,,0.7250354579549992,,,0.7250354579549992,1.0881420961917207e-19,1.4241859788391639e-18,,
hsa-miR-19b,hsa-miR-107,miRNA,miRNA,miRNA-miRNA,,0.7206836391641797,,,0.7206836391641797,2.274175404310912e-19,2.873208988727193e-18,,
hsa-miR-19b,hsa-miR-425,miRNA,miRNA,miRNA-miRNA,,0.7079871581983975,,,0.7079871581983975,1.808146665901687e-18,1.9259647332277278e-17,,
hsa-miR-19b,hsa-miR-200b,miRNA,miRNA,miRNA-miRNA,,0.7042914219644237,,,0.7042914219644237,3.2386012886801155e-18,3.2671531892100413e-17,,
hsa-miR-19b,hsa-miR-130b,miRNA,miRNA,miRNA-miRNA,,0.6845689546049313,,,0.6845689546049313,6.279887725440486e-17,5.196477343055609e-16,,
hsa-miR-19b,hsa-miR-21,miRNA,miRNA,miRNA-miRNA,,0.6834319616621877,,,0.6834319616621877,7.397751647256295e-17,6.046529662706422e-16,,
hsa-miR-19b,hsa-miR-27a,miRNA,miRNA,miRNA-miRNA,,0.6798444447918592,,,0.6798444447918592,1.2345178669029563e-16,9.600473896983185e-16,,
hsa-miR-19b,hsa-miR-29b,miRNA,miRNA,miRNA-miRNA,,0.678684863014781,,,0.678684863014781,1.4544894148884304e-16,1.1202365589669546e-15,,
hsa-miR-19b,hsa-miR-200c,miRNA,miRNA,miRNA-miRNA,,0.6762202019376534,,,0.6762202019376534,2.055881159936948e-16,1.541910869952711e-15,,
hsa-miR-19b,hsa-miR-24,miRNA,miRNA,miRNA-miRNA,,0.6728733506563574,,,0.6728733506563574,3.271684911112654e-16,2.3780577257724465e-15,,
hsa-miR-19b,hsa-miR-151-3p,miRNA,miRNA,miRNA-miRNA,,0.6701584408252935,,,0.6701584408252935,4.748178829922485e-16,3.3538723481198504e-15,,
hsa-miR-19b,hsa-miR-484,miRNA,miRNA,miRNA-miRNA,,0.670028147851564,,,0.670028147851564,4.83333906762832e-16,3.4020251258086856e-15,,
hsa-miR-19b,hsa-miR-455-5p,miRNA,miRNA,miRNA-miRNA,,0.6393656961692452,,,0.6393656961692452,2.5054562595806996e-14,1.41130131077647e-13,,
hsa-miR-19b,hsa-miR-26b,miRNA,miRNA,miRNA-miRNA,,0.6348035438151589,,,0.6348035438151589,4.342124709850173e-14,2.3342563037516704e-13,,
hsa-miR-19b,hsa-miR-183,miRNA,miRNA,miRNA-miRNA,,0.6308351902149495,,,0.6308351902149495,6.954006426977286e-14,3.612295167320886e-13,,
hsa-miR-19b,hsa-miR-660,miRNA,miRNA,miRNA-miRNA,,0.6299999000303903,,,0.6299999000303903,7.672089709937856e-14,3.9698603731655184e-13,,
hsa-miR-19b,hsa-miR-490-3p,miRNA,miRNA,miRNA-miRNA,,0.6280204570528739,,,0.6280204570528739,9.672525830339471e-14,4.95376802436184e-13,,
hsa-miR-19b,hsa-miR-362-3p,miRNA,miRNA,miRNA-miRNA,,0.6169589336905916,,,0.6169589336905916,3.4269466858168944e-13,1.6696984764837788e-12,,
hsa-miR-19b,hsa-miR-1274a,miRNA,miRNA,miRNA-miRNA,,0.6162610642419263,,,0.6162610642419263,3.705499222151002e-13,1.8004356532666417e-12,,
hsa-miR-19b,hsa-miR-32,miRNA,miRNA,miRNA-miRNA,,0.6074179961415427,,,0.6074179961415427,9.81190624027409e-13,4.569381917709038e-12,,
hsa-miR-19b,hsa-miR-532-5p,miRNA,miRNA,miRNA-miRNA,,0.5767925767474843,,,0.5767925767474843,2.291273036888811e-11,8.91792858380922e-11,,
hsa-miR-19b,hsa-miR-142-3p,miRNA,miRNA,miRNA-miRNA,,0.5582914226156501,,,0.5582914226156501,1.3193660415133917e-10,4.730582807753925e-10,,
hsa-miR-19b,hsa-miR-148a,miRNA,miRNA,miRNA-miRNA,,0.5543463749732519,,,0.5543463749732519,1.890186729781728e-10,6.687453933547545e-10,,
hsa-miR-19b,hsa-miR-1975,miRNA,miRNA,miRNA-miRNA,,0.5491201254619608,,,0.5491201254619608,3.0216135366001343e-10,1.045943147284662e-09,,
hsa-miR-19b,hsa-miR-509-3p,miRNA,miRNA,miRNA-miRNA,,0.5365465652305949,,,0.5365465652305949,9.042235231605944e-10,2.9708082118606895e-09,,
hsa-miR-19b,hsa-miR-146a,miRNA,miRNA,miRNA-miRNA,,0.5188688970493103,,,0.5188688970493103,3.920668674257835e-09,1.2191209658697693e-08,,
hsa-miR-19b,hsa-miR-210,miRNA,miRNA,miRNA-miRNA,,0.509893710321616,,,0.509893710321616,8.00057185905583e-09,2.4182860600391396e-08,,
hsa-miR-19b,hsa-miR-194,miRNA,miRNA,miRNA-miRNA,,0.5058379419274989,,,0.5058379419274989,1.0969478512781872e-08,3.2736781999770044e-08,,
hsa-miR-19b,hsa-miR-135b,miRNA,miRNA,miRNA-miRNA,,0.5025670186354126,,,0.5025670186354126,1.410693284640707e-08,4.169613730616997e-08,,
hsa-miR-19b,hsa-miR-1246,miRNA,miRNA,miRNA-miRNA,,0.48893512771754893,,,0.48893512771754893,3.9137137896819594e-08,1.1228097226129118e-07,,
hsa-miR-19b,hsa-miR-142-5p,miRNA,miRNA,miRNA-miRNA,,0.48662985053027746,,,0.48662985053027746,4.6306125203305736e-08,1.3162244956652907e-07,,
hsa-miR-19b,hsa-miR-421,miRNA,miRNA,miRNA-miRNA,,0.42691297654722254,,,0.42691297654722254,2.4123675475643722e-06,5.757766405241544e-06,,
hsa-miR-19b,hsa-miR-203,miRNA,miRNA,miRNA-miRNA,,0.3791979049314876,,,0.3791979049314876,3.444485171557289e-05,7.170043197550386e-05,,
hsa-miR-20a+hsa-miR-20b,hsa-miR-106a+hsa-miR-17,miRNA,miRNA,miRNA-miRNA,,0.9098658305820196,,,0.9098658305820196,3.240046438396735e-44,1.120826678224677e-41,,
hsa-miR-20a+hsa-miR-20b,hsa-miR-106b,miRNA,miRNA,miRNA-miRNA,,0.8532843750233643,,,0.8532843750233643,3.5975413228725484e-33,4.647791289711147e-31,,
hsa-miR-20a+hsa-miR-20b,hsa-miR-374a,miRNA,miRNA,miRNA-miRNA,,0.8305121906110653,,,0.8305121906110653,5.587375410369645e-30,4.972764115228985e-28,,
hsa-miR-20a+hsa-miR-20b,hsa-miR-93,miRNA,miRNA,miRNA-miRNA,,0.8201544627100456,,,0.8201544627100456,1.110434127811142e-28,8.391110720535139e-27,,
hsa-miR-20a+hsa-miR-20b,hsa-miR-25,miRNA,miRNA,miRNA-miRNA,,0.796235328491417,,,0.796235328491417,5.60893125536162e-26,2.4685461184311305e-24,,
hsa-miR-20a+hsa-miR-20b,hsa-miR-141,miRNA,miRNA,miRNA-miRNA,,0.7861096389909433,,,0.7861096389909433,6.123293440825158e-25,2.2093504712166447e-23,,
hsa-miR-20a+hsa-miR-20b,hsa-miR-200a,miRNA,miRNA,miRNA-miRNA,,0.7776723987425357,,,0.7776723987425357,4.0731502533895784e-24,1.264571067040718e-22,,
hsa-miR-20a+hsa-miR-20b,hsa-miR-1979,miRNA,miRNA,miRNA-miRNA,,0.7763110156510002,,,0.7763110156510002,5.4871412799703204e-24,1.6775573149832926e-22,,
hsa-miR-20a+hsa-miR-20b,hsa-miR-98,miRNA,miRNA,miRNA-miRNA,,0.7752343718738084,,,0.7752343718738084,6.935089337625565e-24,2.0422818233228225e-22,,
hsa-miR-20a+hsa-miR-20b,hsa-miR-128,miRNA,miRNA,miRNA-miRNA,,0.7620278686443829,,,0.7620278686443829,1.1079086490696644e-22,2.5211216701840944e-21,,
hsa-miR-20a+hsa-miR-20b,hsa-miR-454,miRNA,miRNA,miRNA-miRNA,,0.760884490714949,,,0.760884490714949,1.3964403329837178e-22,3.089913554475022e-21,,
hsa-miR-20a+hsa-miR-20b,hsa-miR-186,miRNA,miRNA,miRNA-miRNA,,0.7576525473281974,,,0.7576525473281974,2.6677212343173726e-22,5.5593914771180954e-21,,
hsa-miR-20a+hsa-miR-20b,hsa-miR-374b,miRNA,miRNA,miRNA-miRNA,,0.7552808913685639,,,0.7552808913685639,4.262347307262121e-22,8.578241691248641e-21,,
hsa-miR-20a+hsa-miR-20b,hsa-miR-107,miRNA,miRNA,miRNA-miRNA,,0.7447470865172777,,,0.7447470865172777,3.2083714045408703e-21,5.491251057771874e-20,,
hsa-miR-20a+hsa-miR-20b,hsa-miR-101,miRNA,miRNA,miRNA-miRNA,,0.7433680798302206,,,0.7433680798302206,4.1483415878721625e-21,6.893820771546892e-20,,
hsa-miR-20a+hsa-miR-20b,hsa-miR-200b,miRNA,miRNA,miRNA-miRNA,,0.732661756904812,,,0.732661756904812,2.888325484930951e-20,4.2685400616783984e-19,,
hsa-miR-20a+hsa-miR-20b,hsa-miR-200c,miRNA,miRNA,miRNA-miRNA,,0.7304114890616613,,,0.7304114890616613,4.291917570531751e-20,6.138974953564165e-19,,
hsa-miR-20a+hsa-miR-20b,hsa-miR-96,miRNA,miRNA,miRNA-miRNA,,0.7272113157918713,,,0.7272113157918713,7.487135535585916e-20,1.0164738244075117e-18,,
hsa-miR-20a+hsa-miR-20b,hsa-miR-27a,miRNA,miRNA,miRNA-miRNA,,0.7200936630405784,,,0.7200936630405784,2.5104981281127236e-19,3.1420453134660806e-18,,
hsa-miR-20a+hsa-miR-20b,hsa-miR-340,miRNA,miRNA,miRNA-miRNA,,0.716076323209821,,,0.716076323209821,4.889136356055531e-19,5.810383117508131e-18,,
hsa-miR-20a+hsa-miR-20b,hsa-miR-429,miRNA,miRNA,miRNA-miRNA,,0.7151171914578787,,,0.7151171914578787,5.72277424011753e-19,6.74109142107962e-18,,
hsa-miR-20a+hsa-miR-20b,hsa-miR-24,miRNA,miRNA,miRNA-miRNA,,0.7141092049272715,,,0.7141092049272715,6.747797782610773e-19,7.8735577165877e-18,,
hsa-miR-20a+hsa-miR-20b,hsa-miR-484,miRNA,miRNA,miRNA-miRNA,,0.7106291150504821,,,0.7106291150504821,1.1853877275304356e-18,1.311457969270551e-17,,
hsa-miR-20a+hsa-miR-20b,hsa-miR-151-3p,miRNA,miRNA,miRNA-miRNA,,0.6917021969695147,,,0.6917021969695147,2.20862768711129e-17,1.983308046385811e-16,,
hsa-miR-20a+hsa-miR-20b,hsa-miR-455-5p,miRNA,miRNA,miRNA-miRNA,,0.6912441737332513,,,0.6912441737332513,2.3640454500818876e-17,2.0993352611037603e-16,,
hsa-miR-20a+hsa-miR-20b,hsa-miR-130b,miRNA,miRNA,miRNA-miRNA,,0.6860923327940043,,,0.6860923327940043,5.036385319573774e-17,4.2286631456798666e-16,,
hsa-miR-20a+hsa-miR-20b,hsa-miR-29b,miRNA,miRNA,miRNA-miRNA,,0.6795308520529577,,,0.6795308520529577,1.2905894570496576e-16,1.0017075146286586e-15,,
hsa-miR-20a+hsa-miR-20b,hsa-miR-425,miRNA,miRNA,miRNA-miRNA,,0.6643389384443491,,,0.6643389384443491,1.0413449656041806e-15,7.117041957755536e-15,,
hsa-miR-20a+hsa-miR-20b,hsa-miR-21,miRNA,miRNA,miRNA-miRNA,,0.6587180860655286,,,0.6587180860655286,2.1871881038650874e-15,1.422027330516181e-14,,
hsa-miR-20a+hsa-miR-20b,hsa-miR-26b,miRNA,miRNA,miRNA-miRNA,,0.6585870712764361,,,0.6585870712764361,2.224931029771823e-15,1.4418849149249437e-14,,
hsa-miR-20a+hsa-miR-20b,hsa-miR-490-3p,miRNA,miRNA,miRNA-miRNA,,0.6503250602519344,,,0.6503250602519344,6.435165481618635e-15,3.8873058452311665e-14,,
hsa-miR-20a+hsa-miR-20b,hsa-miR-1274a,miRNA,miRNA,miRNA-miRNA,,0.644449633353673,,,0.644449633353673,1.3428006700528673e-14,7.816739365642056e-14,,
hsa-miR-20a+hsa-miR-20b,hsa-miR-183,miRNA,miRNA,miRNA-miRNA,,0.635941088594724,,,0.635941088594724,3.7890167174469847e-14,2.0562346820291564e-13,,
hsa-miR-20a+hsa-miR-20b,hsa-miR-660,miRNA,miRNA,miRNA-miRNA,,0.6024408752967965,,,0.6024408752967965,1.6752388436747514e-12,7.430046034238516e-12,,
hsa-miR-20a+hsa-miR-20b,hsa-miR-532-5p,miRNA,miRNA,miRNA-miRNA,,0.5893581261937783,,,0.5893581261937783,6.54621257390084e-12,2.733845814230747e-11,,
hsa-miR-20a+hsa-miR-20b,hsa-miR-362-3p,miRNA,miRNA,miRNA-miRNA,,0.5648067299447351,,,0.5648067299447351,7.21065782807845e-11,2.666545207890507e-10,,
hsa-miR-20a+hsa-miR-20b,hsa-miR-509-3p,miRNA,miRNA,miRNA-miRNA,,0.5583554578118465,,,0.5583554578118465,1.3116380032957242e-10,4.710569857467627e-10,,
hsa-miR-20a+hsa-miR-20b,hsa-miR-32,miRNA,miRNA,miRNA-miRNA,,0.5571274500502206,,,0.5571274500502206,1.4677303459208255e-10,5.229768714780166e-10,,
hsa-miR-20a+hsa-miR-20b,hsa-miR-148a,miRNA,miRNA,miRNA-miRNA,,0.5433006571731125,,,0.5433006571731125,5.046699564702015e-10,1.7013494744639369e-09,,
hsa-miR-20a+hsa-miR-20b,hsa-miR-1975,miRNA,miRNA,miRNA-miRNA,,0.530390147390357,,,0.530390147390357,1.5216452105866799e-09,4.9028069737728505e-09,,
hsa-miR-20a+hsa-miR-20b,hsa-miR-210,miRNA,miRNA,miRNA-miRNA,,0.5171369012806633,,,0.5171369012806633,4.506479518314658e-09,1.3937027390617919e-08,,
hsa-miR-20a+hsa-miR-20b,hsa-miR-146a,miRNA,miRNA,miRNA-miRNA,,0.5091270532711611,,,0.5091270532711611,8.495081287126718e-09,2.5619578731131406e-08,,
hsa-miR-20a+hsa-miR-20b,hsa-miR-1246,miRNA,miRNA,miRNA-miRNA,,0.5008120322256402,,,0.5008120322256402,1.6127858459718766e-08,4.752911930182021e-08,,
hsa-miR-20a+hsa-miR-20b,hsa-miR-194,miRNA,miRNA,miRNA-miRNA,,0.4909892483000674,,,0.4909892483000674,3.365450897102878e-08,9.70383789985387e-08,,
hsa-miR-20a+hsa-miR-20b,hsa-miR-135b,miRNA,miRNA,miRNA-miRNA,,0.4810856986927348,,,0.4810856986927348,6.904534960780795e-08,1.9405377205562867e-07,,
hsa-miR-20a+hsa-miR-20b,hsa-miR-142-3p,miRNA,miRNA,miRNA-miRNA,,0.4508677992708594,,,0.4508677992708594,5.403918185390269e-07,1.3945033719386616e-06,,
hsa-miR-20a+hsa-miR-20b,hsa-miR-142-5p,miRNA,miRNA,miRNA-miRNA,,0.4366570253204565,,,0.4366570253204565,1.3308312309450724e-06,3.2921427300401574e-06,,
hsa-miR-20a+hsa-miR-20b,hsa-miR-421,miRNA,miRNA,miRNA-miRNA,,0.4191435564303078,,,0.4191435564303078,3.825887000128917e-06,8.918904211592731e-06,,
hsa-miR-20a+hsa-miR-20b,hsa-miR-497,miRNA,miRNA,miRNA-miRNA,,0.3953056669630012,,,0.3953056669630012,1.4689691988300766e-05,3.206115335866189e-05,,
hsa-miR-20a+hsa-miR-20b,hsa-miR-203,miRNA,miRNA,miRNA-miRNA,,0.3875177536815227,,,0.3875177536815227,2.2303511144500508e-05,4.7614905188552527e-05,,
hsa-miR-20a+hsa-miR-20b,hsa-miR-205,miRNA,miRNA,miRNA-miRNA,,0.3688019570955946,,,0.3688019570955946,5.8329591934173407e-05,0.00011727410426524322,,
hsa-miR-21,hsa-miR-24,miRNA,miRNA,miRNA-miRNA,,0.8502758284300632,,,0.8502758284300632,1.0176672928515987e-32,1.1987522081972509e-30,,
hsa-miR-21,hsa-miR-374a,miRNA,miRNA,miRNA-miRNA,,0.7680734087067362,,,0.7680734087067362,3.187768852459909e-23,8.131856212803781e-22,,
hsa-miR-21,hsa-miR-27a,miRNA,miRNA,miRNA-miRNA,,0.7659051353074288,,,0.7659051353074288,5.0049061756424334e-23,1.222234709356582e-21,,
hsa-miR-21,hsa-miR-374b,miRNA,miRNA,miRNA-miRNA,,0.7546558065556376,,,0.7546558065556376,4.818379697079146e-22,9.600801336717404e-21,,
hsa-miR-21,hsa-miR-1979,miRNA,miRNA,miRNA-miRNA,,0.6617821530112541,,,0.6617821530112541,1.462353222477787e-15,9.712644537352467e-15,,
hsa-miR-21,hsa-miR-26b,miRNA,miRNA,miRNA-miRNA,,0.643210927700607,,,0.643210927700607,1.5648703531860263e-14,9.043731261919243e-14,,
hsa-miR-21,hsa-miR-29b,miRNA,miRNA,miRNA-miRNA,,0.6371342415505176,,,0.6371342415505176,3.282418007797768e-14,1.8033037203333417e-13,,
hsa-miR-21,hsa-miR-25,miRNA,miRNA,miRNA-miRNA,,0.6319627037261106,,,0.6319627037261106,6.087244958446049e-14,3.1826913914590633e-13,,
hsa-miR-21,hsa-miR-200a,miRNA,miRNA,miRNA-miRNA,,0.6289494395794003,,,0.6289494395794003,8.677685150804435e-14,4.472860878889545e-13,,
hsa-miR-21,hsa-miR-106b,miRNA,miRNA,miRNA-miRNA,,0.628471810645976,,,0.628471810645976,9.176101085256559e-14,4.705542233860758e-13,,
hsa-miR-21,hsa-miR-454,miRNA,miRNA,miRNA-miRNA,,0.6234890919920295,,,0.6234890919920295,1.6338670566560653e-13,8.230990643908857e-13,,
hsa-miR-21,hsa-miR-1274a,miRNA,miRNA,miRNA-miRNA,,0.6037186384405168,,,0.6037186384405168,1.461560824474727e-12,6.599268435198739e-12,,
hsa-miR-21,hsa-miR-484,miRNA,miRNA,miRNA-miRNA,,0.6031162579278956,,,0.6031162579278956,1.558787069521813e-12,6.944318368670591e-12,,
hsa-miR-21,hsa-miR-148a,miRNA,miRNA,miRNA-miRNA,,0.5964977503975771,,,0.5964977503975771,3.1353030589369546e-12,1.3575014865991895e-11,,
hsa-miR-21,hsa-miR-142-3p,miRNA,miRNA,miRNA-miRNA,,0.5954499641784742,,,0.5954499641784742,3.496972036951753e-12,1.5011117907815404e-11,,
hsa-miR-21,hsa-miR-186,miRNA,miRNA,miRNA-miRNA,,0.594858899939642,,,0.594858899939642,3.718455049534507e-12,1.5927713875278824e-11,,
hsa-miR-21,hsa-miR-340,miRNA,miRNA,miRNA-miRNA,,0.590357452038505,,,0.590357452038505,5.911678877088483e-12,2.479190984580039e-11,,
hsa-miR-21,hsa-miR-96,miRNA,miRNA,miRNA-miRNA,,0.5827411789284958,,,0.5827411789284958,1.2746721367292106e-11,5.135877170624234e-11,,
hsa-miR-21,hsa-miR-1975,miRNA,miRNA,miRNA-miRNA,,0.5748462466225059,,,0.5748462466225059,2.7688476452913318e-11,1.0671811159333337e-10,,
hsa-miR-21,hsa-miR-141,miRNA,miRNA,miRNA-miRNA,,0.5691759286858136,,,0.5691759286858136,4.7730020892839765e-11,1.7982947664705857e-10,,
hsa-miR-21,hsa-miR-101,miRNA,miRNA,miRNA-miRNA,,0.5689599451937352,,,0.5689599451937352,4.8720410663215235e-11,1.832161922123728e-10,,
hsa-miR-21,hsa-miR-200b,miRNA,miRNA,miRNA-miRNA,,0.5591547775994555,,,0.5591547775994555,1.2187694008714794e-10,4.3934936548067285e-10,,
hsa-miR-21,hsa-miR-93,miRNA,miRNA,miRNA-miRNA,,0.5574315624294008,,,0.5574315624294008,1.427485283053748e-10,5.090898093170312e-10,,
hsa-miR-21,hsa-miR-200c,miRNA,miRNA,miRNA-miRNA,,0.5530699308136515,,,0.5530699308136515,2.1212375590808455e-10,7.465339564252009e-10,,
hsa-miR-21,hsa-miR-151-3p,miRNA,miRNA,miRNA-miRNA,,0.5473622582511953,,,0.5473622582511953,3.531668915181281e-10,1.2109875004538552e-09,,
hsa-miR-21,hsa-miR-490-3p,miRNA,miRNA,miRNA-miRNA,,0.5462299622284031,,,0.5462299622284031,3.903075463767874e-10,1.3315006160468768e-09,,
hsa-miR-21,hsa-miR-98,miRNA,miRNA,miRNA-miRNA,,0.5425763709431027,,,0.5425763709431027,5.375713861123469e-10,1.8031603026632741e-09,,
hsa-miR-21,hsa-miR-429,miRNA,miRNA,miRNA-miRNA,,0.5314985152805467,,,0.5314985152805467,1.3866052966481854e-09,4.48574653721808e-09,,
hsa-miR-21,hsa-miR-128,miRNA,miRNA,miRNA-miRNA,,0.5224581427629414,,,0.5224581427629414,2.9305444436298964e-09,9.205357252343323e-09,,
hsa-miR-21,hsa-miR-425,miRNA,miRNA,miRNA-miRNA,,0.5165452325132965,,,0.5165452325132965,4.725194168427507e-09,1.4579663054354518e-08,,
hsa-miR-21,hsa-miR-125b,miRNA,miRNA,miRNA-miRNA,,0.5051223091563986,,,0.5051223091563986,1.1592733055341959e-08,3.446837111109469e-08,,
hsa-miR-21,hsa-miR-1308,miRNA,miRNA,miRNA-miRNA,,0.48888347928399806,,,0.48888347928399806,3.928543741630238e-08,1.1262575293650038e-07,,
hsa-miR-21,hsa-miR-135b,miRNA,miRNA,miRNA-miRNA,,0.47000714355751494,,,0.47000714355751494,1.5023267111628231e-07,4.1070433298342027e-07,,
hsa-miR-21,hsa-miR-532-5p,miRNA,miRNA,miRNA-miRNA,,0.45056841538414144,,,0.45056841538414144,5.509837657244034e-07,1.4181812221890975e-06,,
hsa-miR-21,hsa-miR-130b,miRNA,miRNA,miRNA-miRNA,,0.44973264140043834,,,0.44973264140043834,5.816075196182731e-07,1.4922089148438077e-06,,
hsa-miR-21,hsa-miR-660,miRNA,miRNA,miRNA-miRNA,,0.44812182094019615,,,0.44812182094019615,6.452523872829264e-07,1.6470591530070876e-06,,
hsa-miR-21,hsa-miR-107,miRNA,miRNA,miRNA-miRNA,,0.4460772750358053,,,0.4460772750358053,7.355980180486969e-07,1.865782180041185e-06,,
hsa-miR-21,hsa-miR-183,miRNA,miRNA,miRNA-miRNA,,0.4444493265189682,,,0.4444493265189682,8.160017384837714e-07,2.06318621377999e-06,,
hsa-miR-21,hsa-miR-106a+hsa-miR-17,miRNA,miRNA,miRNA-miRNA,,0.44133678450160385,,,0.44133678450160385,9.935221577644001e-07,2.4931430086757032e-06,,
hsa-miR-21,hsa-miR-1305,miRNA,miRNA,miRNA-miRNA,,-0.437080046538017,,,-0.437080046538017,1.2963598808043503e-06,3.2128226006320685e-06,,
hsa-miR-21,hsa-miR-497,miRNA,miRNA,miRNA-miRNA,,0.4141034113716167,,,0.4141034113716167,5.128908178930348e-06,1.1751302778384463e-05,,
hsa-miR-21,hsa-miR-520c-3p,miRNA,miRNA,miRNA-miRNA,,-0.4061030210827258,,,-0.4061030210827258,8.08915409406651e-06,1.8139452489774003e-05,,
hsa-miR-21,hsa-miR-210,miRNA,miRNA,miRNA-miRNA,,0.40146087704516875,,,0.40146087704516875,1.0481143832458898e-05,2.3268836501661797e-05,,
hsa-miR-21,hsa-miR-146a,miRNA,miRNA,miRNA-miRNA,,0.39540334171127073,,,0.39540334171127073,1.4611976176898809e-05,3.1926330926611965e-05,,
hsa-miR-21,hsa-miR-99a,miRNA,miRNA,miRNA-miRNA,,0.3906378596968351,,,0.3906378596968351,1.8891332144349672e-05,4.0794225529292225e-05,,
hsa-miR-24,hsa-miR-27a,miRNA,miRNA,miRNA-miRNA,,0.8725390267953586,,,0.8725390267953586,2.53903550181652e-36,4.237015493656318e-34,,
hsa-miR-24,hsa-miR-374a,miRNA,miRNA,miRNA-miRNA,,0.7330429344551904,,,0.7330429344551904,2.6998385236204113e-20,4.0346467489178167e-19,,
hsa-miR-24,hsa-miR-374b,miRNA,miRNA,miRNA-miRNA,,0.7172239500927657,,,0.7172239500927657,4.046221749051847e-19,4.925567813055516e-18,,
hsa-miR-24,hsa-miR-1979,miRNA,miRNA,miRNA-miRNA,,0.70536323208962,,,0.70536323208962,2.7374786056874583e-18,2.825670571076874e-17,,
hsa-miR-24,hsa-miR-200a,miRNA,miRNA,miRNA-miRNA,,0.6863683836864803,,,0.6863683836864803,4.838275567636509e-17,4.0794302417650985e-16,,
hsa-miR-24,hsa-miR-484,miRNA,miRNA,miRNA-miRNA,,0.6714457252655076,,,0.6714457252655076,3.9814606562592084e-16,2.842379666366868e-15,,
hsa-miR-24,hsa-miR-200b,miRNA,miRNA,miRNA-miRNA,,0.6674277011233148,,,0.6674277011233148,6.878927230279942e-16,4.7582216851936385e-15,,
hsa-miR-24,hsa-miR-106b,miRNA,miRNA,miRNA-miRNA,,0.66635928210136,,,0.66635928210136,7.944213345236048e-16,5.466765369015527e-15,,
hsa-miR-24,hsa-miR-25,miRNA,miRNA,miRNA-miRNA,,0.6634009421554524,,,0.6634009421554524,1.1799374690213992e-15,7.9690549130366e-15,,
hsa-miR-24,hsa-miR-98,miRNA,miRNA,miRNA-miRNA,,0.6601607739953569,,,0.6601607739953569,1.8105919518863685e-15,1.1829397662813876e-14,,
hsa-miR-24,hsa-miR-200c,miRNA,miRNA,miRNA-miRNA,,0.6542330499782846,,,0.6542330499782846,3.909961832714501e-15,2.462169361638613e-14,,
hsa-miR-24,hsa-miR-151-3p,miRNA,miRNA,miRNA-miRNA,,0.6423310944116202,,,0.6423310944116202,1.7438320946217232e-14,9.962977944308133e-14,,
hsa-miR-24,hsa-miR-93,miRNA,miRNA,miRNA-miRNA,,0.6368488405318564,,,0.6368488405318564,3.3972576318257213e-14,1.8612882100495232e-13,,
hsa-miR-24,hsa-miR-141,miRNA,miRNA,miRNA-miRNA,,0.6239516300121392,,,0.6239516300121392,1.5493364880224312e-13,7.824833082635355e-13,,
hsa-miR-24,hsa-miR-128,miRNA,miRNA,miRNA-miRNA,,0.6217475975475785,,,0.6217475975475785,1.9940663201802e-13,9.957899765987159e-13,,
hsa-miR-24,hsa-miR-454,miRNA,miRNA,miRNA-miRNA,,0.6206487857474419,,,0.6206487857474419,2.2597274172732142e-13,1.1200752854182206e-12,,
hsa-miR-24,hsa-miR-429,miRNA,miRNA,miRNA-miRNA,,0.6087757054963306,,,0.6087757054963306,8.465910645705512e-13,3.974908808446726e-12,,
hsa-miR-24,hsa-miR-186,miRNA,miRNA,miRNA-miRNA,,0.605732182349852,,,0.605732182349852,1.1773249219020778e-12,5.432242295181822e-12,,
hsa-miR-24,hsa-miR-26b,miRNA,miRNA,miRNA-miRNA,,0.6003311454896226,,,0.6003311454896226,2.09578802311469e-12,9.183403755551787e-12,,
hsa-miR-24,hsa-miR-29b,miRNA,miRNA,miRNA-miRNA,,0.5875825158158567,,,0.5875825158158567,7.839589664441379e-12,3.2536328089210077e-11,,
hsa-miR-24,hsa-miR-490-3p,miRNA,miRNA,miRNA-miRNA,,0.5834233141699903,,,0.5834233141699903,1.1908700299727092e-11,4.8322537690381966e-11,,
hsa-miR-24,hsa-miR-96,miRNA,miRNA,miRNA-miRNA,,0.5811568738842883,,,0.5811568738842883,1.49186664571822e-11,5.939290175051163e-11,,
hsa-miR-24,hsa-miR-1274a,miRNA,miRNA,miRNA-miRNA,,0.5775739489675351,,,0.5775739489675351,2.1228323124013566e-11,8.278425911555436e-11,,
hsa-miR-24,hsa-miR-340,miRNA,miRNA,miRNA-miRNA,,0.5638366718272184,,,0.5638366718272184,7.895938567376965e-11,2.903878233456818e-10,,
hsa-miR-24,hsa-miR-148a,miRNA,miRNA,miRNA-miRNA,,0.5637446341033273,,,0.5637446341033273,7.964125415542586e-11,2.926268099931015e-10,,
hsa-miR-24,hsa-miR-107,miRNA,miRNA,miRNA-miRNA,,0.5621486407627916,,,0.5621486407627916,9.240848683223606e-11,3.373710025187834e-10,,
hsa-miR-24,hsa-miR-101,miRNA,miRNA,miRNA-miRNA,,0.5501489574238749,,,0.5501489574238749,2.756826825652944e-10,9.567670222478372e-10,,
hsa-miR-24,hsa-miR-130b,miRNA,miRNA,miRNA-miRNA,,0.5460459358466653,,,0.5460459358466653,3.9668853251986994e-10,1.3509673237602712e-09,,
hsa-miR-24,hsa-miR-106a+hsa-miR-17,miRNA,miRNA,miRNA-miRNA,,0.5424890394740207,,,0.5424890394740207,5.416752377608276e-10,1.8138873973512664e-09,,
hsa-miR-24,hsa-miR-135b,miRNA,miRNA,miRNA-miRNA,,0.5264854481909702,,,0.5264854481909702,2.1054606336311326e-09,6.697672627238035e-09,,
hsa-miR-24,hsa-miR-1975,miRNA,miRNA,miRNA-miRNA,,0.49292547411209725,,,0.49292547411209725,2.916513037009748e-08,8.458098995817554e-08,,
hsa-miR-24,hsa-miR-210,miRNA,miRNA,miRNA-miRNA,,0.4844270362051704,,,0.4844270362051704,5.43175467661979e-08,1.53739770175705e-07,,
hsa-miR-24,hsa-miR-183,miRNA,miRNA,miRNA-miRNA,,0.48294223752995985,,,0.48294223752995985,6.044751301374526e-08,1.704875279014435e-07,,
hsa-miR-24,hsa-miR-425,miRNA,miRNA,miRNA-miRNA,,0.48269374779081614,,,0.48269374779081614,6.153591735801006e-08,1.7331318496401568e-07,,
hsa-miR-24,hsa-miR-660,miRNA,miRNA,miRNA-miRNA,,0.4636329842031822,,,0.4636329842031822,2.3210810148918455e-07,6.226342575111749e-07,,
hsa-miR-24,hsa-miR-532-5p,miRNA,miRNA,miRNA-miRNA,,0.4528589464868495,,,0.4528589464868495,4.7471972330099904e-07,1.2345795401431826e-06,,
hsa-miR-24,hsa-miR-455-5p,miRNA,miRNA,miRNA-miRNA,,0.4513077881205018,,,0.4513077881205018,5.251761449802416e-07,1.357863434890812e-06,,
hsa-miR-24,hsa-miR-497,miRNA,miRNA,miRNA-miRNA,,0.4382964271670927,,,0.4382964271670927,1.2018964454088012e-06,2.995392199043092e-06,,
hsa-miR-24,hsa-miR-1308,miRNA,miRNA,miRNA-miRNA,,0.4259209501359218,,,0.4259209501359218,2.5603236780329216e-06,6.0855171101019896e-06,,
hsa-miR-24,hsa-miR-125b,miRNA,miRNA,miRNA-miRNA,,0.4157779734943503,,,0.4157779734943503,4.655435699169889e-06,1.0709373908773927e-05,,
hsa-miR-24,hsa-miR-203,miRNA,miRNA,miRNA-miRNA,,0.3933924839849493,,,0.3933924839849493,1.62925949544408e-05,3.5462958039421416e-05,,
hsa-miR-24,hsa-miR-1305,miRNA,miRNA,miRNA-miRNA,,-0.39309185293745375,,,-0.39309185293745375,1.6558943438558592e-05,3.60035659454002e-05,,
hsa-miR-24,hsa-miR-520c-3p,miRNA,miRNA,miRNA-miRNA,,-0.3804337824316699,,,-0.3804337824316699,3.231530761796021e-05,6.751320136146617e-05,,
hsa-miR-24,hsa-miR-145,miRNA,miRNA,miRNA-miRNA,,0.3801091949817908,,,0.3801091949817908,3.2862331100458064e-05,6.858448986833484e-05,,
hsa-miR-24,hsa-miR-195,miRNA,miRNA,miRNA-miRNA,,0.38009879275150593,,,0.38009879275150593,3.288000451113183e-05,6.858563440993905e-05,,
hsa-miR-25,hsa-miR-106b,miRNA,miRNA,miRNA-miRNA,,0.9198658492876101,,,0.9198658492876101,6.270365528839537e-47,3.1391017428752936e-44,,
hsa-miR-25,hsa-miR-93,miRNA,miRNA,miRNA-miRNA,,0.9101390025846637,,,0.9101390025846637,2.758731086682108e-44,1.1048718002161842e-41,,
hsa-miR-25,hsa-miR-186,miRNA,miRNA,miRNA-miRNA,,0.7678859217966241,,,0.7678859217966241,3.315207412440734e-23,8.350569614355434e-22,,
hsa-miR-25,hsa-miR-128,miRNA,miRNA,miRNA-miRNA,,0.7619079167126985,,,0.7619079167126985,1.1352089921087178e-22,2.568650855025658e-21,,
hsa-miR-25,hsa-miR-200a,miRNA,miRNA,miRNA-miRNA,,0.7545472947479336,,,0.7545472947479336,4.921858310846289e-22,9.725159763643911e-21,,
hsa-miR-25,hsa-miR-374a,miRNA,miRNA,miRNA-miRNA,,0.7500939633478754,,,0.7500939633478754,1.1661684528314346e-21,2.1229566607226797e-20,,
hsa-miR-25,hsa-miR-1979,miRNA,miRNA,miRNA-miRNA,,0.7357412496666729,,,0.7357412496666729,1.6688738431801076e-20,2.541383932295183e-19,,
hsa-miR-25,hsa-miR-340,miRNA,miRNA,miRNA-miRNA,,0.735052758704447,,,0.735052758704447,1.8878654156142296e-20,2.853170184730185e-19,,
hsa-miR-25,hsa-miR-200b,miRNA,miRNA,miRNA-miRNA,,0.730657286646842,,,0.730657286646842,4.1109972225858696e-20,5.901270206615201e-19,,
hsa-miR-25,hsa-miR-374b,miRNA,miRNA,miRNA-miRNA,,0.7300900084222085,,,0.7300900084222085,4.540292474339223e-20,6.471128597768181e-19,,
hsa-miR-25,hsa-miR-96,miRNA,miRNA,miRNA-miRNA,,0.7054962631612018,,,0.7054962631612018,2.6808126657767354e-18,2.7743293866759238e-17,,
hsa-miR-25,hsa-miR-98,miRNA,miRNA,miRNA-miRNA,,0.6942545936014544,,,0.6942545936014544,1.5084684165827745e-17,1.404980467073026e-16,,
hsa-miR-25,hsa-miR-151-3p,miRNA,miRNA,miRNA-miRNA,,0.6911617706717299,,,0.6911617706717299,2.3931138613070858e-17,2.1204471271094863e-16,,
hsa-miR-25,hsa-miR-141,miRNA,miRNA,miRNA-miRNA,,0.6851718203059748,,,0.6851718203059748,5.755676138989864e-17,4.772563755000911e-16,,
hsa-miR-25,hsa-miR-455-5p,miRNA,miRNA,miRNA-miRNA,,0.680196469947992,,,0.680196469947992,1.1743945110368242e-16,9.186425813872032e-16,,
hsa-miR-25,hsa-miR-484,miRNA,miRNA,miRNA-miRNA,,0.6758664700856385,,,0.6758664700856385,2.1599740070242486e-16,1.61695250432376e-15,,
hsa-miR-25,hsa-miR-107,miRNA,miRNA,miRNA-miRNA,,0.6734493697861956,,,0.6734493697861956,3.021565858521084e-16,2.2245167763560553e-15,,
hsa-miR-25,hsa-miR-429,miRNA,miRNA,miRNA-miRNA,,0.6728197850773727,,,0.6728197850773727,3.295941169557628e-16,2.39134862030404e-15,,
hsa-miR-25,hsa-miR-27a,miRNA,miRNA,miRNA-miRNA,,0.6636088287706498,,,0.6636088287706498,1.1477551299563098e-15,7.777934510110018e-15,,
hsa-miR-25,hsa-miR-101,miRNA,miRNA,miRNA-miRNA,,0.6583196346479078,,,0.6583196346479078,2.303947676839249e-15,1.4882758783453536e-14,,
hsa-miR-25,hsa-miR-106a+hsa-miR-17,miRNA,miRNA,miRNA-miRNA,,0.6554613351608145,,,0.6554613351608145,3.3381368411552703e-15,2.128127444444771e-14,,
hsa-miR-25,hsa-miR-454,miRNA,miRNA,miRNA-miRNA,,0.6547536510270887,,,0.6547536510270887,3.656845147254887e-15,2.3173520276512374e-14,,
hsa-miR-25,hsa-miR-26b,miRNA,miRNA,miRNA-miRNA,,0.6544939969546759,,,0.6544939969546759,3.781033801176242e-15,2.3884921725095977e-14,,
hsa-miR-25,hsa-miR-200c,miRNA,miRNA,miRNA-miRNA,,0.6508156467147033,,,0.6508156467147033,6.047404329948864e-15,3.686431406612664e-14,,
hsa-miR-25,hsa-miR-183,miRNA,miRNA,miRNA-miRNA,,0.6344951837560141,,,0.6344951837560141,4.5050666667091927e-14,2.418604825760096e-13,,
hsa-miR-25,hsa-miR-532-5p,miRNA,miRNA,miRNA-miRNA,,0.6286519743231327,,,0.6286519743231327,8.984921052801702e-14,4.625271056101647e-13,,
hsa-miR-25,hsa-miR-1274a,miRNA,miRNA,miRNA-miRNA,,0.605937050446571,,,0.605937050446571,1.1516045404319611e-12,5.319695714452139e-12,,
hsa-miR-25,hsa-miR-130b,miRNA,miRNA,miRNA-miRNA,,0.5999958338383893,,,0.5999958338383893,2.1714092114024213e-12,9.493988964701634e-12,,
hsa-miR-25,hsa-miR-425,miRNA,miRNA,miRNA-miRNA,,0.59593139625837,,,0.59593139625837,3.3260478338717963e-12,1.4323464058770476e-11,,
hsa-miR-25,hsa-miR-148a,miRNA,miRNA,miRNA-miRNA,,0.5916974453981844,,,0.5916974453981844,5.1534538354076945e-12,2.1771711614776178e-11,,
hsa-miR-25,hsa-miR-490-3p,miRNA,miRNA,miRNA-miRNA,,0.5915543185918481,,,0.5915543185918481,5.229723958428987e-12,2.207064747471875e-11,,
hsa-miR-25,hsa-miR-29b,miRNA,miRNA,miRNA-miRNA,,0.5794390677284146,,,0.5794390677284146,1.7676882071561408e-11,6.927193023151021e-11,,
hsa-miR-25,hsa-miR-660,miRNA,miRNA,miRNA-miRNA,,0.5726003666350713,,,0.5726003666350713,3.4395989328969513e-11,1.3144650502149133e-10,,
hsa-miR-25,hsa-miR-32,miRNA,miRNA,miRNA-miRNA,,0.5660639452141882,,,0.5660639452141882,6.407429714214386e-11,2.3782906399841163e-10,,
hsa-miR-25,hsa-miR-362-3p,miRNA,miRNA,miRNA-miRNA,,0.5514499912167897,,,0.5514499912167897,2.4538516007815447e-10,8.553242524917394e-10,,
hsa-miR-25,hsa-miR-497,miRNA,miRNA,miRNA-miRNA,,0.5244148307452721,,,0.5244148307452721,2.4969689433223777e-09,7.899179003164394e-09,,
hsa-miR-25,hsa-miR-146a,miRNA,miRNA,miRNA-miRNA,,0.5167949386367358,,,0.5167949386367358,4.63167397641802e-09,1.4302123574058727e-08,,
hsa-miR-25,hsa-miR-1975,miRNA,miRNA,miRNA-miRNA,,0.492350481227015,,,0.492350481227015,3.0434718075421e-08,8.80715649509112e-08,,
hsa-miR-25,hsa-miR-509-3p,miRNA,miRNA,miRNA-miRNA,,0.4880021902608725,,,0.4880021902608725,4.190026048015793e-08,1.198646737307375e-07,,
hsa-miR-25,hsa-miR-194,miRNA,miRNA,miRNA-miRNA,,0.4665104635932237,,,0.4665104635932237,1.9093182855552687e-07,5.166770090303278e-07,,
hsa-miR-25,hsa-miR-195,miRNA,miRNA,miRNA-miRNA,,0.4473747881616137,,,0.4473747881616137,6.769656071189487e-07,1.724711995236253e-06,,
hsa-miR-25,hsa-miR-142-3p,miRNA,miRNA,miRNA-miRNA,,0.43067525470833196,,,0.43067525470833196,1.9215601491235013e-06,4.652870856855879e-06,,
hsa-miR-25,hsa-miR-1246,miRNA,miRNA,miRNA-miRNA,,0.41944536989341547,,,0.41944536989341547,3.7587566826100413e-06,8.772622677070638e-06,,
hsa-miR-25,hsa-miR-135b,miRNA,miRNA,miRNA-miRNA,,0.4176715566069567,,,0.4176715566069567,4.169858348223741e-06,9.647765849009868e-06,,
hsa-miR-25,hsa-miR-205,miRNA,miRNA,miRNA-miRNA,,0.3837323614626309,,,0.3837323614626309,2.7219819119992163e-05,5.7436973432860174e-05,,
hsa-miR-25,hsa-miR-145,miRNA,miRNA,miRNA-miRNA,,0.3818778587819718,,,0.3818778587819718,2.9983441253748523e-05,6.300298122836456e-05,,
hsa-miR-26b,hsa-miR-374a,miRNA,miRNA,miRNA-miRNA,,0.8302062522296065,,,0.8302062522296065,6.120743625869948e-30,5.329038743828074e-28,,
hsa-miR-26b,hsa-miR-374b,miRNA,miRNA,miRNA-miRNA,,0.7998115934728147,,,0.7998115934728147,2.3341838887973432e-26,1.140049570077239e-24,,
hsa-miR-26b,hsa-miR-101,miRNA,miRNA,miRNA-miRNA,,0.7882161144022156,,,0.7882161144022156,3.764518139352411e-25,1.4229369895318407e-23,,
hsa-miR-26b,hsa-miR-186,miRNA,miRNA,miRNA-miRNA,,0.7743625603035108,,,0.7743625603035108,8.375233938611274e-24,2.395915137438439e-22,,
hsa-miR-26b,hsa-miR-490-3p,miRNA,miRNA,miRNA-miRNA,,0.7710810095565471,,,0.7710810095565471,1.691184975174832e-23,4.607616207874287e-22,,
hsa-miR-26b,hsa-miR-29b,miRNA,miRNA,miRNA-miRNA,,0.7632377756918416,,,0.7632377756918416,8.660053662692392e-23,2.0282757262621656e-21,,
hsa-miR-26b,hsa-miR-484,miRNA,miRNA,miRNA-miRNA,,0.7507860498472771,,,0.7507860498472771,1.021077742682712e-21,1.8845236679466642e-20,,
hsa-miR-26b,hsa-miR-454,miRNA,miRNA,miRNA-miRNA,,0.7494600241635399,,,0.7494600241635399,1.3165898479830695e-21,2.3751992527802672e-20,,
hsa-miR-26b,hsa-miR-509-3p,miRNA,miRNA,miRNA-miRNA,,0.7252970744892698,,,0.7252970744892698,1.0405070744712757e-19,1.3707996162031116e-18,,
hsa-miR-26b,hsa-miR-200a,miRNA,miRNA,miRNA-miRNA,,0.711748771886469,,,0.711748771886469,9.897542628822847e-19,1.1271034868951693e-17,,
hsa-miR-26b,hsa-miR-27a,miRNA,miRNA,miRNA-miRNA,,0.7053201954024989,,,0.7053201954024989,2.7560588769255445e-18,2.8375361959092044e-17,,
hsa-miR-26b,hsa-miR-128,miRNA,miRNA,miRNA-miRNA,,0.696490956616656,,,0.696490956616656,1.076544939875188e-17,1.029012526062083e-16,,
hsa-miR-26b,hsa-miR-148a,miRNA,miRNA,miRNA-miRNA,,0.6937984994072143,,,0.6937984994072143,1.6152931233416166e-17,1.490610359212713e-16,,
hsa-miR-26b,hsa-miR-340,miRNA,miRNA,miRNA-miRNA,,0.692282797149367,,,0.692282797149367,2.0258471463701328e-17,1.83979995945859e-16,,
hsa-miR-26b,hsa-miR-98,miRNA,miRNA,miRNA-miRNA,,0.6798597982745702,,,0.6798597982745702,1.2318343027109702e-16,9.598241989022246e-16,,
hsa-miR-26b,hsa-miR-106b,miRNA,miRNA,miRNA-miRNA,,0.6766840664179368,,,0.6766840664179368,1.9267435037812587e-16,1.4504901753090114e-15,,
hsa-miR-26b,hsa-miR-660,miRNA,miRNA,miRNA-miRNA,,0.6734024139653181,,,0.6734024139653181,3.0412389357864367e-16,2.22672064676868e-15,,
hsa-miR-26b,hsa-miR-497,miRNA,miRNA,miRNA-miRNA,,0.6727819327584917,,,0.6727819327584917,3.313187235517912e-16,2.3951831910197177e-15,,
hsa-miR-26b,hsa-miR-142-5p,miRNA,miRNA,miRNA-miRNA,,0.6639988848061168,,,0.6639988848061168,1.0896566684605824e-15,7.409295343267627e-15,,
hsa-miR-26b,hsa-miR-195,miRNA,miRNA,miRNA-miRNA,,0.6636633132276618,,,0.6636633132276618,1.1394625623741855e-15,7.73482637679426e-15,,
hsa-miR-26b,hsa-miR-141,miRNA,miRNA,miRNA-miRNA,,0.6554516692378014,,,0.6554516692378014,3.342302528229116e-15,2.128127444444771e-14,,
hsa-miR-26b,hsa-miR-1975,miRNA,miRNA,miRNA-miRNA,,0.64396545234645,,,0.64396545234645,1.4256996535944427e-14,8.27525668499383e-14,,
hsa-miR-26b,hsa-miR-96,miRNA,miRNA,miRNA-miRNA,,0.6333957423324134,,,0.6333957423324134,5.1356909606184357e-14,2.717099378768406e-13,,
hsa-miR-26b,hsa-miR-532-5p,miRNA,miRNA,miRNA-miRNA,,0.604962394993084,,,0.604962394993084,1.2790292437078863e-12,5.8409488267389794e-12,,
hsa-miR-26b,hsa-miR-93,miRNA,miRNA,miRNA-miRNA,,0.6049424856158656,,,0.6049424856158656,1.2817693076299448e-12,5.8441746221764985e-12,,
hsa-miR-26b,hsa-miR-362-3p,miRNA,miRNA,miRNA-miRNA,,0.6036538541032896,,,0.6036538541032896,1.4717288153821395e-12,6.630229365135511e-12,,
hsa-miR-26b,hsa-miR-200b,miRNA,miRNA,miRNA-miRNA,,0.5957534805548681,,,0.5957534805548681,3.3882509990187437e-12,1.456002709342282e-11,,
hsa-miR-26b,hsa-miR-183,miRNA,miRNA,miRNA-miRNA,,0.5851637978260499,,,0.5851637978260499,1.0004516604835849e-11,4.1011350053600386e-11,,
hsa-miR-26b,hsa-miR-142-3p,miRNA,miRNA,miRNA-miRNA,,0.5831864487681697,,,0.5831864487681697,1.219347778850883e-11,4.93780369494215e-11,,
hsa-miR-26b,hsa-miR-106a+hsa-miR-17,miRNA,miRNA,miRNA-miRNA,,0.5819951016438775,,,0.5819951016438775,1.3728491024038134e-11,5.514805070338288e-11,,
hsa-miR-26b,hsa-miR-32,miRNA,miRNA,miRNA-miRNA,,0.5817832214015761,,,0.5817832214015761,1.4020367123327828e-11,5.6151570328927953e-11,,
hsa-miR-26b,hsa-miR-1979,miRNA,miRNA,miRNA-miRNA,,0.580545304978478,,,0.580545304978478,1.5849260911974446e-11,6.272360667238899e-11,,
hsa-miR-26b,hsa-miR-429,miRNA,miRNA,miRNA-miRNA,,0.5764982923107626,,,0.5764982923107626,2.3579983536437782e-11,9.142094294620845e-11,,
hsa-miR-26b,hsa-miR-107,miRNA,miRNA,miRNA-miRNA,,0.5578403823374811,,,0.5578403823374811,1.3750561531566118e-10,4.912667166273176e-10,,
hsa-miR-26b,hsa-miR-425,miRNA,miRNA,miRNA-miRNA,,0.5553672808443377,,,0.5553672808443377,1.7230356747015096e-10,6.112274470486755e-10,,
hsa-miR-26b,hsa-miR-194,miRNA,miRNA,miRNA-miRNA,,0.5426458480837215,,,0.5426458480837215,5.34327925893513e-10,1.795288039600268e-09,,
hsa-miR-26b,hsa-miR-146a,miRNA,miRNA,miRNA-miRNA,,0.5423704040512333,,,0.5423704040512333,5.472984372332856e-10,1.8296579642064348e-09,,
hsa-miR-26b,hsa-miR-151-3p,miRNA,miRNA,miRNA-miRNA,,0.531551389108191,,,0.531551389108191,1.3804600547968156e-09,4.469476571916933e-09,,
hsa-miR-26b,hsa-miR-99a,miRNA,miRNA,miRNA-miRNA,,0.5299619466695956,,,0.5299619466695956,1.5771286722364832e-09,5.069342160760125e-09,,
hsa-miR-26b,hsa-miR-455-5p,miRNA,miRNA,miRNA-miRNA,,0.5272545601246337,,,0.5272545601246337,1.975645143672424e-09,6.309775757901163e-09,,
hsa-miR-26b,hsa-miR-200c,miRNA,miRNA,miRNA-miRNA,,0.5153505505331902,,,0.5153505505331902,5.1982735654033686e-09,1.600237173669523e-08,,
hsa-miR-26b,hsa-miR-130b,miRNA,miRNA,miRNA-miRNA,,0.4884952095963683,,,0.4884952095963683,4.041761864190742e-08,1.1578867143121546e-07,,
hsa-miR-26b,hsa-miR-187,miRNA,miRNA,miRNA-miRNA,,0.4690379613455909,,,0.4690379613455909,1.6059725197101073e-07,4.3695108297819156e-07,,
hsa-miR-26b,hsa-miR-1274a,miRNA,miRNA,miRNA-miRNA,,0.4632178972673797,,,0.4632178972673797,2.387045728875733e-07,6.39472785561693e-07,,
hsa-miR-26b,hsa-miR-150,miRNA,miRNA,miRNA-miRNA,,0.4285651985577765,,,0.4285651985577765,2.1837640110499196e-06,5.246535611430671e-06,,
hsa-miR-26b,hsa-miR-203,miRNA,miRNA,miRNA-miRNA,,0.41812860472911745,,,0.41812860472911745,4.060046621726033e-06,9.410003888896275e-06,,
hsa-miR-26b,hsa-miR-548g,miRNA,miRNA,miRNA-miRNA,,0.41130435160330653,,,0.41130435160330653,6.02329762835841e-06,1.3722017634570782e-05,,
hsa-miR-26b,hsa-miR-145,miRNA,miRNA,miRNA-miRNA,,0.4112174687276359,,,0.4112174687276359,6.053286010636489e-06,1.3782496004888652e-05,,
hsa-miR-26b,hsa-miR-216a,miRNA,miRNA,miRNA-miRNA,,0.41028677997820007,,,0.41028677997820007,6.383485735155846e-06,1.4493118123185466e-05,,
hsa-miR-26b,hsa-miR-205,miRNA,miRNA,miRNA-miRNA,,0.41016986424197216,,,0.41016986424197216,6.426148047397145e-06,1.4573455792653207e-05,,
hsa-miR-26b,hsa-miR-125b,miRNA,miRNA,miRNA-miRNA,,0.3928424574967243,,,0.3928424574967243,1.6782999523919347e-05,3.6431389210459066e-05,,
hsa-miR-27a,hsa-miR-374a,miRNA,miRNA,miRNA-miRNA,,0.7998929513397515,,,0.7998929513397515,2.2876199290812147e-26,1.1311009649346006e-24,,
hsa-miR-27a,hsa-miR-374b,miRNA,miRNA,miRNA-miRNA,,0.7699007201062329,,,0.7699007201062329,2.171323465705059e-23,5.68375848375736e-22,,
hsa-miR-27a,hsa-miR-200a,miRNA,miRNA,miRNA-miRNA,,0.762390200475556,,,0.762390200475556,1.029277047030796e-22,2.3555740419190502e-21,,
hsa-miR-27a,hsa-miR-484,miRNA,miRNA,miRNA-miRNA,,0.7387086023213112,,,0.7387086023213112,9.76595289142786e-21,1.5520889416733562e-19,,
hsa-miR-27a,hsa-miR-490-3p,miRNA,miRNA,miRNA-miRNA,,0.7108499055842644,,,0.7108499055842644,1.1440445783412221e-18,1.2727495934046096e-17,,
hsa-miR-27a,hsa-miR-1979,miRNA,miRNA,miRNA-miRNA,,0.7027082699920946,,,0.7027082699920946,4.145720910308753e-18,4.120003038656714e-17,,
hsa-miR-27a,hsa-miR-98,miRNA,miRNA,miRNA-miRNA,,0.6884581760705494,,,0.6884581760705494,3.565541554024467e-17,3.070966435240428e-16,,
hsa-miR-27a,hsa-miR-106b,miRNA,miRNA,miRNA-miRNA,,0.6815073665007415,,,0.6815073665007415,9.745455848595808e-17,7.744156879687739e-16,,
hsa-miR-27a,hsa-miR-128,miRNA,miRNA,miRNA-miRNA,,0.6783556510333824,,,0.6783556510333824,1.5235938125808036e-16,1.166729105045147e-15,,
hsa-miR-27a,hsa-miR-200b,miRNA,miRNA,miRNA-miRNA,,0.6769457716124385,,,0.6769457716124385,1.857401928184998e-16,1.4062182840039542e-15,,
hsa-miR-27a,hsa-miR-141,miRNA,miRNA,miRNA-miRNA,,0.6724034234135278,,,0.6724034234135278,3.4905357954710654e-16,2.5098017703521755e-15,,
hsa-miR-27a,hsa-miR-93,miRNA,miRNA,miRNA-miRNA,,0.6634046686264592,,,0.6634046686264592,1.1793529442760787e-15,7.9690549130366e-15,,
hsa-miR-27a,hsa-miR-29b,miRNA,miRNA,miRNA-miRNA,,0.6612577636655792,,,0.6612577636655792,1.567177493148914e-15,1.0340273245570677e-14,,
hsa-miR-27a,hsa-miR-96,miRNA,miRNA,miRNA-miRNA,,0.6599895712998645,,,0.6599895712998645,1.851751658535877e-15,1.2078608131003564e-14,,
hsa-miR-27a,hsa-miR-429,miRNA,miRNA,miRNA-miRNA,,0.6536476301760841,,,0.6536476301760841,4.214922315136005e-15,2.6376193550187032e-14,,
hsa-miR-27a,hsa-miR-454,miRNA,miRNA,miRNA-miRNA,,0.6513426716614423,,,0.6513426716614423,5.656117315041457e-15,3.463723218156122e-14,,
hsa-miR-27a,hsa-miR-200c,miRNA,miRNA,miRNA-miRNA,,0.6382708124247932,,,0.6382708124247932,2.861305455265883e-14,1.5960345889052732e-13,,
hsa-miR-27a,hsa-miR-101,miRNA,miRNA,miRNA-miRNA,,0.6126984483633925,,,0.6126984483633925,5.505646417922566e-13,2.6281423008080907e-12,,
hsa-miR-27a,hsa-miR-106a+hsa-miR-17,miRNA,miRNA,miRNA-miRNA,,0.6117978115651247,,,0.6117978115651247,6.08050351909534e-13,2.888780141634263e-12,,
hsa-miR-27a,hsa-miR-1274a,miRNA,miRNA,miRNA-miRNA,,0.6116995764274621,,,0.6116995764274621,6.1466110513707e-13,2.916727163594746e-12,,
hsa-miR-27a,hsa-miR-340,miRNA,miRNA,miRNA-miRNA,,0.6062419420851616,,,0.6062419420851616,1.1143306530630322e-12,5.159415335858317e-12,,
hsa-miR-27a,hsa-miR-148a,miRNA,miRNA,miRNA-miRNA,,0.6037250424841557,,,0.6037250424841557,1.4605594002797822e-12,6.599268435198739e-12,,
hsa-miR-27a,hsa-miR-107,miRNA,miRNA,miRNA-miRNA,,0.5960465725258419,,,0.5960465725258419,3.286370040534244e-12,1.4183094840883241e-11,,
hsa-miR-27a,hsa-miR-186,miRNA,miRNA,miRNA-miRNA,,0.5829917582672499,,,0.5829917582672499,1.2432464266450747e-11,5.0294969077914385e-11,,
hsa-miR-27a,hsa-miR-130b,miRNA,miRNA,miRNA-miRNA,,0.5808652044729095,,,0.5808652044729095,1.5355705958458074e-11,6.089069540952929e-11,,
hsa-miR-27a,hsa-miR-151-3p,miRNA,miRNA,miRNA-miRNA,,0.5685269925882178,,,0.5685269925882178,5.076575420814874e-11,1.9054999587969607e-10,,
hsa-miR-27a,hsa-miR-532-5p,miRNA,miRNA,miRNA-miRNA,,0.5391953281711368,,,0.5391953281711368,7.204735551801232e-10,2.3866803875073563e-09,,
hsa-miR-27a,hsa-miR-183,miRNA,miRNA,miRNA-miRNA,,0.536497965622233,,,0.536497965622233,9.07983610570542e-10,2.980716688799197e-09,,
hsa-miR-27a,hsa-miR-660,miRNA,miRNA,miRNA-miRNA,,0.5337420530536835,,,0.5337420530536835,1.1476473487533084e-09,3.736851733135773e-09,,
hsa-miR-27a,hsa-miR-135b,miRNA,miRNA,miRNA-miRNA,,0.5205848286969159,,,0.5205848286969159,3.4127846417987914e-09,1.0661624407491544e-08,,
hsa-miR-27a,hsa-miR-210,miRNA,miRNA,miRNA-miRNA,,0.5058406543277378,,,0.5058406543277378,1.0967178503753387e-08,3.2736781999770044e-08,,
hsa-miR-27a,hsa-miR-455-5p,miRNA,miRNA,miRNA-miRNA,,0.49116134120016264,,,0.49116134120016264,3.323015006452569e-08,9.588382637494623e-08,,
hsa-miR-27a,hsa-miR-509-3p,miRNA,miRNA,miRNA-miRNA,,0.48953922984075543,,,0.48953922984075543,3.7441839265534225e-08,1.0757142486260012e-07,,
hsa-miR-27a,hsa-miR-425,miRNA,miRNA,miRNA-miRNA,,0.4797460207892889,,,0.4797460207892889,7.596248045163276e-08,2.1215462636596178e-07,,
hsa-miR-27a,hsa-miR-497,miRNA,miRNA,miRNA-miRNA,,0.4602255855122589,,,0.4602255855122589,2.918245096421785e-07,7.745242949747679e-07,,
hsa-miR-27a,hsa-miR-32,miRNA,miRNA,miRNA-miRNA,,0.4590473585255669,,,0.4590473585255669,3.1568467610385535e-07,8.356359073337348e-07,,
hsa-miR-27a,hsa-miR-203,miRNA,miRNA,miRNA-miRNA,,0.4580942324495874,,,0.4580942324495874,3.363340591107979e-07,8.87948521251645e-07,,
hsa-miR-27a,hsa-miR-195,miRNA,miRNA,miRNA-miRNA,,0.4549646645598675,,,0.4549646645598675,4.135600983588359e-07,1.0832623897495995e-06,,
hsa-miR-27a,hsa-miR-99a,miRNA,miRNA,miRNA-miRNA,,0.4502968570556066,,,0.4502968570556066,5.607617524804245e-07,1.441496032531515e-06,,
hsa-miR-27a,hsa-miR-1975,miRNA,miRNA,miRNA-miRNA,,0.43429090333566256,,,0.43429090333566256,1.5402471591053215e-06,3.7752080001326886e-06,,
hsa-miR-27a,hsa-miR-145,miRNA,miRNA,miRNA-miRNA,,0.4297406948879024,,,0.4297406948879024,2.0337821242731417e-06,4.909763356066265e-06,,
hsa-miR-27a,hsa-miR-362-3p,miRNA,miRNA,miRNA-miRNA,,0.4126822550659332,,,0.4126822550659332,5.566052680802008e-06,1.2716509404798655e-05,,
hsa-miR-27a,hsa-miR-194,miRNA,miRNA,miRNA-miRNA,,0.410937874152475,,,0.410937874152475,6.150749793535536e-06,1.3988502511703476e-05,,
hsa-miR-27a,hsa-miR-1308,miRNA,miRNA,miRNA-miRNA,,0.40279179609664956,,,0.40279179609664956,9.73474667856812e-06,2.1683904587133103e-05,,
hsa-miR-27a,hsa-miR-125b,miRNA,miRNA,miRNA-miRNA,,0.3872566729105794,,,0.3872566729105794,2.2613835053128433e-05,4.822599008933939e-05,,
hsa-miR-27a,hsa-miR-548g,miRNA,miRNA,miRNA-miRNA,,0.3870414101791901,,,0.3870414101791901,2.2872742749450612e-05,4.872624186784559e-05,,
hsa-miR-27a,hsa-miR-199a-5p,miRNA,miRNA,miRNA-miRNA,,0.38678169408714863,,,0.38678169408714863,2.3188820223976113e-05,4.9268554375079225e-05,,
hsa-miR-27a,hsa-miR-187,miRNA,miRNA,miRNA-miRNA,,0.37752275241512157,,,0.37752275241512157,3.7541685067251054e-05,7.786351563663412e-05,,
hsa-miR-27a,hsa-miR-146a,miRNA,miRNA,miRNA-miRNA,,0.37245987545255027,,,0.37245987545255027,4.856034472784401e-05,9.882326251779231e-05,,
hsa-miR-29b,hsa-miR-374a,miRNA,miRNA,miRNA-miRNA,,0.7823600997328463,,,0.7823600997328463,1.4362364052096729e-24,4.874683731241305e-23,,
hsa-miR-29b,hsa-miR-101,miRNA,miRNA,miRNA-miRNA,,0.7394735758369397,,,0.7394735758369397,8.495941605075361e-21,1.3556273357899134e-19,,
hsa-miR-29b,hsa-miR-186,miRNA,miRNA,miRNA-miRNA,,0.7219650834804557,,,0.7219650834804557,1.833099336216695e-19,2.3306548703326553e-18,,
hsa-miR-29b,hsa-miR-490-3p,miRNA,miRNA,miRNA-miRNA,,0.7009690694959875,,,0.7009690694959875,5.427551820548438e-18,5.354025872240516e-17,,
hsa-miR-29b,hsa-miR-454,miRNA,miRNA,miRNA-miRNA,,0.6988724445415362,,,0.6988724445415362,7.491005096793776e-18,7.2642797609344e-17,,
hsa-miR-29b,hsa-miR-142-5p,miRNA,miRNA,miRNA-miRNA,,0.6911208031749814,,,0.6911208031749814,2.4076946103653353e-17,2.1286571555216706e-16,,
hsa-miR-29b,hsa-miR-374b,miRNA,miRNA,miRNA-miRNA,,0.6880834789772972,,,0.6880834789772972,3.766830567242994e-17,3.2337548881286266e-16,,
hsa-miR-29b,hsa-miR-200a,miRNA,miRNA,miRNA-miRNA,,0.6700428824387052,,,0.6700428824387052,4.823634531586729e-16,3.4011718836276144e-15,,
hsa-miR-29b,hsa-miR-98,miRNA,miRNA,miRNA-miRNA,,0.6536566010143282,,,0.6536566010143282,4.210079520236816e-15,2.6376193550187032e-14,,
hsa-miR-29b,hsa-miR-106b,miRNA,miRNA,miRNA-miRNA,,0.6535250657793995,,,0.6535250657793995,4.281631269816259e-15,2.675184592139488e-14,,
hsa-miR-29b,hsa-miR-484,miRNA,miRNA,miRNA-miRNA,,0.6482509880235736,,,0.6482509880235736,8.358447333967562e-15,5.0038238523976215e-14,,
hsa-miR-29b,hsa-miR-509-3p,miRNA,miRNA,miRNA-miRNA,,0.6379107038625794,,,0.6379107038625794,2.9887112495734716e-14,1.6624706325752437e-13,,
hsa-miR-29b,hsa-miR-96,miRNA,miRNA,miRNA-miRNA,,0.6367551454736293,,,0.6367551454736293,3.435801075022331e-14,1.8772692094767307e-13,,
hsa-miR-29b,hsa-miR-128,miRNA,miRNA,miRNA-miRNA,,0.6349557528421288,,,0.6349557528421288,4.263816202267811e-14,2.2952397701723905e-13,,
hsa-miR-29b,hsa-miR-340,miRNA,miRNA,miRNA-miRNA,,0.6325431757376347,,,0.6325431757376347,5.6828265065740916e-14,2.986839915856855e-13,,
hsa-miR-29b,hsa-miR-1975,miRNA,miRNA,miRNA-miRNA,,0.6306491840755757,,,0.6306491840755757,7.108043789272716e-14,3.687527898450418e-13,,
hsa-miR-29b,hsa-miR-425,miRNA,miRNA,miRNA-miRNA,,0.6135425216564716,,,0.6135425216564716,5.014891189445582e-13,2.3995984723691225e-12,,
hsa-miR-29b,hsa-miR-1979,miRNA,miRNA,miRNA-miRNA,,0.6050530020582549,,,0.6050530020582549,1.266630705892146e-12,5.797549688112051e-12,,
hsa-miR-29b,hsa-miR-141,miRNA,miRNA,miRNA-miRNA,,0.6046946576633555,,,0.6046946576633555,1.3163560633014748e-12,5.9909159471845524e-12,,
hsa-miR-29b,hsa-miR-142-3p,miRNA,miRNA,miRNA-miRNA,,0.6020337198668565,,,0.6020337198668565,1.7494617830942189e-12,7.736431693127256e-12,,
hsa-miR-29b,hsa-miR-106a+hsa-miR-17,miRNA,miRNA,miRNA-miRNA,,0.5908495660012031,,,0.5908495660012031,5.6214702889220495e-12,2.362433211661365e-11,,
hsa-miR-29b,hsa-miR-93,miRNA,miRNA,miRNA-miRNA,,0.5809196021894445,,,0.5809196021894445,1.5273268966171372e-11,6.062382775967924e-11,,
hsa-miR-29b,hsa-miR-362-3p,miRNA,miRNA,miRNA-miRNA,,0.5704140647359499,,,0.5704140647359499,4.2416648398057856e-11,1.6102244249689262e-10,,
hsa-miR-29b,hsa-miR-660,miRNA,miRNA,miRNA-miRNA,,0.5698740444421685,,,0.5698740444421685,4.465990722179256e-11,1.6889794940819565e-10,,
hsa-miR-29b,hsa-miR-429,miRNA,miRNA,miRNA-miRNA,,0.5635464191198367,,,0.5635464191198367,8.112908049212217e-11,2.9754758916753597e-10,,
hsa-miR-29b,hsa-miR-146a,miRNA,miRNA,miRNA-miRNA,,0.5629910195787601,,,0.5629910195787601,8.544213479986134e-11,3.122223995195663e-10,,
hsa-miR-29b,hsa-miR-183,miRNA,miRNA,miRNA-miRNA,,0.5603213302402604,,,0.5603213302402604,1.0945217496267633e-10,3.9598551104382904e-10,,
hsa-miR-29b,hsa-miR-1274a,miRNA,miRNA,miRNA-miRNA,,0.5517081411416895,,,0.5517081411416895,2.3976740702136194e-10,8.379305978364351e-10,,
hsa-miR-29b,hsa-miR-148a,miRNA,miRNA,miRNA-miRNA,,0.5460686325693935,,,0.5460686325693935,3.958961440821744e-10,1.3494162187651986e-09,,
hsa-miR-29b,hsa-miR-32,miRNA,miRNA,miRNA-miRNA,,0.5453242532802096,,,0.5453242532802096,4.2269526537889504e-10,1.4370921373874996e-09,,
hsa-miR-29b,hsa-miR-200b,miRNA,miRNA,miRNA-miRNA,,0.5147993604564798,,,0.5147993604564798,5.431555706770498e-09,1.6686565244313018e-08,,
hsa-miR-29b,hsa-miR-532-5p,miRNA,miRNA,miRNA-miRNA,,0.5106760951849341,,,0.5106760951849341,7.52443356907774e-09,2.2778047198908806e-08,,
hsa-miR-29b,hsa-miR-107,miRNA,miRNA,miRNA-miRNA,,0.5060138832087033,,,0.5060138832087033,1.0821240747118018e-08,3.2342588949408706e-08,,
hsa-miR-29b,hsa-miR-200c,miRNA,miRNA,miRNA-miRNA,,0.5030072963309865,,,0.5030072963309865,1.3639372251581162e-08,4.043352025727798e-08,,
hsa-miR-29b,hsa-miR-203,miRNA,miRNA,miRNA-miRNA,,0.4999730421303951,,,0.4999730421303951,1.7189278718053585e-08,5.0508482219959355e-08,,
hsa-miR-29b,hsa-miR-151-3p,miRNA,miRNA,miRNA-miRNA,,0.48907311994564234,,,0.48907311994564234,3.874353862611871e-08,1.1123144960401823e-07,,
hsa-miR-29b,hsa-miR-497,miRNA,miRNA,miRNA-miRNA,,0.4698902043752858,,,0.4698902043752858,1.514485203628879e-07,4.1346375191095164e-07,,
hsa-miR-29b,hsa-miR-455-5p,miRNA,miRNA,miRNA-miRNA,,0.4609195294535988,,,0.4609195294535988,2.7858588783144057e-07,7.413531433653951e-07,,
hsa-miR-29b,hsa-miR-194,miRNA,miRNA,miRNA-miRNA,,0.44673982785956545,,,0.44673982785956545,7.0508037988201e-07,1.7922066529584635e-06,,
hsa-miR-29b,hsa-miR-130b,miRNA,miRNA,miRNA-miRNA,,0.434368002402093,,,0.434368002402093,1.532956727747966e-06,3.7600602128124887e-06,,
hsa-miR-29b,hsa-miR-421,miRNA,miRNA,miRNA-miRNA,,0.42619974380459524,,,0.42619974380459524,2.5178973016950925e-06,5.995349996010015e-06,,
hsa-miR-29b,hsa-miR-195,miRNA,miRNA,miRNA-miRNA,,0.40451417389384275,,,0.40451417389384275,8.842992378128963e-06,1.9763495800450053e-05,,
hsa-miR-29b,hsa-miR-1308,miRNA,miRNA,miRNA-miRNA,,0.3928943181185235,,,0.3928943181185235,1.673617473301698e-05,3.634944674931291e-05,,
hsa-miR-29b,hsa-miR-150,miRNA,miRNA,miRNA-miRNA,,0.3888469501128354,,,0.3888469501128354,2.0784640928643078e-05,4.453851627566374e-05,,
hsa-miR-29b,hsa-miR-1246,miRNA,miRNA,miRNA-miRNA,,0.38162230185078627,,,0.38162230185078627,3.0384273910311522e-05,6.377831080230484e-05,,
hsa-miR-29b,hsa-miR-1978,miRNA,miRNA,miRNA-miRNA,,0.3778561601340714,,,0.3778561601340714,3.6905268774426225e-05,7.658321318216426e-05,,
hsa-miR-29b,hsa-miR-708,miRNA,miRNA,miRNA-miRNA,,0.37067390116442517,,,0.37067390116442517,5.312135692048796e-05,0.00010739577711587798,,
hsa-miR-32,hsa-miR-101,miRNA,miRNA,miRNA-miRNA,,0.7543642414451522,,,0.7543642414451522,5.10135451032715e-22,1.0015159222480508e-20,,
hsa-miR-32,hsa-miR-362-3p,miRNA,miRNA,miRNA-miRNA,,0.7400129962209078,,,0.7400129962209078,7.698753200468135e-21,1.2432865551562453e-19,,
hsa-miR-32,hsa-miR-194,miRNA,miRNA,miRNA-miRNA,,0.689833530966725,,,0.689833530966725,2.9125365457442203e-17,2.5303056107821266e-16,,
hsa-miR-32,hsa-miR-98,miRNA,miRNA,miRNA-miRNA,,0.6865891609012708,,,0.6865891609012708,4.6853072191367287e-17,3.9671575925248624e-16,,
hsa-miR-32,hsa-miR-454,miRNA,miRNA,miRNA-miRNA,,0.6783976417140616,,,0.6783976417140616,1.514605179783101e-16,1.1620677672473793e-15,,
hsa-miR-32,hsa-miR-106b,miRNA,miRNA,miRNA-miRNA,,0.6724332395435851,,,0.6724332395435851,3.4762372860813795e-16,2.5040162465388352e-15,,
hsa-miR-32,hsa-miR-509-3p,miRNA,miRNA,miRNA-miRNA,,0.6621153428512425,,,0.6621153428512425,1.3993218345561852e-15,9.324931692841133e-15,,
hsa-miR-32,hsa-miR-186,miRNA,miRNA,miRNA-miRNA,,0.6582088733201733,,,0.6582088733201733,2.337465136436693e-15,1.507495631470041e-14,,
hsa-miR-32,hsa-miR-340,miRNA,miRNA,miRNA-miRNA,,0.6529568196044996,,,0.6529568196044996,4.604542721141559e-15,2.863539378598128e-14,,
hsa-miR-32,hsa-miR-141,miRNA,miRNA,miRNA-miRNA,,0.6459129432188144,,,0.6459129432188144,1.119695608884993e-14,6.594677814094701e-14,,
hsa-miR-32,hsa-miR-96,miRNA,miRNA,miRNA-miRNA,,0.6431512684855677,,,0.6431512684855677,1.576419921864394e-14,9.097351278194377e-14,,
hsa-miR-32,hsa-miR-660,miRNA,miRNA,miRNA-miRNA,,0.6390943521966018,,,0.6390943521966018,2.5894200759766663e-14,1.4524688241297687e-13,,
hsa-miR-32,hsa-miR-93,miRNA,miRNA,miRNA-miRNA,,0.6374929932712318,,,0.6374929932712318,3.143394412191865e-14,1.7412579005295185e-13,,
hsa-miR-32,hsa-miR-425,miRNA,miRNA,miRNA-miRNA,,0.6363250681993741,,,0.6363250681993741,3.618230780367316e-14,1.974252626072357e-13,,
hsa-miR-32,hsa-miR-107,miRNA,miRNA,miRNA-miRNA,,0.6356913168145347,,,0.6356913168145347,3.9042786566397725e-14,2.1130589216003092e-13,,
hsa-miR-32,hsa-miR-128,miRNA,miRNA,miRNA-miRNA,,0.627371994646047,,,0.627371994646047,1.0431558402803052e-13,5.322088076844105e-13,,
hsa-miR-32,hsa-miR-374a,miRNA,miRNA,miRNA-miRNA,,0.6271608545152366,,,0.6271608545152366,1.0690928785423615e-13,5.447477071962033e-13,,
hsa-miR-32,hsa-miR-106a+hsa-miR-17,miRNA,miRNA,miRNA-miRNA,,0.6254526414236924,,,0.6254526414236924,1.303205880533717e-13,6.606758925996881e-13,,
hsa-miR-32,hsa-miR-200a,miRNA,miRNA,miRNA-miRNA,,0.6190662587749232,,,0.6190662587749232,2.703404843273334e-13,1.3252308931835621e-12,,
hsa-miR-32,hsa-miR-183,miRNA,miRNA,miRNA-miRNA,,0.6007972687656638,,,0.6007972687656638,1.9948840336844044e-12,8.779681928468175e-12,,
hsa-miR-32,hsa-miR-490-3p,miRNA,miRNA,miRNA-miRNA,,0.593360606007988,,,0.593360606007988,4.342370092863965e-12,1.846198749673055e-11,,
hsa-miR-32,hsa-miR-455-5p,miRNA,miRNA,miRNA-miRNA,,0.5894182162068813,,,0.5894182162068813,6.506266470765409e-12,2.7199997093335556e-11,,
hsa-miR-32,hsa-miR-142-5p,miRNA,miRNA,miRNA-miRNA,,0.580612901238768,,,0.580612901238768,1.5743710436903424e-11,6.236751760613078e-11,,
hsa-miR-32,hsa-miR-429,miRNA,miRNA,miRNA-miRNA,,0.5730215635445246,,,0.5730215635445246,3.3028885969026905e-11,1.2682712205748109e-10,,
hsa-miR-32,hsa-miR-532-5p,miRNA,miRNA,miRNA-miRNA,,0.5640361752697591,,,0.5640361752697591,7.75006222557816e-11,2.8528491924118133e-10,,
hsa-miR-32,hsa-miR-130b,miRNA,miRNA,miRNA-miRNA,,0.5613444670967991,,,0.5613444670967991,9.956777221123776e-11,3.61859281039934e-10,,
hsa-miR-32,hsa-miR-374b,miRNA,miRNA,miRNA-miRNA,,0.5493558700899569,,,0.5493558700899569,2.958859916569076e-10,1.0251067444514836e-09,,
hsa-miR-32,hsa-miR-1978,miRNA,miRNA,miRNA-miRNA,,0.5400537383781135,,,0.5400537383781135,6.690540844813675e-10,2.221858713389616e-09,,
hsa-miR-32,hsa-miR-708,miRNA,miRNA,miRNA-miRNA,,0.526380528047228,,,0.526380528047228,2.123792602394736e-09,6.7452730948381584e-09,,
hsa-miR-32,hsa-miR-484,miRNA,miRNA,miRNA-miRNA,,0.5129404804681258,,,0.5129404804681258,6.29465040091938e-09,1.9185749509651535e-08,,
hsa-miR-32,hsa-miR-148a,miRNA,miRNA,miRNA-miRNA,,0.512274751862864,,,0.512274751862864,6.6346186307281695e-09,2.0160582409762002e-08,,
hsa-miR-32,hsa-miR-200c,miRNA,miRNA,miRNA-miRNA,,0.5024514274415843,,,0.5024514274415843,1.4232208950042008e-08,4.2035395903332033e-08,,
hsa-miR-32,hsa-miR-187,miRNA,miRNA,miRNA-miRNA,,0.4934752904980464,,,0.4934752904980464,2.799864140386363e-08,8.13748612644948e-08,,
hsa-miR-32,hsa-miR-200b,miRNA,miRNA,miRNA-miRNA,,0.4858675908045801,,,0.4858675908045801,4.894121232468389e-08,1.3891534752683132e-07,,
hsa-miR-32,hsa-miR-151-3p,miRNA,miRNA,miRNA-miRNA,,0.4717199724267783,,,0.4717199724267783,1.3345661468125672e-07,3.668453958808738e-07,,
hsa-miR-32,hsa-miR-1274a,miRNA,miRNA,miRNA-miRNA,,0.4668946096828682,,,0.4668946096828682,1.859931514505248e-07,5.036528543335712e-07,,
hsa-miR-32,hsa-miR-2117,miRNA,miRNA,miRNA-miRNA,,0.46022971264346885,,,0.46022971264346885,2.9174403256107706e-07,7.745242949747679e-07,,
hsa-miR-32,hsa-miR-1975,miRNA,miRNA,miRNA-miRNA,,0.4569386219206296,,,0.4569386219206296,3.630966813357558e-07,9.548274515756416e-07,,
hsa-miR-32,hsa-miR-146a,miRNA,miRNA,miRNA-miRNA,,0.44329215673137723,,,0.44329215673137723,8.781565642515048e-07,2.2133524479718545e-06,,
hsa-miR-32,hsa-miR-421,miRNA,miRNA,miRNA-miRNA,,0.436977582844656,,,0.436977582844656,1.304630892064663e-06,3.2313214117000466e-06,,
hsa-miR-32,hsa-miR-934,miRNA,miRNA,miRNA-miRNA,,0.432709340291082,,,0.432709340291082,1.697254884824304e-06,4.144820618122767e-06,,
hsa-miR-32,hsa-miR-1979,miRNA,miRNA,miRNA-miRNA,,0.40304634323868704,,,0.40304634323868704,9.59782197254356e-06,2.139080523096102e-05,,
hsa-miR-32,hsa-miR-142-3p,miRNA,miRNA,miRNA-miRNA,,0.3995293956347796,,,0.3995293956347796,1.1660743190398562e-05,2.5759115541944974e-05,,
hsa-miR-32,hsa-miR-497,miRNA,miRNA,miRNA-miRNA,,0.38549747391580336,,,0.38549747391580336,2.4812891942103874e-05,5.255189435649181e-05,,
hsa-miR-32,hsa-miR-1299,miRNA,miRNA,miRNA-miRNA,,0.38440876332041696,,,0.38440876332041696,2.6272693091199367e-05,5.5467651992753545e-05,,
hsa-miR-32,hsa-miR-1290,miRNA,miRNA,miRNA-miRNA,,0.37508741992156036,,,0.37508741992156036,4.2511561206624636e-05,8.722274725027237e-05,,
hsa-miR-32,hsa-miR-1246,miRNA,miRNA,miRNA-miRNA,,0.3746404088933695,,,0.3746404088933695,4.3488163213087604e-05,8.908956197872933e-05,,
hsa-miR-93,hsa-miR-106b,miRNA,miRNA,miRNA-miRNA,,0.9568102954741685,,,0.9568102954741685,2.196229183955727e-61,2.9319659605808955e-58,,
hsa-miR-93,hsa-miR-128,miRNA,miRNA,miRNA-miRNA,,0.804349015542599,,,0.804349015542599,7.478706404047309e-27,4.218622415240771e-25,,
hsa-miR-93,hsa-miR-96,miRNA,miRNA,miRNA-miRNA,,0.7993791648785858,,,0.7993791648785858,2.5976546950594365e-26,1.2239537710250638e-24,,
hsa-miR-93,hsa-miR-340,miRNA,miRNA,miRNA-miRNA,,0.7880937306750466,,,0.7880937306750466,3.8730213327530615e-25,1.4496682652033657e-23,,
hsa-miR-93,hsa-miR-107,miRNA,miRNA,miRNA-miRNA,,0.7847239588748832,,,0.7847239588748832,8.40759766444574e-25,2.9798609421332025e-23,,
hsa-miR-93,hsa-miR-200a,miRNA,miRNA,miRNA-miRNA,,0.7846205215748685,,,0.7846205215748685,8.608136132954846e-25,3.0241741414459793e-23,,
hsa-miR-93,hsa-miR-106a+hsa-miR-17,miRNA,miRNA,miRNA-miRNA,,0.7798434340772123,,,0.7798434340772123,2.5214274261932934e-24,8.277308886806672e-23,,
hsa-miR-93,hsa-miR-429,miRNA,miRNA,miRNA-miRNA,,0.7757664135951855,,,0.7757664135951855,6.1782122694265266e-24,1.8465477715711374e-22,,
hsa-miR-93,hsa-miR-98,miRNA,miRNA,miRNA-miRNA,,0.7668893079817672,,,0.7668893079817672,4.080713443583672e-23,1.0088430457748523e-21,,
hsa-miR-93,hsa-miR-374a,miRNA,miRNA,miRNA-miRNA,,0.7638063180296009,,,0.7638063180296009,7.709530113140342e-23,1.8378969109004205e-21,,
hsa-miR-93,hsa-miR-151-3p,miRNA,miRNA,miRNA-miRNA,,0.7609988955904297,,,0.7609988955904297,1.364551592761455e-22,3.0361272938942375e-21,,
hsa-miR-93,hsa-miR-200b,miRNA,miRNA,miRNA-miRNA,,0.7491639417577797,,,0.7491639417577797,1.3931734451472285e-21,2.5020895281680045e-20,,
hsa-miR-93,hsa-miR-186,miRNA,miRNA,miRNA-miRNA,,0.7363489422574104,,,0.7363489422574104,1.496309114038628e-20,2.313790734256643e-19,,
hsa-miR-93,hsa-miR-183,miRNA,miRNA,miRNA-miRNA,,0.7318098839069174,,,0.7318098839069174,3.357105619396647e-20,4.889166547521299e-19,,
hsa-miR-93,hsa-miR-1979,miRNA,miRNA,miRNA-miRNA,,0.7283044322558607,,,0.7283044322558607,6.196597802307244e-20,8.61714381883351e-19,,
hsa-miR-93,hsa-miR-374b,miRNA,miRNA,miRNA-miRNA,,0.7270985651288856,,,0.7270985651288856,7.634275894511298e-20,1.0294705372901598e-18,,
hsa-miR-93,hsa-miR-141,miRNA,miRNA,miRNA-miRNA,,0.7254215473846628,,,0.7254215473846628,1.0185624904514758e-19,1.350775753065616e-18,,
hsa-miR-93,hsa-miR-455-5p,miRNA,miRNA,miRNA-miRNA,,0.7125051407173082,,,0.7125051407173082,8.757893008610048e-19,1.0079126867667598e-17,,
hsa-miR-93,hsa-miR-454,miRNA,miRNA,miRNA-miRNA,,0.7058773359899516,,,0.7058773359899516,2.5247376021580083e-18,2.6400976753636617e-17,,
hsa-miR-93,hsa-miR-425,miRNA,miRNA,miRNA-miRNA,,0.7055501729370806,,,0.7055501729370806,2.6581758154351933e-18,2.7580295701600907e-17,,
hsa-miR-93,hsa-miR-101,miRNA,miRNA,miRNA-miRNA,,0.7036873891901048,,,0.7036873891901048,3.5592455010845386e-18,3.572626123269067e-17,,
hsa-miR-93,hsa-miR-484,miRNA,miRNA,miRNA-miRNA,,0.6818522399195591,,,0.6818522399195591,9.27725486073269e-17,7.386760579967082e-16,,
hsa-miR-93,hsa-miR-130b,miRNA,miRNA,miRNA-miRNA,,0.6804292419269942,,,0.6804292419269942,1.1362126305595276e-16,8.922610951746878e-16,,
hsa-miR-93,hsa-miR-200c,miRNA,miRNA,miRNA-miRNA,,0.6733799434283974,,,0.6733799434283974,3.050697398312952e-16,2.2295699051538997e-15,,
hsa-miR-93,hsa-miR-532-5p,miRNA,miRNA,miRNA-miRNA,,0.6438740988445306,,,0.6438740988445306,1.4418880043083395e-14,8.357107752901447e-14,,
hsa-miR-93,hsa-miR-660,miRNA,miRNA,miRNA-miRNA,,0.6426049079133418,,,0.6426049079133418,1.686110019590425e-14,9.660759125121105e-14,,
hsa-miR-93,hsa-miR-362-3p,miRNA,miRNA,miRNA-miRNA,,0.6204086483649832,,,0.6204086483649832,2.322192622121675e-13,1.1496145181208047e-12,,
hsa-miR-93,hsa-miR-1274a,miRNA,miRNA,miRNA-miRNA,,0.611978111839569,,,0.611978111839569,5.960956598819346e-13,2.83871952179209e-12,,
hsa-miR-93,hsa-miR-490-3p,miRNA,miRNA,miRNA-miRNA,,0.584026847503714,,,0.584026847503714,1.1211823473347937e-11,4.567991150636672e-11,,
hsa-miR-93,hsa-miR-148a,miRNA,miRNA,miRNA-miRNA,,0.5703902033152498,,,0.5703902033152498,4.251343112949827e-11,1.6123701863034146e-10,,
hsa-miR-93,hsa-miR-194,miRNA,miRNA,miRNA-miRNA,,0.5257521904549358,,,0.5257521904549358,2.2368285443688794e-09,7.093031132381126e-09,,
hsa-miR-93,hsa-miR-509-3p,miRNA,miRNA,miRNA-miRNA,,0.5225944923396868,,,0.5225944923396868,2.89812499128324e-09,9.117824501248528e-09,,
hsa-miR-93,hsa-miR-1246,miRNA,miRNA,miRNA-miRNA,,0.5170811807396893,,,0.5170811807396893,4.526655237494387e-09,1.3988622088090296e-08,,
hsa-miR-93,hsa-miR-135b,miRNA,miRNA,miRNA-miRNA,,0.4913093727747823,,,0.4913093727747823,3.286922304843105e-08,9.491077022996854e-08,,
hsa-miR-93,hsa-miR-210,miRNA,miRNA,miRNA-miRNA,,0.4789642095578628,,,0.4789642095578628,8.02999766518272e-08,2.2395641120513085e-07,,
hsa-miR-93,hsa-miR-1975,miRNA,miRNA,miRNA-miRNA,,0.44903131463661317,,,0.44903131463661317,6.085470010141256e-07,1.5573359355026024e-06,,
hsa-miR-93,hsa-miR-146a,miRNA,miRNA,miRNA-miRNA,,0.44096833246402023,,,0.44096833246402023,1.0168131699591426e-06,2.549991700492402e-06,,
hsa-miR-93,hsa-miR-187,miRNA,miRNA,miRNA-miRNA,,0.4352275059057012,,,0.4352275059057012,1.4538673785902596e-06,3.583223908463994e-06,,
hsa-miR-93,hsa-miR-497,miRNA,miRNA,miRNA-miRNA,,0.4186839041092416,,,0.4186839041092416,3.930305838766516e-06,9.130437867900173e-06,,
hsa-miR-93,hsa-miR-142-3p,miRNA,miRNA,miRNA-miRNA,,0.3725296167956834,,,0.3725296167956834,4.8389896292554885e-05,9.852645381376833e-05,,
hsa-miR-96,hsa-miR-183,miRNA,miRNA,miRNA-miRNA,,0.912670046311211,,,0.912670046311211,6.064593147912257e-45,2.698743950820954e-42,,
hsa-miR-96,hsa-miR-106b,miRNA,miRNA,miRNA-miRNA,,0.8145702106445168,,,0.8145702106445168,5.144593611586049e-28,3.61475393235125e-26,,
hsa-miR-96,hsa-miR-200a,miRNA,miRNA,miRNA-miRNA,,0.7901212563614763,,,0.7901212563614763,2.412950399802105e-25,9.47437877569356e-24,,
hsa-miR-96,hsa-miR-429,miRNA,miRNA,miRNA-miRNA,,0.7792822789792284,,,0.7792822789792284,2.8556717243112767e-24,9.223359077311825e-23,,
hsa-miR-96,hsa-miR-141,miRNA,miRNA,miRNA-miRNA,,0.7741447344572683,,,0.7741447344572683,8.778374485201892e-24,2.458558728198152e-22,,
hsa-miR-96,hsa-miR-128,miRNA,miRNA,miRNA-miRNA,,0.7724375968052641,,,0.7724375968052641,1.2666082067193697e-23,3.4744971698021067e-22,,
hsa-miR-96,hsa-miR-374a,miRNA,miRNA,miRNA-miRNA,,0.7600913975715069,,,0.7600913975715069,1.638387220524646e-22,3.5856507203285286e-21,,
hsa-miR-96,hsa-miR-340,miRNA,miRNA,miRNA-miRNA,,0.7545395181526963,,,0.7545395181526963,4.9293568839443545e-22,9.725159763643911e-21,,
hsa-miR-96,hsa-miR-425,miRNA,miRNA,miRNA-miRNA,,0.7454098265783957,,,0.7454098265783957,2.8340055323808035e-21,4.892324205683241e-20,,
hsa-miR-96,hsa-miR-200b,miRNA,miRNA,miRNA-miRNA,,0.7318124975277778,,,0.7318124975277778,3.355559791736624e-20,4.889166547521299e-19,,
hsa-miR-96,hsa-miR-98,miRNA,miRNA,miRNA-miRNA,,0.7133363906673946,,,0.7133363906673946,7.652702445176905e-19,8.858113668477892e-18,,
hsa-miR-96,hsa-miR-106a+hsa-miR-17,miRNA,miRNA,miRNA-miRNA,,0.7098435749368215,,,0.7098435749368215,1.3446119451465657e-18,1.467349002809808e-17,,
hsa-miR-96,hsa-miR-107,miRNA,miRNA,miRNA-miRNA,,0.7088417777622278,,,0.7088417777622278,1.5781179296740258e-18,1.698601831367512e-17,,
hsa-miR-96,hsa-miR-101,miRNA,miRNA,miRNA-miRNA,,0.7065928653849297,,,0.7065928653849297,2.2552265390935336e-18,2.3706515194408404e-17,,
hsa-miR-96,hsa-miR-374b,miRNA,miRNA,miRNA-miRNA,,0.6941127618040772,,,0.6941127618040772,1.540929087889403e-17,1.4318842220410811e-16,,
hsa-miR-96,hsa-miR-200c,miRNA,miRNA,miRNA-miRNA,,0.6920798397821195,,,0.6920798397821195,2.0880020424356812e-17,1.891956601799752e-16,,
hsa-miR-96,hsa-miR-484,miRNA,miRNA,miRNA-miRNA,,0.690379480785601,,,0.690379480785601,2.6869671149592105e-17,2.344510521876174e-16,,
hsa-miR-96,hsa-miR-186,miRNA,miRNA,miRNA-miRNA,,0.6569378295843578,,,0.6569378295843578,2.7576426300723925e-15,1.7699292842051172e-14,,
hsa-miR-96,hsa-miR-454,miRNA,miRNA,miRNA-miRNA,,0.645957593378323,,,0.645957593378323,1.1134876712480019e-14,6.56777337753792e-14,,
hsa-miR-96,hsa-miR-362-3p,miRNA,miRNA,miRNA-miRNA,,0.6414638963930598,,,0.6414638963930598,1.9395761422654338e-14,1.1034094388882191e-13,,
hsa-miR-96,hsa-miR-1979,miRNA,miRNA,miRNA-miRNA,,0.640925396047722,,,0.640925396047722,2.071680404802072e-14,1.175223799041402e-13,,
hsa-miR-96,hsa-miR-151-3p,miRNA,miRNA,miRNA-miRNA,,0.6339341157421454,,,0.6339341157421454,4.816878344312703e-14,2.5585673433650365e-13,,
hsa-miR-96,hsa-miR-148a,miRNA,miRNA,miRNA-miRNA,,0.6332786637113385,,,0.6332786637113385,5.207682494995073e-14,2.747927324434159e-13,,
hsa-miR-96,hsa-miR-660,miRNA,miRNA,miRNA-miRNA,,0.6289511816491378,,,0.6289511816491378,8.675916207102598e-14,4.472860878889545e-13,,
hsa-miR-96,hsa-miR-455-5p,miRNA,miRNA,miRNA-miRNA,,0.5888773620226804,,,0.5888773620226804,6.874457703319931e-12,2.8649534965448826e-11,,
hsa-miR-96,hsa-miR-1274a,miRNA,miRNA,miRNA-miRNA,,0.5855412521093204,,,0.5855412521093204,9.632230509536394e-12,3.968835719207125e-11,,
hsa-miR-96,hsa-miR-194,miRNA,miRNA,miRNA-miRNA,,0.5811223688151507,,,0.5811223688151507,1.4969735699038112e-11,5.95370322489053e-11,,
hsa-miR-96,hsa-miR-532-5p,miRNA,miRNA,miRNA-miRNA,,0.5798314816308741,,,0.5798314816308741,1.7006425817332267e-11,6.684076094054536e-11,,
hsa-miR-96,hsa-miR-210,miRNA,miRNA,miRNA-miRNA,,0.5765138579915791,,,0.5765138579915791,2.354422530790195e-11,9.137075809897994e-11,,
hsa-miR-96,hsa-miR-490-3p,miRNA,miRNA,miRNA-miRNA,,0.5672452226905582,,,0.5672452226905582,5.7318399744124585e-11,2.135443636978781e-10,,
hsa-miR-96,hsa-miR-130b,miRNA,miRNA,miRNA-miRNA,,0.5521176390431147,,,0.5521176390431147,2.3110934808106453e-10,8.105016979550467e-10,,
hsa-miR-96,hsa-miR-187,miRNA,miRNA,miRNA-miRNA,,0.514593350076573,,,0.514593350076573,5.521298497835624e-09,1.6944674700254157e-08,,
hsa-miR-96,hsa-miR-509-3p,miRNA,miRNA,miRNA-miRNA,,0.47991926610684743,,,0.47991926610684743,7.503207376598919e-08,2.0970234154416377e-07,,
hsa-miR-96,hsa-miR-135b,miRNA,miRNA,miRNA-miRNA,,0.4695334761389628,,,0.4695334761389628,1.552157757322774e-07,4.234599331115606e-07,,
hsa-miR-96,hsa-miR-203,miRNA,miRNA,miRNA-miRNA,,0.42898767260934506,,,0.42898767260934506,2.128693400681334e-06,5.1265286047677345e-06,,
hsa-miR-96,hsa-miR-1246,miRNA,miRNA,miRNA-miRNA,,0.4275093673898482,,,0.4275093673898482,2.32735455851985e-06,5.574793664397128e-06,,
hsa-miR-96,hsa-miR-1975,miRNA,miRNA,miRNA-miRNA,,0.4227637749382049,,,0.4227637749382049,3.0904733322548546e-06,7.297963263962672e-06,,
hsa-miR-96,hsa-miR-497,miRNA,miRNA,miRNA-miRNA,,0.38110064617007156,,,0.38110064617007156,3.1218113714670294e-05,6.545997142788195e-05,,
hsa-miR-96,hsa-miR-142-3p,miRNA,miRNA,miRNA-miRNA,,0.3685383418750282,,,0.3685383418750282,5.910022995627576e-05,0.00011864482254380172,,
hsa-miR-98,hsa-miR-107,miRNA,miRNA,miRNA-miRNA,,0.7995420896771387,,,0.7995420896771387,2.4951421518917112e-26,1.1896481331340836e-24,,
hsa-miR-98,hsa-miR-128,miRNA,miRNA,miRNA-miRNA,,0.7903341934153231,,,0.7903341934153231,2.295274154194914e-25,9.101557413416466e-24,,
hsa-miR-98,hsa-miR-374a,miRNA,miRNA,miRNA-miRNA,,0.7897748796943362,,,0.7897748796943362,2.617072842183264e-25,1.0176093915479585e-23,,
hsa-miR-98,hsa-miR-106b,miRNA,miRNA,miRNA-miRNA,,0.788346027645283,,,0.788346027645283,3.6525884749252905e-25,1.4065977732765183e-23,,
hsa-miR-98,hsa-miR-429,miRNA,miRNA,miRNA-miRNA,,0.7880197259781495,,,0.7880197259781495,3.9401083083676116e-25,1.4611234976863226e-23,,
hsa-miR-98,hsa-miR-101,miRNA,miRNA,miRNA-miRNA,,0.7805437640111201,,,0.7805437640111201,2.1575143595384305e-24,7.141194223100342e-23,,
hsa-miR-98,hsa-miR-200a,miRNA,miRNA,miRNA-miRNA,,0.7775158782087688,,,0.7775158782087688,4.215567084932217e-24,1.2987189365502712e-22,,
hsa-miR-98,hsa-miR-106a+hsa-miR-17,miRNA,miRNA,miRNA-miRNA,,0.7744066327717448,,,0.7744066327717448,8.295893996471494e-24,2.390291759414988e-22,,
hsa-miR-98,hsa-miR-151-3p,miRNA,miRNA,miRNA-miRNA,,0.7708851093093465,,,0.7708851093093465,1.7629904130382678e-23,4.770795002850178e-22,,
hsa-miR-98,hsa-miR-660,miRNA,miRNA,miRNA-miRNA,,0.7589288872533299,,,0.7589288872533299,2.0684757050181918e-22,4.453895268063365e-21,,
hsa-miR-98,hsa-miR-490-3p,miRNA,miRNA,miRNA-miRNA,,0.7562358501760843,,,0.7562358501760843,3.5317076680627975e-22,7.253584210559746e-21,,
hsa-miR-98,hsa-miR-340,miRNA,miRNA,miRNA-miRNA,,0.7559558616747524,,,0.7559558616747524,3.7322185596636263e-22,7.587581386524276e-21,,
hsa-miR-98,hsa-miR-454,miRNA,miRNA,miRNA-miRNA,,0.7542609013382959,,,0.7542609013382959,5.20549013017863e-22,1.0169750229934347e-20,,
hsa-miR-98,hsa-miR-186,miRNA,miRNA,miRNA-miRNA,,0.7533453528562705,,,0.7533453528562705,6.223363546310913e-22,1.1868843334750098e-20,,
hsa-miR-98,hsa-miR-374b,miRNA,miRNA,miRNA-miRNA,,0.752937049351922,,,0.752937049351922,6.737623257508453e-22,1.272838733317045e-20,,
hsa-miR-98,hsa-miR-130b,miRNA,miRNA,miRNA-miRNA,,0.7340314518429867,,,0.7340314518429867,2.265152648984682e-20,3.3977289734770233e-19,,
hsa-miR-98,hsa-miR-183,miRNA,miRNA,miRNA-miRNA,,0.726947656331267,,,0.726947656331267,7.835629279449204e-20,1.0495550255583299e-18,,
hsa-miR-98,hsa-miR-141,miRNA,miRNA,miRNA-miRNA,,0.7171352493206928,,,0.7171352493206928,4.1059728759475923e-19,4.983157990354579e-18,,
hsa-miR-98,hsa-miR-200b,miRNA,miRNA,miRNA-miRNA,,0.7111829169605468,,,0.7111829169605468,1.0843312469869576e-18,1.2130577218387613e-17,,
hsa-miR-98,hsa-miR-455-5p,miRNA,miRNA,miRNA-miRNA,,0.704964497049269,,,0.704964497049269,2.9143980166318567e-18,2.9852081986216336e-17,,
hsa-miR-98,hsa-miR-484,miRNA,miRNA,miRNA-miRNA,,0.6936609526480088,,,0.6936609526480088,1.6489287093665963e-17,1.5181516048306248e-16,,
hsa-miR-98,hsa-miR-425,miRNA,miRNA,miRNA-miRNA,,0.6858592286958803,,,0.6858592286958803,5.209798191920898e-17,4.3560003671488925e-16,,
hsa-miR-98,hsa-miR-362-3p,miRNA,miRNA,miRNA-miRNA,,0.67786211086336,,,0.67786211086336,1.6332072164771742e-16,1.2482814698456266e-15,,
hsa-miR-98,hsa-miR-509-3p,miRNA,miRNA,miRNA-miRNA,,0.6728744305093805,,,0.6728744305093805,3.271197706381037e-16,2.3780577257724465e-15,,
hsa-miR-98,hsa-miR-532-5p,miRNA,miRNA,miRNA-miRNA,,0.6699863437028497,,,0.6699863437028497,4.860975611917949e-16,3.415474969426559e-15,,
hsa-miR-98,hsa-miR-200c,miRNA,miRNA,miRNA-miRNA,,0.6681485950227081,,,0.6681485950227081,6.239995384255108e-16,4.323733825941472e-15,,
hsa-miR-98,hsa-miR-1979,miRNA,miRNA,miRNA-miRNA,,0.6668290100601457,,,0.6668290100601457,7.457466057680069e-16,5.149508889829083e-15,,
hsa-miR-98,hsa-miR-148a,miRNA,miRNA,miRNA-miRNA,,0.6219657717921658,,,0.6219657717921658,1.9450441792061134e-13,9.737377422150605e-13,,
hsa-miR-98,hsa-miR-194,miRNA,miRNA,miRNA-miRNA,,0.5818903407930656,,,0.5818903407930656,1.3872063385245628e-11,5.56689517614316e-11,,
hsa-miR-98,hsa-miR-1274a,miRNA,miRNA,miRNA-miRNA,,0.5266376485897505,,,0.5266376485897505,2.0791376946132282e-09,6.629734448189474e-09,,
hsa-miR-98,hsa-miR-210,miRNA,miRNA,miRNA-miRNA,,0.5095542508183386,,,0.5095542508183386,8.216025970291751e-09,2.479667220121964e-08,,
hsa-miR-98,hsa-miR-934,miRNA,miRNA,miRNA-miRNA,,0.5026444128925708,,,0.5026444128925708,1.402364525989236e-08,4.151123375156607e-08,,
hsa-miR-98,hsa-miR-142-5p,miRNA,miRNA,miRNA-miRNA,,0.49200525644538623,,,0.49200525644538623,3.122220178978012e-08,9.021999867826074e-08,,
hsa-miR-98,hsa-miR-1975,miRNA,miRNA,miRNA-miRNA,,0.4770843425411676,,,0.4770843425411676,9.17186292305629e-08,2.547386338893235e-07,,
hsa-miR-98,hsa-miR-135b,miRNA,miRNA,miRNA-miRNA,,0.47534489687808595,,,0.47534489687808595,1.0365233739022571e-07,2.868292547648186e-07,,
hsa-miR-98,hsa-miR-421,miRNA,miRNA,miRNA-miRNA,,0.47246887245664737,,,0.47246887245664737,1.2669735631777577e-07,3.4922430285801234e-07,,
hsa-miR-98,hsa-miR-497,miRNA,miRNA,miRNA-miRNA,,0.4673459634621169,,,0.4673459634621169,1.803460198923445e-07,4.890222137229788e-07,,
hsa-miR-98,hsa-miR-146a,miRNA,miRNA,miRNA-miRNA,,0.45083253741918156,,,0.45083253741918156,5.41629218130306e-07,1.3967965348434483e-06,,
hsa-miR-98,hsa-miR-1246,miRNA,miRNA,miRNA-miRNA,,0.44946597287583,,,0.44946597287583,5.917144263206946e-07,1.5171679112768131e-06,,
hsa-miR-98,hsa-miR-187,miRNA,miRNA,miRNA-miRNA,,0.4486980939346991,,,0.4486980939346991,6.217585174990143e-07,1.5901295418796631e-06,,
hsa-miR-98,hsa-miR-708,miRNA,miRNA,miRNA-miRNA,,0.42722392255809705,,,0.42722392255809705,2.367683257249741e-06,5.657858857568743e-06,,
hsa-miR-98,hsa-miR-203,miRNA,miRNA,miRNA-miRNA,,0.4107652779521278,,,0.4107652779521278,6.2116523787949125e-06,1.4118994198112158e-05,,
hsa-miR-98,hsa-miR-548g,miRNA,miRNA,miRNA-miRNA,,0.40843118840436315,,,0.40843118840436315,7.093208027376336e-06,1.5968689235324464e-05,,
hsa-miR-98,hsa-miR-195,miRNA,miRNA,miRNA-miRNA,,0.40352605325206525,,,0.40352605325206525,9.344696828465564e-06,2.0838257682630614e-05,,
hsa-miR-98,hsa-miR-142-3p,miRNA,miRNA,miRNA-miRNA,,0.4017466646671763,,,0.4017466646671763,1.031646440807674e-05,2.2915940074513225e-05,,
hsa-miR-98,hsa-miR-2117,miRNA,miRNA,miRNA-miRNA,,0.37946740462186085,,,0.37946740462186085,3.396956476937776e-05,7.074784550252622e-05,,
hsa-miR-98,hsa-miR-1290,miRNA,miRNA,miRNA-miRNA,,0.37662256123053217,,,0.37662256123053217,3.931169604241105e-05,8.13080251146118e-05,,
hsa-miR-98,hsa-miR-1978,miRNA,miRNA,miRNA-miRNA,,0.37017252086135105,,,0.37017252086135105,5.447198556627465e-05,0.00011001528098483609,,
hsa-miR-99a,hsa-miR-125b,miRNA,miRNA,miRNA-miRNA,,0.7490756332557662,,,0.7490756332557662,1.4168443913679864e-21,2.521983016635016e-20,,
hsa-miR-99a,hsa-miR-199a-5p,miRNA,miRNA,miRNA-miRNA,,0.7299396975353671,,,0.7299396975353671,4.661175214538927e-20,6.619860544052626e-19,,
hsa-miR-99a,hsa-miR-195,miRNA,miRNA,miRNA-miRNA,,0.7045423829820586,,,0.7045423829820586,3.1138122973087386e-18,3.1571691773978477e-17,,
hsa-miR-99a,hsa-miR-145,miRNA,miRNA,miRNA-miRNA,,0.6999213580512594,,,0.6999213580512594,6.377979906050724e-18,6.230197444812964e-17,,
hsa-miR-99a,hsa-miR-497,miRNA,miRNA,miRNA-miRNA,,0.6476085717144003,,,0.6476085717144003,9.059907252569687e-15,5.399542938473451e-14,,
hsa-miR-99a,hsa-miR-127-3p,miRNA,miRNA,miRNA-miRNA,,0.5861685202709523,,,0.5861685202709523,9.042962559899915e-12,3.7337180466390884e-11,,
hsa-miR-99a,hsa-miR-216a,miRNA,miRNA,miRNA-miRNA,,0.5534109853503663,,,0.5534109853503663,2.0569694558564156e-10,7.251903759423366e-10,,
hsa-miR-99a,hsa-miR-148a,miRNA,miRNA,miRNA-miRNA,,0.492593955993854,,,0.492593955993854,2.989079981171041e-08,8.662275922279319e-08,,
hsa-miR-99a,hsa-miR-484,miRNA,miRNA,miRNA-miRNA,,0.4789830315440726,,,0.4789830315440726,8.019282804492702e-08,2.2381343297556286e-07,,
hsa-miR-99a,hsa-miR-490-3p,miRNA,miRNA,miRNA-miRNA,,0.4691423939010097,,,0.4691423939010097,1.5944848386303884e-07,4.3412044722737637e-07,,
hsa-miR-99a,hsa-miR-374b,miRNA,miRNA,miRNA-miRNA,,0.4480561564906658,,,0.4480561564906658,6.479823637452683e-07,1.652974118980764e-06,,
hsa-miR-99a,hsa-miR-154,miRNA,miRNA,miRNA-miRNA,,0.42756337450910575,,,0.42756337450910575,2.3197977827309357e-06,5.560018025037341e-06,,
hsa-miR-99a,hsa-miR-205,miRNA,miRNA,miRNA-miRNA,,0.4265270040165151,,,0.4265270040165151,2.4689445841477494e-06,5.889293067011159e-06,,
hsa-miR-99a,hsa-miR-150,miRNA,miRNA,miRNA-miRNA,,0.4176593002390283,,,0.4176593002390283,4.172841393128943e-06,9.649093406167099e-06,,
hsa-miR-99a,hsa-miR-548g,miRNA,miRNA,miRNA-miRNA,,0.40966375048657944,,,0.40966375048657944,6.613950388566993e-06,1.4973923858796387e-05,,
hsa-miR-99a,hsa-miR-374a,miRNA,miRNA,miRNA-miRNA,,0.39969096735476217,,,0.39969096735476217,1.1557468855773285e-05,2.5545067752412808e-05,,
hsa-miR-99a,hsa-miR-451,miRNA,miRNA,miRNA-miRNA,,0.39142804912200346,,,0.39142804912200346,1.810856567319959e-05,3.916026216045592e-05,,
hsa-miR-99a,hsa-miR-532-5p,miRNA,miRNA,miRNA-miRNA,,0.37589181834884,,,0.37589181834884,4.080565718550575e-05,8.406721040532434e-05,,
hsa-miR-101,hsa-miR-186,miRNA,miRNA,miRNA-miRNA,,0.8325137773578548,,,0.8325137773578548,3.0632663223528936e-30,2.8531120048891486e-28,,
hsa-miR-101,hsa-miR-340,miRNA,miRNA,miRNA-miRNA,,0.8137815423158862,,,0.8137815423158862,6.361816919524769e-28,4.3929442694304657e-26,,
hsa-miR-101,hsa-miR-374a,miRNA,miRNA,miRNA-miRNA,,0.8130823619460704,,,0.8130823619460704,7.673279607801813e-28,5.12191413820771e-26,,
hsa-miR-101,hsa-miR-454,miRNA,miRNA,miRNA-miRNA,,0.805849559095985,,,0.805849559095985,5.0992036352053934e-27,3.0481060535817316e-25,,
hsa-miR-101,hsa-miR-106b,miRNA,miRNA,miRNA-miRNA,,0.7935861705355697,,,0.7935861705355697,1.0618488657723073e-25,4.384231657132053e-24,,
hsa-miR-101,hsa-miR-362-3p,miRNA,miRNA,miRNA-miRNA,,0.7496399150344418,,,0.7496399150344418,1.2720818708765717e-21,2.3052886393034705e-20,,
hsa-miR-101,hsa-miR-660,miRNA,miRNA,miRNA-miRNA,,0.7456334820009805,,,0.7456334820009805,2.7175585091154965e-21,4.7116111813885557e-20,,
hsa-miR-101,hsa-miR-141,miRNA,miRNA,miRNA-miRNA,,0.7435512402736525,,,0.7435512402736525,4.009535971577208e-21,6.690913152569466e-20,,
hsa-miR-101,hsa-miR-200a,miRNA,miRNA,miRNA-miRNA,,0.7371403182618869,,,0.7371403182618869,1.2974633603771415e-20,2.0458034481537213e-19,,
hsa-miR-101,hsa-miR-374b,miRNA,miRNA,miRNA-miRNA,,0.7310443125483382,,,0.7310443125483382,3.84109016331274e-20,5.553633972587554e-19,,
hsa-miR-101,hsa-miR-106a+hsa-miR-17,miRNA,miRNA,miRNA-miRNA,,0.725513695170469,,,0.725513695170469,1.0026079758230269e-19,1.3340348648409379e-18,,
hsa-miR-101,hsa-miR-107,miRNA,miRNA,miRNA-miRNA,,0.7145400733639387,,,0.7145400733639387,6.289455812697055e-19,7.365283780658394e-18,,
hsa-miR-101,hsa-miR-142-5p,miRNA,miRNA,miRNA-miRNA,,0.7117898558199365,,,0.7117898558199365,9.832093582056869e-19,1.125072422746793e-17,,
hsa-miR-101,hsa-miR-490-3p,miRNA,miRNA,miRNA-miRNA,,0.7056098466502034,,,0.7056098466502034,2.63333563344553e-18,2.7393530420647658e-17,,
hsa-miR-101,hsa-miR-429,miRNA,miRNA,miRNA-miRNA,,0.7046257798855333,,,0.7046257798855333,3.0733893711546114e-18,3.1320418400697754e-17,,
hsa-miR-101,hsa-miR-128,miRNA,miRNA,miRNA-miRNA,,0.6962867255247334,,,0.6962867255247334,1.1103679424867628e-17,1.051305817886403e-16,,
hsa-miR-101,hsa-miR-425,miRNA,miRNA,miRNA-miRNA,,0.6944393405700329,,,0.6944393405700329,1.4671820859858204e-17,1.3697119474063429e-16,,
hsa-miR-101,hsa-miR-484,miRNA,miRNA,miRNA-miRNA,,0.6863081988937967,,,0.6863081988937967,4.8808108840866287e-17,4.106648653522468e-16,,
hsa-miR-101,hsa-miR-183,miRNA,miRNA,miRNA-miRNA,,0.6683629630871518,,,0.6683629630871518,6.06138993352693e-16,4.207255924397808e-15,,
hsa-miR-101,hsa-miR-142-3p,miRNA,miRNA,miRNA-miRNA,,0.6627987879735401,,,0.6627987879735401,1.2781802167204685e-15,8.58911370464006e-15,,
hsa-miR-101,hsa-miR-509-3p,miRNA,miRNA,miRNA-miRNA,,0.6494501888274928,,,0.6494501888274928,7.187375413346821e-15,4.3351564051888584e-14,,
hsa-miR-101,hsa-miR-151-3p,miRNA,miRNA,miRNA-miRNA,,0.6492293388800289,,,0.6492293388800289,7.390354353778637e-15,4.450882584493751e-14,,
hsa-miR-101,hsa-miR-194,miRNA,miRNA,miRNA-miRNA,,0.6407462183588523,,,0.6407462183588523,2.1175404891875987e-14,1.1995402629697784e-13,,
hsa-miR-101,hsa-miR-148a,miRNA,miRNA,miRNA-miRNA,,0.6326839267956887,,,0.6326839267956887,5.588759881168919e-14,2.9412593067124207e-13,,
hsa-miR-101,hsa-miR-200b,miRNA,miRNA,miRNA-miRNA,,0.6221971813771022,,,0.6221971813771022,1.8943244146273792e-13,9.507229674915607e-13,,
hsa-miR-101,hsa-miR-130b,miRNA,miRNA,miRNA-miRNA,,0.6215501158759612,,,0.6215501158759612,2.0394694199332188e-13,1.01592972970554e-12,,
hsa-miR-101,hsa-miR-455-5p,miRNA,miRNA,miRNA-miRNA,,0.6049785805078579,,,0.6049785805078579,1.2768058604215703e-12,5.837451450899988e-12,,
hsa-miR-101,hsa-miR-532-5p,miRNA,miRNA,miRNA-miRNA,,0.5934789681957088,,,0.5934789681957088,4.289610055924382e-12,1.8257054488817374e-11,,
hsa-miR-101,hsa-miR-1975,miRNA,miRNA,miRNA-miRNA,,0.5906919612491676,,,0.5906919612491676,5.71288030978567e-12,2.398331828164739e-11,,
hsa-miR-101,hsa-miR-200c,miRNA,miRNA,miRNA-miRNA,,0.5633619698368079,,,0.5633619698368079,8.253762862455681e-11,3.0216014866668196e-10,,
hsa-miR-101,hsa-miR-146a,miRNA,miRNA,miRNA-miRNA,,0.5595682005253825,,,0.5595682005253825,1.1732563642941286e-10,4.23705296573308e-10,,
hsa-miR-101,hsa-miR-1979,miRNA,miRNA,miRNA-miRNA,,0.5534720271400241,,,0.5534720271400241,2.0456664541555677e-10,7.218408941755989e-10,,
hsa-miR-101,hsa-miR-497,miRNA,miRNA,miRNA-miRNA,,0.5207424456581082,,,0.5207424456581082,3.3694398663791715e-09,1.0535326871928693e-08,,
hsa-miR-101,hsa-miR-195,miRNA,miRNA,miRNA-miRNA,,0.47253737049604033,,,0.47253737049604033,1.2609569740212172e-07,3.478052810575052e-07,,
hsa-miR-101,hsa-miR-1274a,miRNA,miRNA,miRNA-miRNA,,0.46769220836217384,,,0.46769220836217384,1.761251605345429e-07,4.782245884344707e-07,,
hsa-miR-101,hsa-miR-203,miRNA,miRNA,miRNA-miRNA,,0.4611489529098748,,,0.4611489529098748,2.743363624053923e-07,7.310160555113747e-07,,
hsa-miR-101,hsa-miR-1978,miRNA,miRNA,miRNA-miRNA,,0.45011188617345105,,,0.45011188617345105,5.675162156362192e-07,1.457923312137946e-06,,
hsa-miR-101,hsa-miR-421,miRNA,miRNA,miRNA-miRNA,,0.43424359557413367,,,0.43424359557413367,1.5447368082030153e-06,3.7838965852312392e-06,,
hsa-miR-101,hsa-miR-187,miRNA,miRNA,miRNA-miRNA,,0.41849331861552885,,,0.41849331861552885,3.97438621952427e-06,9.227488005330261e-06,,
hsa-miR-101,hsa-miR-1246,miRNA,miRNA,miRNA-miRNA,,0.3883937419627211,,,0.3883937419627211,2.129125858253208e-05,4.555100994820565e-05,,
hsa-miR-101,hsa-miR-708,miRNA,miRNA,miRNA-miRNA,,0.3805428488199651,,,0.3805428488199651,3.213342267795201e-05,6.71682452114811e-05,,
hsa-miR-106a+hsa-miR-17,hsa-miR-106b,miRNA,miRNA,miRNA-miRNA,,0.7707959646823515,,,0.7707959646823515,1.7966427154434065e-23,4.8292309230542575e-22,,
hsa-miR-106a+hsa-miR-17,hsa-miR-128,miRNA,miRNA,miRNA-miRNA,,0.7639889807810838,,,0.7639889807810838,7.426349716760088e-23,1.780989857223003e-21,,
hsa-miR-106a+hsa-miR-17,hsa-miR-107,miRNA,miRNA,miRNA-miRNA,,0.7601469650207595,,,0.7601469650207595,1.6201799400009339e-22,3.565286076760297e-21,,
hsa-miR-106a+hsa-miR-17,hsa-miR-454,miRNA,miRNA,miRNA-miRNA,,0.7491354003885992,,,0.7491354003885992,1.4007814103328422e-21,2.504522119813854e-20,,
hsa-miR-106a+hsa-miR-17,hsa-miR-130b,miRNA,miRNA,miRNA-miRNA,,0.7369915825295458,,,0.7369915825295458,1.3327566230722948e-20,2.0932118727076628e-19,,
hsa-miR-106a+hsa-miR-17,hsa-miR-374a,miRNA,miRNA,miRNA-miRNA,,0.7240908475706722,,,0.7240908475706722,1.2784788680848796e-19,1.6517122150580462e-18,,
hsa-miR-106a+hsa-miR-17,hsa-miR-141,miRNA,miRNA,miRNA-miRNA,,0.7168578312154732,,,0.7168578312154732,4.2984489546973906e-19,5.2009933726776585e-18,,
hsa-miR-106a+hsa-miR-17,hsa-miR-200a,miRNA,miRNA,miRNA-miRNA,,0.7102976269073581,,,0.7102976269073581,1.2502035639653149e-18,1.3717987051181057e-17,,
hsa-miR-106a+hsa-miR-17,hsa-miR-455-5p,miRNA,miRNA,miRNA-miRNA,,0.691490911438468,,,0.691490911438468,2.2790454640570626e-17,2.038587191790926e-16,,
hsa-miR-106a+hsa-miR-17,hsa-miR-484,miRNA,miRNA,miRNA-miRNA,,0.691434809812328,,,0.691434809812328,2.2981071099675674e-17,2.0498705958619393e-16,,
hsa-miR-106a+hsa-miR-17,hsa-miR-340,miRNA,miRNA,miRNA-miRNA,,0.6811896538094195,,,0.6811896538094195,1.0197060640368647e-16,8.07099364914554e-16,,
hsa-miR-106a+hsa-miR-17,hsa-miR-429,miRNA,miRNA,miRNA-miRNA,,0.6810665310648742,,,0.6810665310648742,1.0377485709253315e-16,8.197599657901287e-16,,
hsa-miR-106a+hsa-miR-17,hsa-miR-183,miRNA,miRNA,miRNA-miRNA,,0.6768907264783655,,,0.6768907264783655,1.8717822538625725e-16,1.4144316842867176e-15,,
hsa-miR-106a+hsa-miR-17,hsa-miR-186,miRNA,miRNA,miRNA-miRNA,,0.6752846134182084,,,0.6752846134182084,2.3424382575849384e-16,1.7405315810069904e-15,,
hsa-miR-106a+hsa-miR-17,hsa-miR-490-3p,miRNA,miRNA,miRNA-miRNA,,0.6630184000597442,,,0.6630184000597442,1.2414630719187343e-15,8.356402694175682e-15,,
hsa-miR-106a+hsa-miR-17,hsa-miR-425,miRNA,miRNA,miRNA-miRNA,,0.6622620471641616,,,0.6622620471641616,1.3724131176223813e-15,9.19149587972849e-15,,
hsa-miR-106a+hsa-miR-17,hsa-miR-374b,miRNA,miRNA,miRNA-miRNA,,0.6595439680535667,,,0.6595439680535667,1.9631875371656874e-15,1.278466030300582e-14,,
hsa-miR-106a+hsa-miR-17,hsa-miR-660,miRNA,miRNA,miRNA-miRNA,,0.6509240784116607,,,0.6509240784116607,5.964811462776227e-15,3.641626510429693e-14,,
hsa-miR-106a+hsa-miR-17,hsa-miR-200b,miRNA,miRNA,miRNA-miRNA,,0.6460701809215277,,,0.6460701809215277,1.0979819586343008e-14,6.485866879543325e-14,,
hsa-miR-106a+hsa-miR-17,hsa-miR-200c,miRNA,miRNA,miRNA-miRNA,,0.6445762451818627,,,0.6445762451818627,1.3219062027374972e-14,7.717542772541802e-14,,
hsa-miR-106a+hsa-miR-17,hsa-miR-1979,miRNA,miRNA,miRNA-miRNA,,0.641887159648868,,,0.641887159648868,1.8415131486545975e-14,1.0506068604503794e-13,,
hsa-miR-106a+hsa-miR-17,hsa-miR-362-3p,miRNA,miRNA,miRNA-miRNA,,0.6373840565510621,,,0.6373840565510621,3.1849944276759235e-14,1.7589978385479875e-13,,
hsa-miR-106a+hsa-miR-17,hsa-miR-151-3p,miRNA,miRNA,miRNA-miRNA,,0.6352822046202847,,,0.6352822046202847,4.100453781666423e-14,2.2140130413495104e-13,,
hsa-miR-106a+hsa-miR-17,hsa-miR-509-3p,miRNA,miRNA,miRNA-miRNA,,0.6216216989450968,,,0.6216216989450968,2.0228972007128452e-13,1.0089294257602671e-12,,
hsa-miR-106a+hsa-miR-17,hsa-miR-532-5p,miRNA,miRNA,miRNA-miRNA,,0.5847465131105651,,,0.5847465131105651,1.0432265181417159e-11,4.263390005262829e-11,,
hsa-miR-106a+hsa-miR-17,hsa-miR-194,miRNA,miRNA,miRNA-miRNA,,0.5728739023256406,,,0.5728739023256406,3.350207894386018e-11,1.2827516842271514e-10,,
hsa-miR-106a+hsa-miR-17,hsa-miR-210,miRNA,miRNA,miRNA-miRNA,,0.5665616359039467,,,0.5665616359039467,6.113920354985205e-11,2.2735609119513227e-10,,
hsa-miR-106a+hsa-miR-17,hsa-miR-1274a,miRNA,miRNA,miRNA-miRNA,,0.5444148822915847,,,0.5444148822915847,4.5780894191162673e-10,1.548585145571001e-09,,
hsa-miR-106a+hsa-miR-17,hsa-miR-1246,miRNA,miRNA,miRNA-miRNA,,0.5131909793215154,,,0.5131909793215154,6.171107207699444e-09,1.8837869182039842e-08,,
hsa-miR-106a+hsa-miR-17,hsa-miR-421,miRNA,miRNA,miRNA-miRNA,,0.5082960438956643,,,0.5082960438956643,9.064166275824609e-09,2.723329777545203e-08,,
hsa-miR-106a+hsa-miR-17,hsa-miR-142-5p,miRNA,miRNA,miRNA-miRNA,,0.47888560569592115,,,0.47888560569592115,8.074892733489809e-08,2.2505181209204376e-07,,
hsa-miR-106a+hsa-miR-17,hsa-miR-148a,miRNA,miRNA,miRNA-miRNA,,0.4618428963507632,,,0.4618428963507632,2.618553130097312e-07,6.99620099135406e-07,,
hsa-miR-106a+hsa-miR-17,hsa-miR-1975,miRNA,miRNA,miRNA-miRNA,,0.4614826336261383,,,0.4614826336261383,2.682657736023898e-07,7.160437334670221e-07,,
hsa-miR-106a+hsa-miR-17,hsa-miR-146a,miRNA,miRNA,miRNA-miRNA,,0.4507612780930007,,,0.4507612780930007,5.441380606253308e-07,1.4023635346231981e-06,,
hsa-miR-106a+hsa-miR-17,hsa-miR-934,miRNA,miRNA,miRNA-miRNA,,0.4425938558081129,,,0.4425938558081129,9.178123138992273e-07,2.310394919652046e-06,,
hsa-miR-106a+hsa-miR-17,hsa-miR-135b,miRNA,miRNA,miRNA-miRNA,,0.4393039544428717,,,0.4393039544428717,1.1286355703900338e-06,2.8180707352943177e-06,,
hsa-miR-106a+hsa-miR-17,hsa-miR-708,miRNA,miRNA,miRNA-miRNA,,0.42943818931203026,,,0.42943818931203026,2.0714179385424605e-06,4.99459894272279e-06,,
hsa-miR-106a+hsa-miR-17,hsa-miR-548g,miRNA,miRNA,miRNA-miRNA,,0.4224653697036156,,,0.4224653697036156,3.145627334556341e-06,7.415089743907089e-06,,
hsa-miR-106a+hsa-miR-17,hsa-miR-1290,miRNA,miRNA,miRNA-miRNA,,0.4212113380608909,,,0.4212113380608909,3.387751684014831e-06,7.94841563824218e-06,,
hsa-miR-106a+hsa-miR-17,hsa-miR-2117,miRNA,miRNA,miRNA-miRNA,,0.41819855231928893,,,0.41819855231928893,4.0434839449579245e-06,9.382475781898313e-06,,
hsa-miR-106a+hsa-miR-17,hsa-miR-187,miRNA,miRNA,miRNA-miRNA,,0.4053132361032688,,,0.4053132361032688,8.455960102558579e-06,1.8930195757823983e-05,,
hsa-miR-106a+hsa-miR-17,hsa-miR-1978,miRNA,miRNA,miRNA-miRNA,,0.383516581693891,,,0.383516581693891,2.7528637720918212e-05,5.796645324515113e-05,,
hsa-miR-106a+hsa-miR-17,hsa-miR-1299,miRNA,miRNA,miRNA-miRNA,,0.3753181379177883,,,0.3753181379177883,4.2015569198836797e-05,8.633779099093964e-05,,
hsa-miR-106a+hsa-miR-17,hsa-miR-203,miRNA,miRNA,miRNA-miRNA,,0.3731867718949852,,,0.3731867718949852,4.681104774123786e-05,9.550598380216894e-05,,
hsa-miR-106b,hsa-miR-200a,miRNA,miRNA,miRNA-miRNA,,0.8328601574203218,,,0.8328601574203218,2.7584440760941585e-30,2.630373458275501e-28,,
hsa-miR-106b,hsa-miR-374a,miRNA,miRNA,miRNA-miRNA,,0.8175395650543907,,,0.8175395650543907,2.291516261146134e-28,1.668640477434594e-26,,
hsa-miR-106b,hsa-miR-128,miRNA,miRNA,miRNA-miRNA,,0.80587610420242,,,0.80587610420242,5.064621507282121e-27,3.0481060535817316e-25,,
hsa-miR-106b,hsa-miR-141,miRNA,miRNA,miRNA-miRNA,,0.8051006746696691,,,0.8051006746696691,6.175770407023415e-27,3.5846319536418516e-25,,
hsa-miR-106b,hsa-miR-340,miRNA,miRNA,miRNA-miRNA,,0.8043612673423352,,,0.8043612673423352,7.45545744082942e-27,4.218622415240771e-25,,
hsa-miR-106b,hsa-miR-186,miRNA,miRNA,miRNA-miRNA,,0.8021220676107892,,,0.8021220676107892,1.3122962962298125e-26,6.915456140000526e-25,,
hsa-miR-106b,hsa-miR-429,miRNA,miRNA,miRNA-miRNA,,0.7953627474135335,,,0.7953627474135335,6.928333917915756e-26,2.9836534775540437e-24,,
hsa-miR-106b,hsa-miR-200b,miRNA,miRNA,miRNA-miRNA,,0.7788404715447433,,,0.7788404715447433,3.148914785879776e-24,9.930239147597248e-23,,
hsa-miR-106b,hsa-miR-454,miRNA,miRNA,miRNA-miRNA,,0.7707066364975252,,,0.7707066364975252,1.8309930116182982e-23,4.856375504325354e-22,,
hsa-miR-106b,hsa-miR-107,miRNA,miRNA,miRNA-miRNA,,0.7660971512283531,,,0.7660971512283531,4.8098569448353516e-23,1.1818084088383794e-21,,
hsa-miR-106b,hsa-miR-374b,miRNA,miRNA,miRNA-miRNA,,0.759461836619682,,,0.759461836619682,1.8591359842387053e-22,4.0247781712843324e-21,,
hsa-miR-106b,hsa-miR-151-3p,miRNA,miRNA,miRNA-miRNA,,0.7548109004574012,,,0.7548109004574012,4.674155488580028e-22,9.359996365881507e-21,,
hsa-miR-106b,hsa-miR-183,miRNA,miRNA,miRNA-miRNA,,0.7445747511153331,,,0.7445747511153331,3.3133640718373223e-21,5.646818343705735e-20,,
hsa-miR-106b,hsa-miR-1979,miRNA,miRNA,miRNA-miRNA,,0.7432422090482423,,,0.7432422090482423,4.2464359266021884e-21,7.027675985967671e-20,,
hsa-miR-106b,hsa-miR-455-5p,miRNA,miRNA,miRNA-miRNA,,0.7203129534241067,,,0.7203129534241067,2.4199907846756303e-19,3.047818582586761e-18,,
hsa-miR-106b,hsa-miR-484,miRNA,miRNA,miRNA-miRNA,,0.7107204889959671,,,0.7107204889959671,1.1681044145618554e-18,1.2959163934405071e-17,,
hsa-miR-106b,hsa-miR-200c,miRNA,miRNA,miRNA-miRNA,,0.7076930307850249,,,0.7076930307850249,1.894621860556079e-18,2.0127216317048002e-17,,
hsa-miR-106b,hsa-miR-425,miRNA,miRNA,miRNA-miRNA,,0.7003281067630668,,,0.7003281067630668,5.991183031156844e-18,5.881050990142932e-17,,
hsa-miR-106b,hsa-miR-130b,miRNA,miRNA,miRNA-miRNA,,0.6799349141483098,,,0.6799349141483098,1.218786678235221e-16,9.515088979204796e-16,,
hsa-miR-106b,hsa-miR-660,miRNA,miRNA,miRNA-miRNA,,0.6686595548657525,,,0.6686595548657525,5.82244590162233e-16,4.055460145390858e-15,,
hsa-miR-106b,hsa-miR-362-3p,miRNA,miRNA,miRNA-miRNA,,0.6483809752349438,,,0.6483809752349438,8.223067948052746e-15,4.930147774244198e-14,,
hsa-miR-106b,hsa-miR-532-5p,miRNA,miRNA,miRNA-miRNA,,0.6373689609076439,,,0.6373689609076439,3.190800999777824e-14,1.7589978385479875e-13,,
hsa-miR-106b,hsa-miR-490-3p,miRNA,miRNA,miRNA-miRNA,,0.6199537626387345,,,0.6199537626387345,2.4451350137700933e-13,1.203042472991305e-12,,
hsa-miR-106b,hsa-miR-148a,miRNA,miRNA,miRNA-miRNA,,0.6064236603916446,,,0.6064236603916446,1.0926731841864496e-12,5.070864545384393e-12,,
hsa-miR-106b,hsa-miR-1274a,miRNA,miRNA,miRNA-miRNA,,0.6054243975683841,,,0.6054243975683841,1.2170138014474647e-12,5.59602787003111e-12,,
hsa-miR-106b,hsa-miR-194,miRNA,miRNA,miRNA-miRNA,,0.5524093915945769,,,0.5524093915945769,2.2512534723043237e-10,7.915952727461647e-10,,
hsa-miR-106b,hsa-miR-509-3p,miRNA,miRNA,miRNA-miRNA,,0.5449312569859104,,,0.5449312569859104,4.3753974214380534e-10,1.4837821060846234e-09,,
hsa-miR-106b,hsa-miR-1975,miRNA,miRNA,miRNA-miRNA,,0.5313048657576167,,,0.5313048657576167,1.4093374383205498e-09,4.551932613285325e-09,,
hsa-miR-106b,hsa-miR-135b,miRNA,miRNA,miRNA-miRNA,,0.5142578672219735,,,0.5142578672219735,5.670494703502705e-09,1.737592294378602e-08,,
hsa-miR-106b,hsa-miR-146a,miRNA,miRNA,miRNA-miRNA,,0.506372432109584,,,0.506372432109584,1.0525069623936467e-08,3.1480884125366354e-08,,
hsa-miR-106b,hsa-miR-1246,miRNA,miRNA,miRNA-miRNA,,0.4955468093052874,,,0.4955468093052874,2.3992027468551948e-08,6.993309316706736e-08,,
hsa-miR-106b,hsa-miR-142-3p,miRNA,miRNA,miRNA-miRNA,,0.48345170604434967,,,0.48345170604434967,5.8273243758213803e-08,1.6470313426368826e-07,,
hsa-miR-106b,hsa-miR-210,miRNA,miRNA,miRNA-miRNA,,0.4571314282486266,,,0.4571314282486266,3.584949027113493e-07,9.43345653980916e-07,,
hsa-miR-106b,hsa-miR-142-5p,miRNA,miRNA,miRNA-miRNA,,0.432736099923191,,,0.432736099923191,1.6944765190612137e-06,4.140560377571788e-06,,
hsa-miR-106b,hsa-miR-497,miRNA,miRNA,miRNA-miRNA,,0.4222752043089579,,,0.4222752043089579,3.181259855472388e-06,7.48270162810066e-06,,
hsa-miR-106b,hsa-miR-187,miRNA,miRNA,miRNA-miRNA,,0.40078103457477854,,,0.40078103457477854,1.0882894434377805e-05,2.4120637636791982e-05,,
hsa-miR-106b,hsa-miR-1978,miRNA,miRNA,miRNA-miRNA,,0.3959405431726587,,,0.3959405431726587,1.4191413133751266e-05,3.1041294156566804e-05,,
hsa-miR-106b,hsa-miR-934,miRNA,miRNA,miRNA-miRNA,,0.37642905789378533,,,0.37642905789378533,3.970223829455485e-05,8.196261049984133e-05,,
hsa-miR-107,hsa-miR-128,miRNA,miRNA,miRNA-miRNA,,0.7352918085956933,,,0.7352918085956933,1.808830018050033e-20,2.744077356928175e-19,,
hsa-miR-107,hsa-miR-429,miRNA,miRNA,miRNA-miRNA,,0.7227493128588532,,,0.7227493128588532,1.6055447135728055e-19,2.060963646749707e-18,,
hsa-miR-107,hsa-miR-374a,miRNA,miRNA,miRNA-miRNA,,0.7195842501823919,,,0.7195842501823919,2.7336604038171555e-19,3.400096247604878e-18,,
hsa-miR-107,hsa-miR-186,miRNA,miRNA,miRNA-miRNA,,0.7136853238071716,,,0.7136853238071716,7.230375794062881e-19,8.393523204412126e-18,,
hsa-miR-107,hsa-miR-340,miRNA,miRNA,miRNA-miRNA,,0.7096546836775371,,,0.7096546836775371,1.3858998951053698e-18,1.504208422736316e-17,,
hsa-miR-107,hsa-miR-151-3p,miRNA,miRNA,miRNA-miRNA,,0.7088498949301432,,,0.7088498949301432,1.5760760085117891e-18,1.698601831367512e-17,,
hsa-miR-107,hsa-miR-455-5p,miRNA,miRNA,miRNA-miRNA,,0.7061440455418073,,,0.7061440455418073,2.420801707922032e-18,2.538039486970612e-17,,
hsa-miR-107,hsa-miR-660,miRNA,miRNA,miRNA-miRNA,,0.7028193814481927,,,0.7028193814481927,4.074706988781997e-18,4.0595028582268405e-17,,
hsa-miR-107,hsa-miR-425,miRNA,miRNA,miRNA-miRNA,,0.6972395246634973,,,0.6972395246634973,9.609342243017054e-18,9.273594140550193e-17,,
hsa-miR-107,hsa-miR-374b,miRNA,miRNA,miRNA-miRNA,,0.6891894213538176,,,0.6891894213538176,3.202403019491366e-17,2.770113195045987e-16,,
hsa-miR-107,hsa-miR-183,miRNA,miRNA,miRNA-miRNA,,0.68188466480688,,,0.68188466480688,9.234376831431974e-17,7.36958617044863e-16,,
hsa-miR-107,hsa-miR-200a,miRNA,miRNA,miRNA-miRNA,,0.6804910446806001,,,0.6804910446806001,1.1262795309043487e-16,8.861983342380974e-16,,
hsa-miR-107,hsa-miR-454,miRNA,miRNA,miRNA-miRNA,,0.6767041512267955,,,0.6767041512267955,1.9213338727280104e-16,1.4491416497694314e-15,,
hsa-miR-107,hsa-miR-130b,miRNA,miRNA,miRNA-miRNA,,0.6623936176723073,,,0.6623936176723073,1.3487082332909012e-15,9.04786679117263e-15,,
hsa-miR-107,hsa-miR-484,miRNA,miRNA,miRNA-miRNA,,0.6621353946103827,,,0.6621353946103827,1.3956139065341728e-15,9.315722826115603e-15,,
hsa-miR-107,hsa-miR-141,miRNA,miRNA,miRNA-miRNA,,0.6550433447289543,,,0.6550433447289543,3.522961357056614e-15,2.2360475808259492e-14,,
hsa-miR-107,hsa-miR-1979,miRNA,miRNA,miRNA-miRNA,,0.6532290981023491,,,0.6532290981023491,4.446972876229248e-15,2.7741629858719843e-14,,
hsa-miR-107,hsa-miR-200b,miRNA,miRNA,miRNA-miRNA,,0.6339719273934992,,,0.6339719273934992,4.795223115793637e-14,2.5504473544161375e-13,,
hsa-miR-107,hsa-miR-200c,miRNA,miRNA,miRNA-miRNA,,0.6212742972427132,,,0.6212742972427132,2.1045626329312187e-13,1.045753516735674e-12,,
hsa-miR-107,hsa-miR-532-5p,miRNA,miRNA,miRNA-miRNA,,0.6046738196306112,,,0.6046738196306112,1.3193050159753102e-12,5.997521667401949e-12,,
hsa-miR-107,hsa-miR-362-3p,miRNA,miRNA,miRNA-miRNA,,0.6028381329158978,,,0.6028381329158978,1.6057613692156752e-12,7.137707307112963e-12,,
hsa-miR-107,hsa-miR-490-3p,miRNA,miRNA,miRNA-miRNA,,0.5996959497743368,,,0.5996959497743368,2.2412709119493464e-12,9.76745375664541e-12,,
hsa-miR-107,hsa-miR-509-3p,miRNA,miRNA,miRNA-miRNA,,0.5817175813821402,,,0.5817175813821402,1.4111999259613499e-11,5.6391238477761565e-11,,
hsa-miR-107,hsa-miR-194,miRNA,miRNA,miRNA-miRNA,,0.5723281793109519,,,0.5723281793109519,3.530831900215587e-11,1.3480440191004218e-10,,
hsa-miR-107,hsa-miR-148a,miRNA,miRNA,miRNA-miRNA,,0.5485505301094996,,,0.5485505301094996,3.178570017038226e-10,1.0964834554899307e-09,,
hsa-miR-107,hsa-miR-1274a,miRNA,miRNA,miRNA-miRNA,,0.5143836016034271,,,0.5143836016034271,5.6141304050068325e-09,1.721637999391452e-08,,
hsa-miR-107,hsa-miR-135b,miRNA,miRNA,miRNA-miRNA,,0.46006408303115287,,,0.46006408303115287,2.949903842370043e-07,7.824082707743061e-07,,
hsa-miR-107,hsa-miR-210,miRNA,miRNA,miRNA-miRNA,,0.4380794908492973,,,0.4380794908492973,1.218250414437519e-06,3.034261759839716e-06,,
hsa-miR-107,hsa-miR-187,miRNA,miRNA,miRNA-miRNA,,0.42440530144249206,,,0.42440530144249206,2.8030675098920994e-06,6.638844102376025e-06,,
hsa-miR-107,hsa-miR-934,miRNA,miRNA,miRNA-miRNA,,0.42230522053028624,,,0.42230522053028624,3.175610256849157e-06,7.4769659486660045e-06,,
hsa-miR-107,hsa-miR-1975,miRNA,miRNA,miRNA-miRNA,,0.4222724274585667,,,0.4222724274585667,3.181782989427072e-06,7.48270162810066e-06,,
hsa-miR-107,hsa-miR-497,miRNA,miRNA,miRNA-miRNA,,0.4176386310920888,,,0.4176386310920888,4.17787657114001e-06,9.655161954654208e-06,,
hsa-miR-107,hsa-miR-146a,miRNA,miRNA,miRNA-miRNA,,0.39047319682292575,,,0.39047319682292575,1.9058400928608184e-05,4.1125482607260656e-05,,
hsa-miR-107,hsa-miR-142-5p,miRNA,miRNA,miRNA-miRNA,,0.3882642253495692,,,0.3882642253495692,2.143815477842315e-05,4.58407954551974e-05,,
hsa-miR-107,hsa-miR-195,miRNA,miRNA,miRNA-miRNA,,0.37077186660116057,,,0.37077186660116057,5.286113794320081e-05,0.00010697769452375909,,
hsa-miR-107,ESR1,miRNA,mRNA,miRNA-mRNA,validated,-0.1243009844764105,,,-0.1243009844764105,,,80.0756635576,Normal_vs_Metastatic
hsa-miR-125b,hsa-miR-145,miRNA,miRNA,miRNA-miRNA,,0.6795100906169182,,,0.6795100906169182,1.2943878149350153e-16,1.002712417565713e-15,,
hsa-miR-125b,hsa-miR-199a-5p,miRNA,miRNA,miRNA-miRNA,,0.6584819177361306,,,0.6584819177361306,2.2556805848063984e-15,1.4594508468739298e-14,,
hsa-miR-125b,hsa-miR-216a,miRNA,miRNA,miRNA-miRNA,,0.5695871327469294,,,0.5695871327469294,4.5897873036125424e-11,1.7325257446718408e-10,,
hsa-miR-125b,hsa-miR-195,miRNA,miRNA,miRNA-miRNA,,0.5605047378850547,,,0.5605047378850547,1.0761333473105558e-10,3.896848151879545e-10,,
hsa-miR-125b,hsa-miR-497,miRNA,miRNA,miRNA-miRNA,,0.5511568655313465,,,0.5511568655313465,2.519177646659456e-10,8.76568764106961e-10,,
hsa-miR-125b,hsa-miR-127-3p,miRNA,miRNA,miRNA-miRNA,,0.44533151424736894,,,0.44533151424736894,7.71448826342925e-07,1.9554762971540597e-06,,
hsa-miR-125b,hsa-miR-148a,miRNA,miRNA,miRNA-miRNA,,0.4126007754451041,,,0.4126007754451041,5.592152759244763e-06,1.276885507455831e-05,,
hsa-miR-125b,hsa-miR-150,miRNA,miRNA,miRNA-miRNA,,0.39650633991595347,,,0.39650633991595347,1.3760790393328121e-05,3.021489338008724e-05,,
hsa-miR-125b,hsa-miR-374b,miRNA,miRNA,miRNA-miRNA,,0.3887367316847077,,,0.3887367316847077,2.0906795989804573e-05,4.477631975356541e-05,,
hsa-miR-125b,hsa-miR-1305,miRNA,miRNA,miRNA-miRNA,,-0.3806513040045347,,,-0.3806513040045347,3.1953508610944455e-05,6.682705064586556e-05,,
hsa-miR-125b,hsa-miR-205,miRNA,miRNA,miRNA-miRNA,,0.3782370577621458,,,0.3782370577621458,3.6190570860185814e-05,7.521704011159533e-05,,
hsa-miR-127-3p,hsa-miR-199a-5p,miRNA,miRNA,miRNA-miRNA,,0.7483576736475335,,,0.7483576736475335,1.6244163818276706e-21,2.8786670837255844e-20,,
hsa-miR-127-3p,hsa-miR-154,miRNA,miRNA,miRNA-miRNA,,0.717457643585837,,,0.717457643585837,3.892825712429652e-19,4.7678186477922805e-18,,
hsa-miR-127-3p,hsa-miR-216a,miRNA,miRNA,miRNA-miRNA,,0.5801612592314961,,,0.5801612592314961,1.646203658927521e-11,6.502017410261067e-11,,
hsa-miR-127-3p,hsa-miR-195,miRNA,miRNA,miRNA-miRNA,,0.5242434773726432,,,0.5242434773726432,2.53232937443705e-09,8.004719135454133e-09,,
hsa-miR-127-3p,hsa-miR-145,miRNA,miRNA,miRNA-miRNA,,0.45385396168204684,,,0.45385396168204684,4.448190617498791e-07,1.1605865422203686e-06,,
hsa-miR-127-3p,hsa-miR-497,miRNA,miRNA,miRNA-miRNA,,0.40913154773869254,,,0.40913154773869254,6.817012661392317e-06,1.5390155416502947e-05,,
hsa-miR-127-3p,hsa-miR-490-3p,miRNA,miRNA,miRNA-miRNA,,0.3894708157773707,,,0.3894708157773707,2.0105748672752826e-05,4.319503195438552e-05,,
hsa-miR-128,hsa-miR-484,miRNA,miRNA,miRNA-miRNA,,0.8003156485505797,,,0.8003156485505797,2.0599270941454517e-26,1.0443048116522194e-24,,
hsa-miR-128,hsa-miR-200a,miRNA,miRNA,miRNA-miRNA,,0.7824624113937583,,,0.7824624113937583,1.4035268873300434e-24,4.804380498937456e-23,,
hsa-miR-128,hsa-miR-374a,miRNA,miRNA,miRNA-miRNA,,0.7811866187950758,,,0.7811866187950758,1.868948516794067e-24,6.237615674800198e-23,,
hsa-miR-128,hsa-miR-374b,miRNA,miRNA,miRNA-miRNA,,0.7536962208748996,,,0.7536962208748996,5.812197765376265e-22,1.1245339154749732e-20,,
hsa-miR-128,hsa-miR-340,miRNA,miRNA,miRNA-miRNA,,0.7522256770552735,,,0.7522256770552735,7.73432992324932e-22,1.447476230963249e-20,,
hsa-miR-128,hsa-miR-186,miRNA,miRNA,miRNA-miRNA,,0.7471962732421883,,,0.7471962732421883,2.0245212116668297e-21,3.5521887915658624e-20,,
hsa-miR-128,hsa-miR-660,miRNA,miRNA,miRNA-miRNA,,0.7439817350206571,,,0.7439817350206571,3.700882740969539e-21,6.201688442503349e-20,,
hsa-miR-128,hsa-miR-490-3p,miRNA,miRNA,miRNA-miRNA,,0.7358013355806546,,,0.7358013355806546,1.650982235028449e-20,2.523734294385091e-19,,
hsa-miR-128,hsa-miR-454,miRNA,miRNA,miRNA-miRNA,,0.7271586935668668,,,0.7271586935668668,7.5554607135874e-20,1.0222844647945114e-18,,
hsa-miR-128,hsa-miR-183,miRNA,miRNA,miRNA-miRNA,,0.7236063464379,,,0.7236063464379,1.3883185217998677e-19,1.787850700903045e-18,,
hsa-miR-128,hsa-miR-151-3p,miRNA,miRNA,miRNA-miRNA,,0.7140955831881375,,,0.7140955831881375,6.762806128604666e-19,7.8735577165877e-18,,
hsa-miR-128,hsa-miR-425,miRNA,miRNA,miRNA-miRNA,,0.7114702717532496,,,0.7114702717532496,1.0352528948693209e-18,1.1646595067279859e-17,,
hsa-miR-128,hsa-miR-532-5p,miRNA,miRNA,miRNA-miRNA,,0.7100349301819554,,,0.7100349301819554,1.3040073616948617e-18,1.4269260884120004e-17,,
hsa-miR-128,hsa-miR-141,miRNA,miRNA,miRNA-miRNA,,0.7058314256596093,,,0.7058314256596093,2.543061642194639e-18,2.6523338221326897e-17,,
hsa-miR-128,hsa-miR-429,miRNA,miRNA,miRNA-miRNA,,0.6904334519148945,,,0.6904334519148945,2.6656140149431928e-17,2.3309572335911544e-16,,
hsa-miR-128,hsa-miR-200b,miRNA,miRNA,miRNA-miRNA,,0.6838928946176277,,,0.6838928946176277,6.92301777092207e-17,5.704172222901576e-16,,
hsa-miR-128,hsa-miR-362-3p,miRNA,miRNA,miRNA-miRNA,,0.6802022687473056,,,0.6802022687473056,1.1734283516594747e-16,9.186425813872032e-16,,
hsa-miR-128,hsa-miR-130b,miRNA,miRNA,miRNA-miRNA,,0.6789513084429829,,,0.6789513084429829,1.400800145044941e-16,1.0809642737774547e-15,,
hsa-miR-128,hsa-miR-509-3p,miRNA,miRNA,miRNA-miRNA,,0.6775553964979866,,,0.6775553964979866,1.7051496740849105e-16,1.298312632074157e-15,,
hsa-miR-128,hsa-miR-1979,miRNA,miRNA,miRNA-miRNA,,0.6770119426357863,,,0.6770119426357863,1.8402571076364444e-16,1.3958768401674167e-15,,
hsa-miR-128,hsa-miR-455-5p,miRNA,miRNA,miRNA-miRNA,,0.6565934865376966,,,0.6565934865376966,2.8835559833910123e-15,1.8448309446455278e-14,,
hsa-miR-128,hsa-miR-200c,miRNA,miRNA,miRNA-miRNA,,0.6263644457157731,,,0.6263644457157731,1.1726682101945033e-13,5.960071296737292e-13,,
hsa-miR-128,hsa-miR-148a,miRNA,miRNA,miRNA-miRNA,,0.6077096054337884,,,0.6077096054337884,9.50639804197999e-13,4.437427058057093e-12,,
hsa-miR-128,hsa-miR-1274a,miRNA,miRNA,miRNA-miRNA,,0.5864157941239702,,,0.5864157941239702,8.820373159782205e-12,3.6531121514920096e-11,,
hsa-miR-128,hsa-miR-194,miRNA,miRNA,miRNA-miRNA,,0.5722584046212563,,,0.5722584046212563,3.554592726123514e-11,1.355823225535683e-10,,
hsa-miR-128,hsa-miR-1975,miRNA,miRNA,miRNA-miRNA,,0.5404582714343626,,,0.5404582714343626,6.460642268121914e-10,2.149075771082082e-09,,
hsa-miR-128,hsa-miR-497,miRNA,miRNA,miRNA-miRNA,,0.5132559220898996,,,0.5132559220898996,6.139459855787103e-09,1.875555814067685e-08,,
hsa-miR-128,hsa-miR-187,miRNA,miRNA,miRNA-miRNA,,0.5115859818144425,,,0.5115859818144425,7.004859670435937e-09,2.126949429878387e-08,,
hsa-miR-128,hsa-miR-210,miRNA,miRNA,miRNA-miRNA,,0.47533798865520394,,,0.47533798865520394,1.0370256202233642e-07,2.868292547648186e-07,,
hsa-miR-128,hsa-miR-195,miRNA,miRNA,miRNA-miRNA,,0.46029874665078285,,,0.46029874665078285,2.90401032067992e-07,7.717691661793683e-07,,
hsa-miR-128,hsa-miR-146a,miRNA,miRNA,miRNA-miRNA,,0.4585529123628013,,,0.4585529123628013,3.262412645752293e-07,8.624397786295666e-07,,
hsa-miR-128,hsa-miR-142-5p,miRNA,miRNA,miRNA-miRNA,,0.44059300489737424,,,0.44059300489737424,1.0410711755822e-06,2.6091927773508833e-06,,
hsa-miR-128,hsa-miR-548g,miRNA,miRNA,miRNA-miRNA,,0.4213987468441014,,,0.4213987468441014,3.3504797909924203e-06,7.870188599955803e-06,,
hsa-miR-128,hsa-miR-421,miRNA,miRNA,miRNA-miRNA,,0.4147931890646361,,,0.4147931890646361,4.928618650597991e-06,1.1311815298363871e-05,,
hsa-miR-128,hsa-miR-135b,miRNA,miRNA,miRNA-miRNA,,0.4102278711249731,,,0.4102278711249731,6.40494793642312e-06,1.4533607073866625e-05,,
hsa-miR-128,hsa-miR-1246,miRNA,miRNA,miRNA-miRNA,,0.3844996732483157,,,0.3844996732483157,2.614777990013683e-05,5.5233047732092826e-05,,
hsa-miR-130b,hsa-miR-340,miRNA,miRNA,miRNA-miRNA,,0.7081693740494961,,,0.7081693740494961,1.756514863166758e-18,1.8759578738620975e-17,,
hsa-miR-130b,hsa-miR-151-3p,miRNA,miRNA,miRNA-miRNA,,0.7038707719317424,,,0.7038707719317424,3.458766237104941e-18,3.480492155679721e-17,,
hsa-miR-130b,hsa-miR-454,miRNA,miRNA,miRNA-miRNA,,0.6870515832598034,,,0.6870515832598034,4.380001228445874e-17,3.7243959490288163e-16,,
hsa-miR-130b,hsa-miR-374a,miRNA,miRNA,miRNA-miRNA,,0.6530241810217674,,,0.6530241810217674,4.56506294282539e-15,2.8434023461921757e-14,,
hsa-miR-130b,hsa-miR-660,miRNA,miRNA,miRNA-miRNA,,0.6520464898973931,,,0.6520464898973931,5.171699561444875e-15,3.186562575936419e-14,,
hsa-miR-130b,hsa-miR-374b,miRNA,miRNA,miRNA-miRNA,,0.6481944837059275,,,0.6481944837059275,8.417967724234175e-15,5.031934438142966e-14,,
hsa-miR-130b,hsa-miR-200a,miRNA,miRNA,miRNA-miRNA,,0.6360793938752105,,,0.6360793938752105,3.726619651125182e-14,2.0278684378745048e-13,,
hsa-miR-130b,hsa-miR-362-3p,miRNA,miRNA,miRNA-miRNA,,0.6333024597017859,,,0.6333024597017859,5.1929715934938015e-14,2.743779845902728e-13,,
hsa-miR-130b,hsa-miR-429,miRNA,miRNA,miRNA-miRNA,,0.6262953716103563,,,0.6262953716103563,1.1820963397357456e-13,6.00037495645331e-13,,
hsa-miR-130b,hsa-miR-532-5p,miRNA,miRNA,miRNA-miRNA,,0.6167541909387052,,,0.6167541909387052,3.5064953408923233e-13,1.7063807825363007e-12,,
hsa-miR-130b,hsa-miR-490-3p,miRNA,miRNA,miRNA-miRNA,,0.615673808681815,,,0.615673808681815,3.956778652876278e-13,1.9138766310108085e-12,,
hsa-miR-130b,hsa-miR-186,miRNA,miRNA,miRNA-miRNA,,0.6097273805811245,,,0.6097273805811245,7.630895362786447e-13,3.5997333248480237e-12,,
hsa-miR-130b,hsa-miR-200b,miRNA,miRNA,miRNA-miRNA,,0.5721119038475663,,,0.5721119038475663,3.604984727031429e-11,1.3737358545919004e-10,,
hsa-miR-130b,hsa-miR-141,miRNA,miRNA,miRNA-miRNA,,0.5605157986064144,,,0.5605157986064144,1.0750339765171699e-10,3.8963901139830457e-10,,
hsa-miR-130b,hsa-miR-183,miRNA,miRNA,miRNA-miRNA,,0.5487183659208433,,,0.5487183659208433,3.131523667980262e-10,1.0811855422638749e-09,,
hsa-miR-130b,hsa-miR-425,miRNA,miRNA,miRNA-miRNA,,0.5376879137354774,,,0.5376879137354774,8.201042067663288e-10,2.705533235666513e-09,,
hsa-miR-130b,hsa-miR-484,miRNA,miRNA,miRNA-miRNA,,0.5353340305524226,,,0.5353340305524226,1.0026621155668292e-09,3.2780912431388985e-09,,
hsa-miR-130b,hsa-miR-455-5p,miRNA,miRNA,miRNA-miRNA,,0.535216763321076,,,0.535216763321076,1.0127110095383688e-09,3.3082443663957317e-09,,
hsa-miR-130b,hsa-miR-1979,miRNA,miRNA,miRNA-miRNA,,0.5290909702913393,,,0.5290909702913393,1.6960443828121568e-09,5.434126202530151e-09,,
hsa-miR-130b,hsa-miR-200c,miRNA,miRNA,miRNA-miRNA,,0.5207426862701384,,,0.5207426862701384,3.369374103730245e-09,1.0535326871928693e-08,,
hsa-miR-130b,hsa-miR-210,miRNA,miRNA,miRNA-miRNA,,0.5147959521680515,,,0.5147959521680515,5.433028983416773e-09,1.6686565244313018e-08,,
hsa-miR-130b,hsa-miR-194,miRNA,miRNA,miRNA-miRNA,,0.5031577474624513,,,0.5031577474624513,1.3483029486197712e-08,3.9999654142386546e-08,,
hsa-miR-130b,hsa-miR-509-3p,miRNA,miRNA,miRNA-miRNA,,0.49876077407234287,,,0.49876077407234287,1.8841822013926072e-08,5.528314810679408e-08,,
hsa-miR-130b,hsa-miR-148a,miRNA,miRNA,miRNA-miRNA,,0.48670005538092576,,,0.48670005538092576,4.60703734088262e-08,1.310453448170092e-07,,
hsa-miR-130b,hsa-miR-1274a,miRNA,miRNA,miRNA-miRNA,,0.4720563843353849,,,0.4720563843353849,1.3037880474731836e-07,3.5863125893750685e-07,,
hsa-miR-130b,hsa-miR-934,miRNA,miRNA,miRNA-miRNA,,0.4526195811164942,,,0.4526195811164942,4.82192906164907e-07,1.25238819013648e-06,,
hsa-miR-130b,hsa-miR-187,miRNA,miRNA,miRNA-miRNA,,0.41238632681473336,,,0.41238632681473336,5.661399698196084e-06,1.2919604439473114e-05,,
hsa-miR-130b,hsa-miR-146a,miRNA,miRNA,miRNA-miRNA,,0.4084748182842917,,,0.4084748182842917,7.075698255265012e-06,1.593822919703958e-05,,
hsa-miR-130b,hsa-miR-135b,miRNA,miRNA,miRNA-miRNA,,0.39634992090281984,,,0.39634992090281984,1.3878593605501526e-05,3.0456858843854034e-05,,
hsa-miR-130b,hsa-miR-497,miRNA,miRNA,miRNA-miRNA,,0.38702499036215876,,,0.38702499036215876,2.2892605497473528e-05,4.874262893002737e-05,,
hsa-miR-130b,hsa-miR-708,miRNA,miRNA,miRNA-miRNA,,0.38567741860811,,,0.38567741860811,2.4579068574463937e-05,5.208421674112597e-05,,
hsa-miR-130b,hsa-miR-1978,miRNA,miRNA,miRNA-miRNA,,0.3754350054717102,,,0.3754350054717102,4.1766401348018824e-05,8.595808704975097e-05,,
hsa-miR-135b,hsa-miR-429,miRNA,miRNA,miRNA-miRNA,,0.48168037458455126,,,0.48168037458455126,6.617159427090664e-08,1.861076088869249e-07,,
hsa-miR-135b,hsa-miR-374a,miRNA,miRNA,miRNA-miRNA,,0.47127304172194345,,,0.47127304172194345,1.37652903941311e-07,3.7786146695335887e-07,,
hsa-miR-135b,hsa-miR-200b,miRNA,miRNA,miRNA-miRNA,,0.46754436957695183,,,0.46754436957695183,1.7791571955430207e-07,4.827591170833197e-07,,
hsa-miR-135b,hsa-miR-200c,miRNA,miRNA,miRNA-miRNA,,0.4581603189626913,,,0.4581603189626913,3.348617802884114e-07,8.846447427804008e-07,,
hsa-miR-135b,hsa-miR-454,miRNA,miRNA,miRNA-miRNA,,0.45466315085525316,,,0.45466315085525316,4.218325102493456e-07,1.1042086297703458e-06,,
hsa-miR-135b,hsa-miR-200a,miRNA,miRNA,miRNA-miRNA,,0.4499231484697182,,,0.4499231484697182,5.744879233920823e-07,1.4748872648623651e-06,,
hsa-miR-135b,hsa-miR-455-5p,miRNA,miRNA,miRNA-miRNA,,0.43341958861691077,,,0.43341958861691077,1.6249562135142254e-06,3.97553429146272e-06,,
hsa-miR-135b,hsa-miR-141,miRNA,miRNA,miRNA-miRNA,,0.4332974295404626,,,0.4332974295404626,1.6371796817453365e-06,4.002994276794916e-06,,
hsa-miR-135b,hsa-miR-374b,miRNA,miRNA,miRNA-miRNA,,0.4307136191769278,,,0.4307136191769278,1.917081119657833e-06,4.647645208371442e-06,,
hsa-miR-135b,hsa-miR-1274a,miRNA,miRNA,miRNA-miRNA,,0.42840528541329226,,,0.42840528541329226,2.204959030395436e-06,5.294281125140121e-06,,
hsa-miR-135b,hsa-miR-1979,miRNA,miRNA,miRNA-miRNA,,0.4190004697311093,,,0.4190004697311093,3.858107390206024e-06,8.988784233726076e-06,,
hsa-miR-135b,hsa-miR-210,miRNA,miRNA,miRNA-miRNA,,0.4097356098759002,,,0.4097356098759002,6.586973834506397e-06,1.4921284053845092e-05,,
hsa-miR-135b,hsa-miR-183,miRNA,miRNA,miRNA-miRNA,,0.40936876746262857,,,0.40936876746262857,6.725785332162432e-06,1.5209921092778396e-05,,
hsa-miR-135b,hsa-miR-425,miRNA,miRNA,miRNA-miRNA,,0.39034089054184473,,,0.39034089054184473,1.9193644972120946e-05,4.139501783163402e-05,,
hsa-miR-135b,hsa-miR-490-3p,miRNA,miRNA,miRNA-miRNA,,0.3766981729345177,,,0.3766981729345177,3.916007056857436e-05,8.105223908379344e-05,,
hsa-miR-135b,hsa-miR-934,miRNA,miRNA,miRNA-miRNA,,0.3760794208716676,,,0.3760794208716676,4.041712560770848e-05,8.335251702310632e-05,,
hsa-miR-135b,hsa-miR-484,miRNA,miRNA,miRNA-miRNA,,0.3710775975896012,,,0.3710775975896012,5.2056685359507235e-05,0.0001055096279680296,,
hsa-miR-141,hsa-miR-200c,miRNA,miRNA,miRNA-miRNA,,0.906211830107968,,,0.906211830107968,2.654329009587288e-43,8.177375141074684e-41,,
hsa-miR-141,hsa-miR-200a,miRNA,miRNA,miRNA-miRNA,,0.835618759855569,,,0.835618759855569,1.1867924714318351e-30,1.188275962021125e-28,,
hsa-miR-141,hsa-miR-200b,miRNA,miRNA,miRNA-miRNA,,0.8134816144604693,,,0.8134816144604693,6.895109806085788e-28,4.680494029385353e-26,,
hsa-miR-141,hsa-miR-374a,miRNA,miRNA,miRNA-miRNA,,0.7634741316646718,,,0.7634741316646718,8.251764530619236e-23,1.9440186438311788e-21,,
hsa-miR-141,hsa-miR-429,miRNA,miRNA,miRNA-miRNA,,0.7613506355395914,,,0.7613506355395914,1.270895638105521e-22,2.859515185737422e-21,,
hsa-miR-141,hsa-miR-186,miRNA,miRNA,miRNA-miRNA,,0.7116650386387519,,,0.7116650386387519,1.0032250491572814e-18,1.1350046106991277e-17,,
hsa-miR-141,hsa-miR-340,miRNA,miRNA,miRNA-miRNA,,0.6794949129166455,,,0.6794949129166455,1.2971714882292175e-16,1.002928920918536e-15,,
hsa-miR-141,hsa-miR-183,miRNA,miRNA,miRNA-miRNA,,0.6713682206045601,,,0.6713682206045601,4.024002200370313e-16,2.8676385787336483e-15,,
hsa-miR-141,hsa-miR-484,miRNA,miRNA,miRNA-miRNA,,0.6702411416426195,,,0.6702411416426195,4.694883398467223e-16,3.3279660196214563e-15,,
hsa-miR-141,hsa-miR-374b,miRNA,miRNA,miRNA-miRNA,,0.6694262121714745,,,0.6694262121714745,5.246419990588581e-16,3.673411199704067e-15,,
hsa-miR-141,hsa-miR-455-5p,miRNA,miRNA,miRNA-miRNA,,0.6529160792096754,,,0.6529160792096754,4.628580837555376e-15,2.8740257758774076e-14,,
hsa-miR-141,hsa-miR-454,miRNA,miRNA,miRNA-miRNA,,0.6505433181851222,,,0.6505433181851222,6.259762738430005e-15,3.79279119022877e-14,,
hsa-miR-141,hsa-miR-148a,miRNA,miRNA,miRNA-miRNA,,0.632088693322515,,,0.632088693322515,5.997163363303683e-14,3.1396914078472223e-13,,
hsa-miR-141,hsa-miR-151-3p,miRNA,miRNA,miRNA-miRNA,,0.6063023034995618,,,0.6063023034995618,1.1070910176772874e-12,5.131828154858259e-12,,
hsa-miR-141,hsa-miR-425,miRNA,miRNA,miRNA-miRNA,,0.6015566335867202,,,0.6015566335867202,1.8404841308726865e-12,8.117994431877874e-12,,
hsa-miR-141,hsa-miR-1979,miRNA,miRNA,miRNA-miRNA,,0.5855109113796206,,,0.5855109113796206,9.661654200289346e-12,3.9741893430151707e-11,,
hsa-miR-141,hsa-miR-490-3p,miRNA,miRNA,miRNA-miRNA,,0.5636976173883259,,,0.5636976173883259,7.999176872698514e-11,2.9364531049640283e-10,,
hsa-miR-141,hsa-miR-362-3p,miRNA,miRNA,miRNA-miRNA,,0.5487740046015945,,,0.5487740046015945,3.116076013334973e-10,1.0767803652637244e-09,,
hsa-miR-141,hsa-miR-194,miRNA,miRNA,miRNA-miRNA,,0.5474042351910678,,,0.5474042351910678,3.518575934817966e-10,1.2075318439542376e-09,,
hsa-miR-141,hsa-miR-1274a,miRNA,miRNA,miRNA-miRNA,,0.5430564107932072,,,0.5430564107932072,5.155423396008031e-10,1.7350815715136271e-09,,
hsa-miR-141,hsa-miR-660,miRNA,miRNA,miRNA-miRNA,,0.5232401944975003,,,0.5232401944975003,2.7492187130980242e-09,8.656148542419487e-09,,
hsa-miR-141,hsa-miR-509-3p,miRNA,miRNA,miRNA-miRNA,,0.4614774017419949,,,0.4614774017419949,2.6835996103220977e-07,7.160437334670221e-07,,
hsa-miR-141,hsa-miR-210,miRNA,miRNA,miRNA-miRNA,,0.45393199782812604,,,0.45393199782812604,4.425514145606635e-07,1.1554226957727882e-06,,
hsa-miR-141,hsa-miR-1978,miRNA,miRNA,miRNA-miRNA,,0.4426970414198544,,,0.4426970414198544,9.118472988416507e-07,2.296822913120007e-06,,
hsa-miR-141,hsa-miR-532-5p,miRNA,miRNA,miRNA-miRNA,,0.44144250478687225,,,0.44144250478687225,9.869333302897361e-07,2.479716428990209e-06,,
hsa-miR-141,hsa-miR-203,miRNA,miRNA,miRNA-miRNA,,0.44137690141701547,,,0.44137690141701547,9.910170412732412e-07,2.4884158309086718e-06,,
hsa-miR-141,hsa-miR-1975,miRNA,miRNA,miRNA-miRNA,,0.432232373001666,,,0.432232373001666,1.7475071963970698e-06,4.2597482176325404e-06,,
hsa-miR-141,hsa-miR-1246,miRNA,miRNA,miRNA-miRNA,,0.3929692546364011,,,0.3929692546364011,1.6668731660610797e-05,3.622261003838646e-05,,
hsa-miR-141,hsa-miR-146a,miRNA,miRNA,miRNA-miRNA,,0.38596418055537846,,,0.38596418055537846,2.4210713099247376e-05,5.138521778616097e-05,,
hsa-miR-141,hsa-miR-421,miRNA,miRNA,miRNA-miRNA,,0.3847150040083316,,,0.3847150040083316,2.5854127385517347e-05,5.464157265382426e-05,,
hsa-miR-141,hsa-miR-1290,miRNA,miRNA,miRNA-miRNA,,0.36988975704246596,,,0.36988975704246596,5.524778434357336e-05,0.00011135751197584868,,
hsa-miR-141,hsa-miR-205,miRNA,miRNA,miRNA-miRNA,,0.36819331142116396,,,0.36819331142116396,6.01232457333072e-05,0.00012057766608006776,,
hsa-miR-142-3p,hsa-miR-142-5p,miRNA,miRNA,miRNA-miRNA,,0.7587465837519429,,,0.7587465837519429,2.1452304443779467e-22,4.594464133547421e-21,,
hsa-miR-142-3p,hsa-miR-150,miRNA,miRNA,miRNA-miRNA,,0.7243367088260405,,,0.7243367088260405,1.226026726935868e-19,1.5890734761741588e-18,,
hsa-miR-142-3p,hsa-miR-146a,miRNA,miRNA,miRNA-miRNA,,0.6001036386483223,,,0.6001036386483223,2.1468131934123765e-12,9.396706928542698e-12,,
hsa-miR-142-3p,hsa-miR-1975,miRNA,miRNA,miRNA-miRNA,,0.5854816792823927,,,0.5854816792823927,9.69008488747942e-12,3.980388715318469e-11,,
hsa-miR-142-3p,hsa-miR-186,miRNA,miRNA,miRNA-miRNA,,0.5828151168220823,,,0.5828151168220823,1.2653204938791472e-11,5.1033319012950495e-11,,
hsa-miR-142-3p,hsa-miR-374a,miRNA,miRNA,miRNA-miRNA,,0.5676901249423381,,,0.5676901249423381,5.495655061507766e-11,2.053180832214422e-10,,
hsa-miR-142-3p,hsa-miR-454,miRNA,miRNA,miRNA-miRNA,,0.5621046148110211,,,0.5621046148110211,9.27872454119912e-11,3.384452803961974e-10,,
hsa-miR-142-3p,hsa-miR-374b,miRNA,miRNA,miRNA-miRNA,,0.5298680577692713,,,0.5298680577692713,1.589551487394363e-09,5.1051753865392325e-09,,
hsa-miR-142-3p,hsa-miR-362-3p,miRNA,miRNA,miRNA-miRNA,,0.490780029371599,,,0.490780029371599,3.417740010557299e-08,9.847517080778406e-08,,
hsa-miR-142-3p,hsa-miR-340,miRNA,miRNA,miRNA-miRNA,,0.48972606396945983,,,0.48972606396945983,3.693190371878884e-08,1.0618253725322994e-07,,
hsa-miR-142-3p,hsa-miR-660,miRNA,miRNA,miRNA-miRNA,,0.4637975219657701,,,0.4637975219657701,2.295416840159433e-07,6.165757508275338e-07,,
hsa-miR-142-3p,hsa-miR-425,miRNA,miRNA,miRNA-miRNA,,0.45201019513939533,,,0.45201019513939533,5.017268216399855e-07,1.2989113902185792e-06,,
hsa-miR-142-3p,hsa-miR-490-3p,miRNA,miRNA,miRNA-miRNA,,0.4354870368190833,,,0.4354870368190833,1.4307570552774258e-06,3.528437196050548e-06,,
hsa-miR-142-3p,hsa-miR-155,miRNA,miRNA,miRNA-miRNA,,0.3752410922961445,,,0.3752410922961445,4.2180594618029205e-05,8.658804789605688e-05,,
hsa-miR-142-3p,hsa-miR-148a,miRNA,miRNA,miRNA-miRNA,,0.3730933098206765,,,0.3730933098206765,4.703261794818332e-05,9.590918273038401e-05,,
hsa-miR-142-3p,hsa-miR-484,miRNA,miRNA,miRNA-miRNA,,0.3696148155043638,,,0.3696148155043638,5.6012010836102975e-05,0.0001128410982890304,,
hsa-miR-142-5p,hsa-miR-150,miRNA,miRNA,miRNA-miRNA,,0.6453023839512797,,,0.6453023839512797,1.2080290929873767e-14,7.094071139903877e-14,,
hsa-miR-142-5p,hsa-miR-509-3p,miRNA,miRNA,miRNA-miRNA,,0.6426673698968278,,,0.6426673698968278,1.6732045311683247e-14,9.600550354339743e-14,,
hsa-miR-142-5p,hsa-miR-490-3p,miRNA,miRNA,miRNA-miRNA,,0.6368086079206483,,,0.6368086079206483,3.4137565239222085e-14,1.8677725243590773e-13,,
hsa-miR-142-5p,hsa-miR-454,miRNA,miRNA,miRNA-miRNA,,0.6181895892356819,,,0.6181895892356819,2.984366705995508e-13,1.4576083728673181e-12,,
hsa-miR-142-5p,hsa-miR-146a,miRNA,miRNA,miRNA-miRNA,,0.6110557374446653,,,0.6110557374446653,6.59742869555825e-13,3.1195633914652644e-12,,
hsa-miR-142-5p,hsa-miR-1975,miRNA,miRNA,miRNA-miRNA,,0.6036863892929818,,,0.6036863892929818,1.4666138477878589e-12,6.614626644583755e-12,,
hsa-miR-142-5p,hsa-miR-155,miRNA,miRNA,miRNA-miRNA,,0.5935557996926278,,,0.5935557996926278,4.2556946205103515e-12,1.8151285362240635e-11,,
hsa-miR-142-5p,hsa-miR-186,miRNA,miRNA,miRNA-miRNA,,0.5850825506934781,,,0.5850825506934781,1.0086450199728838e-11,4.130494176882822e-11,,
hsa-miR-142-5p,hsa-miR-362-3p,miRNA,miRNA,miRNA-miRNA,,0.5804212024427715,,,0.5804212024427715,1.6044826725127548e-11,6.343487762501069e-11,,
hsa-miR-142-5p,hsa-miR-374a,miRNA,miRNA,miRNA-miRNA,,0.5509601372082403,,,0.5509601372082403,2.5639564543984135e-10,8.906023937437681e-10,,
hsa-miR-142-5p,hsa-miR-194,miRNA,miRNA,miRNA-miRNA,,0.5425857185574665,,,0.5425857185574665,5.371339030020353e-10,1.8031603026632741e-09,,
hsa-miR-142-5p,hsa-miR-660,miRNA,miRNA,miRNA-miRNA,,0.5424015832950663,,,0.5424015832950663,5.458151546299207e-10,1.8262236376715393e-09,,
hsa-miR-142-5p,hsa-miR-374b,miRNA,miRNA,miRNA-miRNA,,0.48722915164355385,,,0.48722915164355385,4.4330188849126926e-08,1.2636470202188848e-07,,
hsa-miR-142-5p,hsa-miR-484,miRNA,miRNA,miRNA-miRNA,,0.4868949199513439,,,0.4868949199513439,4.5422005138633214e-08,1.2938487238991894e-07,,
hsa-miR-142-5p,hsa-miR-340,miRNA,miRNA,miRNA-miRNA,,0.46883682650191605,,,0.46883682650191605,1.6283203160126906e-07,4.4273067655334864e-07,,
hsa-miR-142-5p,hsa-miR-708,miRNA,miRNA,miRNA-miRNA,,0.4288166445473421,,,0.4288166445473421,2.1508269738304588e-06,5.170505420282705e-06,,
hsa-miR-142-5p,hsa-miR-425,miRNA,miRNA,miRNA-miRNA,,0.4250898937080164,,,0.4250898937080164,2.6908441532002726e-06,6.384378455904676e-06,,
hsa-miR-142-5p,hsa-miR-200a,miRNA,miRNA,miRNA-miRNA,,0.39263424308880984,,,0.39263424308880984,1.697223815669592e-05,3.6802281438856064e-05,,
hsa-miR-142-5p,hsa-miR-532-5p,miRNA,miRNA,miRNA-miRNA,,0.3920444554338634,,,0.3920444554338634,1.7519219606466712e-05,3.794725501562963e-05,,
hsa-miR-142-5p,hsa-miR-183,miRNA,miRNA,miRNA-miRNA,,0.39063452318188774,,,0.39063452318188774,1.8894703709572306e-05,4.0794225529292225e-05,,
hsa-miR-142-5p,hsa-miR-455-5p,miRNA,miRNA,miRNA-miRNA,,0.38790771980644173,,,0.38790771980644173,2.1847428840880012e-05,4.66910098760536e-05,,
hsa-miR-142-5p,hsa-miR-203,miRNA,miRNA,miRNA-miRNA,,0.372061849181689,,,0.372061849181689,4.9543917961882116e-05,0.00010077368788082167,,
hsa-miR-142-5p,IGF1,miRNA,mRNA,miRNA-mRNA,validated,-0.1620619086598896,,,-0.1620619086598896,,,88.2850987438979,Normal_vs_Metastatic
hsa-miR-142-5p,CAV1,miRNA,mRNA,miRNA-mRNA,predicted,0.21538032684983277,,,0.0758136796536985,,,60.1328,
hsa-miR-142-5p,CD34,miRNA,mRNA,miRNA-mRNA,predicted,0.19671353443680908,,,0.08324786238285971,,,59.3072,
hsa-miR-145,hsa-miR-199a-5p,miRNA,miRNA,miRNA-miRNA,,0.7009380327171287,,,0.7009380327171287,5.453613092565518e-18,5.366516077573685e-17,,
hsa-miR-145,hsa-miR-195,miRNA,miRNA,miRNA-miRNA,,0.6630483636889133,,,0.6630483636889133,1.236533539668698e-15,8.337233714432889e-15,,
hsa-miR-145,hsa-miR-497,miRNA,miRNA,miRNA-miRNA,,0.6220551722342711,,,0.6220551722342711,1.9252955801875735e-13,9.650574216084145e-13,,
hsa-miR-145,hsa-miR-216a,miRNA,miRNA,miRNA-miRNA,,0.47541683192446793,,,0.47541683192446793,1.031307281472155e-07,2.8583983822117514e-07,,
hsa-miR-145,hsa-miR-374b,miRNA,miRNA,miRNA-miRNA,,0.4246020807385817,,,0.4246020807385817,2.7703644385953127e-06,6.565271938801319e-06,,
hsa-miR-145,hsa-miR-490-3p,miRNA,miRNA,miRNA-miRNA,,0.39278499239341774,,,0.39278499239341774,1.683502839198153e-05,3.652453342897401e-05,,
hsa-miR-145,hsa-miR-484,miRNA,miRNA,miRNA-miRNA,,0.38952669809427876,,,0.38952669809427876,2.0045964677498492e-05,4.3117125957777365e-05,,
hsa-miR-145,hsa-miR-205,miRNA,miRNA,miRNA-miRNA,,0.38207605124758315,,,0.38207605124758315,2.9676001321563195e-05,6.238970356580608e-05,,
hsa-miR-145,hsa-miR-532-5p,miRNA,miRNA,miRNA-miRNA,,0.3746069464549829,,,0.3746069464549829,4.356210797572614e-05,8.919542047177055e-05,,
hsa-miR-145,hsa-miR-148a,miRNA,miRNA,miRNA-miRNA,,0.3707798993434616,,,0.3707798993434616,5.283985404484307e-05,0.00010697769452375909,,
hsa-miR-145,hsa-miR-451,miRNA,miRNA,miRNA-miRNA,,0.3674903247042849,,,0.3674903247042849,6.225898231247306e-05,0.0001246736120807273,,
hsa-miR-146a,hsa-miR-490-3p,miRNA,miRNA,miRNA-miRNA,,0.5665019917153253,,,0.5665019917153253,6.148398863364456e-11,2.2842613587917112e-10,,
hsa-miR-146a,hsa-miR-455-5p,miRNA,miRNA,miRNA-miRNA,,0.5554016755065693,,,0.5554016755065693,1.717659982649052e-10,6.098606587331076e-10,,
hsa-miR-146a,hsa-miR-1975,miRNA,miRNA,miRNA-miRNA,,0.55114690626556,,,0.55114690626556,2.521426333832354e-10,8.765896238714042e-10,,
hsa-miR-146a,hsa-miR-186,miRNA,miRNA,miRNA-miRNA,,0.545219066732329,,,0.545219066732329,4.2662021370656575e-10,1.449206069461235e-09,,
hsa-miR-146a,hsa-miR-150,miRNA,miRNA,miRNA-miRNA,,0.5238943545265529,,,0.5238943545265529,2.605868358980602e-09,8.224194466286298e-09,,
hsa-miR-146a,hsa-miR-374a,miRNA,miRNA,miRNA-miRNA,,0.519805219958339,,,0.519805219958339,3.635169221037344e-09,1.1338670350665548e-08,,
hsa-miR-146a,hsa-miR-454,miRNA,miRNA,miRNA-miRNA,,0.5065383053290335,,,0.5065383053290335,1.0390697384928516e-08,3.110219957147885e-08,,
hsa-miR-146a,hsa-miR-340,miRNA,miRNA,miRNA-miRNA,,0.48087683541724363,,,0.48087683541724363,7.008267642959364e-08,1.965554055325788e-07,,
hsa-miR-146a,hsa-miR-1979,miRNA,miRNA,miRNA-miRNA,,0.47275379879148544,,,0.47275379879148544,1.2421254255974175e-07,3.428471626132086e-07,,
hsa-miR-146a,hsa-miR-374b,miRNA,miRNA,miRNA-miRNA,,0.46993289312224923,,,0.46993289312224923,1.51003589891653e-07,4.125302711569375e-07,,
hsa-miR-146a,hsa-miR-362-3p,miRNA,miRNA,miRNA-miRNA,,0.45759464878083833,,,0.45759464878083833,3.4766488814861196e-07,9.16051234891573e-07,,
hsa-miR-146a,hsa-miR-194,miRNA,miRNA,miRNA-miRNA,,0.4565229451491321,,,0.4565229451491321,3.7320980729143077e-07,9.807777416024804e-07,,
hsa-miR-146a,hsa-miR-660,miRNA,miRNA,miRNA-miRNA,,0.44921052722325766,,,0.44921052722325766,6.015523933420737e-07,1.5414058447440852e-06,,
hsa-miR-146a,hsa-miR-509-3p,miRNA,miRNA,miRNA-miRNA,,0.44670985647318806,,,0.44670985647318806,7.06434501869503e-07,1.7940838173667466e-06,,
hsa-miR-146a,hsa-miR-484,miRNA,miRNA,miRNA-miRNA,,0.42396400061308714,,,0.42396400061308714,2.877741357014052e-06,6.807651585848363e-06,,
hsa-miR-146a,hsa-miR-200a,miRNA,miRNA,miRNA-miRNA,,0.4200353846296288,,,0.4200353846296288,3.630727327059896e-06,8.488653207749494e-06,,
hsa-miR-146a,hsa-miR-421,miRNA,miRNA,miRNA-miRNA,,0.40902902982924766,,,0.40902902982924766,6.856798038800204e-06,1.5471254166419615e-05,,
hsa-miR-146a,hsa-miR-532-5p,miRNA,miRNA,miRNA-miRNA,,0.3683570916355264,,,0.3683570916355264,5.9635592492467294e-05,0.00011965959315247069,,
hsa-miR-148a,hsa-miR-374a,miRNA,miRNA,miRNA-miRNA,,0.7287341869947938,,,0.7287341869947938,5.750987116818627e-20,8.053392798202308e-19,,
hsa-miR-148a,hsa-miR-374b,miRNA,miRNA,miRNA-miRNA,,0.7167559173610543,,,0.7167559173610543,4.371342249310699e-19,5.273260755569081e-18,,
hsa-miR-148a,hsa-miR-200a,miRNA,miRNA,miRNA-miRNA,,0.6837772925861391,,,0.6837772925861391,7.039219860554175e-17,5.777064660147433e-16,,
hsa-miR-148a,hsa-miR-186,miRNA,miRNA,miRNA-miRNA,,0.6463447502429661,,,0.6463447502429661,1.0610411950031736e-14,6.286198204123832e-14,,
hsa-miR-148a,hsa-miR-340,miRNA,miRNA,miRNA-miRNA,,0.6414689122106044,,,0.6414689122106044,1.9383849379313454e-14,1.1034094388882191e-13,,
hsa-miR-148a,hsa-miR-429,miRNA,miRNA,miRNA-miRNA,,0.6318302337928703,,,0.6318302337928703,6.183374248912694e-14,3.220339904667794e-13,,
hsa-miR-148a,hsa-miR-200b,miRNA,miRNA,miRNA-miRNA,,0.6197268917434182,,,0.6197268917434182,2.5087849225868e-13,1.2328446153325318e-12,,
hsa-miR-148a,hsa-miR-425,miRNA,miRNA,miRNA-miRNA,,0.6151289797154631,,,0.6151289797154631,4.204605754033794e-13,2.026407466294265e-12,,
hsa-miR-148a,hsa-miR-660,miRNA,miRNA,miRNA-miRNA,,0.6032217066154631,,,0.6032217066154631,1.5413270628160648e-12,6.87418138817187e-12,,
hsa-miR-148a,hsa-miR-484,miRNA,miRNA,miRNA-miRNA,,0.5886140366777096,,,0.5886140366777096,7.060928817794159e-12,2.93960705979892e-11,,
hsa-miR-148a,hsa-miR-200c,miRNA,miRNA,miRNA-miRNA,,0.5765174205620582,,,0.5765174205620582,2.35360485648317e-11,9.137075809897994e-11,,
hsa-miR-148a,hsa-miR-151-3p,miRNA,miRNA,miRNA-miRNA,,0.5729931803922014,,,0.5729931803922014,3.311933856415805e-11,1.2705263500905457e-10,,
hsa-miR-148a,hsa-miR-497,miRNA,miRNA,miRNA-miRNA,,0.5705547638145729,,,0.5705547638145729,4.185027605635433e-11,1.5902310778529325e-10,,
hsa-miR-148a,hsa-miR-532-5p,miRNA,miRNA,miRNA-miRNA,,0.5558802123495057,,,0.5558802123495057,1.6445233920217318e-10,5.849303894357936e-10,,
hsa-miR-148a,hsa-miR-183,miRNA,miRNA,miRNA-miRNA,,0.5471543488052147,,,0.5471543488052147,3.5972122913656543e-10,1.2313534381982432e-09,,
hsa-miR-148a,hsa-miR-490-3p,miRNA,miRNA,miRNA-miRNA,,0.5433455616145467,,,0.5433455616145467,5.026952423646336e-10,1.6961200047770494e-09,,
hsa-miR-148a,hsa-miR-454,miRNA,miRNA,miRNA-miRNA,,0.5374024839002737,,,0.5374024839002737,8.404057440400093e-10,2.7702263414652157e-09,,
hsa-miR-148a,hsa-miR-195,miRNA,miRNA,miRNA-miRNA,,0.5311185194180306,,,0.5311185194180306,1.4315502035968495e-09,4.619950495894748e-09,,
hsa-miR-148a,hsa-miR-1274a,miRNA,miRNA,miRNA-miRNA,,0.5112722292714496,,,0.5112722292714496,7.180008878225364e-09,2.1784799664615593e-08,,
hsa-miR-148a,hsa-miR-1979,miRNA,miRNA,miRNA-miRNA,,0.5103261339946301,,,0.5103261339946301,7.733951201300198e-09,2.339461824864599e-08,,
hsa-miR-148a,hsa-miR-362-3p,miRNA,miRNA,miRNA-miRNA,,0.5087839067543367,,,0.5087839067543367,8.725791608874044e-09,2.6275786010180864e-08,,
hsa-miR-148a,hsa-miR-1975,miRNA,miRNA,miRNA-miRNA,,0.4807318462405527,,,0.4807318462405527,7.081150697069724e-08,1.9846052163585893e-07,,
hsa-miR-148a,hsa-miR-509-3p,miRNA,miRNA,miRNA-miRNA,,0.46492234376775965,,,0.46492234376775965,2.1270772637966504e-07,5.744399488540515e-07,,
hsa-miR-148a,hsa-miR-187,miRNA,miRNA,miRNA-miRNA,,0.44244573778093454,,,0.44244573778093454,9.26439612265268e-07,2.3306473914085416e-06,,
hsa-miR-148a,hsa-miR-205,miRNA,miRNA,miRNA-miRNA,,0.40729713496199293,,,0.40729713496199293,7.562932689815424e-06,1.6978444743671956e-05,,
hsa-miR-148a,hsa-miR-1308,miRNA,miRNA,miRNA-miRNA,,0.4055608437921487,,,0.4055608437921487,8.339307531504278e-06,1.8679489185500354e-05,,
hsa-miR-148a,hsa-miR-210,miRNA,miRNA,miRNA-miRNA,,0.3894626109212719,,,0.3894626109212719,2.0114540473140822e-05,4.319503195438552e-05,,
hsa-miR-148a,hsa-miR-455-5p,miRNA,miRNA,miRNA-miRNA,,0.3808081482796395,,,0.3808081482796395,3.1694991922531524e-05,6.635569401450014e-05,,
hsa-miR-148a,hsa-miR-194,miRNA,miRNA,miRNA-miRNA,,0.37437013262738045,,,0.37437013262738045,4.408878707102342e-05,9.022769147646848e-05,,
hsa-miR-150,hsa-miR-1975,miRNA,miRNA,miRNA-miRNA,,0.4644006962756854,,,0.4644006962756854,2.203628550494004e-07,5.939120016640973e-07,,
hsa-miR-150,hsa-miR-195,miRNA,miRNA,miRNA-miRNA,,0.39192807256460527,,,0.39192807256460527,1.7629094286258454e-05,3.816460681971087e-05,,
hsa-miR-150,hsa-miR-497,miRNA,miRNA,miRNA-miRNA,,0.37471835700863315,,,0.37471835700863315,4.33163698521131e-05,8.878304056177736e-05,,
hsa-miR-151-3p,hsa-miR-340,miRNA,miRNA,miRNA-miRNA,,0.7104209502013524,,,0.7104209502013524,1.2256969005103645e-18,1.3519431217918951e-17,,
hsa-miR-151-3p,hsa-miR-374b,miRNA,miRNA,miRNA-miRNA,,0.7049212555294188,,,0.7049212555294188,2.9342403944371447e-18,2.9978655050308074e-17,,
hsa-miR-151-3p,hsa-miR-429,miRNA,miRNA,miRNA-miRNA,,0.7045710679228722,,,0.7045710679228722,3.09985050717548e-18,3.150990172902994e-17,,
hsa-miR-151-3p,hsa-miR-186,miRNA,miRNA,miRNA-miRNA,,0.6961279211612912,,,0.6961279211612912,1.1373801603709004e-17,1.0743414014824189e-16,,
hsa-miR-151-3p,hsa-miR-374a,miRNA,miRNA,miRNA-miRNA,,0.6892177670212943,,,0.6892177670212943,3.189076382695656e-17,2.764556474609546e-16,,
hsa-miR-151-3p,hsa-miR-200a,miRNA,miRNA,miRNA-miRNA,,0.6855492350274836,,,0.6855492350274836,5.44943028744879e-17,4.528001722247387e-16,,
hsa-miR-151-3p,hsa-miR-200b,miRNA,miRNA,miRNA-miRNA,,0.6663115334246514,,,0.6663115334246514,7.995386144077243e-16,5.492542282509324e-15,,
hsa-miR-151-3p,hsa-miR-1979,miRNA,miRNA,miRNA-miRNA,,0.6489323191272433,,,0.6489323191272433,7.672130632993142e-15,4.613646123894524e-14,,
hsa-miR-151-3p,hsa-miR-660,miRNA,miRNA,miRNA-miRNA,,0.6429272199229425,,,0.6429272199229425,1.620536970788098e-14,9.325072655181512e-14,,
hsa-miR-151-3p,hsa-miR-454,miRNA,miRNA,miRNA-miRNA,,0.6393125665304581,,,0.6393125665304581,2.5216858556685534e-14,1.4184482938135612e-13,,
hsa-miR-151-3p,hsa-miR-532-5p,miRNA,miRNA,miRNA-miRNA,,0.6362758392788959,,,0.6362758392788959,3.6397022099323584e-14,1.9832663062284482e-13,,
hsa-miR-151-3p,hsa-miR-425,miRNA,miRNA,miRNA-miRNA,,0.6162531933437698,,,0.6162531933437698,3.708762581635404e-13,1.8004356532666417e-12,,
hsa-miR-151-3p,hsa-miR-183,miRNA,miRNA,miRNA-miRNA,,0.5889541173770296,,,0.5889541173770296,6.8210059922107814e-12,2.8456384373754352e-11,,
hsa-miR-151-3p,hsa-miR-455-5p,miRNA,miRNA,miRNA-miRNA,,0.5822034155705353,,,0.5822034155705353,1.3447253646729443e-11,5.407254101922834e-11,,
hsa-miR-151-3p,hsa-miR-200c,miRNA,miRNA,miRNA-miRNA,,0.573171124017736,,,0.573171124017736,3.2556184656342034e-11,1.251319765342129e-10,,
hsa-miR-151-3p,hsa-miR-484,miRNA,miRNA,miRNA-miRNA,,0.5678554173438033,,,0.5678554173438033,5.410321306580339e-11,2.0231873793514714e-10,,
hsa-miR-151-3p,hsa-miR-362-3p,miRNA,miRNA,miRNA-miRNA,,0.5533432490532085,,,0.5533432490532085,2.0695824907351807e-10,7.2899541560197e-10,,
hsa-miR-151-3p,hsa-miR-497,miRNA,miRNA,miRNA-miRNA,,0.5196134532251874,,,0.5196134532251874,3.691966216941164e-09,1.1506867469921682e-08,,
hsa-miR-151-3p,hsa-miR-490-3p,miRNA,miRNA,miRNA-miRNA,,0.5164616667440621,,,0.5164616667440621,4.7568940172966255e-09,1.4666174395129319e-08,,
hsa-miR-151-3p,hsa-miR-1274a,miRNA,miRNA,miRNA-miRNA,,0.4984719080827178,,,0.4984719080827178,1.9257476248481282e-08,5.64613414166673e-08,,
hsa-miR-151-3p,hsa-miR-210,miRNA,miRNA,miRNA-miRNA,,0.4704552747866515,,,0.4704552747866515,1.456589679035896e-07,3.9901789771126974e-07,,
hsa-miR-151-3p,hsa-miR-509-3p,miRNA,miRNA,miRNA-miRNA,,0.4596610777810138,,,0.4596610777810138,3.030336158224927e-07,8.032095508729869e-07,,
hsa-miR-151-3p,hsa-miR-195,miRNA,miRNA,miRNA-miRNA,,0.4105038057240088,,,0.4105038057240088,6.305001098784213e-06,1.4323045604441732e-05,,
hsa-miR-151-3p,hsa-miR-187,miRNA,miRNA,miRNA-miRNA,,0.40088370299158893,,,0.40088370299158893,1.0821307063380565e-05,2.3997416826599757e-05,,
hsa-miR-151-3p,hsa-miR-1975,miRNA,miRNA,miRNA-miRNA,,0.3699796615910358,,,0.3699796615910358,5.500000731308073e-05,0.00011091391202864468,,
hsa-miR-154,hsa-miR-199a-5p,miRNA,miRNA,miRNA-miRNA,,0.5850106035270329,,,0.5850106035270329,1.01595461264359e-11,4.1561779608146866e-11,,
hsa-miR-154,hsa-miR-195,miRNA,miRNA,miRNA-miRNA,,0.5088893712197371,,,0.5088893712197371,8.654251979521946e-09,2.6079969283660944e-08,,
hsa-miR-154,hsa-miR-542-3p,miRNA,miRNA,miRNA-miRNA,,0.48242501076261757,,,0.48242501076261757,6.273407605775324e-08,1.7656358019065479e-07,,
hsa-miR-154,hsa-miR-579 (+++ See note below),miRNA,miRNA,miRNA-miRNA,,0.4704230355041368,,,0.4704230355041368,1.4598352288813014e-07,3.9963363579423187e-07,,
hsa-miR-154,hsa-miR-216a,miRNA,miRNA,miRNA-miRNA,,0.43486242151884336,,,0.43486242151884336,1.486976785277083e-06,3.658072496950072e-06,,
hsa-miR-154,hsa-miR-187,miRNA,miRNA,miRNA-miRNA,,0.42075587582794544,,,0.42075587582794544,3.47997543879878e-06,8.155237935862559e-06,,
hsa-miR-154,hsa-miR-194,miRNA,miRNA,miRNA-miRNA,,0.41956636742475634,,,0.41956636742475634,3.7321580318221547e-06,8.715622692389346e-06,,
hsa-miR-154,hsa-miR-2117,miRNA,miRNA,miRNA-miRNA,,0.4177843848159356,,,0.4177843848159356,4.142491905965567e-06,9.589988487509882e-06,,
hsa-miR-154,hsa-miR-660,miRNA,miRNA,miRNA-miRNA,,0.4130870603985465,,,0.4130870603985465,5.438079083404642e-06,1.2445432416591766e-05,,
hsa-miR-154,hsa-miR-490-3p,miRNA,miRNA,miRNA-miRNA,,0.41169593957418427,,,0.41169593957418427,5.889869471764784e-06,1.3425684254079659e-05,,
hsa-miR-154,hsa-miR-1978,miRNA,miRNA,miRNA-miRNA,,0.409871451144799,,,0.409871451144799,6.5362613938493526e-06,1.4814786011526122e-05,,
hsa-miR-154,hsa-miR-497,miRNA,miRNA,miRNA-miRNA,,0.4086840206822012,,,0.4086840206822012,6.992305030188148e-06,1.5759246846316e-05,,
hsa-miR-154,hsa-miR-362-3p,miRNA,miRNA,miRNA-miRNA,,0.3952003692961739,,,0.3952003692961739,1.4773908399668515e-05,3.22273982247671e-05,,
hsa-miR-154,hsa-miR-934,miRNA,miRNA,miRNA-miRNA,,0.376055217694902,,,0.376055217694902,4.0467055993374776e-05,8.341253692921564e-05,,
hsa-miR-155,hsa-miR-520c-3p,miRNA,miRNA,miRNA-miRNA,,0.7050455696095355,,,0.7050455696095355,2.8775473966566663e-18,2.9550198265666535e-17,,
hsa-miR-155,hsa-miR-1305,miRNA,miRNA,miRNA-miRNA,,0.6898650367503432,,,0.6898650367503432,2.8990330719853744e-17,2.524049446369875e-16,,
hsa-miR-155,hsa-miR-1299,miRNA,miRNA,miRNA-miRNA,,0.6833802070894628,,,0.6833802070894628,7.452992129817357e-17,6.079273621164667e-16,,
hsa-miR-155,hsa-miR-708,miRNA,miRNA,miRNA-miRNA,,0.423845275298774,,,0.423845275298774,2.898150297634901e-06,6.8518842632985696e-06,,
hsa-miR-155,hsa-miR-509-3p,miRNA,miRNA,miRNA-miRNA,,0.4232228981951293,,,0.4232228981951293,3.0073973677814206e-06,7.105974311483534e-06,,
hsa-miR-155,hsa-miR-194,miRNA,miRNA,miRNA-miRNA,,0.3934660224874913,,,0.3934660224874913,1.6228058300553466e-05,3.5341693036278755e-05,,
hsa-miR-155,hsa-miR-421,miRNA,miRNA,miRNA-miRNA,,0.3785044800355122,,,0.3785044800355122,3.5696559897400956e-05,7.42288278240347e-05,,
hsa-miR-183,hsa-miR-429,miRNA,miRNA,miRNA-miRNA,,0.7313828201938087,,,0.7313828201938087,3.619239016085643e-20,5.25183052877645e-19,,
hsa-miR-183,hsa-miR-200a,miRNA,miRNA,miRNA-miRNA,,0.7074184977413871,,,0.7074184977413871,1.978960882843687e-18,2.091223835300519e-17,,
hsa-miR-183,hsa-miR-340,miRNA,miRNA,miRNA-miRNA,,0.7012956429958472,,,0.7012956429958472,5.160575025164306e-18,5.103235302662481e-17,,
hsa-miR-183,hsa-miR-425,miRNA,miRNA,miRNA-miRNA,,0.6870260263478942,,,0.6870260263478942,4.396357347503307e-17,3.7303837238878697e-16,,
hsa-miR-183,hsa-miR-200b,miRNA,miRNA,miRNA-miRNA,,0.6726333032869803,,,0.6726333032869803,3.381757147468946e-16,2.44034907668705e-15,,
hsa-miR-183,hsa-miR-374a,miRNA,miRNA,miRNA-miRNA,,0.6373720652341325,,,0.6373720652341325,3.189606075991909e-14,1.7589978385479875e-13,,
hsa-miR-183,hsa-miR-660,miRNA,miRNA,miRNA-miRNA,,0.6360653925867277,,,0.6360653925867277,3.7328907869072615e-14,2.028524776331558e-13,,
hsa-miR-183,hsa-miR-194,miRNA,miRNA,miRNA-miRNA,,0.6334083943506541,,,0.6334083943506541,5.127969261964373e-14,2.716602763778745e-13,,
hsa-miR-183,hsa-miR-484,miRNA,miRNA,miRNA-miRNA,,0.633252509933618,,,0.633252509933618,5.223897607355381e-14,2.7528565680866185e-13,,
hsa-miR-183,hsa-miR-362-3p,miRNA,miRNA,miRNA-miRNA,,0.6275553079562486,,,0.6275553079562486,1.0211325475661037e-13,5.223034295022025e-13,,
hsa-miR-183,hsa-miR-200c,miRNA,miRNA,miRNA-miRNA,,0.6184335515990605,,,0.6184335515990605,2.903459823308884e-13,1.4198237597499486e-12,,
hsa-miR-183,hsa-miR-186,miRNA,miRNA,miRNA-miRNA,,0.6059623081639292,,,0.6059623081639292,1.1484714362152299e-12,5.311348847623552e-12,,
hsa-miR-183,hsa-miR-455-5p,miRNA,miRNA,miRNA-miRNA,,0.6056157141101971,,,0.6056157141101971,1.1921939583535735e-12,5.488203222075933e-12,,
hsa-miR-183,hsa-miR-454,miRNA,miRNA,miRNA-miRNA,,0.5965695050509762,,,0.5965695050509762,3.111905019500726e-12,1.348828961374503e-11,,
hsa-miR-183,hsa-miR-374b,miRNA,miRNA,miRNA-miRNA,,0.5925282079004776,,,0.5925282079004776,4.731537554312696e-12,2.0073949051930454e-11,,
hsa-miR-183,hsa-miR-1979,miRNA,miRNA,miRNA-miRNA,,0.5839558485784251,,,0.5839558485784251,1.129171168117098e-11,4.595864358037579e-11,,
hsa-miR-183,hsa-miR-490-3p,miRNA,miRNA,miRNA-miRNA,,0.558347398498734,,,0.558347398498734,1.312608229946035e-10,4.710569857467627e-10,,
hsa-miR-183,hsa-miR-187,miRNA,miRNA,miRNA-miRNA,,0.5362850188391525,,,0.5362850188391525,9.246370582258356e-10,3.0304185091607787e-09,,
hsa-miR-183,hsa-miR-532-5p,miRNA,miRNA,miRNA-miRNA,,0.5294501886649587,,,0.5294501886649587,1.645991317779242e-09,5.282207714507904e-09,,
hsa-miR-183,hsa-miR-210,miRNA,miRNA,miRNA-miRNA,,0.5194932694528807,,,0.5194932694528807,3.727995159779941e-09,1.1610124894960082e-08,,
hsa-miR-183,hsa-miR-509-3p,miRNA,miRNA,miRNA-miRNA,,0.48092598473810333,,,0.48092598473810333,6.983724345574973e-08,1.9600431677664866e-07,,
hsa-miR-183,hsa-miR-1274a,miRNA,miRNA,miRNA-miRNA,,0.4469580065370656,,,0.4469580065370656,6.952970309458406e-07,1.7702890075893779e-06,,
hsa-miR-183,hsa-miR-203,miRNA,miRNA,miRNA-miRNA,,0.4467361179527415,,,0.4467361179527415,7.05247861438836e-07,1.7922066529584635e-06,,
hsa-miR-183,hsa-miR-934,miRNA,miRNA,miRNA-miRNA,,0.4343661853297008,,,0.4343661853297008,1.5331281716661158e-06,3.7600602128124887e-06,,
hsa-miR-183,hsa-miR-1246,miRNA,miRNA,miRNA-miRNA,,0.43061014588751406,,,0.43061014588751406,1.929184267911358e-06,4.668509361320235e-06,,
hsa-miR-183,hsa-miR-1975,miRNA,miRNA,miRNA-miRNA,,0.4026365855771736,,,0.4026365855771736,9.819137709844025e-06,2.1859725696456542e-05,,
hsa-miR-183,hsa-miR-421,miRNA,miRNA,miRNA-miRNA,,0.38947193715893896,,,0.38947193715893896,2.0104547352175976e-05,4.319503195438552e-05,,
hsa-miR-183,hsa-miR-1978,miRNA,miRNA,miRNA-miRNA,,0.3835226899394484,,,0.3835226899394484,2.7519850748168516e-05,5.796645324515113e-05,,
hsa-miR-183,hsa-miR-1290,miRNA,miRNA,miRNA-miRNA,,0.3706606332575672,,,0.3706606332575672,5.315669147276446e-05,0.00010741299159859822,,
hsa-miR-186,hsa-miR-374a,miRNA,miRNA,miRNA-miRNA,,0.8248212843511369,,,0.8248212843511369,2.9586646404932056e-29,2.3234219382696646e-27,,
hsa-miR-186,hsa-miR-374b,miRNA,miRNA,miRNA-miRNA,,0.7959375173906824,,,0.7959375173906824,6.028981355916871e-26,2.6245728620051164e-24,,
hsa-miR-186,hsa-miR-340,miRNA,miRNA,miRNA-miRNA,,0.7859737113690024,,,0.7859737113690024,6.317373051242619e-25,2.2590249169845256e-23,,
hsa-miR-186,hsa-miR-454,miRNA,miRNA,miRNA-miRNA,,0.7540066822817962,,,0.7540066822817962,5.470570682246107e-22,1.0635745428347406e-20,,
hsa-miR-186,hsa-miR-200a,miRNA,miRNA,miRNA-miRNA,,0.7326984094489368,,,0.7326984094489368,2.8696579515846787e-20,4.2566592948506067e-19,,
hsa-miR-186,hsa-miR-484,miRNA,miRNA,miRNA-miRNA,,0.6939815804334297,,,0.6939815804334297,1.5715565156532612e-17,1.4569638530535442e-16,,
hsa-miR-186,hsa-miR-660,miRNA,miRNA,miRNA-miRNA,,0.6766618214521938,,,0.6766618214521938,1.9327522291885167e-16,1.4522838044840543e-15,,
hsa-miR-186,hsa-miR-490-3p,miRNA,miRNA,miRNA-miRNA,,0.6716446455029853,,,0.6716446455029853,3.8742657131017943e-16,2.7757485118019114e-15,,
hsa-miR-186,hsa-miR-362-3p,miRNA,miRNA,miRNA-miRNA,,0.6586380022094397,,,0.6586380022094397,2.210184232737699e-15,1.4346495708451354e-14,,
hsa-miR-186,hsa-miR-429,miRNA,miRNA,miRNA-miRNA,,0.6552242953987794,,,0.6552242953987794,3.441761491439674e-15,2.187976948129507e-14,,
hsa-miR-186,hsa-miR-509-3p,miRNA,miRNA,miRNA-miRNA,,0.6515974584570893,,,0.6515974584570893,5.475875401743396e-15,3.3584810082668154e-14,,
hsa-miR-186,hsa-miR-200b,miRNA,miRNA,miRNA-miRNA,,0.6507000123214552,,,0.6507000123214552,6.136706378266574e-15,3.7294408176613196e-14,,
hsa-miR-186,hsa-miR-425,miRNA,miRNA,miRNA-miRNA,,0.6464852573724106,,,0.6464852573724106,1.0426066184657747e-14,6.18613260289693e-14,,
hsa-miR-186,hsa-miR-455-5p,miRNA,miRNA,miRNA-miRNA,,0.6340996145201663,,,0.6340996145201663,4.722790345557196e-14,2.5186118953337643e-13,,
hsa-miR-186,hsa-miR-1979,miRNA,miRNA,miRNA-miRNA,,0.618551728648954,,,0.618551728648954,2.8650357524153713e-13,1.402746722301169e-12,,
hsa-miR-186,hsa-miR-532-5p,miRNA,miRNA,miRNA-miRNA,,0.6161417899638628,,,0.6161417899638628,3.755251159465209e-13,1.8207967183605522e-12,,
hsa-miR-186,hsa-miR-200c,miRNA,miRNA,miRNA-miRNA,,0.6064383793745551,,,0.6064383793745551,1.0909368965909268e-12,5.068680128592415e-12,,
hsa-miR-186,hsa-miR-1975,miRNA,miRNA,miRNA-miRNA,,0.6032666122232558,,,0.6032666122232558,1.5339492503311163e-12,6.864208656509633e-12,,
hsa-miR-186,hsa-miR-497,miRNA,miRNA,miRNA-miRNA,,0.6026749264527838,,,0.6026749264527838,1.63396086141631e-12,7.255003603073527e-12,,
hsa-miR-186,hsa-miR-194,miRNA,miRNA,miRNA-miRNA,,0.5455917364989079,,,0.5455917364989079,4.128703041356987e-10,1.4048815361626792e-09,,
hsa-miR-186,hsa-miR-195,miRNA,miRNA,miRNA-miRNA,,0.5264254667157887,,,0.5264254667157887,2.1159220845677075e-09,6.725609483090214e-09,,
hsa-miR-186,hsa-miR-1274a,miRNA,miRNA,miRNA-miRNA,,0.5251078956547668,,,0.5251078956547668,2.358726473822714e-09,7.467746662181793e-09,,
hsa-miR-186,hsa-miR-187,miRNA,miRNA,miRNA-miRNA,,0.39673091828880114,,,0.39673091828880114,1.3593298506424269e-05,2.9879890514944676e-05,,
hsa-miR-187,hsa-miR-362-3p,miRNA,miRNA,miRNA-miRNA,,0.5574843672868965,,,0.5574843672868965,1.4206065303300296e-10,5.07088159890532e-10,,
hsa-miR-187,hsa-miR-660,miRNA,miRNA,miRNA-miRNA,,0.5470911814057999,,,0.5470911814057999,3.617356674148915e-10,1.237191586675184e-09,,
hsa-miR-187,hsa-miR-425,miRNA,miRNA,miRNA-miRNA,,0.5271065567631146,,,0.5271065567631146,2.000013079005425e-09,6.382511857702572e-09,,
hsa-miR-187,hsa-miR-532-5p,miRNA,miRNA,miRNA-miRNA,,0.5055349956696277,,,0.5055349956696277,1.1229295021795009e-08,3.343741751843049e-08,,
hsa-miR-187,hsa-miR-194,miRNA,miRNA,miRNA-miRNA,,0.48772921199364466,,,0.48772921199364466,4.274340432327715e-08,1.2192830079396367e-07,,
hsa-miR-187,hsa-miR-509-3p,miRNA,miRNA,miRNA-miRNA,,0.4512327892098385,,,0.4512327892098385,5.2774061878153e-07,1.3636136633677598e-06,,
hsa-miR-187,hsa-miR-490-3p,miRNA,miRNA,miRNA-miRNA,,0.4421588192180562,,,0.4421588192180562,9.433710301508032e-07,2.3717520249554095e-06,,
hsa-miR-187,hsa-miR-340,miRNA,miRNA,miRNA-miRNA,,0.43749773467535924,,,0.43749773467535924,1.263155390405818e-06,3.136352968738562e-06,,
hsa-miR-187,hsa-miR-454,miRNA,miRNA,miRNA-miRNA,,0.4187200427638091,,,0.4187200427638091,3.921999653016091e-06,9.11642983768395e-06,,
hsa-miR-187,hsa-miR-374a,miRNA,miRNA,miRNA-miRNA,,0.41711822348454464,,,0.41711822348454464,4.306560912752945e-06,9.929635265155753e-06,,
hsa-miR-187,hsa-miR-374b,miRNA,miRNA,miRNA-miRNA,,0.40829083616916684,,,0.40829083616916684,7.149812556291378e-06,1.6069023169442742e-05,,
hsa-miR-187,hsa-miR-210,miRNA,miRNA,miRNA-miRNA,,0.3983448237593575,,,0.3983448237593575,1.2444867649766799e-05,2.746098894617963e-05,,
hsa-miR-187,hsa-miR-1978,miRNA,miRNA,miRNA-miRNA,,0.39594785032389196,,,0.39594785032389196,1.4185771816996357e-05,3.1041294156566804e-05,,
hsa-miR-187,hsa-miR-1979,miRNA,miRNA,miRNA-miRNA,,0.37952456062086914,,,0.37952456062086914,3.386955787850634e-05,7.057626394558683e-05,,
hsa-miR-187,hsa-miR-484,miRNA,miRNA,miRNA-miRNA,,0.3774936043843451,,,0.3774936043843451,3.7597809211870044e-05,7.793955791591072e-05,,
hsa-miR-187,hsa-miR-1274a,miRNA,miRNA,miRNA-miRNA,,0.37420676089884747,,,0.37420676089884747,4.445559534128461e-05,9.093189956171853e-05,,
hsa-miR-194,hsa-miR-454,miRNA,miRNA,miRNA-miRNA,,0.6005537340264209,,,0.6005537340264209,2.047002245566762e-12,8.999170135559695e-12,,
hsa-miR-194,hsa-miR-362-3p,miRNA,miRNA,miRNA-miRNA,,0.5958856469103998,,,0.5958856469103998,3.3419365049938503e-12,1.4376429325993954e-11,,
hsa-miR-194,hsa-miR-455-5p,miRNA,miRNA,miRNA-miRNA,,0.5748539995565715,,,0.5748539995565715,2.7667671361338544e-11,1.0671811159333337e-10,,
hsa-miR-194,hsa-miR-490-3p,miRNA,miRNA,miRNA-miRNA,,0.5673877802437735,,,0.5673877802437735,5.655114389630151e-11,2.1107859394658674e-10,,
hsa-miR-194,hsa-miR-660,miRNA,miRNA,miRNA-miRNA,,0.5634067786659627,,,0.5634067786659627,8.219329292448726e-11,3.011748748056464e-10,,
hsa-miR-194,hsa-miR-509-3p,miRNA,miRNA,miRNA-miRNA,,0.5519674107005962,,,0.5519674107005962,2.3425007579592695e-10,8.200800293380135e-10,,
hsa-miR-194,hsa-miR-340,miRNA,miRNA,miRNA-miRNA,,0.5511856255868213,,,0.5511856255868213,2.5126947958310646e-10,8.75073274548123e-10,,
hsa-miR-194,hsa-miR-425,miRNA,miRNA,miRNA-miRNA,,0.5329828292602796,,,0.5329828292602796,1.223696641766669e-09,3.971560008326993e-09,,
hsa-miR-194,hsa-miR-708,miRNA,miRNA,miRNA-miRNA,,0.5314740316598279,,,0.5314740316598279,1.3894597960808096e-09,4.491353093868961e-09,,
hsa-miR-194,hsa-miR-374a,miRNA,miRNA,miRNA-miRNA,,0.5037885833373281,,,0.5037885833373281,1.2845984543986202e-08,3.8138004520878234e-08,,
hsa-miR-194,hsa-miR-200a,miRNA,miRNA,miRNA-miRNA,,0.5014895045705312,,,0.5014895045705312,1.531687969187303e-08,4.517238819289506e-08,,
hsa-miR-194,hsa-miR-429,miRNA,miRNA,miRNA-miRNA,,0.49731935985336906,,,0.49731935985336906,2.1004985667896418e-08,6.140508583936143e-08,,
hsa-miR-194,hsa-miR-200b,miRNA,miRNA,miRNA-miRNA,,0.4906422501811941,,,0.4906422501811941,3.452597964775532e-08,9.940801472987783e-08,,
hsa-miR-194,hsa-miR-1978,miRNA,miRNA,miRNA-miRNA,,0.4882571789795459,,,0.4882571789795459,4.11270649488482e-08,1.1773688000009796e-07,,
hsa-miR-194,hsa-miR-484,miRNA,miRNA,miRNA-miRNA,,0.4846233980749025,,,0.4846233980749025,5.35528109342438e-08,1.5168246661361133e-07,,
hsa-miR-194,hsa-miR-1290,miRNA,miRNA,miRNA-miRNA,,0.46070473615611474,,,0.46070473615611474,2.8262119350628743e-07,7.51592217790625e-07,,
hsa-miR-194,hsa-miR-374b,miRNA,miRNA,miRNA-miRNA,,0.4560870974781459,,,0.4560870974781459,3.8410133892553187e-07,1.0080772361708749e-06,,
hsa-miR-194,hsa-miR-2117,miRNA,miRNA,miRNA-miRNA,,0.45515207119505496,,,0.45515207119505496,4.0849640143568384e-07,1.0706990103075352e-06,,
hsa-miR-194,hsa-miR-934,miRNA,miRNA,miRNA-miRNA,,0.4532703176225896,,,0.4532703176225896,4.621330873089042e-07,1.2034089822315743e-06,,
hsa-miR-194,hsa-miR-1975,miRNA,miRNA,miRNA-miRNA,,0.4518858690742329,,,0.4518858690742329,5.058034862823305e-07,1.308619484858355e-06,,
hsa-miR-194,hsa-miR-200c,miRNA,miRNA,miRNA-miRNA,,0.448513209321066,,,0.448513209321066,6.292059547363414e-07,1.6081492333880327e-06,,
hsa-miR-194,hsa-miR-1299,miRNA,miRNA,miRNA-miRNA,,0.4366984924606786,,,0.4366984924606786,1.3274140800397634e-06,3.2857190300118986e-06,,
hsa-miR-194,hsa-miR-203,miRNA,miRNA,miRNA-miRNA,,0.43115632511016583,,,0.43115632511016583,1.866106066820578e-06,4.532295207772235e-06,,
hsa-miR-194,hsa-miR-421,miRNA,miRNA,miRNA-miRNA,,0.42066779577143565,,,0.42066779577143565,3.4980820446760438e-06,8.188158326135988e-06,,
hsa-miR-194,hsa-miR-532-5p,miRNA,miRNA,miRNA-miRNA,,0.40005719083429037,,,0.40005719083429037,1.132656314052911e-05,2.5048528645952007e-05,,
hsa-miR-194,hsa-miR-1979,miRNA,miRNA,miRNA-miRNA,,0.37082269639949506,,,0.37082269639949506,5.272659207724061e-05,0.0001068133542080671,,
hsa-miR-195,hsa-miR-497,miRNA,miRNA,miRNA-miRNA,,0.942493484509199,,,0.942493484509199,1.1797574005196402e-54,7.874880648468598e-52,,
hsa-miR-195,hsa-miR-199a-5p,miRNA,miRNA,miRNA-miRNA,,0.5728194080592381,,,0.5728194080592381,3.367835782439911e-11,1.2882695614777309e-10,,
hsa-miR-195,hsa-miR-374b,miRNA,miRNA,miRNA-miRNA,,0.5421497655682875,,,0.5421497655682875,5.57906219751498e-10,1.8635649792366554e-09,,
hsa-miR-195,hsa-miR-490-3p,miRNA,miRNA,miRNA-miRNA,,0.5418091881255487,,,0.5418091881255487,5.746697655758245e-10,1.9179603426093145e-09,,
hsa-miR-195,hsa-miR-532-5p,miRNA,miRNA,miRNA-miRNA,,0.5179681652329117,,,0.5179681652329117,4.215546147100958e-09,1.305743412153081e-08,,
hsa-miR-195,hsa-miR-509-3p,miRNA,miRNA,miRNA-miRNA,,0.5131086173720415,,,0.5131086173720415,6.211468252269986e-09,1.894663393019139e-08,,
hsa-miR-195,hsa-miR-660,miRNA,miRNA,miRNA-miRNA,,0.5096736039538653,,,0.5096736039538653,8.139646296309871e-09,2.4584678293153118e-08,,
hsa-miR-195,hsa-miR-216a,miRNA,miRNA,miRNA-miRNA,,0.48296600998000816,,,0.48296600998000816,6.03443574335306e-08,1.703165267944257e-07,,
hsa-miR-195,hsa-miR-374a,miRNA,miRNA,miRNA-miRNA,,0.48283956908143005,,,0.48283956908143005,6.089495982689226e-08,1.716286517288554e-07,,
hsa-miR-195,hsa-miR-484,miRNA,miRNA,miRNA-miRNA,,0.4810686203349566,,,0.4810686203349566,6.912961616157472e-08,1.9415435675112674e-07,,
hsa-miR-195,hsa-miR-454,miRNA,miRNA,miRNA-miRNA,,0.4720635941028273,,,0.4720635941028273,1.3031359022001877e-07,3.5863125893750685e-07,,
hsa-miR-195,hsa-miR-340,miRNA,miRNA,miRNA-miRNA,,0.44441836001460894,,,0.44441836001460894,8.176091904758174e-07,2.0659462510130275e-06,,
hsa-miR-195,hsa-miR-362-3p,miRNA,miRNA,miRNA-miRNA,,0.4385802227913077,,,0.4385802227913077,1.1808165510740898e-06,2.9446888462339534e-06,,
hsa-miR-195,hsa-miR-451,miRNA,miRNA,miRNA-miRNA,,0.4260875578295259,,,0.4260875578295259,2.5348889284808332e-06,6.0286402366779915e-06,,
hsa-miR-195,hsa-miR-548g,miRNA,miRNA,miRNA-miRNA,,0.4133541243547138,,,0.4133541243547138,5.355177078376314e-06,1.2262712520810256e-05,,
hsa-miR-195,hsa-miR-200a,miRNA,miRNA,miRNA-miRNA,,0.4075567535793162,,,0.4075567535793162,7.452878778459015e-06,1.67407624833025e-05,,
hsa-miR-195,hsa-miR-200b,miRNA,miRNA,miRNA-miRNA,,0.3719996157947291,,,0.3719996157947291,4.96993779071869e-05,0.00010103858300420484,,
hsa-miR-195,hsa-miR-1975,miRNA,miRNA,miRNA-miRNA,,0.37006783825369166,,,0.37006783825369166,5.475800125559066e-05,0.00011048150883054942,,
hsa-miR-199a-5p,hsa-miR-216a,miRNA,miRNA,miRNA-miRNA,,0.5283392207411346,,,0.5283392207411346,1.8055682646215684e-09,5.7711898641734885e-09,,
hsa-miR-199a-5p,hsa-miR-497,miRNA,miRNA,miRNA-miRNA,,0.45542949701999763,,,0.45542949701999763,4.0110858921769735e-07,1.0520235100306994e-06,,
hsa-miR-200a,hsa-miR-200b,miRNA,miRNA,miRNA-miRNA,,0.8842407735521266,,,0.8842407735521266,1.6907169227571248e-38,3.3856606378211424e-36,,
hsa-miR-200a,hsa-miR-429,miRNA,miRNA,miRNA-miRNA,,0.8756630701864885,,,0.8756630701864885,7.0016881130948e-37,1.3353219472830797e-34,,
hsa-miR-200a,hsa-miR-374a,miRNA,miRNA,miRNA-miRNA,,0.8279901748672756,,,0.8279901748672756,1.178377431937576e-29,9.832086697729149e-28,,
hsa-miR-200a,hsa-miR-374b,miRNA,miRNA,miRNA-miRNA,,0.7689224124728367,,,0.7689224124728367,2.668064532727301e-23,6.938700294527817e-22,,
hsa-miR-200a,hsa-miR-200c,miRNA,miRNA,miRNA-miRNA,,0.757586459746351,,,0.757586459746351,2.702980581920892e-22,5.580122283810914e-21,,
hsa-miR-200a,hsa-miR-484,miRNA,miRNA,miRNA-miRNA,,0.7506541228178103,,,0.7506541228178103,1.0473039809802727e-21,1.9240607540486204e-20,,
hsa-miR-200a,hsa-miR-340,miRNA,miRNA,miRNA-miRNA,,0.7444078114391837,,,0.7444078114391837,3.4182605768583726e-21,5.760059567013974e-20,,
hsa-miR-200a,hsa-miR-490-3p,miRNA,miRNA,miRNA-miRNA,,0.7275062701623847,,,0.7275062701623847,7.11516592362095e-20,9.725679018464814e-19,,
hsa-miR-200a,hsa-miR-454,miRNA,miRNA,miRNA-miRNA,,0.71652372272006,,,0.71652372272006,4.541943105928443e-19,5.446252137498028e-18,,
hsa-miR-200a,hsa-miR-1979,miRNA,miRNA,miRNA-miRNA,,0.6737642299363673,,,0.6737642299363673,2.8928077206182824e-16,2.1336454734947e-15,,
hsa-miR-200a,hsa-miR-425,miRNA,miRNA,miRNA-miRNA,,0.6380458451614723,,,0.6380458451614723,2.9402664748075086e-14,1.6377979459810948e-13,,
hsa-miR-200a,hsa-miR-1274a,miRNA,miRNA,miRNA-miRNA,,0.6352793271359717,,,0.6352793271359717,4.1018668581306784e-14,2.2140130413495104e-13,,
hsa-miR-200a,hsa-miR-455-5p,miRNA,miRNA,miRNA-miRNA,,0.6341406826806845,,,0.6341406826806845,4.6997199963776657e-14,2.5117244473717284e-13,,
hsa-miR-200a,hsa-miR-660,miRNA,miRNA,miRNA-miRNA,,0.6285449229294641,,,0.6285449229294641,9.098047623497286e-14,4.677494317343598e-13,,
hsa-miR-200a,hsa-miR-509-3p,miRNA,miRNA,miRNA-miRNA,,0.5832309993332393,,,0.5832309993332393,1.2139418260385973e-11,4.920887665267796e-11,,
hsa-miR-200a,hsa-miR-532-5p,miRNA,miRNA,miRNA-miRNA,,0.5817648369494841,,,0.5817648369494841,1.4045973349320408e-11,5.619792533868954e-11,,
hsa-miR-200a,hsa-miR-362-3p,miRNA,miRNA,miRNA-miRNA,,0.5581702991513224,,,0.5581702991513224,1.3341039124891104e-10,4.779146842145694e-10,,
hsa-miR-200a,hsa-miR-210,miRNA,miRNA,miRNA-miRNA,,0.5237077275369254,,,0.5237077275369254,2.6460161979140577e-09,8.344326671374646e-09,,
hsa-miR-200a,hsa-miR-1975,miRNA,miRNA,miRNA-miRNA,,0.5087634585911097,,,0.5087634585911097,8.739727663479288e-09,2.6297978431430916e-08,,
hsa-miR-200a,hsa-miR-497,miRNA,miRNA,miRNA-miRNA,,0.45345352543547834,,,0.45345352543547834,4.56630283569768e-07,1.1898531461918808e-06,,
hsa-miR-200a,hsa-miR-203,miRNA,miRNA,miRNA-miRNA,,0.4192211684877417,,,0.4192211684877417,3.808516833056893e-06,8.883581780077379e-06,,
hsa-miR-200a,hsa-miR-548g,miRNA,miRNA,miRNA-miRNA,,0.40030105400511107,,,0.40030105400511107,1.1175222899109986e-05,2.4741165124895242e-05,,
hsa-miR-200a,hsa-miR-934,miRNA,miRNA,miRNA-miRNA,,0.3752620335339338,,,0.3752620335339338,4.213568027733357e-05,8.654020487729279e-05,,
hsa-miR-200b,hsa-miR-429,miRNA,miRNA,miRNA-miRNA,,0.909804828881495,,,0.909804828881495,3.358282181946598e-44,1.120826678224677e-41,,
hsa-miR-200b,hsa-miR-200c,miRNA,miRNA,miRNA-miRNA,,0.8039094630881444,,,0.8039094630881444,8.361328059955039e-27,4.65098873334999e-25,,
hsa-miR-200b,hsa-miR-374a,miRNA,miRNA,miRNA-miRNA,,0.7309790151010479,,,0.7309790151010479,3.885384118456089e-20,5.597468846912459e-19,,
hsa-miR-200b,hsa-miR-374b,miRNA,miRNA,miRNA-miRNA,,0.6875237350134306,,,0.6875237350134306,4.088261730221572e-17,3.4894195093181813e-16,,
hsa-miR-200b,hsa-miR-484,miRNA,miRNA,miRNA-miRNA,,0.6112858325871594,,,0.6112858325871594,6.432757823597997e-13,3.045294927128839e-12,,
hsa-miR-200b,hsa-miR-340,miRNA,miRNA,miRNA-miRNA,,0.6092670636735006,,,0.6092670636735006,8.024313437293338e-13,3.780867684277626e-12,,
hsa-miR-200b,hsa-miR-455-5p,miRNA,miRNA,miRNA-miRNA,,0.6020592933446911,,,0.6020592933446911,1.7447076771184728e-12,7.729595405818013e-12,,
hsa-miR-200b,hsa-miR-1979,miRNA,miRNA,miRNA-miRNA,,0.5998211721063329,,,0.5998211721063329,2.2118384219170586e-12,9.653995933701198e-12,,
hsa-miR-200b,hsa-miR-454,miRNA,miRNA,miRNA-miRNA,,0.5976084294113747,,,0.5976084294113747,2.7914730555365393e-12,1.2112513095800477e-11,,
hsa-miR-200b,hsa-miR-425,miRNA,miRNA,miRNA-miRNA,,0.5909089543081919,,,0.5909089543081919,5.587393395083862e-12,2.3505788390032425e-11,,
hsa-miR-200b,hsa-miR-490-3p,miRNA,miRNA,miRNA-miRNA,,0.5844373404022777,,,0.5844373404022777,1.0760530079679505e-11,4.3930604453737424e-11,,
hsa-miR-200b,hsa-miR-660,miRNA,miRNA,miRNA-miRNA,,0.5364200061257891,,,0.5364200061257891,9.140466612242143e-10,2.9981628814111204e-09,,
hsa-miR-200b,hsa-miR-532-5p,miRNA,miRNA,miRNA-miRNA,,0.4925486139422036,,,0.4925486139422036,2.999138323790748e-08,8.68514026520748e-08,,
hsa-miR-200b,hsa-miR-1274a,miRNA,miRNA,miRNA-miRNA,,0.47157186237503906,,,0.47157186237503906,1.3483353012299727e-07,3.703760549674925e-07,,
hsa-miR-200b,hsa-miR-362-3p,miRNA,miRNA,miRNA-miRNA,,0.4593088756571454,,,0.4593088756571454,3.10233527581126e-07,8.217495224619111e-07,,
hsa-miR-200b,hsa-miR-210,miRNA,miRNA,miRNA-miRNA,,0.4536751011069435,,,0.4536751011069435,4.5005833792801e-07,1.1734919553396354e-06,,
hsa-miR-200b,hsa-miR-509-3p,miRNA,miRNA,miRNA-miRNA,,0.42794576135132834,,,0.42794576135132834,2.2669543972070353e-06,5.436618180128249e-06,,
hsa-miR-200b,hsa-miR-1975,miRNA,miRNA,miRNA-miRNA,,0.42727791693116796,,,0.42727791693116796,2.3600043401097424e-06,5.642876049038518e-06,,
hsa-miR-200b,hsa-miR-497,miRNA,miRNA,miRNA-miRNA,,0.42079920379190183,,,0.42079920379190183,3.471101073628873e-06,8.139203629908452e-06,,
hsa-miR-200b,hsa-miR-203,miRNA,miRNA,miRNA-miRNA,,0.3858363217792455,,,0.3858363217792455,2.437430745617309e-05,5.170503250104514e-05,,
hsa-miR-200c,hsa-miR-429,miRNA,miRNA,miRNA-miRNA,,0.7109090443433906,,,0.7109090443433906,1.1332113804501777e-18,1.2642093533991536e-17,,
hsa-miR-200c,hsa-miR-374a,miRNA,miRNA,miRNA-miRNA,,0.6474193852741097,,,0.6474193852741097,9.27714864622493e-15,5.5207994544027997e-14,,
hsa-miR-200c,hsa-miR-1979,miRNA,miRNA,miRNA-miRNA,,0.620036279467043,,,0.620036279467043,2.4223746567358826e-13,1.1933100246281931e-12,,
hsa-miR-200c,hsa-miR-455-5p,miRNA,miRNA,miRNA-miRNA,,0.5947854812200025,,,0.5947854812200025,3.746895595242133e-12,1.6032389806564895e-11,,
hsa-miR-200c,hsa-miR-1274a,miRNA,miRNA,miRNA-miRNA,,0.5852969822412042,,,0.5852969822412042,9.87159592263223e-12,4.050793203908e-11,,
hsa-miR-200c,hsa-miR-340,miRNA,miRNA,miRNA-miRNA,,0.5772754275106656,,,0.5772754275106656,2.1857232298379735e-11,8.515390598736463e-11,,
hsa-miR-200c,hsa-miR-374b,miRNA,miRNA,miRNA-miRNA,,0.5763797869964522,,,0.5763797869964522,2.3853943865061674e-11,9.225708661741183e-11,,
hsa-miR-200c,hsa-miR-484,miRNA,miRNA,miRNA-miRNA,,0.5758085280035415,,,0.5758085280035415,2.5218265648852213e-11,9.739551969494032e-11,,
hsa-miR-200c,hsa-miR-425,miRNA,miRNA,miRNA-miRNA,,0.5365628346359512,,,0.5365628346359512,9.029681298899402e-10,2.9691193433573157e-09,,
hsa-miR-200c,hsa-miR-454,miRNA,miRNA,miRNA-miRNA,,0.5331734038390807,,,0.5331734038390807,1.204164201224699e-09,3.91133627405103e-09,,
hsa-miR-200c,hsa-miR-490-3p,miRNA,miRNA,miRNA-miRNA,,0.4779768542098751,,,0.4779768542098751,8.611647706502866e-08,2.3967789481962457e-07,,
hsa-miR-200c,hsa-miR-1308,miRNA,miRNA,miRNA-miRNA,,0.43805330512000845,,,0.43805330512000845,1.2202386732952886e-06,3.037324976101697e-06,,
hsa-miR-200c,hsa-miR-210,miRNA,miRNA,miRNA-miRNA,,0.43518171120335447,,,0.43518171120335447,1.457981805554183e-06,3.591154447259842e-06,,
hsa-miR-200c,hsa-miR-1978,miRNA,miRNA,miRNA-miRNA,,0.41998198521624724,,,0.41998198521624724,3.642142718728401e-06,8.510374322349618e-06,,
hsa-miR-200c,hsa-miR-362-3p,miRNA,miRNA,miRNA-miRNA,,0.40876438509301016,,,0.40876438509301016,6.960516988488693e-06,1.5696436114243927e-05,,
hsa-miR-200c,hsa-miR-203,miRNA,miRNA,miRNA-miRNA,,0.40520284434813497,,,0.40520284434813497,8.508461942041651e-06,1.903708942898146e-05,,
hsa-miR-200c,hsa-miR-660,miRNA,miRNA,miRNA-miRNA,,0.4042291315858427,,,0.4042291315858427,8.985050342319165e-06,2.0069786180138457e-05,,
hsa-miR-200c,hsa-miR-1975,miRNA,miRNA,miRNA-miRNA,,0.39885126756247496,,,0.39885126756247496,1.2103742507790054e-05,2.672298166686834e-05,,
hsa-miR-200c,hsa-miR-205,miRNA,miRNA,miRNA-miRNA,,0.3981765648697653,,,0.3981765648697653,1.2560190033530885e-05,2.770019883496211e-05,,
hsa-miR-200c,hsa-miR-532-5p,miRNA,miRNA,miRNA-miRNA,,0.38972314648451967,,,0.38972314648451967,1.9837122786761485e-05,4.2690852638892934e-05,,
hsa-miR-200c,hsa-miR-1290,miRNA,miRNA,miRNA-miRNA,,0.36924242432525034,,,0.36924242432525034,5.706286408136297e-05,0.00011484259831450186,,
hsa-miR-200c,hsa-miR-1246,miRNA,miRNA,miRNA-miRNA,,0.36769930041993104,,,0.36769930041993104,6.161680916513962e-05,0.00012351117152471682,,
hsa-miR-203,hsa-miR-429,miRNA,miRNA,miRNA-miRNA,,0.43418037818242317,,,0.43418037818242317,1.550755701439888e-06,3.7963182055420243e-06,,
hsa-miR-203,hsa-miR-454,miRNA,miRNA,miRNA-miRNA,,0.41564827101250723,,,0.41564827101250723,4.690579468520715e-06,1.0784024553057098e-05,,
hsa-miR-203,hsa-miR-490-3p,miRNA,miRNA,miRNA-miRNA,,0.4083798895014116,,,0.4083798895014116,7.113847852396567e-06,1.6006157667892277e-05,,
hsa-miR-203,hsa-miR-425,miRNA,miRNA,miRNA-miRNA,,0.39162250565564677,,,0.39162250565564677,1.79206638360242e-05,3.877485611198105e-05,,
hsa-miR-203,hsa-miR-374a,miRNA,miRNA,miRNA-miRNA,,0.3716025944083344,,,0.3716025944083344,5.070192874267016e-05,0.00010302446707985489,,
hsa-miR-205,hsa-miR-548g,miRNA,miRNA,miRNA-miRNA,,0.8169019093293182,,,0.8169019093293182,2.7295046604937574e-28,1.9520832437995532e-26,,
hsa-miR-205,hsa-miR-484,miRNA,miRNA,miRNA-miRNA,,0.4434431248422966,,,0.4434431248422966,8.697998578875819e-07,2.193670296498593e-06,,
hsa-miR-205,hsa-miR-497,miRNA,miRNA,miRNA-miRNA,,0.3763245098347011,,,0.3763245098347011,3.991475287618033e-05,8.23588795822268e-05,,
hsa-miR-210,hsa-miR-1274a,miRNA,miRNA,miRNA-miRNA,,0.5185596698813012,,,0.5185596698813012,4.019596672940853e-09,1.2481918451146193e-08,,
hsa-miR-210,hsa-miR-425,miRNA,miRNA,miRNA-miRNA,,0.5084366166381304,,,0.5084366166381304,8.965398143305917e-09,2.6956771444399546e-08,,
hsa-miR-210,hsa-miR-374a,miRNA,miRNA,miRNA-miRNA,,0.4922931766714276,,,0.4922931766714276,3.056410529120417e-08,8.838212396481783e-08,,
hsa-miR-210,hsa-miR-429,miRNA,miRNA,miRNA-miRNA,,0.4879584103040588,,,0.4879584103040588,4.203440373888949e-08,1.2016258884671836e-07,,
hsa-miR-210,hsa-miR-1979,miRNA,miRNA,miRNA-miRNA,,0.4868258093446671,,,0.4868258093446671,4.565095040796645e-08,1.2994460297363584e-07,,
hsa-miR-210,hsa-miR-374b,miRNA,miRNA,miRNA-miRNA,,0.47002040743770274,,,0.47002040743770274,1.5009535223229124e-07,4.1060921153710824e-07,,
hsa-miR-210,hsa-miR-340,miRNA,miRNA,miRNA-miRNA,,0.4393281942753509,,,0.4393281942753509,1.126926336915019e-06,2.8155583152493147e-06,,
hsa-miR-210,hsa-miR-484,miRNA,miRNA,miRNA-miRNA,,0.4188537145083803,,,0.4188537145083803,3.891420233855123e-06,9.050602808704859e-06,,
hsa-miR-210,hsa-miR-454,miRNA,miRNA,miRNA-miRNA,,0.41742447763844936,,,0.41742447763844936,4.230385227133246e-06,9.765240826898358e-06,,
hsa-miR-210,hsa-miR-532-5p,miRNA,miRNA,miRNA-miRNA,,0.3976488242918255,,,0.3976488242918255,1.2928454823674381e-05,2.8465344457842715e-05,,
hsa-miR-210,hsa-miR-490-3p,miRNA,miRNA,miRNA-miRNA,,0.39655203500018743,,,0.39655203500018743,1.3726554187705705e-05,3.0156253166078634e-05,,
hsa-miR-210,hsa-miR-660,miRNA,miRNA,miRNA-miRNA,,0.39250726077146636,,,0.39250726077146636,1.7088630438605532e-05,3.7034613044705174e-05,,
hsa-miR-210,hsa-miR-1246,miRNA,miRNA,miRNA-miRNA,,0.38543048131344554,,,0.38543048131344554,2.4900475233520463e-05,5.270951549167519e-05,,
hsa-miR-216a,hsa-miR-509-3p,miRNA,miRNA,miRNA-miRNA,,0.5818546922521901,,,0.5818546922521901,1.3921248765067223e-11,5.581041171581004e-11,,
hsa-miR-216a,hsa-miR-490-3p,miRNA,miRNA,miRNA-miRNA,,0.5444896252344772,,,0.5444896252344772,4.548201098365365e-10,1.5397756043071248e-09,,
hsa-miR-216a,hsa-miR-548g,miRNA,miRNA,miRNA-miRNA,,0.4692365598568018,,,0.4692365598568018,1.5841937184995524e-07,4.316119620810005e-07,,
hsa-miR-216a,hsa-miR-497,miRNA,miRNA,miRNA-miRNA,,0.42577402259990516,,,0.42577402259990516,2.5829543054037004e-06,6.135665476359324e-06,,
hsa-miR-216a,hsa-miR-484,miRNA,miRNA,miRNA-miRNA,,0.3901406343566181,,,0.3901406343566181,1.9400063755268772e-05,4.179518845607931e-05,,
hsa-miR-340,hsa-miR-374a,miRNA,miRNA,miRNA-miRNA,,0.7842501793019242,,,0.7842501793019242,9.365173005604302e-25,3.261523294560455e-23,,
hsa-miR-340,hsa-miR-374b,miRNA,miRNA,miRNA-miRNA,,0.7471791414542848,,,0.7471791414542848,2.0310892216444007e-21,3.5521887915658624e-20,,
hsa-miR-340,hsa-miR-454,miRNA,miRNA,miRNA-miRNA,,0.7161847187341019,,,0.7161847187341019,4.8027189049038735e-19,5.724669408970242e-18,,
hsa-miR-340,hsa-miR-660,miRNA,miRNA,miRNA-miRNA,,0.7097519041743109,,,0.7097519041743109,1.3644975690454323e-18,1.485003468485586e-17,,
hsa-miR-340,hsa-miR-425,miRNA,miRNA,miRNA-miRNA,,0.696569558974939,,,0.696569558974939,1.063796467084893e-17,1.0192595336543054e-16,,
hsa-miR-340,hsa-miR-484,miRNA,miRNA,miRNA-miRNA,,0.6880764767294013,,,0.6880764767294013,3.770695462561969e-17,3.2337548881286266e-16,,
hsa-miR-340,hsa-miR-362-3p,miRNA,miRNA,miRNA-miRNA,,0.6825112667058798,,,0.6825112667058798,8.442624390557627e-17,6.803362310700865e-16,,
hsa-miR-340,hsa-miR-429,miRNA,miRNA,miRNA-miRNA,,0.681198964904853,,,0.681198964904853,1.0183540819627816e-16,8.07099364914554e-16,,
hsa-miR-340,hsa-miR-532-5p,miRNA,miRNA,miRNA-miRNA,,0.6324492788128446,,,0.6324492788128446,5.746431202943577e-14,3.016311529199086e-13,,
hsa-miR-340,hsa-miR-1979,miRNA,miRNA,miRNA-miRNA,,0.6285282518598873,,,0.6285282518598873,9.115788546219026e-14,4.680606811231692e-13,,
hsa-miR-340,hsa-miR-455-5p,miRNA,miRNA,miRNA-miRNA,,0.6135852466813522,,,0.6135852466813522,4.991210890082612e-13,2.391124355835031e-12,,
hsa-miR-340,hsa-miR-490-3p,miRNA,miRNA,miRNA-miRNA,,0.600457754144647,,,0.600457754144647,2.067902382552452e-12,9.081084476011591e-12,,
hsa-miR-340,hsa-miR-1274a,miRNA,miRNA,miRNA-miRNA,,0.5515075645745883,,,0.5515075645745883,2.441213931470936e-10,8.524029464290408e-10,,
hsa-miR-340,hsa-miR-509-3p,miRNA,miRNA,miRNA-miRNA,,0.5359495289360576,,,0.5359495289360576,9.514714202428455e-10,3.1158160572956636e-09,,
hsa-miR-340,hsa-miR-497,miRNA,miRNA,miRNA-miRNA,,0.5139451890805299,,,0.5139451890805299,5.813025823408278e-09,1.779905842717902e-08,,
hsa-miR-340,hsa-miR-1975,miRNA,miRNA,miRNA-miRNA,,0.4693877929989332,,,0.4693877929989332,1.5677983369472608e-07,4.2743582978037985e-07,,
hsa-miR-362-3p,hsa-miR-660,miRNA,miRNA,miRNA-miRNA,,0.8618468893184472,,,0.8618468893184472,1.6347686577124511e-34,2.518172490053218e-32,,
hsa-miR-362-3p,hsa-miR-532-5p,miRNA,miRNA,miRNA-miRNA,,0.7793636074642516,,,0.7793636074642516,2.804677206671735e-24,9.132302611967723e-23,,
hsa-miR-362-3p,hsa-miR-454,miRNA,miRNA,miRNA-miRNA,,0.6928072873783166,,,0.6928072873783166,1.873442857388065e-17,1.7130453524747034e-16,,
hsa-miR-362-3p,hsa-miR-425,miRNA,miRNA,miRNA-miRNA,,0.650765657381968,,,0.650765657381968,6.0858542011763345e-15,3.704231926399881e-14,,
hsa-miR-362-3p,hsa-miR-374a,miRNA,miRNA,miRNA-miRNA,,0.6274946266024006,,,0.6274946266024006,1.0283724473866946e-13,5.253356698703714e-13,,
hsa-miR-362-3p,hsa-miR-490-3p,miRNA,miRNA,miRNA-miRNA,,0.6035470054653517,,,0.6035470054653517,1.4886485490200962e-12,6.6914000435751795e-12,,
hsa-miR-362-3p,hsa-miR-509-3p,miRNA,miRNA,miRNA-miRNA,,0.6034816457451291,,,0.6034816457451291,1.499091017671692e-12,6.723246949356244e-12,,
hsa-miR-362-3p,hsa-miR-374b,miRNA,miRNA,miRNA-miRNA,,0.5963870663483424,,,0.5963870663483424,3.171729271505687e-12,1.3717900358941983e-11,,
hsa-miR-362-3p,hsa-miR-484,miRNA,miRNA,miRNA-miRNA,,0.5428735040816084,,,0.5428735040816084,5.238314962772232e-10,1.7614988602773122e-09,,
hsa-miR-362-3p,hsa-miR-455-5p,miRNA,miRNA,miRNA-miRNA,,0.539448298631767,,,0.539448298631767,7.049380166903719e-10,2.337149633149784e-09,,
hsa-miR-362-3p,hsa-miR-429,miRNA,miRNA,miRNA-miRNA,,0.5328862192024544,,,0.5328862192024544,1.2337144243585874e-09,4.000830987494853e-09,,
hsa-miR-362-3p,hsa-miR-497,miRNA,miRNA,miRNA-miRNA,,0.46537372021364987,,,0.46537372021364987,2.0628898122397162e-07,5.578577783943324e-07,,
hsa-miR-362-3p,hsa-miR-1978,miRNA,miRNA,miRNA-miRNA,,0.4632977948177774,,,0.4632977948177774,2.3742113399102548e-07,6.364602688313635e-07,,
hsa-miR-362-3p,hsa-miR-708,miRNA,miRNA,miRNA-miRNA,,0.4225811492342845,,,0.4225811492342845,3.124118246994396e-06,7.373066340137039e-06,,
hsa-miR-362-3p,hsa-miR-1975,miRNA,miRNA,miRNA-miRNA,,0.422484873690516,,,0.422484873690516,3.141994171598655e-06,7.4108873128696184e-06,,
hsa-miR-362-3p,hsa-miR-1979,miRNA,miRNA,miRNA-miRNA,,0.41218046817594833,,,0.41218046817594833,5.7286337733652144e-06,1.3065591265562464e-05,,
hsa-miR-362-3p,hsa-miR-1246,miRNA,miRNA,miRNA-miRNA,,0.37069896372431915,,,0.37069896372431915,5.305467121340033e-05,0.00010731513040892339,,
hsa-miR-362-3p,TGFBI,miRNA,mRNA,miRNA-mRNA,predicted,0.035271555431585264,,,0.05366375241717911,,,52.1669,
hsa-miR-374a,hsa-miR-374b,miRNA,miRNA,miRNA-miRNA,,0.9481363045766336,,,0.9481363045766336,4.464718010143305e-57,4.470298907655984e-54,,
hsa-miR-374a,hsa-miR-454,miRNA,miRNA,miRNA-miRNA,,0.795167017448681,,,0.795167017448681,7.263535630956114e-26,3.0947298087211953e-24,,
hsa-miR-374a,hsa-miR-490-3p,miRNA,miRNA,miRNA-miRNA,,0.7651509080808382,,,0.7651509080808382,5.848544993975591e-23,1.4110495602935086e-21,,
hsa-miR-374a,hsa-miR-429,miRNA,miRNA,miRNA-miRNA,,0.755975330091171,,,0.755975330091171,3.717924384837537e-22,7.587581386524276e-21,,
hsa-miR-374a,hsa-miR-484,miRNA,miRNA,miRNA-miRNA,,0.7531431962693685,,,0.7531431962693685,6.473003542442078e-22,1.2286435633877025e-20,,
hsa-miR-374a,hsa-miR-1979,miRNA,miRNA,miRNA-miRNA,,0.715320118216114,,,0.715320118216114,5.535588714911948e-19,6.539832685316327e-18,,
hsa-miR-374a,hsa-miR-660,miRNA,miRNA,miRNA-miRNA,,0.6996086972011688,,,0.6996086972011688,6.691719635452182e-18,6.520763294400485e-17,,
hsa-miR-374a,hsa-miR-425,miRNA,miRNA,miRNA-miRNA,,0.681882461719824,,,0.681882461719824,9.237284038864448e-17,7.36958617044863e-16,,
hsa-miR-374a,hsa-miR-509-3p,miRNA,miRNA,miRNA-miRNA,,0.6519149721433412,,,0.6519149721433412,5.25904958691597e-15,3.233458613068878e-14,,
hsa-miR-374a,hsa-miR-532-5p,miRNA,miRNA,miRNA-miRNA,,0.6461295569128502,,,0.6461295569128502,1.0898892024011593e-14,6.447572017158999e-14,,
hsa-miR-374a,hsa-miR-1274a,miRNA,miRNA,miRNA-miRNA,,0.638769552256498,,,0.638769552256498,2.6935172355910625e-14,1.5087463676282806e-13,,
hsa-miR-374a,hsa-miR-455-5p,miRNA,miRNA,miRNA-miRNA,,0.6019445641837484,,,0.6019445641837484,1.7661340070429796e-12,7.798640240581184e-12,,
hsa-miR-374a,hsa-miR-1975,miRNA,miRNA,miRNA-miRNA,,0.5927357858785403,,,0.5927357858785403,4.631447648723952e-12,1.967014616451689e-11,,
hsa-miR-374a,hsa-miR-497,miRNA,miRNA,miRNA-miRNA,,0.5554638332517966,,,0.5554638332517966,1.7079860411434884e-10,6.069639835651882e-10,,
hsa-miR-374a,hsa-miR-421,miRNA,miRNA,miRNA-miRNA,,0.37661631023254233,,,0.37661631023254233,3.9324255841948326e-05,8.13080251146118e-05,,
hsa-miR-374b,hsa-miR-454,miRNA,miRNA,miRNA-miRNA,,0.7626049896258886,,,0.7626049896258886,9.852641922409216e-23,2.2809150808814398e-21,,
hsa-miR-374b,hsa-miR-490-3p,miRNA,miRNA,miRNA-miRNA,,0.7375715254837274,,,0.7375715254837274,1.200214265592719e-20,1.8999439263631778e-19,,
hsa-miR-374b,hsa-miR-484,miRNA,miRNA,miRNA-miRNA,,0.7251344362462923,,,0.7251344362462923,1.0698754430839313e-19,1.404869229361031e-18,,
hsa-miR-374b,hsa-miR-429,miRNA,miRNA,miRNA-miRNA,,0.6935540476455732,,,0.6935540476455732,1.675540841828864e-17,1.5391149246616058e-16,,
hsa-miR-374b,hsa-miR-660,miRNA,miRNA,miRNA-miRNA,,0.6832434821557907,,,0.6832434821557907,7.600862562533182e-17,6.174737233863163e-16,,
hsa-miR-374b,hsa-miR-1979,miRNA,miRNA,miRNA-miRNA,,0.6749815281121683,,,0.6749815281121683,2.443329920607732e-16,1.812136357784068e-15,,
hsa-miR-374b,hsa-miR-532-5p,miRNA,miRNA,miRNA-miRNA,,0.6522230333310343,,,0.6522230333310343,5.0566559008658565e-15,3.125294272062925e-14,,
hsa-miR-374b,hsa-miR-425,miRNA,miRNA,miRNA-miRNA,,0.6343057724119293,,,0.6343057724119293,4.60807711216364e-14,2.4705955601359276e-13,,
hsa-miR-374b,hsa-miR-509-3p,miRNA,miRNA,miRNA-miRNA,,0.6113151436554631,,,0.6113151436554631,6.41206883124399e-13,3.0390929785955245e-12,,
hsa-miR-374b,hsa-miR-497,miRNA,miRNA,miRNA-miRNA,,0.5881536362354994,,,0.5881536362354994,7.398763458767173e-12,3.073863864352959e-11,,
hsa-miR-374b,hsa-miR-1274a,miRNA,miRNA,miRNA-miRNA,,0.5855073952007969,,,0.5855073952007969,9.665069713100565e-12,3.9741893430151707e-11,,
hsa-miR-374b,hsa-miR-455-5p,miRNA,miRNA,miRNA-miRNA,,0.5641145655590204,,,0.5641145655590204,7.693457634052224e-11,2.834618015122278e-10,,
hsa-miR-374b,hsa-miR-1975,miRNA,miRNA,miRNA-miRNA,,0.5354429543571311,,,0.5354429543571311,9.93414135666345e-10,3.250509488025908e-09,,
hsa-miR-421,hsa-miR-1290,miRNA,miRNA,miRNA-miRNA,,0.7871128830745966,,,0.7871128830745966,4.860262654402027e-25,1.769577448261829e-23,,
hsa-miR-421,hsa-miR-708,miRNA,miRNA,miRNA-miRNA,,0.5470305465336589,,,0.5470305465336589,3.6367955581299525e-10,1.242778686886558e-09,,
hsa-miR-421,hsa-miR-1299,miRNA,miRNA,miRNA-miRNA,,0.4978398487797351,,,0.4978398487797351,2.0197796343607787e-08,5.913170640069385e-08,,
hsa-miR-421,hsa-miR-509-3p,miRNA,miRNA,miRNA-miRNA,,0.49750266535683485,,,0.49750266535683485,2.071724950562166e-08,6.060816966399909e-08,,
hsa-miR-421,hsa-miR-490-3p,miRNA,miRNA,miRNA-miRNA,,0.4490417373301175,,,0.4490417373301175,6.081380982028424e-07,1.5572845801166139e-06,,
hsa-miR-421,hsa-miR-1305,miRNA,miRNA,miRNA-miRNA,,0.4356636541959521,,,0.4356636541959521,1.4152295787759933e-06,3.4966036169018217e-06,,
hsa-miR-421,hsa-miR-663b,miRNA,miRNA,miRNA-miRNA,,0.43215284174663104,,,0.43215284174663104,1.7560224237742516e-06,4.277901342588734e-06,,
hsa-miR-421,hsa-miR-2117,miRNA,miRNA,miRNA-miRNA,,0.4290507527679661,,,0.4290507527679661,2.120584488455084e-06,5.110072729399886e-06,,
hsa-miR-421,hsa-miR-484,miRNA,miRNA,miRNA-miRNA,,0.3932031274102043,,,0.3932031274102043,1.6459884631685426e-05,3.580762517648025e-05,,
hsa-miR-421,hsa-miR-1979,miRNA,miRNA,miRNA-miRNA,,0.37816245295716294,,,0.37816245295716294,3.632952677853891e-05,7.546667777388399e-05,,
hsa-miR-421,hsa-miR-454,miRNA,miRNA,miRNA-miRNA,,0.37649783904228445,,,0.37649783904228445,3.956300511716385e-05,8.171729525231625e-05,,
hsa-miR-421,ATM,miRNA,mRNA,miRNA-mRNA,predicted,0.20937511843789092,,,-0.26483554501292633,,,59.8672,
hsa-miR-421,CAV1,miRNA,mRNA,miRNA-mRNA,predicted,0.0315499541341244,,,0.12882463344730954,,,52.0023,
hsa-miR-421,LCK,miRNA,mRNA,miRNA-mRNA,predicted,0.44343580368360574,,,-0.08399019062759198,,,70.2193,
hsa-miR-425,hsa-miR-429,miRNA,miRNA,miRNA-miRNA,,0.6974422825633599,,,0.6974422825633599,9.317592761028026e-18,9.013758214472765e-17,,
hsa-miR-425,hsa-miR-660,miRNA,miRNA,miRNA-miRNA,,0.6833271003153681,,,0.6833271003153681,7.51009277055438e-17,6.113398688225669e-16,,
hsa-miR-425,hsa-miR-454,miRNA,miRNA,miRNA-miRNA,,0.6610163206930051,,,0.6610163206930051,1.6178608985826665e-15,1.0657126478328256e-14,,
hsa-miR-425,hsa-miR-532-5p,miRNA,miRNA,miRNA-miRNA,,0.6155780104146192,,,0.6155780104146192,3.9993047770739185e-13,1.932112862748015e-12,,
hsa-miR-425,hsa-miR-1975,miRNA,miRNA,miRNA-miRNA,,0.6092080449077073,,,0.6092080449077073,8.076153024367905e-13,3.800821722983955e-12,,
hsa-miR-425,hsa-miR-1979,miRNA,miRNA,miRNA-miRNA,,0.5797161533157628,,,0.5797161533157628,1.7200878324055426e-11,6.753874283121762e-11,,
hsa-miR-425,hsa-miR-509-3p,miRNA,miRNA,miRNA-miRNA,,0.5585446946488563,,,0.5585446946488563,1.289054225038918e-10,4.6385104863260255e-10,,
hsa-miR-425,hsa-miR-1274a,miRNA,miRNA,miRNA-miRNA,,0.5514635606200428,,,0.5514635606200428,2.4508673785933597e-10,8.550282100406277e-10,,
hsa-miR-425,hsa-miR-484,miRNA,miRNA,miRNA-miRNA,,0.537797716758166,,,0.537797716758166,8.124206701496587e-10,2.6823947105930616e-09,,
hsa-miR-425,hsa-miR-490-3p,miRNA,miRNA,miRNA-miRNA,,0.5284527982223395,,,0.5284527982223395,1.788595775014231e-09,5.726079999146279e-09,,
hsa-miR-425,hsa-miR-455-5p,miRNA,miRNA,miRNA-miRNA,,0.45216060348940706,,,0.45216060348940706,4.968366837017943e-07,1.2879164519260104e-06,,
hsa-miR-425,hsa-miR-497,miRNA,miRNA,miRNA-miRNA,,0.42066765000341766,,,0.42066765000341766,3.498112083899794e-06,8.188158326135988e-06,,
hsa-miR-425,hsa-miR-1246,miRNA,miRNA,miRNA-miRNA,,0.4160815747876256,,,0.4160815747876256,4.57414303466192e-06,1.0528415433230453e-05,,
hsa-miR-425,hsa-miR-1978,miRNA,miRNA,miRNA-miRNA,,0.38613054421861515,,,0.38613054421861515,2.399939423010552e-05,5.096371892448176e-05,,
hsa-miR-429,hsa-miR-454,miRNA,miRNA,miRNA-miRNA,,0.6373632838762734,,,0.6373632838762734,3.192987337389231e-14,1.7589978385479875e-13,,
hsa-miR-429,hsa-miR-660,miRNA,miRNA,miRNA-miRNA,,0.6240481089403581,,,0.6240481089403581,1.5322465638785302e-13,7.748292283249385e-13,,
hsa-miR-429,hsa-miR-1979,miRNA,miRNA,miRNA-miRNA,,0.6144973846812725,,,0.6144973846812725,4.510731510470162e-13,2.1687250539535414e-12,,
hsa-miR-429,hsa-miR-484,miRNA,miRNA,miRNA-miRNA,,0.5979346681993225,,,0.5979346681993225,2.6976098783599985e-12,1.1717925773136436e-11,,
hsa-miR-429,hsa-miR-490-3p,miRNA,miRNA,miRNA-miRNA,,0.5863226576301227,,,0.5863226576301227,8.90358358430834e-12,3.6837657288383166e-11,,
hsa-miR-429,hsa-miR-532-5p,miRNA,miRNA,miRNA-miRNA,,0.5619866902716092,,,0.5619866902716092,9.380914754887098e-11,3.4186136117673184e-10,,
hsa-miR-429,hsa-miR-455-5p,miRNA,miRNA,miRNA-miRNA,,0.5619264729411172,,,0.5619264729411172,9.433515124718357e-11,3.4346570976815474e-10,,
hsa-miR-429,hsa-miR-509-3p,miRNA,miRNA,miRNA-miRNA,,0.5026323509510293,,,0.5026323509510293,1.4036594618685122e-08,4.1518878469596684e-08,,
hsa-miR-429,hsa-miR-1274a,miRNA,miRNA,miRNA-miRNA,,0.4749238317550136,,,0.4749238317550136,1.0675640415384861e-07,2.9507204874821514e-07,,
hsa-miR-429,hsa-miR-1975,miRNA,miRNA,miRNA-miRNA,,0.43260747987897824,,,0.43260747987897824,1.707870274298523e-06,4.168202589010106e-06,,
hsa-miR-429,hsa-miR-497,miRNA,miRNA,miRNA-miRNA,,0.37120538129905306,,,0.37120538129905306,5.172385821420072e-05,0.0001049412624862583,,
hsa-miR-429,PTHLH,miRNA,mRNA,miRNA-mRNA,validated,-0.1746593679528142,,,-0.1746593679528142,,,85.0002267353,Normal_vs_Metastatic
hsa-miR-429,NOTCH1,miRNA,mRNA,miRNA-mRNA,validated,0.1344257534442888,,,0.1344257534442888,,,80.9674,Normal_vs_Metastatic
hsa-miR-429,ETS1,miRNA,mRNA,miRNA-mRNA,predicted,0.23802449143057033,,,0.0734285161043837,,,61.134312304,
hsa-miR-429,DLC1,miRNA,mRNA,miRNA-mRNA,predicted,0.44309356308712683,,,0.16855426438275284,,,70.2041632893,
hsa-miR-429,EPS8,miRNA,mRNA,miRNA-mRNA,predicted,0.9982167952651337,,,0.13656995787506196,,,94.756305422,
hsa-miR-429,JUN,miRNA,mRNA,miRNA-mRNA,predicted,0.9773589740292292,,,0.15305017905685292,,,93.8338,
hsa-miR-429,TIMP2,miRNA,mRNA,miRNA-mRNA,predicted,0.8415772708878138,,,0.0778338011939052,,,87.8284096987,
hsa-miR-451,hsa-miR-532-5p,miRNA,miRNA,miRNA-miRNA,,0.4143585382089075,,,0.4143585382089075,5.053948000171764e-06,1.159099282331046e-05,,
hsa-miR-451,hsa-miR-497,miRNA,miRNA,miRNA-miRNA,,0.3767757901200472,,,0.3767757901200472,3.900499302327756e-05,8.077300778605307e-05,,
hsa-miR-454,hsa-miR-490-3p,miRNA,miRNA,miRNA-miRNA,,0.7324963278465997,,,0.7324963278465997,2.9740633370442115e-20,4.379089582669878e-19,,
hsa-miR-454,hsa-miR-660,miRNA,miRNA,miRNA-miRNA,,0.7259409434179213,,,0.7259409434179213,9.317602259178345e-20,1.2438999016003089e-18,,
hsa-miR-454,hsa-miR-484,miRNA,miRNA,miRNA-miRNA,,0.7075724217310155,,,0.7075724217310155,1.931234019381271e-18,2.046188425296823e-17,,
hsa-miR-454,hsa-miR-532-5p,miRNA,miRNA,miRNA-miRNA,,0.6519076455059881,,,0.6519076455059881,5.263957592311882e-15,3.233458613068878e-14,,
hsa-miR-454,hsa-miR-1975,miRNA,miRNA,miRNA-miRNA,,0.650371050224214,,,0.650371050224214,6.397813508617219e-15,3.870580529004828e-14,,
hsa-miR-454,hsa-miR-509-3p,miRNA,miRNA,miRNA-miRNA,,0.6480525384418856,,,0.6480525384418856,8.569309848993658e-15,5.114766906888167e-14,,
hsa-miR-454,hsa-miR-1979,miRNA,miRNA,miRNA-miRNA,,0.5962460595766618,,,0.5962460595766618,3.218727797323033e-12,1.3906154075813103e-11,,
hsa-miR-454,hsa-miR-455-5p,miRNA,miRNA,miRNA-miRNA,,0.5703168987128351,,,0.5703168987128351,4.28120916701515e-11,1.6221610892994962e-10,,
hsa-miR-454,hsa-miR-1274a,miRNA,miRNA,miRNA-miRNA,,0.541144163181359,,,0.541144163181359,6.088108386169689e-10,2.030214328610292e-09,,
hsa-miR-454,hsa-miR-497,miRNA,miRNA,miRNA-miRNA,,0.48788760559892475,,,0.48788760559892475,4.2252221274431966e-08,1.206991057090585e-07,,
hsa-miR-454,hsa-miR-1978,miRNA,miRNA,miRNA-miRNA,,0.4045615095297924,,,0.4045615095297924,8.819607420246913e-06,1.9722237698542092e-05,,
hsa-miR-454,hsa-miR-1246,miRNA,miRNA,miRNA-miRNA,,0.3900377622775007,,,0.3900377622775007,1.9506910559772452e-05,4.200278322144552e-05,,
hsa-miR-454,hsa-miR-934,miRNA,miRNA,miRNA-miRNA,,0.37740186882523247,,,0.37740186882523247,3.777495793493879e-05,7.826627342443344e-05,,
hsa-miR-454,hsa-miR-548g,miRNA,miRNA,miRNA-miRNA,,0.37652709590301103,,,0.37652709590301103,3.9503919336594046e-05,8.163735652376632e-05,,
hsa-miR-454,hsa-miR-708,miRNA,miRNA,miRNA-miRNA,,0.3730738760060984,,,0.3730738760060984,4.7078812625652504e-05,9.595452649655893e-05,,
hsa-miR-455-5p,hsa-miR-490-3p,miRNA,miRNA,miRNA-miRNA,,0.6028593333309138,,,0.6028593333309138,1.602133007268741e-12,7.129491882345898e-12,,
hsa-miR-455-5p,hsa-miR-1979,miRNA,miRNA,miRNA-miRNA,,0.5924584888812002,,,0.5924584888812002,4.7656213116529254e-12,2.0197156987481448e-11,,
hsa-miR-455-5p,hsa-miR-484,miRNA,miRNA,miRNA-miRNA,,0.5815304381657638,,,0.5815304381657638,1.437643384162112e-11,5.72911617270573e-11,,
hsa-miR-455-5p,hsa-miR-660,miRNA,miRNA,miRNA-miRNA,,0.5648599654148578,,,0.5648599654148578,7.174760133490881e-11,2.6557222120731033e-10,,
hsa-miR-455-5p,hsa-miR-509-3p,miRNA,miRNA,miRNA-miRNA,,0.5389106381598772,,,0.5389106381598772,7.383509773560424e-10,2.441862646004088e-09,,
hsa-miR-455-5p,hsa-miR-532-5p,miRNA,miRNA,miRNA-miRNA,,0.4621160836596195,,,0.4621160836596195,2.570918227397104e-07,6.873516355624434e-07,,
hsa-miR-455-5p,hsa-miR-934,miRNA,miRNA,miRNA-miRNA,,0.4309448665358706,,,0.4309448665358706,1.8902919477054387e-06,4.588254091248656e-06,,
hsa-miR-455-5p,hsa-miR-1274a,miRNA,miRNA,miRNA-miRNA,,0.4189622548096026,,,0.4189622548096026,3.86675596644891e-06,9.003696305597607e-06,,
hsa-miR-455-5p,hsa-miR-708,miRNA,miRNA,miRNA-miRNA,,0.37575976242889414,,,0.37575976242889414,4.108124307124624e-05,8.459145424182066e-05,,
hsa-miR-455-5p,MPL,miRNA,mRNA,miRNA-mRNA,predicted,0.6087440878034457,,,-0.1104446546623732,,,77.5306,
hsa-miR-484,hsa-miR-490-3p,miRNA,miRNA,miRNA-miRNA,,0.7745167949368859,,,0.7745167949368859,8.100773912645315e-24,2.3509854724742386e-22,,
hsa-miR-484,hsa-miR-509-3p,miRNA,miRNA,miRNA-miRNA,,0.6453431645808606,,,0.6453431645808606,1.2019241976239356e-14,7.068585038889665e-14,,
hsa-miR-484,hsa-miR-660,miRNA,miRNA,miRNA-miRNA,,0.6449278988313796,,,0.6449278988313796,1.2655146983581993e-14,7.401402813075328e-14,,
hsa-miR-484,hsa-miR-1979,miRNA,miRNA,miRNA-miRNA,,0.6402214748329763,,,0.6402214748329763,2.2575840400639985e-14,1.27706554808705e-13,,
hsa-miR-484,hsa-miR-532-5p,miRNA,miRNA,miRNA-miRNA,,0.6170481636180168,,,0.6170481636180168,3.3928275901890644e-13,1.6550882458839468e-12,,
hsa-miR-484,hsa-miR-1975,miRNA,miRNA,miRNA-miRNA,,0.5160583537562927,,,0.5160583537562927,4.912777942216697e-09,1.5135135121982978e-08,,
hsa-miR-484,hsa-miR-1274a,miRNA,miRNA,miRNA-miRNA,,0.512889266389162,,,0.512889266389162,6.320199066028029e-09,1.9248971299956088e-08,,
hsa-miR-484,hsa-miR-548g,miRNA,miRNA,miRNA-miRNA,,0.5071510064305456,,,0.5071510064305456,9.908467346896608e-09,2.9680936218639426e-08,,
hsa-miR-484,hsa-miR-497,miRNA,miRNA,miRNA-miRNA,,0.5008010055246226,,,0.5008010055246226,1.6141392296349933e-08,4.753402657858932e-08,,
hsa-miR-484,ETS1,miRNA,mRNA,miRNA-mRNA,predicted,0.1061289448976401,,,0.105194179827969,,,55.3008,
hsa-miR-484,MMP14,miRNA,mRNA,miRNA-mRNA,predicted,0.48857690827612593,,,0.1707702125588752,,,72.2158131195,
hsa-miR-490-3p,hsa-miR-509-3p,miRNA,miRNA,miRNA-miRNA,,0.7755952384112488,,,0.7755952384112488,6.412469770234586e-24,1.9023660318362604e-22,,
hsa-miR-490-3p,hsa-miR-660,miRNA,miRNA,miRNA-miRNA,,0.6840560658559388,,,0.6840560658559388,6.762168652459751e-17,5.584017619196145e-16,,
hsa-miR-490-3p,hsa-miR-532-5p,miRNA,miRNA,miRNA-miRNA,,0.6200598326668296,,,0.6200598326668296,2.4159157885375933e-13,1.1915939326469287e-12,,
hsa-miR-490-3p,hsa-miR-1975,miRNA,miRNA,miRNA-miRNA,,0.5799374616278131,,,0.5799374616278131,1.6829608159269005e-11,6.62107865205033e-11,,
hsa-miR-490-3p,hsa-miR-1979,miRNA,miRNA,miRNA-miRNA,,0.5714777707932089,,,0.5714777707932089,3.8311712096324337e-11,1.4585399899788873e-10,,
hsa-miR-490-3p,hsa-miR-497,miRNA,miRNA,miRNA-miRNA,,0.5425482957580303,,,0.5425482957580303,5.388874116266935e-10,1.8060619946149852e-09,,
hsa-miR-490-3p,hsa-miR-1274a,miRNA,miRNA,miRNA-miRNA,,0.5111691811079349,,,0.5111691811079349,7.238445168709094e-09,2.1945475322240666e-08,,
hsa-miR-490-3p,hsa-miR-548g,miRNA,miRNA,miRNA-miRNA,,0.48327436968240056,,,0.48327436968240056,5.902144479721408e-08,1.6670020198366883e-07,,
hsa-miR-490-3p,hsa-miR-934,miRNA,miRNA,miRNA-miRNA,,0.42998085873619607,,,0.42998085873619607,2.0043647461986407e-06,4.844587090238718e-06,,
hsa-miR-490-3p,hsa-miR-708,miRNA,miRNA,miRNA-miRNA,,0.4007112805648229,,,0.4007112805648229,1.0924925692443576e-05,2.4200402322033475e-05,,
hsa-miR-490-3p,hsa-miR-2117,miRNA,miRNA,miRNA-miRNA,,0.3961395704245332,,,0.3961395704245332,1.4038510291615258e-05,3.074042302783986e-05,,
hsa-miR-494 (+++ See note below),hsa-miR-1978,miRNA,miRNA,miRNA-miRNA,,0.7789176842582725,,,0.7789176842582725,3.095627508681982e-24,9.8396731525963e-23,,
hsa-miR-494 (+++ See note below),hsa-miR-2117,miRNA,miRNA,miRNA-miRNA,,0.7557257746129541,,,0.7557257746129541,3.905268761910787e-22,7.899293632046819e-21,,
hsa-miR-494 (+++ See note below),hsa-miR-1308,miRNA,miRNA,miRNA-miRNA,,0.7534466406105196,,,0.7534466406105196,6.1018417592082435e-22,1.1692763753889481e-20,,
hsa-miR-494 (+++ See note below),hsa-miR-708,miRNA,miRNA,miRNA-miRNA,,0.5763751377031728,,,0.5763751377031728,2.3864754490796168e-11,9.225708661741183e-11,,
hsa-miR-494 (+++ See note below),hsa-miR-579 (+++ See note below),miRNA,miRNA,miRNA-miRNA,,0.5537480962866549,,,0.5537480962866549,1.9952901459200582e-10,7.046858055035126e-10,,
hsa-miR-494 (+++ See note below),hsa-miR-542-3p,miRNA,miRNA,miRNA-miRNA,,0.5517990353747823,,,0.5517990353747823,2.378190527120267e-10,8.318474289184865e-10,,
hsa-miR-494 (+++ See note below),hsa-miR-1290,miRNA,miRNA,miRNA-miRNA,,0.3870111767816968,,,0.3870111767816968,2.290932806758642e-05,4.875231610557046e-05,,
hsa-miR-497,hsa-miR-532-5p,miRNA,miRNA,miRNA-miRNA,,0.5579382880569377,,,0.5579382880569377,1.362778460850214e-10,4.874391473242216e-10,,
hsa-miR-497,hsa-miR-509-3p,miRNA,miRNA,miRNA-miRNA,,0.5220693480364463,,,0.5220693480364463,3.0249106585265292e-09,9.494331651566418e-09,,
hsa-miR-497,hsa-miR-660,miRNA,miRNA,miRNA-miRNA,,0.5178640320853342,,,0.5178640320853342,4.250978510053784e-09,1.315700844881407e-08,,
hsa-miR-497,hsa-miR-548g,miRNA,miRNA,miRNA-miRNA,,0.3869346954923608,,,0.3869346954923608,2.3002123151933656e-05,4.889782549017744e-05,,
hsa-miR-497,hsa-miR-1975,miRNA,miRNA,miRNA-miRNA,,0.37985468120692134,,,0.37985468120692134,3.329731609734897e-05,6.941996406552974e-05,,
hsa-miR-509-3p,hsa-miR-660,miRNA,miRNA,miRNA-miRNA,,0.6615953489468858,,,0.6615953489468858,1.4988894142410987e-15,9.92240017195967e-15,,
hsa-miR-509-3p,hsa-miR-532-5p,miRNA,miRNA,miRNA-miRNA,,0.6384692761023085,,,0.6384692761023085,2.793357308867633e-14,1.5603062792210417e-13,,
hsa-miR-509-3p,hsa-miR-1975,miRNA,miRNA,miRNA-miRNA,,0.4954757029186643,,,0.4954757029186643,2.4119958551175794e-08,7.025486108906114e-08,,
hsa-miR-509-3p,hsa-miR-708,miRNA,miRNA,miRNA-miRNA,,0.4897265408561585,,,0.4897265408561585,3.693061066803977e-08,1.0618253725322994e-07,,
hsa-miR-509-3p,hsa-miR-1979,miRNA,miRNA,miRNA-miRNA,,0.4776533050507901,,,0.4776533050507901,8.810849290326453e-08,2.448816891586221e-07,,
hsa-miR-509-3p,hsa-miR-1299,miRNA,miRNA,miRNA-miRNA,,0.4525315994750805,,,0.4525315994750805,4.849677853136649e-07,1.2587789890999533e-06,,
hsa-miR-509-3p,hsa-miR-548g,miRNA,miRNA,miRNA-miRNA,,0.4344243192686552,,,0.4344243192686552,1.5276521378352608e-06,3.751224286959055e-06,,
hsa-miR-509-3p,hsa-miR-2117,miRNA,miRNA,miRNA-miRNA,,0.41673279695459836,,,0.41673279695459836,4.404272359622901e-06,1.0143249453875629e-05,,
hsa-miR-509-3p,hsa-miR-934,miRNA,miRNA,miRNA-miRNA,,0.4110237881093545,,,0.4110237881093545,6.1206445557709925e-06,1.392794400333115e-05,,
hsa-miR-509-3p,IL1A,miRNA,mRNA,miRNA-mRNA,validated,0.2058769498814225,,,0.2058769498814225,,,73.4877,Normal_vs_Metastatic
hsa-miR-520c-3p,hsa-miR-1305,miRNA,miRNA,miRNA-miRNA,,0.9029901358451974,,,0.9029901358451974,1.5803802081927617e-42,4.52101623843715e-40,,
hsa-miR-520c-3p,hsa-miR-1299,miRNA,miRNA,miRNA-miRNA,,0.872008193725749,,,0.872008193725749,3.1496855616871794e-36,5.045796269822862e-34,,
hsa-miR-520c-3p,hsa-miR-708,miRNA,miRNA,miRNA-miRNA,,0.4805705789901729,,,0.4805705789901729,7.163066861602554e-08,2.0047577065491424e-07,,
hsa-miR-520c-3p,TIMP3,miRNA,mRNA,miRNA-mRNA,predicted,0.4734414967690269,,,0.10415954273569066,,,71.5464,
hsa-miR-520c-3p,ESR1,miRNA,mRNA,miRNA-mRNA,predicted,0.20241237170352702,,,0.1200856380361406,,,59.5592497332,
hsa-miR-532-5p,hsa-miR-660,miRNA,miRNA,miRNA-miRNA,,0.8407763073488076,,,0.8407763073488076,2.349761656530787e-31,2.413024470360462e-29,,
hsa-miR-532-5p,hsa-miR-1979,miRNA,miRNA,miRNA-miRNA,,0.5476134515448576,,,0.5476134515448576,3.454013350516885e-10,1.1865351134369874e-09,,
hsa-miR-532-5p,hsa-miR-1274a,miRNA,miRNA,miRNA-miRNA,,0.43730820971222184,,,0.43730820971222184,1.278120587753646e-06,3.171544581135906e-06,,
hsa-miR-532-5p,hsa-miR-1975,miRNA,miRNA,miRNA-miRNA,,0.3902074094566743,,,0.3902074094566743,1.9331003123846195e-05,4.1668819973629714e-05,,
hsa-miR-532-5p,IL1A,miRNA,mRNA,miRNA-mRNA,predicted,0.3034913855145045,,,0.2539638929659191,,,64.0298,
hsa-miR-542-3p,hsa-miR-579 (+++ See note below),miRNA,miRNA,miRNA-miRNA,,0.9721142694851095,,,0.9721142694851095,9.501504675066e-72,3.805352622363933e-68,,
hsa-miR-542-3p,hsa-miR-2117,miRNA,miRNA,miRNA-miRNA,,0.5479767776325403,,,0.5479767776325403,3.344594532321962e-10,1.150781881610778e-09,,
hsa-miR-542-3p,hsa-miR-1978,miRNA,miRNA,miRNA-miRNA,,0.5368676750187962,,,0.5368676750187962,8.7975342020743e-10,2.8951622415207536e-09,,
hsa-miR-542-3p,hsa-miR-708,miRNA,miRNA,miRNA-miRNA,,0.4175561864244505,,,0.4175561864244505,4.198017975630143e-06,9.696114182467546e-06,,
hsa-miR-542-3p,hsa-miR-934,miRNA,miRNA,miRNA-miRNA,,0.3871321805783823,,,0.3871321805783823,2.276323104340424e-05,4.851875483173708e-05,,
hsa-miR-542-3p,FLT3,miRNA,mRNA,miRNA-mRNA,validated,-0.1011795767162242,,,-0.1011795767162242,,,74.8162175616,Normal_vs_Metastatic
hsa-miR-542-3p,JUN,miRNA,mRNA,miRNA-mRNA,predicted,0.12693690160513235,,,0.09607774699705984,,,56.2211,
hsa-miR-579 (+++ See note below),hsa-miR-2117,miRNA,miRNA,miRNA-miRNA,,0.5959361602850296,,,0.5959361602850296,3.324397500636864e-12,1.4323464058770476e-11,,
hsa-miR-579 (+++ See note below),hsa-miR-1978,miRNA,miRNA,miRNA-miRNA,,0.5690569809312386,,,0.5690569809312386,4.827302602806627e-11,1.8170438838571936e-10,,
hsa-miR-579 (+++ See note below),hsa-miR-708,miRNA,miRNA,miRNA-miRNA,,0.45285951469224656,,,0.45285951469224656,4.7470211525233025e-07,1.2345795401431826e-06,,
hsa-miR-579 (+++ See note below),hsa-miR-934,miRNA,miRNA,miRNA-miRNA,,0.42980433369387955,,,0.42980433369387955,2.0259475006879804e-06,4.893799602084053e-06,,
hsa-miR-579 (+++ See note below),hsa-miR-1308,miRNA,miRNA,miRNA-miRNA,,0.3748503590781526,,,0.3748503590781526,4.302689185882833e-05,8.823487040174473e-05,,
hsa-miR-660,hsa-miR-1979,miRNA,miRNA,miRNA-miRNA,,0.5292340298451148,,,0.5292340298451148,1.6759378190483807e-09,5.37400397541134e-09,,
hsa-miR-660,hsa-miR-1975,miRNA,miRNA,miRNA-miRNA,,0.49846156978894507,,,0.49846156978894507,1.9272513743589277e-08,5.64640947645026e-08,,
hsa-miR-660,hsa-miR-934,miRNA,miRNA,miRNA-miRNA,,0.40964980954212016,,,0.40964980954212016,6.619195982688088e-06,1.497733328286203e-05,,
hsa-miR-660,hsa-miR-1274a,miRNA,miRNA,miRNA-miRNA,,0.38111454274512185,,,0.38111454274512185,3.1195625418517405e-05,6.544708213785344e-05,,
hsa-miR-663b,MMP14,miRNA,mRNA,miRNA-mRNA,predicted,0.30042995066209743,,,0.10789685955040686,,,63.8943980220799,
hsa-miR-663b,ETV6,miRNA,mRNA,miRNA-mRNA,predicted,0.044012570386617926,,,0.11884545853991699,,,52.5535,
hsa-miR-708,hsa-miR-2117,miRNA,miRNA,miRNA-miRNA,,0.7610414607279508,,,0.7610414607279508,1.352869463346334e-22,3.0269509501128873e-21,,
hsa-miR-708,hsa-miR-1290,miRNA,miRNA,miRNA-miRNA,,0.6738805107101948,,,0.6738805107101948,2.8466176552721266e-16,2.103450868886507e-15,,
hsa-miR-708,hsa-miR-1978,miRNA,miRNA,miRNA-miRNA,,0.6341337552912077,,,0.6341337552912077,4.7036038340294546e-14,2.5117244473717284e-13,,
hsa-miR-708,hsa-miR-1299,miRNA,miRNA,miRNA-miRNA,,0.5783249915474655,,,0.5783249915474655,1.9722368160981126e-11,7.713680125461856e-11,,
hsa-miR-708,hsa-miR-1305,miRNA,miRNA,miRNA-miRNA,,0.5265882260832575,,,0.5265882260832575,2.0876504190909564e-09,6.651583077533239e-09,,
hsa-miR-708,hsa-miR-934,miRNA,miRNA,miRNA-miRNA,,0.5150272486805706,,,0.5150272486805706,5.333912991907718e-09,1.640731300506176e-08,,
hsa-miR-708,hsa-miR-1308,miRNA,miRNA,miRNA-miRNA,,0.42477539224883215,,,0.42477539224883215,2.741860902379528e-06,6.50157070102428e-06,,
hsa-miR-708,hsa-miR-1246,miRNA,miRNA,miRNA-miRNA,,0.40610492202627896,,,0.40610492202627896,8.088289602434887e-06,1.8139452489774003e-05,,
hsa-miR-934,hsa-miR-2117,miRNA,miRNA,miRNA-miRNA,,0.5134310602024373,,,0.5134310602024373,6.054887223445815e-09,1.8525457089305187e-08,,
hsa-miR-934,hsa-miR-1978,miRNA,miRNA,miRNA-miRNA,,0.4402802860935166,,,0.4402802860935166,1.0617012165915332e-06,2.655910913459769e-06,,
hsa-miR-934,hsa-miR-1299,miRNA,miRNA,miRNA-miRNA,,0.3850144969922039,,,0.3850144969922039,2.545084115021717e-05,5.38460743827891e-05,,
hsa-miR-934,ESR1,miRNA,mRNA,miRNA-mRNA,validated,-0.1861817261276775,,,-0.1861817261276775,,,92.1195935150682,Normal_vs_Metastatic
hsa-miR-934,LIF,miRNA,mRNA,miRNA-mRNA,predicted,0.25262799378444406,,,0.10186376313378821,,,61.7802,
hsa-miR-1246,hsa-miR-1299,miRNA,miRNA,miRNA-miRNA,,0.3968016563945471,,,0.3968016563945471,1.3540940079050785e-05,2.978114498440329e-05,,
hsa-miR-1246,hsa-miR-1290,miRNA,miRNA,miRNA-miRNA,,0.3754081600586866,,,0.3754081600586866,4.182351455667704e-05,8.603142054416617e-05,,
hsa-miR-1246,hsa-miR-1979,miRNA,miRNA,miRNA-miRNA,,0.37010164268059775,,,0.37010164268059775,5.466548714459884e-05,0.00011035044153937417,,
hsa-miR-1274a,hsa-miR-1979,miRNA,miRNA,miRNA-miRNA,,0.6385329307620125,,,0.6385329307620125,2.771897194717268e-14,1.5504816012350082e-13,,
hsa-miR-1274a,hsa-miR-1308,miRNA,miRNA,miRNA-miRNA,,0.6219507164113567,,,0.6219507164113567,1.9483891687164447e-13,9.741945843582224e-13,,
hsa-miR-1274a,hsa-miR-1975,miRNA,miRNA,miRNA-miRNA,,0.4767010984347159,,,0.4767010984347159,9.422950215445335e-08,2.6153094672805656e-07,,
hsa-miR-1274a,hsa-miR-2117,miRNA,miRNA,miRNA-miRNA,,0.3953277667995926,,,0.3953277667995926,1.4672074097343456e-05,3.2040161810174775e-05,,
hsa-miR-1274a,hsa-miR-1978,miRNA,miRNA,miRNA-miRNA,,0.3741789317869989,,,0.3741789317869989,4.451836215224309e-05,9.101380317495333e-05,,
hsa-miR-1290,hsa-miR-2117,miRNA,miRNA,miRNA-miRNA,,0.654052333923899,,,0.654052333923899,4.001740152246509e-15,2.5160077409336373e-14,,
hsa-miR-1290,hsa-miR-1299,miRNA,miRNA,miRNA-miRNA,,0.4462829487542325,,,0.4462829487542325,7.259927232218083e-07,1.842586094108582e-06,,
hsa-miR-1290,hsa-miR-1305,miRNA,miRNA,miRNA-miRNA,,0.42697061769805045,,,0.42697061769805045,2.404024430190608e-06,5.741274801975781e-06,,
hsa-miR-1290,hsa-miR-1978,miRNA,miRNA,miRNA-miRNA,,0.41542606783382885,,,0.41542606783382885,4.751370109320905e-06,1.0917519958594505e-05,,
hsa-miR-1290,GAS1,miRNA,mRNA,miRNA-mRNA,predicted,0.20488930010607903,,,0.09768979461501989,,,59.6688,
hsa-miR-1290,IGF1,miRNA,mRNA,miRNA-mRNA,predicted,0.39613228323619254,,,0.08219212066602945,,,68.1271469606735,
hsa-miR-1299,hsa-miR-1305,miRNA,miRNA,miRNA-miRNA,,0.8750736202567887,,,0.8750736202567887,8.951801179591882e-37,1.6296347147393405e-34,,
hsa-miR-1299,ETS1,miRNA,mRNA,miRNA-mRNA,predicted,0.9999999999977389,,,-0.05936800317034121,,,94.8351734886,
hsa-miR-1299,TIMP3,miRNA,mRNA,miRNA-mRNA,predicted,0.5510121115246888,,,0.11113553711899143,,,74.9772143641,
hsa-miR-1299,CD34,miRNA,mRNA,miRNA-mRNA,predicted,0.732904991909289,,,0.09417865347222955,,,83.0220224233975,
hsa-miR-1299,MYCL1,miRNA,mRNA,miRNA-mRNA,predicted,0.9558495518970529,,,-0.08650210381501829,,,92.8824753953542,
hsa-miR-1305,IGF1,miRNA,mRNA,miRNA-mRNA,predicted,0.8855450030726486,,,0.060549864111929884,,,89.7730265824488,
hsa-miR-1308,hsa-miR-1978,miRNA,miRNA,miRNA-miRNA,,0.6688147977499941,,,0.6688147977499941,5.701051849881343e-16,3.984766607116018e-15,,
hsa-miR-1308,hsa-miR-2117,miRNA,miRNA,miRNA-miRNA,,0.6037492100754717,,,0.6037492100754717,1.4567862000490536e-12,6.592574837510124e-12,,
hsa-miR-1308,hsa-miR-1979,miRNA,miRNA,miRNA-miRNA,,0.48046743505472594,,,0.48046743505472594,7.215932910815578e-08,2.0181432477525413e-07,,
hsa-miR-1308,hsa-miR-1975,miRNA,miRNA,miRNA-miRNA,,0.4651312596217715,,,0.4651312596217715,2.0971355355017542e-07,5.667360202216279e-07,,
hsa-miR-1975,hsa-miR-1979,miRNA,miRNA,miRNA-miRNA,,0.5858806629653943,,,0.5858806629653943,9.308923241428929e-12,3.839571326665588e-11,,
hsa-miR-1975,hsa-miR-2117,miRNA,miRNA,miRNA-miRNA,,0.404118731739959,,,0.404118731739959,9.040646479387379e-06,2.0182714130404934e-05,,
hsa-miR-1975,hsa-miR-1978,miRNA,miRNA,miRNA-miRNA,,0.3736717737921068,,,0.3736717737921068,4.567684808923339e-05,9.333457989662231e-05,,
hsa-miR-1978,hsa-miR-2117,miRNA,miRNA,miRNA-miRNA,,0.6642871263392374,,,0.6642871263392374,1.0485692182134481e-15,7.154207357657341e-15,,
hsa-miR-2117,SPP1,miRNA,mRNA,miRNA-mRNA,validated,0.1081775511294524,,,0.1081775511294524,,,79.4959,Normal_vs_Metastatic
ATM,FLT3,mRNA,mRNA,mRNA-mRNA,,0.536692122030796,,,0.536692122030796,8.930513642058701e-10,5.056246694400882e-09,,
ATM,CSK,mRNA,mRNA,mRNA-mRNA,,0.5274126104901905,,,0.5274126104901905,1.949938054673412e-09,1.0463082244589039e-08,,
ATM,CASP10,mRNA,mRNA,mRNA-mRNA,,0.5093808656986509,,,0.5093808656986509,8.328208681795653e-09,4.150628275069678e-08,,
ATM,TNF,mRNA,mRNA,mRNA-mRNA,,0.4512822109919263,,,0.4512822109919263,5.26049381468969e-07,1.9855785477015007e-06,,
ATM,CCNE1,mRNA,mRNA,mRNA-mRNA,,0.44753511830443804,,,0.44753511830443804,6.700368563319518e-07,2.4984425151360913e-06,,
ATM,CSF3,mRNA,mRNA,mRNA-mRNA,,0.4328670730322451,,,0.4328670730322451,1.680940081687099e-06,5.910154625109892e-06,,
ATM,CSF3R,mRNA,mRNA,mRNA-mRNA,,0.41817392862061187,,,0.41817392862061187,4.0493072180164215e-06,1.3439511025313123e-05,,
ATM,CEBPA,mRNA,mRNA,mRNA-mRNA,,0.38926912936322833,,,0.38926912936322833,2.032291242560693e-05,6.0187086798912836e-05,,
ATM,ETS1,mRNA,mRNA,mRNA-mRNA,,0.3738035249326495,,,0.3738035249326495,4.5373211458932315e-05,0.00012614215384217905,,
ATM,LCK,mRNA,mRNA,mRNA-mRNA,,0.35831204730848737,,,0.35831204730848737,9.748564300201732e-05,0.00025839568024631096,,
ATM,MYCL1,mRNA,mRNA,mRNA-mRNA,,0.35777926126402554,,,0.35777926126402554,0.00010001491014219842,0.000264644263950147,,
ATM,NOTCH1,mRNA,mRNA,mRNA-mRNA,,0.3239653876537181,,,0.3239653876537181,0.00046454981775281,0.0010823097115572275,,
ATM,TGFA,mRNA,mRNA,mRNA-mRNA,,0.30519142996191156,,,0.30519142996191156,0.0010128078068677151,0.0022218290919890048,,
BCL2A1,ETS1,mRNA,mRNA,mRNA-mRNA,,0.6770032175268625,,,0.6770032175268625,1.842508935576292e-16,3.834410487550662e-15,,
BCL2A1,TNF,mRNA,mRNA,mRNA-mRNA,,0.6700102488647869,,,0.6700102488647869,4.845153270875562e-16,9.455879942068384e-15,,
BCL2A1,PLAUR,mRNA,mRNA,mRNA-mRNA,,0.670001794059811,,,0.670001794059811,4.85074360664547e-16,9.455879942068384e-15,,
BCL2A1,MMP9,mRNA,mRNA,mRNA-mRNA,,0.644151316787428,,,0.644151316787428,1.3933059474317871e-14,2.063164576004762e-13,,
BCL2A1,TNFRSF1B,mRNA,mRNA,mRNA-mRNA,,0.6307016534701895,,,0.6307016534701895,7.064260552886661e-14,8.917181353643818e-13,,
BCL2A1,CSK,mRNA,mRNA,mRNA-mRNA,,0.6260770308782514,,,0.6260770308782514,1.2123838741352494e-13,1.414447853157791e-12,,
BCL2A1,CSF3R,mRNA,mRNA,mRNA-mRNA,,0.6208914632776669,,,0.6208914632776669,2.1982562246665538e-13,2.435478119414743e-12,,
BCL2A1,IL8,mRNA,mRNA,mRNA-mRNA,,0.6038985142916814,,,0.6038985142916814,1.4336841065040813e-12,1.3462643439123692e-11,,
BCL2A1,MMP1,mRNA,mRNA,mRNA-mRNA,,0.5958331751157206,,,0.5958331751157206,3.3602502317880526e-12,2.8909415401975426e-11,,
BCL2A1,ETV6,mRNA,mRNA,mRNA-mRNA,,0.5920331772441071,,,0.5920331772441071,4.978742550273336e-12,4.189761490393955e-11,,
BCL2A1,L1CAM,mRNA,mRNA,mRNA-mRNA,,0.5801120688451683,,,0.5801120688451683,1.65421574971955e-11,1.2426791485698083e-10,,
BCL2A1,TGFBI,mRNA,mRNA,mRNA-mRNA,,0.5445732831571447,,,0.5445732831571447,4.5149705962732026e-10,2.6640056391803573e-09,,
BCL2A1,MMP14,mRNA,mRNA,mRNA-mRNA,,0.5369144723085774,,,0.5369144723085774,8.762408543608837e-10,4.979376072751885e-09,,
BCL2A1,CCNE1,mRNA,mRNA,mRNA-mRNA,,0.5108151654617629,,,0.5108151654617629,7.44269445880102e-09,3.72134722940051e-08,,
BCL2A1,LCK,mRNA,mRNA,mRNA-mRNA,,0.4900211267503031,,,0.4900211267503031,3.6140078861787695e-08,1.6273602762325455e-07,,
BCL2A1,NOTCH1,mRNA,mRNA,mRNA-mRNA,,0.4842353769165789,,,0.4842353769165789,5.5074026375870694e-08,2.4232571605383106e-07,,
BCL2A1,SPP1,mRNA,mRNA,mRNA-mRNA,,0.4828602256121463,,,0.4828602256121463,6.080468154089732e-08,2.6229470468622376e-07,,
BCL2A1,LIF,mRNA,mRNA,mRNA-mRNA,,0.4687546321900107,,,0.4687546321900107,1.637537896785002e-07,6.689146846283563e-07,,
BCL2A1,S100A4,mRNA,mRNA,mRNA-mRNA,,0.4605176064191758,,,0.4605176064191758,2.861821075329163e-07,1.1271622649634044e-06,,
BCL2A1,MYCL1,mRNA,mRNA,mRNA-mRNA,,0.4573423256298189,,,0.4573423256298189,3.535249288037606e-07,1.3748191675701804e-06,,
BCL2A1,TGFA,mRNA,mRNA,mRNA-mRNA,,0.4137814804709393,,,0.4137814804709393,5.224995328813128e-06,1.6904396652042472e-05,,
BCL2A1,CDKN1A,mRNA,mRNA,mRNA-mRNA,,0.40095202802160235,,,0.40095202802160235,1.0780503201334967e-05,3.333729905633705e-05,,
BCL2A1,MMP3,mRNA,mRNA,mRNA-mRNA,,0.3815158946195292,,,0.3815158946195292,3.0552646633677805e-05,8.794593610441836e-05,,
BCL2A1,CASP10,mRNA,mRNA,mRNA-mRNA,,0.37443482873240064,,,0.37443482873240064,4.394431317026703e-05,0.00012259826500400582,,
BCL2A1,PTK7,mRNA,mRNA,mRNA-mRNA,,0.36853175063694044,,,0.36853175063694044,5.9119619719509495e-05,0.00016257895422865112,,
BCL2A1,FLT3,mRNA,mRNA,mRNA-mRNA,,0.36466631570094216,,,0.36466631570094216,7.15729056907719e-05,0.0001937122579328449,,
BCL2A1,CEBPA,mRNA,mRNA,mRNA-mRNA,,0.36281157392122754,,,0.36281157392122754,7.838068519289445e-05,0.00021028964320044853,,
BCL2A1,GAS1,mRNA,mRNA,mRNA-mRNA,,0.32570952717277757,,,0.32570952717277757,0.0004309838823338297,0.0010185593548751302,,
BCL2A1,COL1A1,mRNA,mRNA,mRNA-mRNA,,0.31949949412095485,,,0.31949949412095485,0.0005617596705629736,0.0012892844898166609,,
BCL2A1,JUN,mRNA,mRNA,mRNA-mRNA,,0.3085017287253324,,,0.3085017287253324,0.0008859918849228102,0.00197743116345091,,
CASP10,TNF,mRNA,mRNA,mRNA-mRNA,,0.519733687546488,,,0.519733687546488,3.656256723791782e-09,1.9022416738646433e-08,,
CASP10,CSK,mRNA,mRNA,mRNA-mRNA,,0.5072434931247578,,,0.5072434931247578,9.837565301728308e-09,4.855721334827434e-08,,
CASP10,CSF3R,mRNA,mRNA,mRNA-mRNA,,0.423066628027189,,,0.423066628027189,3.0354335181536827e-06,1.0319133814473888e-05,,
CASP10,CSF3,mRNA,mRNA,mRNA-mRNA,,0.3911841885649511,,,0.3911841885649511,1.8346823088329478e-05,5.465011132693888e-05,,
CASP10,MMP1,mRNA,mRNA,mRNA-mRNA,,0.3884581907109698,,,0.3884581907109698,2.1218514230922186e-05,6.259868183068997e-05,,
CASP10,FLT3,mRNA,mRNA,mRNA-mRNA,,0.3556397585990663,,,0.3556397585990663,0.00011079966543019091,0.0002911800081271229,,
CASP10,CCNE1,mRNA,mRNA,mRNA-mRNA,,0.3542853770362859,,,0.3542853770362859,0.00011817598824211242,0.00030898305924083726,,
CASP10,NOTCH1,mRNA,mRNA,mRNA-mRNA,,0.32976552616449334,,,0.32976552616449334,0.0003613793111575303,0.0008628281227637157,,
CASP10,TGFA,mRNA,mRNA,mRNA-mRNA,,0.32508417518471894,,,0.32508417518471894,0.0004427530918357462,0.0010393898802241604,,
CASP10,WEE1,mRNA,mRNA,mRNA-mRNA,,0.323524656942245,,,0.323524656942245,0.0004734042166192932,0.001101272648933099,,
CASP10,CEBPA,mRNA,mRNA,mRNA-mRNA,,0.30828224912691615,,,0.30828224912691615,0.0008939279230205316,0.0019882369950896973,,
CAV1,DLC1,mRNA,mRNA,mRNA-mRNA,,0.7710058920502465,,,0.7710058920502465,1.718374618661808e-23,1.5566452427877555e-21,,
CAV1,CD34,mRNA,mRNA,mRNA-mRNA,,0.7692196620038659,,,0.7692196620038659,2.5064424602810268e-23,2.133417500078457e-21,,
CAV1,PDGFRB,mRNA,mRNA,mRNA-mRNA,,0.7616500251250525,,,0.7616500251250525,1.1961450383932846e-22,8.373015268752992e-21,,
CAV1,PDGFRA,mRNA,mRNA,mRNA-mRNA,,0.7170268531434867,,,0.7170268531434867,4.180158892579943e-19,1.4305432654606918e-17,,
CAV1,IGFBP6,mRNA,mRNA,mRNA-mRNA,,0.656099665927779,,,0.656099665927779,3.0739170764347473e-15,5.2020135139664955e-14,,
CAV1,EGR1,mRNA,mRNA,mRNA-mRNA,,0.6441901559457214,,,0.6441901559457214,1.3866275692379653e-14,2.063164576004762e-13,,
CAV1,TIMP2,mRNA,mRNA,mRNA-mRNA,,0.6322854595219193,,,0.6322854595219193,5.859056594097695e-14,7.519122629092043e-13,,
CAV1,IGF1,mRNA,mRNA,mRNA-mRNA,,0.616863576057271,,,0.616863576057271,3.463776091113975e-13,3.5800101881312223e-12,,
CAV1,MMP2,mRNA,mRNA,mRNA-mRNA,,0.6165729064696199,,,0.6165729064696199,3.57842002180094e-13,3.673844555715631e-12,,
CAV1,TIMP3,mRNA,mRNA,mRNA-mRNA,,0.6077231474913887,,,0.6077231474913887,9.492436542365727e-13,9.193932248580642e-12,,
CAV1,FGFR1,mRNA,mRNA,mRNA-mRNA,,0.5891926939407589,,,0.5891926939407589,6.657415462328551e-12,5.3677590638669997e-11,,
CAV1,JUN,mRNA,mRNA,mRNA-mRNA,,0.5785718312746861,,,0.5785718312746861,1.925033859554086e-11,1.3918085181752546e-10,,
CAV1,CDKN1A,mRNA,mRNA,mRNA-mRNA,,0.5515613081364874,,,0.5515613081364874,2.429473513288156e-10,1.508624681638613e-09,,
CAV1,FOS,mRNA,mRNA,mRNA-mRNA,,0.5475363036447064,,,0.5475363036447064,3.4776867262173877e-10,2.0851697500938603e-09,,
CAV1,PLAT,mRNA,mRNA,mRNA-mRNA,,0.545058599270029,,,0.545058599270029,4.32675583960971e-10,2.5726656343625304e-09,,
CAV1,GAS1,mRNA,mRNA,mRNA-mRNA,,0.5170210433122304,,,0.5170210433122304,4.548527516836335e-09,2.3440770425878813e-08,,
CAV1,EPS8,mRNA,mRNA,mRNA-mRNA,,0.48465183897286507,,,0.48465183897286507,5.344290406526251e-08,2.3650020764512723e-07,,
CAV1,PTHLH,mRNA,mRNA,mRNA-mRNA,,0.4688625714071447,,,0.4688625714071447,1.6254433756813412e-07,6.657401059971451e-07,,
CAV1,CEBPA,mRNA,mRNA,mRNA-mRNA,,0.4396741557466204,,,0.4396741557466204,1.1027975683697959e-06,3.9866390969236755e-06,,
CAV1,MMP14,mRNA,mRNA,mRNA-mRNA,,0.40779145780603593,,,0.40779145780603593,7.354687752900435e-06,2.3209465449726783e-05,,
CAV1,S100A4,mRNA,mRNA,mRNA-mRNA,,0.4062329438836016,,,0.4062329438836016,8.030269185392097e-06,2.5237988868375164e-05,,
CAV1,ESR1,mRNA,mRNA,mRNA-mRNA,,0.39824315765126705,,,0.39824315765126705,1.2514428498355626e-05,3.846750476540451e-05,,
CAV1,ETS1,mRNA,mRNA,mRNA-mRNA,,0.36521036846462707,,,0.36521036846462707,6.968316883706147e-05,0.00018926292770559905,,
CAV1,TGFBI,mRNA,mRNA,mRNA-mRNA,,0.35404079973222735,,,0.35404079973222735,0.00011955575438912379,0.0003120607826427977,,
CAV1,TNFRSF1B,mRNA,mRNA,mRNA-mRNA,,0.33808088324670055,,,0.33808088324670055,0.00024992058969219475,0.0006158043330015679,,
CAV1,CSF3R,mRNA,mRNA,mRNA-mRNA,,0.3323831347553578,,,0.3323831347553578,0.0003221299911464494,0.0007794392064927088,,
CAV1,PLA2G2A,mRNA,mRNA,mRNA-mRNA,,0.3222997030914446,,,0.3222997030914446,0.0004988358291093854,0.0011551987621480505,,
CCNE1,MMP1,mRNA,mRNA,mRNA-mRNA,,0.6638599305529951,,,0.6638599305529951,1.1100184476347303e-15,2.0350338206636723e-14,,
CCNE1,CSK,mRNA,mRNA,mRNA-mRNA,,0.6423752250329072,,,0.6423752250329072,1.7344011469146336e-14,2.5197903455174867e-13,,
CCNE1,PLAUR,mRNA,mRNA,mRNA-mRNA,,0.5907737096210671,,,0.5907737096210671,5.665288769049514e-12,4.665531927452541e-11,,
CCNE1,TNF,mRNA,mRNA,mRNA-mRNA,,0.5859184990701587,,,0.5859184990701587,9.273538674245756e-12,7.24936525803983e-11,,
CCNE1,PTK7,mRNA,mRNA,mRNA-mRNA,,0.5338160497933971,,,0.5338160497933971,1.1404832502976983e-09,6.386706201667111e-09,,
CCNE1,ETV6,mRNA,mRNA,mRNA-mRNA,,0.5327593966740325,,,0.5327593966740325,1.2469847659575997e-09,6.932695088717341e-09,,
CCNE1,MMP9,mRNA,mRNA,mRNA-mRNA,,0.5269067881059439,,,0.5269067881059439,2.0333621984130056e-09,1.0835217251058922e-08,,
CCNE1,NOTCH1,mRNA,mRNA,mRNA-mRNA,,0.517013817023018,,,0.517013817023018,4.5511625696998475e-09,2.3440770425878813e-08,,
CCNE1,SPP1,mRNA,mRNA,mRNA-mRNA,,0.48359714344248406,,,0.48359714344248406,5.7666401393113073e-08,2.515758021115981e-07,,
CCNE1,MYCL1,mRNA,mRNA,mRNA-mRNA,,0.4810787326896717,,,0.4810787326896717,6.907970880016167e-08,2.96330784268103e-07,,
CCNE1,L1CAM,mRNA,mRNA,mRNA-mRNA,,0.4506266398319664,,,0.4506266398319664,5.489084934555107e-07,2.06175385346704e-06,,
CCNE1,TGFA,mRNA,mRNA,mRNA-mRNA,,0.44390198414187004,,,0.44390198414187004,8.448612827664967e-07,3.1276114794721274e-06,,
CCNE1,MMP14,mRNA,mRNA,mRNA-mRNA,,0.426634689318136,,,0.426634689318136,2.4530346523261225e-06,8.413526424459305e-06,,
CCNE1,IL8,mRNA,mRNA,mRNA-mRNA,,0.4263180358188306,,,0.4263180358188306,2.500097678425175e-06,8.555889832832821e-06,,
CCNE1,IGFBP6,mRNA,mRNA,mRNA-mRNA,,-0.4019772884866466,,,-0.4019772884866466,1.0185352113392393e-05,3.1560245985159524e-05,,
CCNE1,ETS1,mRNA,mRNA,mRNA-mRNA,,0.38510304364470344,,,0.38510304364470344,2.5332742555181322e-05,7.4027369136583e-05,,
CCNE1,CSF3R,mRNA,mRNA,mRNA-mRNA,,0.3702004680442806,,,0.3702004680442806,5.439586421109855e-05,0.00015039431038616117,,
CCNE1,IGF1,mRNA,mRNA,mRNA-mRNA,,-0.3500249663742885,,,-0.3500249663742885,0.00014446463607972873,0.00037203267485415087,,
CCNE1,LCK,mRNA,mRNA,mRNA-mRNA,,0.34511411961570304,,,0.34511411961570304,0.00018146242634822917,0.0004581182566824146,,
CCNE1,LIF,mRNA,mRNA,mRNA-mRNA,,0.3072048918526398,,,0.3072048918526398,0.0009338342438467143,0.0020662424360976153,,
CD34,DLC1,mRNA,mRNA,mRNA-mRNA,,0.8580493949576579,,,0.8580493949576579,6.602627470780928e-34,5.084023152501315e-31,,
CD34,PDGFRB,mRNA,mRNA,mRNA-mRNA,,0.8188083376733675,,,0.8188083376733675,1.6147092843287448e-28,4.802997985939863e-26,,
CD34,IGFBP6,mRNA,mRNA,mRNA-mRNA,,0.7654688312125458,,,0.7654688312125458,5.477242709390649e-23,4.016644653553143e-21,,
CD34,IGF1,mRNA,mRNA,mRNA-mRNA,,0.7376824283458373,,,0.7376824283458373,1.1763745982589341e-20,5.66130275412112e-19,,
CD34,EGR1,mRNA,mRNA,mRNA-mRNA,,0.7105599895155967,,,0.7105599895155967,1.1986279521693605e-18,3.7671164211037046e-17,,
CD34,FOS,mRNA,mRNA,mRNA-mRNA,,0.6860024003803407,,,0.6860024003803407,5.10261309068392e-17,1.1555917881842995e-15,,
CD34,PDGFRA,mRNA,mRNA,mRNA-mRNA,,0.6682576953166759,,,0.6682576953166759,6.148466452053362e-16,1.1818602898023728e-14,,
CD34,MMP2,mRNA,mRNA,mRNA-mRNA,,0.6539553898610405,,,0.6539553898610405,4.0518324203700915e-15,6.782415138445588e-14,,
CD34,JUN,mRNA,mRNA,mRNA-mRNA,,0.6461782807392326,,,0.6461782807392326,1.0832915614768372e-14,1.651751489776564e-13,,
CD34,TIMP2,mRNA,mRNA,mRNA-mRNA,,0.6096569926540257,,,0.6096569926540257,7.689820689535275e-13,7.542881440690652e-12,,
CD34,GAS1,mRNA,mRNA,mRNA-mRNA,,0.5943389018706092,,,0.5943389018706092,3.924473177958489e-12,3.3576048300311516e-11,,
CD34,CDKN1A,mRNA,mRNA,mRNA-mRNA,,0.5894618183181974,,,0.5894618183181974,6.477428635590883e-12,5.259341219466509e-11,,
CD34,TIMP3,mRNA,mRNA,mRNA-mRNA,,0.5881572824326333,,,0.5881572824326333,7.396027570871212e-12,5.932230447469619e-11,,
CD34,EPS8,mRNA,mRNA,mRNA-mRNA,,0.5790148506527445,,,0.5790148506527445,1.8430374225572687e-11,1.3580275745158824e-10,,
CD34,FGFR1,mRNA,mRNA,mRNA-mRNA,,0.5714758962078924,,,0.5714758962078924,3.831859724555061e-11,2.6701646949388206e-10,,
CD34,PLAT,mRNA,mRNA,mRNA-mRNA,,0.5678203490221985,,,0.5678203490221985,5.428318148533277e-11,3.715382199440554e-10,,
CD34,ESR1,mRNA,mRNA,mRNA-mRNA,,0.5204577650831613,,,0.5204577650831613,3.4481164626622877e-09,1.8000336788135332e-08,,
CD34,CEBPA,mRNA,mRNA,mRNA-mRNA,,0.5004228486388966,,,0.5004228486388966,1.661217015635721e-08,7.895908037280898e-08,,
CD34,PLA2G2A,mRNA,mRNA,mRNA-mRNA,,0.4794303864668183,,,0.4794303864668183,7.768597985213673e-08,3.323233582563627e-07,,
CD34,CSF3R,mRNA,mRNA,mRNA-mRNA,,0.4366556761060904,,,0.4366556761060904,1.330942554666828e-06,4.7263201296775345e-06,,
CD34,PTHLH,mRNA,mRNA,mRNA-mRNA,,0.4318712541654032,,,0.4318712541654032,1.786488554894321e-06,6.252709942130124e-06,,
CD34,TNFRSF1B,mRNA,mRNA,mRNA-mRNA,,0.42979730654494064,,,0.42979730654494064,2.0268112121410257e-06,7.014133183589167e-06,,
CD34,ETS1,mRNA,mRNA,mRNA-mRNA,,0.4209304531807359,,,0.4209304531807359,3.4443492099388275e-06,1.1531082137621293e-05,,
CD34,MMP14,mRNA,mRNA,mRNA-mRNA,,0.384012069239613,,,0.384012069239613,2.6824342464602825e-05,7.764941239753449e-05,,
CD34,S100A4,mRNA,mRNA,mRNA-mRNA,,0.3776011768431292,,,0.3776011768431292,3.7391069091816065e-05,0.00010584971764962635,,
CD34,TGFBI,mRNA,mRNA,mRNA-mRNA,,0.3428273660259339,,,0.3428273660259339,0.00020153295403148598,0.0005062981226892143,,
CD34,COL1A1,mRNA,mRNA,mRNA-mRNA,,0.3314649629409223,,,0.3314649629409223,0.0003354256257716451,0.0008058587577041083,,
CD34,LIF,mRNA,mRNA,mRNA-mRNA,,0.3121098322396966,,,0.3121098322396966,0.0007644316269231787,0.0017261359317620165,,
CD34,NOTCH1,mRNA,mRNA,mRNA-mRNA,,0.30925409976858664,,,0.30925409976858664,0.0008592737368531717,0.0019233743528399483,,
CDKN1A,TIMP2,mRNA,mRNA,mRNA-mRNA,,0.7689869371737283,,,0.7689869371737283,2.6321384741227717e-23,2.133417500078457e-21,,
CDKN1A,PDGFRA,mRNA,mRNA,mRNA-mRNA,,0.7473031877705194,,,0.7473031877705194,1.9839976862229212e-21,1.1751370910704997e-19,,
CDKN1A,MMP2,mRNA,mRNA,mRNA-mRNA,,0.7309806225090888,,,0.7309806225090888,3.8842877949496735e-20,1.6616120011729158e-18,,
CDKN1A,TIMP3,mRNA,mRNA,mRNA-mRNA,,0.6924007595164712,,,0.6924007595164712,1.9905526644477702e-17,4.793729672721198e-16,,
CDKN1A,PDGFRB,mRNA,mRNA,mRNA-mRNA,,0.6870030687148659,,,0.6870030687148659,4.411100593501931e-17,1.0138947632825334e-15,,
CDKN1A,MMP14,mRNA,mRNA,mRNA-mRNA,,0.6362914442215443,,,0.6362914442215443,3.632882699546055e-14,4.907578383597302e-13,,
CDKN1A,TGFBI,mRNA,mRNA,mRNA-mRNA,,0.6304454767317113,,,0.6304454767317113,7.28053441243063e-14,9.041954028341267e-13,,
CDKN1A,JUN,mRNA,mRNA,mRNA-mRNA,,0.6298222811268757,,,0.6298222811268757,7.833798629920683e-14,9.65123991206228e-13,,
CDKN1A,FOS,mRNA,mRNA,mRNA-mRNA,,0.6281853561887033,,,0.6281853561887033,9.488215135541827e-14,1.132701651839877e-12,,
CDKN1A,EPS8,mRNA,mRNA,mRNA-mRNA,,0.6155914410462923,,,0.6155914410462923,3.993316177362139e-13,4.0726535848594004e-12,,
CDKN1A,EGR1,mRNA,mRNA,mRNA-mRNA,,0.6151754741355997,,,0.6151754741355997,4.182883364804145e-13,4.237921303814725e-12,,
CDKN1A,PLAUR,mRNA,mRNA,mRNA-mRNA,,0.6061940239239082,,,0.6061940239239082,1.1201104661287208e-12,1.0714100110796461e-11,,
CDKN1A,GAS1,mRNA,mRNA,mRNA-mRNA,,0.6052130871741191,,,0.6052130871741191,1.245008560436122e-12,1.1762657564856612e-11,,
CDKN1A,IGFBP6,mRNA,mRNA,mRNA-mRNA,,0.5769816843273897,,,0.5769816843273897,2.2493612779068346e-11,1.6037112814706135e-10,,
CDKN1A,S100A4,mRNA,mRNA,mRNA-mRNA,,0.5637153152362847,,,0.5637153152362847,7.985965516954128e-11,5.37047462712199e-10,,
CDKN1A,PLAT,mRNA,mRNA,mRNA-mRNA,,0.5625099740846174,,,0.5625099740846174,8.93557300927806e-11,5.957048672852041e-10,,
CDKN1A,TNFRSF1B,mRNA,mRNA,mRNA-mRNA,,0.5601123189963279,,,0.5601123189963279,1.1158464787467141e-10,7.250648005358396e-10,,
CDKN1A,COL1A1,mRNA,mRNA,mRNA-mRNA,,0.5579495761597633,,,0.5579495761597633,1.361369708261838e-10,8.735455628013461e-10,,
CDKN1A,FGFR1,mRNA,mRNA,mRNA-mRNA,,0.5569637068869585,,,0.5569637068869585,1.489850095231936e-10,9.441848340153011e-10,,
CDKN1A,DLC1,mRNA,mRNA,mRNA-mRNA,,0.5444372192046644,,,0.5444372192046644,4.5691375509648473e-10,2.685676270414452e-09,,
CDKN1A,ETS1,mRNA,mRNA,mRNA-mRNA,,0.5434901060952501,,,0.5434901060952501,4.96389133304386e-10,2.9066131760028683e-09,,
CDKN1A,LIF,mRNA,mRNA,mRNA-mRNA,,0.5380590240108821,,,0.5380590240108821,7.94412982069229e-10,4.531096268098566e-09,,
CDKN1A,CSF3R,mRNA,mRNA,mRNA-mRNA,,0.5205557675873842,,,0.5205557675873842,3.4208347021632844e-09,1.791865796371244e-08,,
CDKN1A,IGF1,mRNA,mRNA,mRNA-mRNA,,0.45254638729256425,,,0.45254638729256425,4.845003284358075e-07,1.8468576876018404e-06,,
CDKN1A,CEBPA,mRNA,mRNA,mRNA-mRNA,,0.43987590942122023,,,0.43987590942122023,1.0889536452445058e-06,3.945855561591856e-06,,
CDKN1A,ETV6,mRNA,mRNA,mRNA-mRNA,,0.3935464888409637,,,0.3935464888409637,1.6157717215771207e-05,4.886440287292566e-05,,
CDKN1A,NOTCH1,mRNA,mRNA,mRNA-mRNA,,0.3919093123755488,,,0.3919093123755488,1.7646865885738338e-05,5.287193280941058e-05,,
CDKN1A,PLA2G2A,mRNA,mRNA,mRNA-mRNA,,0.37578246710095253,,,0.37578246710095253,4.1033737308757456e-05,0.00011510374399906464,,
CDKN1A,PTK7,mRNA,mRNA,mRNA-mRNA,,0.37355285463167764,,,0.37355285463167764,4.595254276015386e-05,0.00012727862563064198,,
CDKN1A,IL8,mRNA,mRNA,mRNA-mRNA,,0.3687520765845843,,,0.3687520765845843,5.8474685975892195e-05,0.00016109305259905902,,
CDKN1A,MMP3,mRNA,mRNA,mRNA-mRNA,,0.3643904856135773,,,0.3643904856135773,7.254914937903998e-05,0.00019532463294356917,,
CDKN1A,MMP9,mRNA,mRNA,mRNA-mRNA,,0.3227175612053871,,,0.3227175612053871,0.000490022682512138,0.0011364983901636936,,
CDKN1A,CSK,mRNA,mRNA,mRNA-mRNA,,0.3053811882912328,,,0.3053811882912328,0.0010051127920207652,0.0022112481424456836,,
CEBPA,CSF3R,mRNA,mRNA,mRNA-mRNA,,0.578651133938504,,,0.578651133938504,1.910101765671266e-11,1.3875267543083724e-10,,
CEBPA,CSK,mRNA,mRNA,mRNA-mRNA,,0.5498328647096827,,,0.5498328647096827,2.835703674165615e-10,1.7467934632860186e-09,,
CEBPA,TNFRSF1B,mRNA,mRNA,mRNA-mRNA,,0.5148888348962711,,,0.5148888348962711,5.3930160535812016e-09,2.7592175157857308e-08,,
CEBPA,PDGFRB,mRNA,mRNA,mRNA-mRNA,,0.5110177182634706,,,0.5110177182634706,7.3251649231293495e-09,3.67451269759583e-08,,
CEBPA,ETS1,mRNA,mRNA,mRNA-mRNA,,0.48419194642128993,,,0.48419194642128993,5.5246840608135596e-08,2.423935456881163e-07,,
CEBPA,LCK,mRNA,mRNA,mRNA-mRNA,,0.4619164299073079,,,0.4619164299073079,2.605649244532217e-07,1.034200988809179e-06,,
CEBPA,FLT3,mRNA,mRNA,mRNA-mRNA,,0.4402300105339068,,,0.4402300105339068,1.0650538853253804e-06,3.868356092927089e-06,,
CEBPA,EGR1,mRNA,mRNA,mRNA-mRNA,,0.43210619618680945,,,0.43210619618680945,1.7610349369786803e-06,6.177662421291954e-06,,
CEBPA,DLC1,mRNA,mRNA,mRNA-mRNA,,0.4311341250071388,,,0.4311341250071388,1.8686313910345893e-06,6.495919508336946e-06,,
CEBPA,MMP2,mRNA,mRNA,mRNA-mRNA,,0.42162321368727423,,,0.42162321368727423,3.306348233345597e-06,1.1117415457100916e-05,,
CEBPA,PDGFRA,mRNA,mRNA,mRNA-mRNA,,0.41304283878331005,,,0.41304283878331005,5.451922757145496e-06,1.756477206277001e-05,,
CEBPA,FOS,mRNA,mRNA,mRNA-mRNA,,0.41098567793537294,,,0.41098567793537294,6.133981595308035e-06,1.9638943153377074e-05,,
CEBPA,TNF,mRNA,mRNA,mRNA-mRNA,,0.3933835929233429,,,0.3933835929233429,1.6300413989293336e-05,4.905935135938428e-05,,
CEBPA,TIMP2,mRNA,mRNA,mRNA-mRNA,,0.39119128961387856,,,0.39119128961387856,1.8339843760433154e-05,5.465011132693888e-05,,
CEBPA,FGFR1,mRNA,mRNA,mRNA-mRNA,,0.39052770796578357,,,0.39052770796578357,1.9002940235669818e-05,5.6495227727667026e-05,,
CEBPA,IGF1,mRNA,mRNA,mRNA-mRNA,,0.3696209593147333,,,0.3696209593147333,5.599482616942147e-05,0.00015453769229553595,,
CEBPA,MMP14,mRNA,mRNA,mRNA-mRNA,,0.36554600635480006,,,0.36554600635480006,6.854068001324342e-05,0.00018648877600776478,,
CEBPA,S100A4,mRNA,mRNA,mRNA-mRNA,,0.36093151856266315,,,0.36093151856266315,8.58939264363213e-05,0.00022814831225620276,,
CEBPA,JUN,mRNA,mRNA,mRNA-mRNA,,0.34339354550641465,,,0.34339354550641465,0.00019638055629438703,0.0004941602233551569,,
CEBPA,PLA2G2A,mRNA,mRNA,mRNA-mRNA,,0.3385659592611921,,,0.3385659592611921,0.0002445228397251062,0.0006044384802193636,,
CEBPA,GAS1,mRNA,mRNA,mRNA-mRNA,,0.3377766792182441,,,0.3377766792182441,0.0002533616790539739,0.0006222918432904622,,
CEBPA,ESR1,mRNA,mRNA,mRNA-mRNA,,0.3256605238317743,,,0.3256605238317743,0.0004318956225541948,0.0010185593548751302,,
CEBPA,IGFBP6,mRNA,mRNA,mRNA-mRNA,,0.30359656602591073,,,0.30359656602591073,0.0010796394399102227,0.002355020874591704,,
COL1A1,MMP14,mRNA,mRNA,mRNA-mRNA,,0.7657824648819797,,,0.7657824648819797,5.133533189876463e-23,3.952820556204876e-21,,
COL1A1,MMP2,mRNA,mRNA,mRNA-mRNA,,0.7452443384051806,,,0.7452443384051806,2.9232855447277544e-21,1.607807049600265e-19,,
COL1A1,TGFBI,mRNA,mRNA,mRNA-mRNA,,0.720653382480371,,,0.720653382480371,2.2857492462602637e-19,9.025779074976426e-18,,
COL1A1,TIMP2,mRNA,mRNA,mRNA-mRNA,,0.692928445606681,,,0.692928445606681,1.8398563289906128e-17,4.569965720396039e-16,,
COL1A1,PDGFRB,mRNA,mRNA,mRNA-mRNA,,0.6116953989748007,,,0.6116953989748007,6.149437643947546e-13,6.088992329169886e-12,,
COL1A1,TIMP3,mRNA,mRNA,mRNA-mRNA,,0.611667908206868,,,0.611667908206868,6.168070151626639e-13,6.088992329169886e-12,,
COL1A1,GAS1,mRNA,mRNA,mRNA-mRNA,,0.5982953281333243,,,0.5982953281333243,2.5973954493127608e-12,2.3255749953149138e-11,,
COL1A1,PLAUR,mRNA,mRNA,mRNA-mRNA,,0.5849752502272155,,,0.5849752502272155,1.0195651152458342e-11,7.915490608542603e-11,,
COL1A1,S100A4,mRNA,mRNA,mRNA-mRNA,,0.559921329272588,,,0.559921329272588,1.1356822979875214e-10,7.348532516389845e-10,,
COL1A1,PDGFRA,mRNA,mRNA,mRNA-mRNA,,0.5280507031451736,,,0.5280507031451736,1.8493817529660077e-09,9.993150524798778e-09,,
COL1A1,PTK7,mRNA,mRNA,mRNA-mRNA,,0.5221600159248931,,,0.5221600159248931,3.0026467846249685e-09,1.5835876877816613e-08,,
COL1A1,MMP9,mRNA,mRNA,mRNA-mRNA,,0.5041503280450693,,,0.5041503280450693,1.2493797687454434e-08,6.14242349485544e-08,,
COL1A1,ETS1,mRNA,mRNA,mRNA-mRNA,,0.49703600240682616,,,0.49703600240682616,2.145731555858854e-08,1.0013413927341319e-07,,
COL1A1,MMP3,mRNA,mRNA,mRNA-mRNA,,0.4703302499370679,,,0.4703302499370679,1.4692145523542937e-07,6.098626443734804e-07,,
COL1A1,EPS8,mRNA,mRNA,mRNA-mRNA,,0.4415959947567656,,,0.4415959947567656,9.774411377133358e-07,3.5839508382822315e-06,,
COL1A1,TNFRSF1B,mRNA,mRNA,mRNA-mRNA,,0.4408704616031321,,,0.4408704616031321,1.0230864770653354e-06,3.733538328627054e-06,,
COL1A1,SPP1,mRNA,mRNA,mRNA-mRNA,,0.43128034783413716,,,0.43128034783413716,1.8520575279885027e-06,6.4528701201409375e-06,,
COL1A1,NOTCH1,mRNA,mRNA,mRNA-mRNA,,0.43099280928717143,,,0.43099280928717143,1.8847825279034515e-06,6.537308767953413e-06,,
COL1A1,PLAT,mRNA,mRNA,mRNA-mRNA,,0.39333580750627234,,,0.39333580750627234,1.6342498212574115e-05,4.905935135938428e-05,,
COL1A1,JUN,mRNA,mRNA,mRNA-mRNA,,0.37847597515416886,,,0.37847597515416886,3.574891485371021e-05,0.00010157440751792198,,
COL1A1,ETV6,mRNA,mRNA,mRNA-mRNA,,0.37712130488874884,,,0.37712130488874884,3.832161155923419e-05,0.00010828492073618469,,
COL1A1,FOS,mRNA,mRNA,mRNA-mRNA,,0.35600224274693965,,,0.35600224274693965,0.0001088994500420896,0.0002866754753244752,,
COL1A1,FGFR1,mRNA,mRNA,mRNA-mRNA,,0.34918060850939064,,,0.34918060850939064,0.00015028077814855772,0.00038443919991491506,,
COL1A1,IGFBP6,mRNA,mRNA,mRNA-mRNA,,0.34873084324229986,,,0.34873084324229986,0.00015346690887556874,0.0003919387059177046,,
COL1A1,DLC1,mRNA,mRNA,mRNA-mRNA,,0.3347519831928813,,,0.3347519831928813,0.0002900419772658573,0.0007089914999832067,,
COL1A1,LIF,mRNA,mRNA,mRNA-mRNA,,0.3035208602181814,,,0.3035208602181814,0.0010829096528328875,0.0023554097915055414,,
CSF3,FLT3,mRNA,mRNA,mRNA-mRNA,,0.3203057646403635,,,0.3203057646403635,0.0005429327996795692,0.001251671424410983,,
CSF3,CSF3R,mRNA,mRNA,mRNA-mRNA,,0.3013159926105679,,,0.3013159926105679,0.0011822076667131513,0.0025498596733028755,,
CSF3R,TNFRSF1B,mRNA,mRNA,mRNA-mRNA,,0.7017766793619673,,,0.7017766793619673,4.790459864556544e-18,1.3413287620758324e-16,,
CSF3R,ETS1,mRNA,mRNA,mRNA-mRNA,,0.6367935601398622,,,0.6367935601398622,3.419947374593062e-14,4.70242764006546e-13,,
CSF3R,CSK,mRNA,mRNA,mRNA-mRNA,,0.6282237282795177,,,0.6282237282795177,9.44581668487425e-14,1.132701651839877e-12,,
CSF3R,TNF,mRNA,mRNA,mRNA-mRNA,,0.5082980370793655,,,0.5082980370793655,9.062758577918288e-09,4.502144583869085e-08,,
CSF3R,MMP2,mRNA,mRNA,mRNA-mRNA,,0.4996559384403678,,,0.4996559384403678,1.7607614845348034e-08,8.343300572872608e-08,,
CSF3R,PDGFRB,mRNA,mRNA,mRNA-mRNA,,0.49851651868206925,,,0.49851651868206925,1.9192716943414048e-08,9.038771893840255e-08,,
CSF3R,PLAUR,mRNA,mRNA,mRNA-mRNA,,0.4978822639645187,,,0.4978822639645187,2.013334290293395e-08,9.424117954564829e-08,,
CSF3R,LIF,mRNA,mRNA,mRNA-mRNA,,0.49594225891387067,,,0.49594225891387067,2.3292319943708877e-08,1.0771823637631134e-07,,
CSF3R,FLT3,mRNA,mRNA,mRNA-mRNA,,0.489780561192539,,,0.489780561192539,3.6784417573392704e-08,1.651545278805387e-07,,
CSF3R,PDGFRA,mRNA,mRNA,mRNA-mRNA,,0.485928123468303,,,0.485928123468303,4.872682223645482e-08,2.18137518151571e-07,,
CSF3R,MMP14,mRNA,mRNA,mRNA-mRNA,,0.4845443778594487,,,0.4845443778594487,5.3859311386236425e-08,2.3765999866706046e-07,,
CSF3R,LCK,mRNA,mRNA,mRNA-mRNA,,0.4823053452044584,,,0.4823053452044584,6.32747460757834e-08,2.721874551863308e-07,,
CSF3R,MMP1,mRNA,mRNA,mRNA-mRNA,,0.4677125767494992,,,0.4677125767494992,1.758798183444296e-07,7.146567816633815e-07,,
CSF3R,S100A4,mRNA,mRNA,mRNA-mRNA,,0.46075118102085166,,,0.46075118102085166,2.817439478640072e-07,1.1153873514410567e-06,,
CSF3R,NOTCH1,mRNA,mRNA,mRNA-mRNA,,0.45392381064099185,,,0.45392381064099185,4.4278880805920837e-07,1.6962556328636341e-06,,
CSF3R,TIMP2,mRNA,mRNA,mRNA-mRNA,,0.41781471189409874,,,0.41781471189409874,4.13516508131303e-06,1.3665567006914306e-05,,
CSF3R,EGR1,mRNA,mRNA,mRNA-mRNA,,0.4173179939070247,,,0.4173179939070247,4.256725727533248e-06,1.4007174402566671e-05,,
CSF3R,ETV6,mRNA,mRNA,mRNA-mRNA,,0.4115589763528494,,,0.4115589763528494,5.936217285924542e-06,1.904536379234124e-05,,
CSF3R,GAS1,mRNA,mRNA,mRNA-mRNA,,0.4029165285035279,,,0.4029165285035279,9.667422915821862e-06,3.0137310304383943e-05,,
CSF3R,TGFBI,mRNA,mRNA,mRNA-mRNA,,0.40275938043439397,,,0.40275938043439397,9.752315061572972e-06,3.027936531214189e-05,,
CSF3R,MMP9,mRNA,mRNA,mRNA-mRNA,,0.38460787724063283,,,0.38460787724063283,2.599983025681807e-05,7.56894869480148e-05,,
CSF3R,JUN,mRNA,mRNA,mRNA-mRNA,,0.3797279884770645,,,0.3797279884770645,3.351584982977075e-05,9.540556143779475e-05,,
CSF3R,FOS,mRNA,mRNA,mRNA-mRNA,,0.3531693373089828,,,0.3531693373089828,0.0001245947836790305,0.0003233927508543393,,
CSF3R,PLAT,mRNA,mRNA,mRNA-mRNA,,0.3529465380294721,,,0.3529465380294721,0.00012591439465590082,0.00032589608028586097,,
CSF3R,IL8,mRNA,mRNA,mRNA-mRNA,,0.34345098893229853,,,0.34345098893229853,0.00019586468354093877,0.0004936687604796165,,
CSF3R,L1CAM,mRNA,mRNA,mRNA-mRNA,,0.34212440734455013,,,0.34212440734455013,0.00020810436333442187,0.0005194176977876981,,
CSF3R,TGFA,mRNA,mRNA,mRNA-mRNA,,0.34015632043038246,,,0.34015632043038246,0.00022757318988531714,0.0005643521939184998,,
CSF3R,EPS8,mRNA,mRNA,mRNA-mRNA,,0.33758505097203645,,,0.33758505097203645,0.0002555517794419939,0.0006266715610520232,,
CSF3R,PLA2G2A,mRNA,mRNA,mRNA-mRNA,,0.3250013667389374,,,0.3250013667389374,0.000444333551511642,0.0010415124342890848,,
CSF3R,MMP3,mRNA,mRNA,mRNA-mRNA,,0.30952592637698756,,,0.30952592637698756,0.0008498033125743903,0.001904944834591792,,
CSF3R,IGF1,mRNA,mRNA,mRNA-mRNA,,0.3051964619104087,,,0.3051964619104087,0.001012603060718515,0.0022218290919890048,,
CSK,TNF,mRNA,mRNA,mRNA-mRNA,,0.6665266543755317,,,0.6665266543755317,7.767338684086523e-16,1.4587440943284445e-14,,
CSK,ETS1,mRNA,mRNA,mRNA-mRNA,,0.6410025185714485,,,0.6410025185714485,2.0522390036804157e-14,2.9263408015442964e-13,,
CSK,NOTCH1,mRNA,mRNA,mRNA-mRNA,,0.6232856565368989,,,0.6232856565368989,1.6724448747850895e-13,1.89379787291841e-12,,
CSK,MYCL1,mRNA,mRNA,mRNA-mRNA,,0.5980943280554639,,,0.5980943280554639,2.6527932715702207e-12,2.361446033652104e-11,,
CSK,ETV6,mRNA,mRNA,mRNA-mRNA,,0.5967445577408207,,,0.5967445577408207,3.0555293568457056e-12,2.7043190859439003e-11,,
CSK,LCK,mRNA,mRNA,mRNA-mRNA,,0.5745272631357248,,,0.5745272631357248,2.8557687265368002e-11,2.0081661364688002e-10,,
CSK,MMP9,mRNA,mRNA,mRNA-mRNA,,0.5527459898528266,,,0.5527459898528266,2.1840690927313325e-10,1.361727288585527e-09,,
CSK,MMP14,mRNA,mRNA,mRNA-mRNA,,0.549440725906238,,,0.549440725906238,2.9365805603056744e-10,1.79457700907569e-09,,
CSK,TGFA,mRNA,mRNA,mRNA-mRNA,,0.5400287868259036,,,0.5400287868259036,6.704975722748297e-10,3.86728936817692e-09,,
CSK,FLT3,mRNA,mRNA,mRNA-mRNA,,0.5348855841454123,,,0.5348855841454123,1.0416162042768869e-09,5.85433925031535e-09,,
CSK,PLAUR,mRNA,mRNA,mRNA-mRNA,,0.5293874932849763,,,0.5293874932849763,1.6546237329885213e-09,9.035888470930223e-09,,
CSK,MMP1,mRNA,mRNA,mRNA-mRNA,,0.5011313299286135,,,0.5011313299286135,1.574064299929932e-08,7.556119229218267e-08,,
CSK,PTK7,mRNA,mRNA,mRNA-mRNA,,0.5009067451804959,,,0.5009067451804959,1.6012057439918548e-08,7.657940514743654e-08,,
CSK,S100A4,mRNA,mRNA,mRNA-mRNA,,0.4746767247540266,,,0.4746767247540266,1.0861916762161314e-07,4.582836113350253e-07,,
CSK,L1CAM,mRNA,mRNA,mRNA-mRNA,,0.46906452208724947,,,0.46906452208724947,1.603043351110659e-07,6.583164695227773e-07,,
CSK,TNFRSF1B,mRNA,mRNA,mRNA-mRNA,,0.4669581470413768,,,0.4669581470413768,1.8518812859505062e-07,7.465699425036072e-07,,
CSK,SPP1,mRNA,mRNA,mRNA-mRNA,,0.4329018568535016,,,0.4329018568535016,1.677362340419295e-06,5.910154625109892e-06,,
CSK,LIF,mRNA,mRNA,mRNA-mRNA,,0.39835853142659233,,,0.39835853142659233,1.2435516631446996e-05,3.830139122485675e-05,,
CSK,PDGFRB,mRNA,mRNA,mRNA-mRNA,,0.363544840436018,,,0.363544840436018,7.562011383928362e-05,0.00020323730421029106,,
CSK,TGFBI,mRNA,mRNA,mRNA-mRNA,,0.3421308576515592,,,0.3421308576515592,0.00020804317247514998,0.0005194176977876981,,
CSK,MMP3,mRNA,mRNA,mRNA-mRNA,,0.33236383386853724,,,0.33236383386853724,0.00032240439904925684,0.0007794392064927088,,
DLC1,PDGFRB,mRNA,mRNA,mRNA-mRNA,,0.7846968435273558,,,0.7846968435273558,8.459721697614126e-25,1.0021516472558273e-22,,
DLC1,IGFBP6,mRNA,mRNA,mRNA-mRNA,,0.7816036420157946,,,0.7816036420157946,1.702290733246853e-24,1.8725198065715384e-22,,
DLC1,IGF1,mRNA,mRNA,mRNA-mRNA,,0.7525495720016295,,,0.7525495720016295,7.263860668365372e-22,4.6609772622011135e-20,,
DLC1,EGR1,mRNA,mRNA,mRNA-mRNA,,0.6949550994450857,,,0.6949550994450857,1.3576561280361979e-17,3.4846507286262414e-16,,
DLC1,FOS,mRNA,mRNA,mRNA-mRNA,,0.6832182936266209,,,0.6832182936266209,7.628413840670789e-17,1.65461370628634e-15,,
DLC1,PDGFRA,mRNA,mRNA,mRNA-mRNA,,0.6536320219944648,,,0.6536320219944648,4.2233610888045474e-15,6.993522663181723e-14,,
DLC1,MMP2,mRNA,mRNA,mRNA-mRNA,,0.6535384496190972,,,0.6535384496190972,4.274297205108528e-15,7.002572016879929e-14,,
DLC1,TIMP3,mRNA,mRNA,mRNA-mRNA,,0.6259249389132799,,,0.6259249389132799,1.2339245148620995e-13,1.4287547014192731e-12,,
DLC1,TIMP2,mRNA,mRNA,mRNA-mRNA,,0.6025167127255031,,,0.6025167127255031,1.6617546687894594e-12,1.5232751130570046e-11,,
DLC1,GAS1,mRNA,mRNA,mRNA-mRNA,,0.5707901405862611,,,0.5707901405862611,4.0919062924200026e-11,2.830942261649664e-10,,
DLC1,JUN,mRNA,mRNA,mRNA-mRNA,,0.5666720509476951,,,0.5666720509476951,6.050584283964697e-11,4.122964512082139e-10,,
DLC1,PLAT,mRNA,mRNA,mRNA-mRNA,,0.5621850543400532,,,0.5621850543400532,9.20963448243416e-11,6.113291854719228e-10,,
DLC1,FGFR1,mRNA,mRNA,mRNA-mRNA,,0.561282024782541,,,0.561282024782541,1.0014551133064286e-10,6.590772967914103e-10,,
DLC1,EPS8,mRNA,mRNA,mRNA-mRNA,,0.5005899839695035,,,0.5005899839695035,1.6402499456444314e-08,7.820386737747445e-08,,
DLC1,PTHLH,mRNA,mRNA,mRNA-mRNA,,0.45178337909647,,,0.45178337909647,5.091878137805904e-07,1.931402052271205e-06,,
DLC1,PLA2G2A,mRNA,mRNA,mRNA-mRNA,,0.42949047555990777,,,0.42949047555990777,2.064866000562914e-06,7.1298063696567e-06,,
DLC1,ESR1,mRNA,mRNA,mRNA-mRNA,,0.40413176759269753,,,0.40413176759269753,9.034064928771415e-06,2.821999998034073e-05,,
DLC1,ETS1,mRNA,mRNA,mRNA-mRNA,,0.3680360674202549,,,0.3680360674202549,6.0594939472565765e-05,0.00016633904953253348,,
DLC1,TNFRSF1B,mRNA,mRNA,mRNA-mRNA,,0.367783367556943,,,0.367783367556943,6.136022344187435e-05,0.00016814011405780514,,
DLC1,TGFBI,mRNA,mRNA,mRNA-mRNA,,0.3658405472939189,,,0.3658405472939189,6.75525077827357e-05,0.00018445188295285991,,
DLC1,MMP14,mRNA,mRNA,mRNA-mRNA,,0.3492502238008632,,,0.3492502238008632,0.0001497931494358916,0.00038382936793889027,,
DLC1,S100A4,mRNA,mRNA,mRNA-mRNA,,0.3344071451034741,,,0.3344071451034741,0.00029452173899546737,0.0007176637310965502,,
EGR1,FOS,mRNA,mRNA,mRNA-mRNA,,0.861825753392783,,,0.861825753392783,1.6477083606604594e-34,2.5374708754171074e-31,,
EGR1,IGF1,mRNA,mRNA,mRNA-mRNA,,0.7231245778968081,,,0.7231245778968081,1.506633573586666e-19,6.105830798219646e-18,,
EGR1,IGFBP6,mRNA,mRNA,mRNA-mRNA,,0.692395210839009,,,0.692395210839009,1.9921993445075108e-17,4.793729672721198e-16,,
EGR1,JUN,mRNA,mRNA,mRNA-mRNA,,0.662052037624669,,,0.662052037624669,1.4110909933473323e-15,2.556564858535167e-14,,
EGR1,PDGFRA,mRNA,mRNA,mRNA-mRNA,,0.6503644842123515,,,0.6503644842123515,6.403133363853128e-15,1.0271693104514393e-13,,
EGR1,PDGFRB,mRNA,mRNA,mRNA-mRNA,,0.6282574963030828,,,0.6282574963030828,9.408657340103507e-14,1.132701651839877e-12,,
EGR1,MMP2,mRNA,mRNA,mRNA-mRNA,,0.5960143512281851,,,0.5960143512281851,3.2974238098702855e-12,2.8852458336365e-11,,
EGR1,PLAT,mRNA,mRNA,mRNA-mRNA,,0.595929639386253,,,0.595929639386253,3.3266566417184082e-12,2.8909415401975426e-11,,
EGR1,GAS1,mRNA,mRNA,mRNA-mRNA,,0.5840010434110027,,,0.5840010434110027,1.1240794955945797e-11,8.655412116078265e-11,,
EGR1,TIMP2,mRNA,mRNA,mRNA-mRNA,,0.5509783849486167,,,0.5509783849486167,2.559770905916803e-10,1.5831514839806736e-09,,
EGR1,ESR1,mRNA,mRNA,mRNA-mRNA,,0.5475294535164175,,,0.5475294535164175,3.4797962712605327e-10,2.0851697500938603e-09,,
EGR1,FGFR1,mRNA,mRNA,mRNA-mRNA,,0.5171920572588564,,,0.5171920572588564,4.486593231202833e-09,2.3263816754385056e-08,,
EGR1,EPS8,mRNA,mRNA,mRNA-mRNA,,0.4837701059292098,,,0.4837701059292098,5.695257051914314e-08,2.4916749602125123e-07,,
EGR1,TIMP3,mRNA,mRNA,mRNA-mRNA,,0.4699349621276718,,,0.4699349621276718,1.5098205705117034e-07,6.233575545812394e-07,,
EGR1,PLA2G2A,mRNA,mRNA,mRNA-mRNA,,0.41404420204692827,,,0.41404420204692827,5.1464542835678425e-06,1.6685346519356795e-05,,
EGR1,TNFRSF1B,mRNA,mRNA,mRNA-mRNA,,0.3865783103688333,,,0.3865783103688333,2.343919778905962e-05,6.901790553566313e-05,,
EGR1,PTHLH,mRNA,mRNA,mRNA-mRNA,,0.37800853486164426,,,0.37800853486164426,3.661778867641816e-05,0.00010385155536221725,,
EGR1,LIF,mRNA,mRNA,mRNA-mRNA,,0.3755034272254742,,,0.3755034272254742,4.1621164999669635e-05,0.00011632775698637248,,
EGR1,ETS1,mRNA,mRNA,mRNA-mRNA,,0.3107214737072203,,,0.3107214737072203,0.0008092734719408632,0.001822048460217733,,
EPS8,JUN,mRNA,mRNA,mRNA-mRNA,,0.6527421902350701,,,0.6527421902350701,4.732557468757746e-15,7.671724738828347e-14,,
EPS8,PDGFRB,mRNA,mRNA,mRNA-mRNA,,0.6452963824205209,,,0.6452963824205209,1.208930063032218e-14,1.825247350068251e-13,,
EPS8,TGFBI,mRNA,mRNA,mRNA-mRNA,,0.6361733944922087,,,0.6361733944922087,3.684780793999031e-14,4.934402106746529e-13,,
EPS8,TIMP2,mRNA,mRNA,mRNA-mRNA,,0.618909432555629,,,0.618909432555629,2.7517095046047987e-13,2.9428004424245763e-12,,
EPS8,FGFR1,mRNA,mRNA,mRNA-mRNA,,0.5894446063478803,,,0.5894446063478803,6.4887976084327055e-12,5.259341219466509e-11,,
EPS8,MMP14,mRNA,mRNA,mRNA-mRNA,,0.5796399832113157,,,0.5796399832113157,1.7330482432756938e-11,1.2955797546818295e-10,,
EPS8,ETV6,mRNA,mRNA,mRNA-mRNA,,0.5765853817182675,,,0.5765853817182675,2.3380589373428263e-11,1.6592676329529737e-10,,
EPS8,TIMP3,mRNA,mRNA,mRNA-mRNA,,0.5707711327902919,,,0.5707711327902919,4.0993514568043834e-11,2.830942261649664e-10,,
EPS8,PDGFRA,mRNA,mRNA,mRNA-mRNA,,0.5608995497368554,,,0.5608995497368554,1.0375547265227836e-10,6.799294803596114e-10,,
EPS8,PLAT,mRNA,mRNA,mRNA-mRNA,,0.5584065966825856,,,0.5584065966825856,1.3054976993238286e-10,8.411993543760234e-10,,
EPS8,GAS1,mRNA,mRNA,mRNA-mRNA,,0.5532132092702361,,,0.5532132092702361,2.09400606547753e-10,1.3108818458680472e-09,,
EPS8,FOS,mRNA,mRNA,mRNA-mRNA,,0.5389715514109091,,,0.5389715514109091,7.344903393991335e-10,4.220578815950245e-09,,
EPS8,MMP2,mRNA,mRNA,mRNA-mRNA,,0.532505626794216,,,0.532505626794216,1.2739517160864726e-09,7.057142599903481e-09,,
EPS8,PTK7,mRNA,mRNA,mRNA-mRNA,,0.5307601369337728,,,0.5307601369337728,1.4752195024378452e-09,8.113707263408149e-09,,
EPS8,S100A4,mRNA,mRNA,mRNA-mRNA,,0.49334499903464496,,,0.49334499903464496,2.8270961872688394e-08,1.288085245086986e-07,,
EPS8,IGFBP6,mRNA,mRNA,mRNA-mRNA,,0.4724630158217785,,,0.4724630158217785,1.267489255330325e-07,5.289792556121139e-07,,
EPS8,PLAUR,mRNA,mRNA,mRNA-mRNA,,0.4719584468666562,,,0.4719584468666562,1.3126776891532147e-07,5.463577408907975e-07,,
EPS8,NOTCH1,mRNA,mRNA,mRNA-mRNA,,0.4696092999449923,,,0.4696092999449923,1.5440762889522503e-07,6.357961189803384e-07,,
EPS8,LIF,mRNA,mRNA,mRNA-mRNA,,0.4233713950979797,,,0.4233713950979797,2.9809829828228423e-06,1.0156446445900834e-05,,
EPS8,ETS1,mRNA,mRNA,mRNA-mRNA,,0.42204413580364,,,0.42204413580364,3.2250705750581915e-06,1.0891685714012313e-05,,
EPS8,WFDC2,mRNA,mRNA,mRNA-mRNA,,0.40874396674900954,,,0.40874396674900954,6.968580495390898e-06,2.203616830164678e-05,,
EPS8,IGF1,mRNA,mRNA,mRNA-mRNA,,0.3944111577064621,,,0.3944111577064621,1.5419723709439466e-05,4.674483171759208e-05,,
EPS8,MMP3,mRNA,mRNA,mRNA-mRNA,,0.3610548088850967,,,0.3610548088850967,8.538135800679034e-05,0.0002274866632014829,,
EPS8,IL8,mRNA,mRNA,mRNA-mRNA,,0.34715861247884644,,,0.34715861247884644,0.00016510401255437812,0.0004202647592293261,,
EPS8,PTHLH,mRNA,mRNA,mRNA-mRNA,,0.34274011350210953,,,0.34274011350210953,0.00020233802653998875,0.0005074927701491575,,
EPS8,SPP1,mRNA,mRNA,mRNA-mRNA,,0.33256920343681456,,,0.33256920343681456,0.0003194956201844485,0.0007748397717859066,,
EPS8,FOLR1,mRNA,mRNA,mRNA-mRNA,,0.325660636639256,,,0.325660636639256,0.0004318935216567863,0.0010185593548751302,,
EPS8,TNFRSF1B,mRNA,mRNA,mRNA-mRNA,,0.3125856946325432,,,0.3125856946325432,0.000749593472674716,0.001700108907097294,,
ESR1,IGF1,mRNA,mRNA,mRNA-mRNA,,0.5381167282891376,,,0.5381167282891376,7.904884341242605e-10,4.525472819893536e-09,,
ESR1,PLAT,mRNA,mRNA,mRNA-mRNA,,0.5151968044817175,,,0.5151968044817175,5.262358879895098e-09,2.7013442250128168e-08,,
ESR1,IGFBP6,mRNA,mRNA,mRNA-mRNA,,0.5038567248980765,,,0.5038567248980765,1.2778924372576674e-08,6.227703649926607e-08,,
ESR1,WFDC2,mRNA,mRNA,mRNA-mRNA,,0.47249416665364785,,,0.47249416665364785,1.2647486409076504e-07,5.289792556121139e-07,,
ESR1,FOS,mRNA,mRNA,mRNA-mRNA,,0.4648901244389359,,,0.4648901244389359,2.131731030879971e-07,8.526924123519884e-07,,
ESR1,JUN,mRNA,mRNA,mRNA-mRNA,,0.4057309564228543,,,0.4057309564228543,8.260045284971291e-06,2.5907270343901807e-05,,
ESR1,SPP1,mRNA,mRNA,mRNA-mRNA,,-0.3397755917943088,,,-0.3397755917943088,0.000231528847351925,0.0005732386252764703,,
ESR1,FGFR1,mRNA,mRNA,mRNA-mRNA,,0.33321850373259354,,,0.33321850373259354,0.0003104578101075664,0.0007553002015255171,,
ESR1,PTHLH,mRNA,mRNA,mRNA-mRNA,,0.32417339165131687,,,0.32417339165131687,0.0004604241231815738,0.001074322954090339,,
ETS1,TNFRSF1B,mRNA,mRNA,mRNA-mRNA,,0.7184936176145423,,,0.7184936176145423,3.278337812489877e-19,1.2268925475368482e-17,,
ETS1,MMP14,mRNA,mRNA,mRNA-mRNA,,0.7035131123053444,,,0.7035131123053444,3.657365327819097e-18,1.0627061518568697e-16,,
ETS1,NOTCH1,mRNA,mRNA,mRNA-mRNA,,0.6462621492887867,,,0.6462621492887867,1.072025663637321e-14,1.6509195220014745e-13,,
ETS1,PLAUR,mRNA,mRNA,mRNA-mRNA,,0.6201484689173936,,,0.6201484689173936,2.391758716845378e-13,2.630934588529916e-12,,
ETS1,TNF,mRNA,mRNA,mRNA-mRNA,,0.619549154679382,,,0.619549154679382,2.559768325829787e-13,2.7566735816628476e-12,,
ETS1,PDGFRB,mRNA,mRNA,mRNA-mRNA,,0.6179570935900222,,,0.6179570935900222,3.0635001521681314e-13,3.2313631742047413e-12,,
ETS1,LCK,mRNA,mRNA,mRNA-mRNA,,0.6175179560883844,,,0.6175179560883844,3.2185474019953215e-13,3.3718115639950987e-12,,
ETS1,S100A4,mRNA,mRNA,mRNA-mRNA,,0.6054938162834904,,,0.6054938162834904,1.2079507343506305e-12,1.1482988462345501e-11,,
ETS1,TGFBI,mRNA,mRNA,mRNA-mRNA,,0.5964375372472358,,,0.5964375372472358,3.1550687865340295e-12,2.776460532149946e-11,,
ETS1,MMP9,mRNA,mRNA,mRNA-mRNA,,0.5786873333207734,,,0.5786873333207734,1.9033229294010544e-11,1.3875267543083724e-10,,
ETS1,TIMP2,mRNA,mRNA,mRNA-mRNA,,0.5778986410925137,,,0.5778986410925137,2.0564118523660552e-11,1.4798477816092173e-10,,
ETS1,ETV6,mRNA,mRNA,mRNA-mRNA,,0.5477315423290607,,,0.5477315423290607,3.418076627754713e-10,2.064250198722454e-09,,
ETS1,MMP2,mRNA,mRNA,mRNA-mRNA,,0.5449323378384007,,,0.5449323378384007,4.3749823564626296e-10,2.59133570344325e-09,,
ETS1,PDGFRA,mRNA,mRNA,mRNA-mRNA,,0.5274559484167272,,,0.5274559484167272,1.942945424907438e-09,1.0462013826424666e-08,,
ETS1,LIF,mRNA,mRNA,mRNA-mRNA,,0.5241055240263625,,,0.5241055240263625,2.5611463705240517e-09,1.355383302614103e-08,,
ETS1,JUN,mRNA,mRNA,mRNA-mRNA,,0.5131620261587423,,,0.5131620261587423,6.1852667950402436e-09,3.1333259422243337e-08,,
ETS1,GAS1,mRNA,mRNA,mRNA-mRNA,,0.5039031478163947,,,0.5039031478163947,1.2733430420086316e-08,6.225232649819976e-08,,
ETS1,PTK7,mRNA,mRNA,mRNA-mRNA,,0.5013044594274767,,,0.5013044594274767,1.5534426805471987e-08,7.499378457814062e-08,,
ETS1,MMP1,mRNA,mRNA,mRNA-mRNA,,0.4981022349003173,,,0.4981022349003173,1.9802225154807914e-08,9.297386200732984e-08,,
ETS1,MMP3,mRNA,mRNA,mRNA-mRNA,,0.4672606160082951,,,0.4672606160082951,1.8140115822385364e-07,7.332225293037654e-07,,
ETS1,L1CAM,mRNA,mRNA,mRNA-mRNA,,0.45926835596784304,,,0.45926835596784304,3.1107222483179426e-07,1.212787914534084e-06,,
ETS1,TIMP3,mRNA,mRNA,mRNA-mRNA,,0.42192214099735664,,,0.42192214099735664,3.248430452737675e-06,1.09465708910635e-05,,
ETS1,MYCL1,mRNA,mRNA,mRNA-mRNA,,0.42151530862012604,,,0.42151530862012604,3.327493956174835e-06,1.1164140942285937e-05,,
ETS1,FLT3,mRNA,mRNA,mRNA-mRNA,,0.41072701747482454,,,0.41072701747482454,6.225229882113928e-06,1.9889738627500934e-05,,
ETS1,IL8,mRNA,mRNA,mRNA-mRNA,,0.39351825320852873,,,0.39351825320852873,1.6182367185189665e-05,4.886440287292566e-05,,
ETS1,TGFA,mRNA,mRNA,mRNA-mRNA,,0.3736515032770914,,,0.3736515032770914,4.572373232469321e-05,0.0001268730590631127,,
ETS1,PLAT,mRNA,mRNA,mRNA-mRNA,,0.34837893897008276,,,0.34837893897008276,0.00015600340184739167,0.00039775701795527013,,
ETS1,FOS,mRNA,mRNA,mRNA-mRNA,,0.3414231832295904,,,0.3414231832295904,0.0002148568469376739,0.0005354037933398345,,
ETS1,FGFR1,mRNA,mRNA,mRNA-mRNA,,0.32095376745237736,,,0.32095376745237736,0.0005282237466377472,0.0012195870612025947,,
ETS1,SPP1,mRNA,mRNA,mRNA-mRNA,,0.30694632826739826,,,0.30694632826739826,0.0009436508128697713,0.002084967362725176,,
ETV6,PTK7,mRNA,mRNA,mRNA-mRNA,,0.7183705422098248,,,0.7183705422098248,3.346070584191404e-19,1.2268925475368482e-17,,
ETV6,PLAUR,mRNA,mRNA,mRNA-mRNA,,0.6955995765032486,,,0.6955995765032486,1.2319320732597621e-17,3.2155515132542943e-16,,
ETV6,MMP14,mRNA,mRNA,mRNA-mRNA,,0.6713369810778415,,,0.6713369810778415,4.0412738771000084e-16,8.082547754200016e-15,,
ETV6,NOTCH1,mRNA,mRNA,mRNA-mRNA,,0.6681767154080764,,,0.6681767154080764,6.21627814766183e-16,1.1818602898023728e-14,,
ETV6,TGFBI,mRNA,mRNA,mRNA-mRNA,,0.630476992411571,,,0.630476992411571,7.253585480782526e-14,9.041954028341267e-13,,
ETV6,MMP9,mRNA,mRNA,mRNA-mRNA,,0.5926421078347908,,,0.5926421078347908,4.676361269744371e-12,3.956921074399083e-11,,
ETV6,SPP1,mRNA,mRNA,mRNA-mRNA,,0.5487848019907329,,,0.5487848019907329,3.1130867143783285e-10,1.894922347882461e-09,,
ETV6,S100A4,mRNA,mRNA,mRNA-mRNA,,0.5478326330510569,,,0.5478326330510569,3.3875995051740986e-10,2.053898912585871e-09,,
ETV6,TNF,mRNA,mRNA,mRNA-mRNA,,0.5461541412372053,,,0.5461541412372053,3.9292452534615624e-10,2.3453634458646533e-09,,
ETV6,TGFA,mRNA,mRNA,mRNA-mRNA,,0.5425805981426436,,,0.5425805981426436,5.373735040455136e-10,3.134678773598829e-09,,
ETV6,MYCL1,mRNA,mRNA,mRNA-mRNA,,0.5257829297360643,,,0.5257829297360643,2.23116670724982e-09,1.184826458332663e-08,,
ETV6,JUN,mRNA,mRNA,mRNA-mRNA,,0.5075016239362832,,,0.5075016239362832,9.642240977445164e-09,4.7746145033008205e-08,,
ETV6,MMP1,mRNA,mRNA,mRNA-mRNA,,0.4934592337008015,,,0.4934592337008015,2.8032065388345455e-08,1.2809905251647478e-07,,
ETV6,L1CAM,mRNA,mRNA,mRNA-mRNA,,0.46312698890748066,,,0.46312698890748066,2.401729241892896e-07,9.557268817868373e-07,,
ETV6,IL8,mRNA,mRNA,mRNA-mRNA,,0.4428386621757044,,,0.4428386621757044,9.037203149928949e-07,3.3215496064178e-06,,
ETV6,FOLR1,mRNA,mRNA,mRNA-mRNA,,0.41523125803762,,,0.41523125803762,4.805278006618906e-06,1.5612084662854675e-05,,
ETV6,TIMP2,mRNA,mRNA,mRNA-mRNA,,0.4137161344206743,,,0.4137161344206743,5.2447056851814354e-06,1.69325927781539e-05,,
ETV6,MMP3,mRNA,mRNA,mRNA-mRNA,,0.4121709088185126,,,0.4121709088185126,5.731774130817693e-06,1.8427833322461893e-05,,
ETV6,PDGFRB,mRNA,mRNA,mRNA-mRNA,,0.39591938598128185,,,0.39591938598128185,1.4207758955780316e-05,4.341259680932874e-05,,
ETV6,LIF,mRNA,mRNA,mRNA-mRNA,,0.38105424284654166,,,0.38105424284654166,3.129331655866415e-05,8.974247206767745e-05,,
ETV6,TNFRSF1B,mRNA,mRNA,mRNA-mRNA,,0.37608962274694213,,,0.37608962274694213,4.039609674245782e-05,0.00011372941313233098,,
ETV6,TIMP3,mRNA,mRNA,mRNA-mRNA,,0.36668340795132404,,,0.36668340795132404,6.479771710975523e-05,0.00017724419955421502,,
ETV6,GAS1,mRNA,mRNA,mRNA-mRNA,,0.36559637825810865,,,0.36559637825810865,6.8370733786178e-05,0.00018635562837294537,,
ETV6,FGFR1,mRNA,mRNA,mRNA-mRNA,,0.3463256409074675,,,0.3463256409074675,0.00017159619375910025,0.00043535113408404346,,
ETV6,WFDC2,mRNA,mRNA,mRNA-mRNA,,0.34042243818205675,,,0.34042243818205675,0.00022484555547718922,0.0005584873474755991,,
ETV6,LCK,mRNA,mRNA,mRNA-mRNA,,0.32747540529308367,,,0.32747540529308367,0.00039928749063748405,0.0009503906268651088,,
ETV6,PDGFRA,mRNA,mRNA,mRNA-mRNA,,0.325561844303033,,,0.325561844303033,0.0004337370135685439,0.0010213379218586508,,
ETV6,IL1A,mRNA,mRNA,mRNA-mRNA,,0.31987068842077104,,,0.31987068842077104,0.000553018805997136,0.0012730178792759183,,
ETV6,PLAT,mRNA,mRNA,mRNA-mRNA,,0.30391346646955325,,,0.30391346646955325,0.0010660480669730777,0.0023319801465036074,,
ETV6,MMP2,mRNA,mRNA,mRNA-mRNA,,0.30360013865141505,,,0.30360013865141505,0.0010794853384592162,0.002355020874591704,,
FGFR1,TIMP2,mRNA,mRNA,mRNA-mRNA,,0.6571869709973692,,,0.6571869709973692,2.6698864243184557e-15,4.712609832311537e-14,,
FGFR1,TIMP3,mRNA,mRNA,mRNA-mRNA,,0.6340233969326933,,,0.6340233969326933,4.765897466018286e-14,6.219900082769627e-13,,
FGFR1,PDGFRB,mRNA,mRNA,mRNA-mRNA,,0.6317734877995064,,,0.6317734877995064,6.22500177446874e-14,7.922729531142032e-13,,
FGFR1,JUN,mRNA,mRNA,mRNA-mRNA,,0.625609398407087,,,0.625609398407087,1.2798034384925422e-13,1.4708188770735186e-12,,
FGFR1,PDGFRA,mRNA,mRNA,mRNA-mRNA,,0.5789554671182343,,,0.5789554671182343,1.853829429828117e-11,1.3594749152072859e-10,,
FGFR1,GAS1,mRNA,mRNA,mRNA-mRNA,,0.565845222602372,,,0.565845222602372,6.540676059241612e-11,4.437286841952459e-10,,
FGFR1,PLAT,mRNA,mRNA,mRNA-mRNA,,0.5577641973995012,,,0.5577641973995012,1.3846836727336906e-10,8.848186124522339e-10,,
FGFR1,FOS,mRNA,mRNA,mRNA-mRNA,,0.556005668591551,,,0.556005668591551,1.6258515969938277e-10,1.026152237446924e-09,,
FGFR1,TGFBI,mRNA,mRNA,mRNA-mRNA,,0.5147297166638402,,,0.5147297166638402,5.4617363768028785e-09,2.785123847773653e-08,,
FGFR1,S100A4,mRNA,mRNA,mRNA-mRNA,,0.5013788911383183,,,0.5013788911383183,1.5446568182908037e-08,7.48041352254037e-08,,
FGFR1,MMP14,mRNA,mRNA,mRNA-mRNA,,0.49250164395666923,,,0.49250164395666923,3.0095919411932435e-08,1.3671892594211196e-07,,
FGFR1,MMP2,mRNA,mRNA,mRNA-mRNA,,0.4673871043071038,,,0.4673871043071038,1.7983949413252573e-07,7.288232130633938e-07,,
FGFR1,IGFBP6,mRNA,mRNA,mRNA-mRNA,,0.4637079952740904,,,0.4637079952740904,2.3093472534041463e-07,9.213457953995818e-07,,
FGFR1,IGF1,mRNA,mRNA,mRNA-mRNA,,0.4541809797937677,,,0.4541809797937677,4.3538956404552235e-07,1.6720696474566195e-06,,
FGFR1,PTHLH,mRNA,mRNA,mRNA-mRNA,,0.39564086987633007,,,0.39564086987633007,1.4424595263624114e-05,4.398787466530918e-05,,
FGFR1,PTK7,mRNA,mRNA,mRNA-mRNA,,0.38226724196675915,,,0.38226724196675915,2.9382225128082623e-05,8.473525598735438e-05,,
FGFR1,NOTCH1,mRNA,mRNA,mRNA-mRNA,,0.35340575950855185,,,0.35340575950855185,0.00012320855526460494,0.0003205087417356277,,
FGFR1,PLAUR,mRNA,mRNA,mRNA-mRNA,,0.3346251422726165,,,0.3346251422726165,0.0002916823851472367,0.0007118714312626697,,
FLT3,LCK,mRNA,mRNA,mRNA-mRNA,,0.48288623618764603,,,0.48288623618764603,6.06911855847598e-08,2.6229470468622376e-07,,
FLT3,TNFRSF1B,mRNA,mRNA,mRNA-mRNA,,0.44049450820218494,,,0.44049450820218494,1.047527587754653e-06,3.8136938183029916e-06,,
FLT3,MYCL1,mRNA,mRNA,mRNA-mRNA,,0.43801843959321896,,,0.43801843959321896,1.222890760601659e-06,4.38179899135434e-06,,
FLT3,TNF,mRNA,mRNA,mRNA-mRNA,,0.4291300847484012,,,0.4291300847484012,2.1104279503240766e-06,7.254596079239014e-06,,
FLT3,MMP9,mRNA,mRNA,mRNA-mRNA,,0.31431877768914385,,,0.31431877768914385,0.0006977555529740221,0.0015889631845439308,,
FOLR1,PTK7,mRNA,mRNA,mRNA-mRNA,,0.4236990432053377,,,0.4236990432053377,2.9234759287632647e-06,9.982600732362367e-06,,
FOLR1,S100A4,mRNA,mRNA,mRNA-mRNA,,0.3497081095917246,,,0.3497081095917246,0.00014662226728340527,0.0003769587506117598,,
FOLR1,NOTCH1,mRNA,mRNA,mRNA-mRNA,,0.34242674607542867,,,0.34242674607542867,0.00020525407886921824,0.0005139695633473107,,
FOLR1,JUN,mRNA,mRNA,mRNA-mRNA,,0.33153615572795947,,,0.33153615572795947,0.0003343768794908112,0.0008058535123878705,,
FOLR1,TGFA,mRNA,mRNA,mRNA-mRNA,,0.30732553898920273,,,0.30732553898920273,0.0009292857881917138,0.002059136854410416,,
FOS,IGF1,mRNA,mRNA,mRNA-mRNA,,0.7314702211795463,,,0.7314702211795463,3.5640178452842714e-20,1.5681678519250793e-18,,
FOS,IGFBP6,mRNA,mRNA,mRNA-mRNA,,0.7305027296016433,,,0.7305027296016433,4.223871846420276e-20,1.7580439576992498e-18,,
FOS,JUN,mRNA,mRNA,mRNA-mRNA,,0.7035945165864108,,,0.7035945165864108,3.611210481946133e-18,1.0627061518568697e-16,,
FOS,PDGFRA,mRNA,mRNA,mRNA-mRNA,,0.6731951679337251,,,0.6731951679337251,3.129566095573138e-16,6.426042382910177e-15,,
FOS,PDGFRB,mRNA,mRNA,mRNA-mRNA,,0.6185225059087497,,,0.6185225059087497,2.8744911392616756e-13,3.0529078306641242e-12,,
FOS,GAS1,mRNA,mRNA,mRNA-mRNA,,0.6088375243996798,,,0.6088375243996798,8.409085337121155e-13,8.19619710073834e-12,,
FOS,TIMP2,mRNA,mRNA,mRNA-mRNA,,0.6004959875284152,,,0.6004959875284152,2.059552240750505e-12,1.8548014331905132e-11,,
FOS,MMP2,mRNA,mRNA,mRNA-mRNA,,0.5919559200195658,,,0.5919559200195658,5.018431955787311e-12,4.2002093543002497e-11,,
FOS,TIMP3,mRNA,mRNA,mRNA-mRNA,,0.5809975519404795,,,0.5809975519404795,1.5155884675812074e-11,1.1441207059191469e-10,,
FOS,PLAT,mRNA,mRNA,mRNA-mRNA,,0.5607792681812166,,,0.5607792681812166,1.0491644191437367e-10,6.846242396107435e-10,,
FOS,PLA2G2A,mRNA,mRNA,mRNA-mRNA,,0.49476923538620265,,,0.49476923538620265,2.5426980460768566e-08,1.1688820868532416e-07,,
FOS,TNFRSF1B,mRNA,mRNA,mRNA-mRNA,,0.45065647091782224,,,0.45065647091782224,5.478481168740044e-07,2.06175385346704e-06,,
FOS,TGFBI,mRNA,mRNA,mRNA-mRNA,,0.41553729741969264,,,0.41553729741969264,4.720847333096366e-06,1.5370200619383516e-05,,
FOS,S100A4,mRNA,mRNA,mRNA-mRNA,,0.3811295723549484,,,0.3811295723549484,3.117132066564182e-05,8.955939146471718e-05,,
FOS,LIF,mRNA,mRNA,mRNA-mRNA,,0.3465147588384254,,,0.3465147588384254,0.0001701017630293633,0.00043227180703831597,,
FOS,MMP14,mRNA,mRNA,mRNA-mRNA,,0.32284724609276116,,,0.32284724609276116,0.00048731672942587393,0.0011319272448202804,,
FOS,PTHLH,mRNA,mRNA,mRNA-mRNA,,0.32184175146847493,,,0.32184175146847493,0.0005086618558353495,0.0011761850720517092,,
GAS1,TIMP2,mRNA,mRNA,mRNA-mRNA,,0.759838273683439,,,0.759838273683439,1.7238836290668144e-22,1.1542525168534323e-20,,
GAS1,MMP2,mRNA,mRNA,mRNA-mRNA,,0.7460904186933024,,,0.7460904186933024,2.493974446108018e-21,1.4224891285208697e-19,,
GAS1,PDGFRB,mRNA,mRNA,mRNA-mRNA,,0.7176766689386471,,,0.7176766689386471,3.7542088007724693e-19,1.3445305937650239e-17,,
GAS1,PLAT,mRNA,mRNA,mRNA-mRNA,,0.7143953600538884,,,0.7143953600538884,6.43990786533386e-19,2.110097470768967e-17,,
GAS1,PDGFRA,mRNA,mRNA,mRNA-mRNA,,0.6984179755136292,,,0.6984179755136292,8.029970014110294e-18,2.132095486505147e-16,,
GAS1,TIMP3,mRNA,mRNA,mRNA-mRNA,,0.6852763910766694,,,0.6852763910766694,5.669187296846693e-17,1.2652968749483924e-15,,
GAS1,JUN,mRNA,mRNA,mRNA-mRNA,,0.6648951799401033,,,0.6648951799401033,9.667700753736883e-16,1.7937661639463614e-14,,
GAS1,MMP14,mRNA,mRNA,mRNA-mRNA,,0.6494433046738664,,,0.6494433046738664,7.193620009670498e-15,1.1190075570598553e-13,,
GAS1,TGFBI,mRNA,mRNA,mRNA-mRNA,,0.6407537729081352,,,0.6407537729081352,2.1155871931844592e-14,2.9889947500037317e-13,,
GAS1,S100A4,mRNA,mRNA,mRNA-mRNA,,0.5827768046957785,,,0.5827768046957785,1.270157896934699e-11,9.683381986531864e-11,,
GAS1,IGFBP6,mRNA,mRNA,mRNA-mRNA,,0.5822455127653727,,,0.5822455127653727,1.3391099501177071e-11,1.0158765138823986e-10,,
GAS1,IGF1,mRNA,mRNA,mRNA-mRNA,,0.5297223466904663,,,0.5297223466904663,1.6090175216582004e-09,8.81810314360722e-09,,
GAS1,PTHLH,mRNA,mRNA,mRNA-mRNA,,0.44761032209285456,,,0.44761032209285456,6.668101560877382e-07,2.4924457290658177e-06,,
GAS1,TNFRSF1B,mRNA,mRNA,mRNA-mRNA,,0.438010580472306,,,0.438010580472306,1.223489328754783e-06,4.38179899135434e-06,,
GAS1,PLAUR,mRNA,mRNA,mRNA-mRNA,,0.41783398493956325,,,0.41783398493956325,4.130515206034864e-06,1.3665567006914306e-05,,
GAS1,NOTCH1,mRNA,mRNA,mRNA-mRNA,,0.39663551097607,,,0.39663551097607,1.366421815081107e-05,4.1834783205266497e-05,,
GAS1,MMP3,mRNA,mRNA,mRNA-mRNA,,0.3933643960948046,,,0.3933643960948046,1.6317308220482333e-05,4.905935135938428e-05,,
GAS1,LIF,mRNA,mRNA,mRNA-mRNA,,0.3645121703621333,,,0.3645121703621333,7.211694996308798e-05,0.00019453884024720348,,
GAS1,PTK7,mRNA,mRNA,mRNA-mRNA,,0.31384303136512803,,,0.31384303136512803,0.0007116480897123682,0.001616427814390925,,
IGF1,IGFBP6,mRNA,mRNA,mRNA-mRNA,,0.7858116955991988,,,0.7858116955991988,6.556559323393888e-25,8.414251131688822e-23,,
IGF1,PDGFRA,mRNA,mRNA,mRNA-mRNA,,0.6199610034682711,,,0.6199610034682711,2.443129536548118e-13,2.6683826143858877e-12,,
IGF1,MMP2,mRNA,mRNA,mRNA-mRNA,,0.6015891781784185,,,0.6015891781784185,1.8341321175783675e-12,1.671339326077329e-11,,
IGF1,PDGFRB,mRNA,mRNA,mRNA-mRNA,,0.586027512734929,,,0.586027512734929,9.17231344289997e-12,7.206817705135691e-11,,
IGF1,PLA2G2A,mRNA,mRNA,mRNA-mRNA,,0.5614092544563019,,,0.5614092544563019,9.897173287271267e-11,6.541479340084872e-10,,
IGF1,PLAT,mRNA,mRNA,mRNA-mRNA,,0.5020283899618406,,,0.5020283899618406,1.469984117685471e-08,7.141247764150238e-08,,
IGF1,JUN,mRNA,mRNA,mRNA-mRNA,,0.49426080720125737,,,0.49426080720125737,2.6409273596479737e-08,1.2104250398386546e-07,,
IGF1,TNFRSF1B,mRNA,mRNA,mRNA-mRNA,,0.49138759404281884,,,0.49138759404281884,3.2680023325724485e-08,1.4802128212239914e-07,,
IGF1,TIMP2,mRNA,mRNA,mRNA-mRNA,,0.4598771699064199,,,0.4598771699064199,2.986952071000916e-07,1.170052788554332e-06,,
IGF1,TIMP3,mRNA,mRNA,mRNA-mRNA,,0.45476504339306206,,,0.45476504339306206,4.1901950200228296e-07,1.6132250827087895e-06,,
IGF1,PTHLH,mRNA,mRNA,mRNA-mRNA,,0.43823544015710575,,,0.43823544015710575,1.2064728415792692e-06,4.341047140261857e-06,,
IGF1,MMP1,mRNA,mRNA,mRNA-mRNA,,-0.353145186157873,,,-0.353145186157873,0.00012473720390095944,0.0003233927508543393,,
IGFBP6,PDGFRA,mRNA,mRNA,mRNA-mRNA,,0.6944809632935843,,,0.6944809632935843,1.4580333314473268e-17,3.6809366072604644e-16,,
IGFBP6,TIMP3,mRNA,mRNA,mRNA-mRNA,,0.639297184000801,,,0.639297184000801,2.5264037845811756e-14,3.536965298413646e-13,,
IGFBP6,PDGFRB,mRNA,mRNA,mRNA-mRNA,,0.6357778210730961,,,0.6357778210730961,3.86397998193398e-14,5.129766527739939e-13,,
IGFBP6,MMP2,mRNA,mRNA,mRNA-mRNA,,0.6254063176743603,,,0.6254063176743603,1.3102006223750472e-13,1.4945992284870908e-12,,
IGFBP6,TIMP2,mRNA,mRNA,mRNA-mRNA,,0.5873739403595548,,,0.5873739403595548,8.006822838317293e-12,6.355931531447748e-11,,
IGFBP6,PLAT,mRNA,mRNA,mRNA-mRNA,,0.5849432305283676,,,0.5849432305283676,1.022845864350635e-11,7.915490608542603e-11,,
IGFBP6,JUN,mRNA,mRNA,mRNA-mRNA,,0.5541048439817197,,,0.5541048439817197,1.9319595762427848e-10,1.214374590781179e-09,,
IGFBP6,PLA2G2A,mRNA,mRNA,mRNA-mRNA,,0.4963838483645836,,,0.4963838483645836,2.2534062803809093e-08,1.0484125896636255e-07,,
IGFBP6,TNFRSF1B,mRNA,mRNA,mRNA-mRNA,,0.39545327699672034,,,0.39545327699672034,1.4572394251453306e-05,4.4350765113118756e-05,,
IGFBP6,PTHLH,mRNA,mRNA,mRNA-mRNA,,0.3319633571893351,,,0.3319633571893351,0.00032814704411048733,0.0007920790719908315,,
IGFBP6,S100A4,mRNA,mRNA,mRNA-mRNA,,0.32991231414821304,,,0.32991231414821304,0.00035906656130348504,0.000858637429203986,,
IGFBP6,TGFBI,mRNA,mRNA,mRNA-mRNA,,0.32552504282554184,,,0.32552504282554184,0.00043442558945838597,0.0010213975691082662,,
IL1A,IL8,mRNA,mRNA,mRNA-mRNA,,0.30552689529279675,,,0.30552689529279675,0.0009992404049463392,0.002201473853529846,,
IL1A,TNF,mRNA,mRNA,mRNA-mRNA,,0.3010743309276373,,,0.3010743309276373,0.0011935811144567299,0.0025707900926760334,,
IL8,PLAUR,mRNA,mRNA,mRNA-mRNA,,0.7019051011205919,,,0.7019051011205919,4.696103290473479e-18,1.3392590865424366e-16,,
IL8,MMP1,mRNA,mRNA,mRNA-mRNA,,0.63657674733426,,,0.63657674733426,3.5103646180769815e-14,4.784036736140311e-13,,
IL8,SPP1,mRNA,mRNA,mRNA-mRNA,,0.5958646920789956,,,0.5958646920789956,3.34923856436832e-12,2.8909415401975426e-11,,
IL8,TGFBI,mRNA,mRNA,mRNA-mRNA,,0.5207541533578379,,,0.5207541533578379,3.366241415950284e-09,1.769287297120627e-08,,
IL8,MMP9,mRNA,mRNA,mRNA-mRNA,,0.4905361042884428,,,0.4905361042884428,3.479684392458997e-08,1.571470370787934e-07,,
IL8,MMP14,mRNA,mRNA,mRNA-mRNA,,0.4759675396183524,,,0.4759675396183524,9.921968259101489e-08,4.2093198674976016e-07,,
IL8,LIF,mRNA,mRNA,mRNA-mRNA,,0.45647023247611873,,,0.45647023247611873,3.745112612503621e-07,1.4527640864623617e-06,,
IL8,TNF,mRNA,mRNA,mRNA-mRNA,,0.4364925680686066,,,0.4364925680686066,1.344465881239535e-06,4.759718292204331e-06,,
IL8,PTK7,mRNA,mRNA,mRNA-mRNA,,0.39526017895405197,,,0.39526017895405197,1.4726017467062782e-05,4.47299149887114e-05,,
IL8,NOTCH1,mRNA,mRNA,mRNA-mRNA,,0.3758153481004292,,,0.3758153481004292,4.096503040326997e-05,0.00011510374399906464,,
IL8,MMP3,mRNA,mRNA,mRNA-mRNA,,0.3522816786649075,,,0.3522816786649075,0.00012992991356494535,0.0003357249444463353,,
IL8,L1CAM,mRNA,mRNA,mRNA-mRNA,,0.331494389083349,,,0.331494389083349,0.0003349917795529665,0.0008058587577041083,,
IL8,S100A4,mRNA,mRNA,mRNA-mRNA,,0.3273652208222353,,,0.3273652208222353,0.0004012005980575392,0.0009534705571120531,,
JUN,PDGFRB,mRNA,mRNA,mRNA-mRNA,,0.6821688002379013,,,0.6821688002379013,8.866792353871687e-17,1.896508364578111e-15,,
JUN,TIMP2,mRNA,mRNA,mRNA-mRNA,,0.6502440358060001,,,0.6502440358060001,6.5014871482699945e-15,1.0321948668387415e-13,,
JUN,PDGFRA,mRNA,mRNA,mRNA-mRNA,,0.6495528630775396,,,0.6495528630775396,7.0948618874666276e-15,1.1149068680304701e-13,,
JUN,TIMP3,mRNA,mRNA,mRNA-mRNA,,0.6209086379370629,,,0.6209086379370629,2.1939677330773282e-13,2.435478119414743e-12,,
JUN,MMP14,mRNA,mRNA,mRNA-mRNA,,0.5866405310651152,,,0.5866405310651152,8.622669830219961e-12,6.809698224891663e-11,,
JUN,TGFBI,mRNA,mRNA,mRNA-mRNA,,0.5791770675047394,,,0.5791770675047394,1.8138653906567804e-11,1.3429580296208856e-10,,
JUN,S100A4,mRNA,mRNA,mRNA-mRNA,,0.568157225365967,,,0.568157225365967,5.257796349587395e-11,3.6147349903413343e-10,,
JUN,PLAT,mRNA,mRNA,mRNA-mRNA,,0.5642117430960167,,,0.5642117430960167,7.623840309769217e-11,5.14943599870377e-10,,
JUN,NOTCH1,mRNA,mRNA,mRNA-mRNA,,0.5570972802637898,,,0.5570972802637898,1.4717819967047554e-10,9.365885433575717e-10,,
JUN,MMP2,mRNA,mRNA,mRNA-mRNA,,0.5415282125483,,,0.5415282125483,5.888635342614546e-10,3.422074878349585e-09,,
JUN,PTHLH,mRNA,mRNA,mRNA-mRNA,,0.4432609904479465,,,0.4432609904479465,8.798912156390923e-07,3.2494783503218276e-06,,
JUN,PLAUR,mRNA,mRNA,mRNA-mRNA,,0.44305604441549146,,,0.44305604441549146,8.913794083294881e-07,3.2840293991086407e-06,,
JUN,LIF,mRNA,mRNA,mRNA-mRNA,,0.42944448114647854,,,0.42944448114647854,2.070628473906401e-06,7.133708836277086e-06,,
JUN,PTK7,mRNA,mRNA,mRNA-mRNA,,0.42266936046484826,,,0.42266936046484826,3.1078241632057145e-06,1.0541958615279297e-05,,
JUN,TNFRSF1B,mRNA,mRNA,mRNA-mRNA,,0.33259936340136276,,,0.33259936340136276,0.00031907049179192616,0.0007748397717859066,,
JUN,MMP3,mRNA,mRNA,mRNA-mRNA,,0.3096415348461541,,,0.3096415348461541,0.0008458045366942335,0.0018987448782931773,,
L1CAM,PLAUR,mRNA,mRNA,mRNA-mRNA,,0.4961429921902334,,,0.4961429921902334,2.294465975141798e-08,1.064300482445292e-07,,
L1CAM,TNF,mRNA,mRNA,mRNA-mRNA,,0.4831685366354717,,,0.4831685366354717,5.9472330548751894e-08,2.587214379804461e-07,,
L1CAM,NOTCH1,mRNA,mRNA,mRNA-mRNA,,0.43596345881901444,,,0.43596345881901444,1.3892372642270383e-06,4.9069389608019245e-06,,
L1CAM,MMP3,mRNA,mRNA,mRNA-mRNA,,0.42038451475533706,,,0.42038451475533706,3.5569220350893757e-06,1.1856406783631252e-05,,
L1CAM,TGFBI,mRNA,mRNA,mRNA-mRNA,,0.4162918937387093,,,0.4162918937387093,4.518616150477165e-06,1.4805678450499646e-05,,
L1CAM,MMP14,mRNA,mRNA,mRNA-mRNA,,0.41027902471205246,,,0.41027902471205246,6.386307319023137e-06,2.0320068742346344e-05,,
L1CAM,MMP1,mRNA,mRNA,mRNA-mRNA,,0.4101694802967894,,,0.4101694802967894,6.426288590402454e-06,2.040512253447377e-05,,
L1CAM,SPP1,mRNA,mRNA,mRNA-mRNA,,0.4076809132325752,,,0.4076809132325752,7.400782267821749e-06,2.330716706021573e-05,,
L1CAM,S100A4,mRNA,mRNA,mRNA-mRNA,,0.4027894938973118,,,0.4027894938973118,9.735993421994807e-06,3.027936531214189e-05,,
L1CAM,PTK7,mRNA,mRNA,mRNA-mRNA,,0.37989036857693015,,,0.37989036857693015,3.3235999959742745e-05,9.478414803334042e-05,,
L1CAM,MMP9,mRNA,mRNA,mRNA-mRNA,,0.3503182693927295,,,0.3503182693927295,0.00014249371338399586,0.0003675717229670915,,
L1CAM,WFDC2,mRNA,mRNA,mRNA-mRNA,,0.3410812301383202,,,0.3410812301383202,0.00021822279822455198,0.0005429129390400808,,
L1CAM,LIF,mRNA,mRNA,mRNA-mRNA,,0.31926295177927444,,,0.31926295177927444,0.0005673957741758831,0.0013002819824863988,,
L1CAM,MYCL1,mRNA,mRNA,mRNA-mRNA,,0.3082608087437815,,,0.3082608087437815,0.0008947066477903639,0.0019882369950896973,,
LCK,TNFRSF1B,mRNA,mRNA,mRNA-mRNA,,0.6338683717533203,,,0.6338683717533203,4.854756740335151e-14,6.282626369845489e-13,,
LCK,MYCL1,mRNA,mRNA,mRNA-mRNA,,0.4729319695305899,,,0.4729319695305899,1.2268243790458331e-07,5.14798240798524e-07,,
LCK,MMP9,mRNA,mRNA,mRNA-mRNA,,0.3966473687114085,,,0.3966473687114085,1.3655384969980993e-05,4.1834783205266497e-05,,
LCK,TNF,mRNA,mRNA,mRNA-mRNA,,0.383944869421557,,,0.383944869421557,2.6918860891465573e-05,7.777682133744276e-05,,
LCK,TGFA,mRNA,mRNA,mRNA-mRNA,,0.3142922115330092,,,0.3142922115330092,0.0006985247246339228,0.0015889631845439308,,
LCK,MMP2,mRNA,mRNA,mRNA-mRNA,,0.31234202600144295,,,0.31234202600144295,0.0007571581716699523,0.001712222590854224,,
LCK,NOTCH1,mRNA,mRNA,mRNA-mRNA,,0.3115106975489025,,,0.3115106975489025,0.0007834960375368859,0.0017665942866863897,,
LCK,PLA2G2A,mRNA,mRNA,mRNA-mRNA,,0.302523617962744,,,0.302523617962744,0.0011268386326611622,0.0024406912718680585,,
LIF,PLAUR,mRNA,mRNA,mRNA-mRNA,,0.603193013523378,,,0.603193013523378,1.5460591866093948e-12,1.4342958719147398e-11,,
LIF,NOTCH1,mRNA,mRNA,mRNA-mRNA,,0.48558935956953897,,,0.48558935956953897,4.993828228306025e-08,2.2291291222003706e-07,,
LIF,MMP14,mRNA,mRNA,mRNA-mRNA,,0.4763227369232585,,,0.4763227369232585,9.677267677561234e-08,4.116848680509475e-07,,
LIF,MMP1,mRNA,mRNA,mRNA-mRNA,,0.46607363666586005,,,0.46607363666586005,1.9669966474404918e-07,7.90907268161451e-07,,
LIF,TNFRSF1B,mRNA,mRNA,mRNA-mRNA,,0.46064562646446183,,,0.46064562646446183,2.837414137774507e-07,1.1204148133776259e-06,,
LIF,TNF,mRNA,mRNA,mRNA-mRNA,,0.42062337655330506,,,0.42062337655330506,3.5072470570063794e-06,1.1716183227309814e-05,,
LIF,PDGFRA,mRNA,mRNA,mRNA-mRNA,,0.41603247049865005,,,0.41603247049865005,4.587199703618169e-06,1.4998487353656008e-05,,
LIF,TGFBI,mRNA,mRNA,mRNA-mRNA,,0.39160856658753934,,,0.39160856658753934,1.793407185397589e-05,5.362809835946189e-05,,
LIF,PDGFRB,mRNA,mRNA,mRNA-mRNA,,0.3904071432533865,,,0.3904071432533865,1.9125808871301018e-05,5.675095503237682e-05,,
LIF,MMP3,mRNA,mRNA,mRNA-mRNA,,0.38625273273995325,,,0.38625273273995325,2.384529142636805e-05,7.007967327596717e-05,,
LIF,MMP2,mRNA,mRNA,mRNA-mRNA,,0.3840940112448764,,,0.3840940112448764,2.6709509920797103e-05,7.746260880984471e-05,,
LIF,TIMP2,mRNA,mRNA,mRNA-mRNA,,0.37625062128923525,,,0.37625062128923525,4.0065587595733365e-05,0.00011300550347514538,,
LIF,PLAT,mRNA,mRNA,mRNA-mRNA,,0.36450821532511973,,,0.36450821532511973,7.213095959815142e-05,0.00019453884024720348,,
LIF,S100A4,mRNA,mRNA,mRNA-mRNA,,0.34950404498432214,,,0.34950404498432214,0.0001480276452790992,0.00037993762288302126,,
LIF,WFDC2,mRNA,mRNA,mRNA-mRNA,,0.3455666247462729,,,0.3455666247462729,0.00017771740206307037,0.0004501394723308032,,
LIF,MMP9,mRNA,mRNA,mRNA-mRNA,,0.3378151371401749,,,0.3378151371401749,0.0002529242443894615,0.0006222098024916465,,
LIF,TGFA,mRNA,mRNA,mRNA-mRNA,,0.3360175919992929,,,0.3360175919992929,0.00027413462519182056,0.0006711722143011187,,
LIF,PLA2G2A,mRNA,mRNA,mRNA-mRNA,,0.32709911250971596,,,0.32709911250971596,0.00040585585982384,0.0009630478029718238,,
LIF,SPP1,mRNA,mRNA,mRNA-mRNA,,0.31798021930987475,,,0.31798021930987475,0.0005988743922483123,0.0013683480178967374,,
LIF,PTK7,mRNA,mRNA,mRNA-mRNA,,0.3031836462983094,,,0.3031836462983094,0.001097586110239657,0.0023806797320691155,,
MMP1,PLAUR,mRNA,mRNA,mRNA-mRNA,,0.6717678498912331,,,0.6717678498912331,3.8092849003173083e-16,7.71881414011665e-15,,
MMP1,TNF,mRNA,mRNA,mRNA-mRNA,,0.6277882681249665,,,0.6277882681249665,9.937941058023463e-14,1.1772637868735488e-12,,
MMP1,MMP9,mRNA,mRNA,mRNA-mRNA,,0.5732358437452754,,,0.5732358437452754,3.235366138335155e-11,2.2647562968346088e-10,,
MMP1,SPP1,mRNA,mRNA,mRNA-mRNA,,0.5413953511888958,,,0.5413953511888958,5.956920549720011e-10,3.4487434761536904e-09,,
MMP1,MMP14,mRNA,mRNA,mRNA-mRNA,,0.5337431032450051,,,0.5337431032450051,1.1475453709861849e-09,6.402970548256249e-09,,
MMP1,MMP3,mRNA,mRNA,mRNA-mRNA,,0.5315040021706885,,,0.5315040021706885,1.3859663640373119e-09,7.650136919775843e-09,,
MMP1,PTK7,mRNA,mRNA,mRNA-mRNA,,0.48551945690542997,,,0.48551945690542997,5.019182097129904e-08,2.2339712224219805e-07,,
MMP1,NOTCH1,mRNA,mRNA,mRNA-mRNA,,0.46999025646005954,,,0.46999025646005954,1.5040767400410786e-07,6.226554246406616e-07,,
MMP1,TGFBI,mRNA,mRNA,mRNA-mRNA,,0.41859472853572316,,,0.41859472853572316,3.950873345838842e-06,1.3141133806893773e-05,,
MMP1,TGFA,mRNA,mRNA,mRNA-mRNA,,0.37380126178382406,,,0.37380126178382406,4.5378411187381295e-05,0.00012614215384217905,,
MMP1,S100A4,mRNA,mRNA,mRNA-mRNA,,0.3244132043997332,,,0.3244132043997332,0.0004557093763773088,0.0010660559142817614,,
MMP1,MYCL1,mRNA,mRNA,mRNA-mRNA,,0.3084247861214422,,,0.3084247861214422,0.0008887666459465093,0.001980753451168776,,
MMP2,PDGFRB,mRNA,mRNA,mRNA-mRNA,,0.838330436568417,,,0.838330436568417,5.100959392983728e-31,2.618492488398314e-28,,
MMP2,TIMP2,mRNA,mRNA,mRNA-mRNA,,0.8121241008976282,,,0.8121241008976282,9.908110188623436e-28,1.6953877433866768e-25,,
MMP2,PDGFRA,mRNA,mRNA,mRNA-mRNA,,0.77939415320459,,,0.77939415320459,2.7857550572830033e-24,2.6812892426348906e-22,,
MMP2,MMP14,mRNA,mRNA,mRNA-mRNA,,0.7123002726528889,,,0.7123002726528889,9.05329213550696e-19,2.9045978934751497e-17,,
MMP2,TIMP3,mRNA,mRNA,mRNA-mRNA,,0.701430753633135,,,0.701430753633135,5.053898252163178e-18,1.389822019344874e-16,,
MMP2,PLAT,mRNA,mRNA,mRNA-mRNA,,0.6198577253142701,,,0.6198577253142701,2.4718855659968167e-13,2.6807773039683787e-12,,
MMP2,TGFBI,mRNA,mRNA,mRNA-mRNA,,0.6126368064450384,,,0.6126368064450384,5.543252884059145e-13,5.579483295066067e-12,,
MMP2,S100A4,mRNA,mRNA,mRNA-mRNA,,0.5496427547339714,,,0.5496427547339714,2.884185065462001e-10,1.7695796815981998e-09,,
MMP2,TNFRSF1B,mRNA,mRNA,mRNA-mRNA,,0.5354379559095079,,,0.5354379559095079,9.938367182072277e-10,5.606258410399746e-09,,
MMP2,MMP3,mRNA,mRNA,mRNA-mRNA,,0.46506776598312516,,,0.46506776598312516,2.1061926597774297e-07,8.4467101459824e-07,,
MMP2,PLAUR,mRNA,mRNA,mRNA-mRNA,,0.451384476882868,,,0.451384476882868,5.225661463287028e-07,1.9772773104329293e-06,,
MMP2,PLA2G2A,mRNA,mRNA,mRNA-mRNA,,0.3851275304666435,,,0.3851275304666435,2.5300174256555212e-05,7.4027369136583e-05,,
MMP2,PTHLH,mRNA,mRNA,mRNA-mRNA,,0.38472613961785895,,,0.38472613961785895,2.5839025895589564e-05,7.53638255288029e-05,,
MMP2,NOTCH1,mRNA,mRNA,mRNA-mRNA,,0.35769343029531325,,,0.35769343029531325,0.00010042804014071144,0.0002652816154660302,,
MMP2,PTK7,mRNA,mRNA,mRNA-mRNA,,0.34533035597777023,,,0.34533035597777023,0.00017966377352351734,0.0004543221859215381,,
MMP3,MMP14,mRNA,mRNA,mRNA-mRNA,,0.6027857956310071,,,0.6027857956310071,1.614752744053715e-12,1.489053428648336e-11,,
MMP3,PLAUR,mRNA,mRNA,mRNA-mRNA,,0.5139524415498748,,,0.5139524415498748,5.809681266060132e-09,2.9527752969414532e-08,,
MMP3,TGFBI,mRNA,mRNA,mRNA-mRNA,,0.45984430606064647,,,0.45984430606064647,2.9935116798078357e-07,1.170052788554332e-06,,
MMP3,TIMP2,mRNA,mRNA,mRNA-mRNA,,0.4446063513279978,,,0.4446063513279978,8.078967780818657e-07,2.9979784054122245e-06,,
MMP3,SPP1,mRNA,mRNA,mRNA-mRNA,,0.44099974427619126,,,0.44099974427619126,1.0148074947092991e-06,3.7121224272026617e-06,,
MMP3,PTK7,mRNA,mRNA,mRNA-mRNA,,0.439496829203582,,,0.439496829203582,1.1151031272059242e-06,4.021683409595137e-06,,
MMP3,PDGFRB,mRNA,mRNA,mRNA-mRNA,,0.41597760498129355,,,0.41597760498129355,4.60182991370533e-06,1.5014445057428408e-05,,
MMP3,S100A4,mRNA,mRNA,mRNA-mRNA,,0.3993199622492222,,,0.3993199622492222,1.1795903258286605e-05,3.640419041635545e-05,,
MMP3,TIMP3,mRNA,mRNA,mRNA-mRNA,,0.36203784076840506,,,0.36203784076840506,8.139530610950374e-05,0.00021724223814321622,,
MMP3,MMP9,mRNA,mRNA,mRNA-mRNA,,0.3314129397430141,,,0.3314129397430141,0.0003361939020853714,0.00080644643179357,,
MMP3,PDGFRA,mRNA,mRNA,mRNA-mRNA,,0.3312984116621181,,,0.3312984116621181,0.00033789097399205984,0.0008092567650820718,,
MMP3,PTHLH,mRNA,mRNA,mRNA-mRNA,,0.3265716272212379,,,0.3265716272212379,0.0004152310471928093,0.0009837781733491174,,
MMP3,NOTCH1,mRNA,mRNA,mRNA-mRNA,,0.3195478552778019,,,0.3195478552778019,0.0005606137185515166,0.0012885748157751278,,
MMP3,PLAT,mRNA,mRNA,mRNA-mRNA,,0.30910675520511216,,,0.30910675520511216,0.0008644474640265337,0.001932146726561483,,
MMP9,PLAUR,mRNA,mRNA,mRNA-mRNA,,0.7191672439676184,,,0.7191672439676184,2.9306207239924504e-19,1.1282889787370933e-17,,
MMP9,MMP14,mRNA,mRNA,mRNA-mRNA,,0.6568437587087127,,,0.6568437587087127,2.7915006848129484e-15,4.8302371400134165e-14,,
MMP9,PTK7,mRNA,mRNA,mRNA-mRNA,,0.6356834160680015,,,0.6356834160680015,3.907979523984965e-14,5.14383629652722e-13,,
MMP9,SPP1,mRNA,mRNA,mRNA-mRNA,,0.6213169048440911,,,0.6213169048440911,2.0943774203170345e-13,2.354263669553455e-12,,
MMP9,TNF,mRNA,mRNA,mRNA-mRNA,,0.5912171676349649,,,0.5912171676349649,5.413723458297611e-12,4.4823301751496345e-11,,
MMP9,NOTCH1,mRNA,mRNA,mRNA-mRNA,,0.575992828997854,,,0.575992828997854,2.4770076618552657e-11,1.7498127519528025e-10,,
MMP9,TGFBI,mRNA,mRNA,mRNA-mRNA,,0.5287054875549716,,,0.5287054875549716,1.7513832800922854e-09,9.496937504725773e-09,,
MMP9,S100A4,mRNA,mRNA,mRNA-mRNA,,0.4376307317389111,,,0.4376307317389111,1.252753150441824e-06,4.476194551462665e-06,,
MMP9,MYCL1,mRNA,mRNA,mRNA-mRNA,,0.36233120742834635,,,0.36233120742834635,8.023978908498709e-05,0.00021452999165083353,,
MMP9,TNFRSF1B,mRNA,mRNA,mRNA-mRNA,,0.35531033995932104,,,0.35531033995932104,0.00011255325892050849,0.0002952845293655589,,
MMP9,TIMP2,mRNA,mRNA,mRNA-mRNA,,0.3381265464873643,,,0.3381265464873643,0.00024940780511547016,0.0006155256728811282,,
MMP9,PDGFRB,mRNA,mRNA,mRNA-mRNA,,0.30348628460589755,,,0.30348628460589755,0.0010844061962191098,0.0023554097915055414,,
MMP14,PLAUR,mRNA,mRNA,mRNA-mRNA,,0.8182750172617415,,,0.8182750172617415,1.8712979165999467e-28,4.802997985939863e-26,,
MMP14,TGFBI,mRNA,mRNA,mRNA-mRNA,,0.8093724673643392,,,0.8093724673643392,2.0476515043229542e-27,3.1533833166573493e-25,,
MMP14,TIMP2,mRNA,mRNA,mRNA-mRNA,,0.7878994579460988,,,0.7878994579460988,4.0515625923420436e-25,5.672187629278861e-23,,
MMP14,PTK7,mRNA,mRNA,mRNA-mRNA,,0.7799105484467732,,,0.7799105484467732,2.4841055408508574e-24,2.550348355273547e-22,,
MMP14,PDGFRB,mRNA,mRNA,mRNA-mRNA,,0.7447986923611198,,,0.7447986923611198,3.1775675565916574e-21,1.687397943845225e-19,,
MMP14,S100A4,mRNA,mRNA,mRNA-mRNA,,0.7072001074920188,,,0.7072001074920188,2.048652094958448e-18,6.30984845247202e-17,,
MMP14,NOTCH1,mRNA,mRNA,mRNA-mRNA,,0.6993478661030914,,,0.6993478661030914,6.964897338835359e-18,1.8817441932993778e-16,,
MMP14,SPP1,mRNA,mRNA,mRNA-mRNA,,0.6797042216133521,,,0.6797042216133521,1.2592912675420059e-16,2.6565870575543685e-15,,
MMP14,TIMP3,mRNA,mRNA,mRNA-mRNA,,0.6412905848718368,,,0.6412905848718368,1.9811747870779255e-14,2.851410441214958e-13,,
MMP14,PDGFRA,mRNA,mRNA,mRNA-mRNA,,0.6033600866688236,,,0.6033600866688236,1.5187011886098004e-12,1.4174544427024804e-11,,
MMP14,PLAT,mRNA,mRNA,mRNA-mRNA,,0.4751712876753657,,,0.4751712876753657,1.0492159026988264e-07,4.4389903575719583e-07,,
MMP14,TNF,mRNA,mRNA,mRNA-mRNA,,0.4223914975985351,,,0.4223914975985351,3.1594241458079496e-06,1.0693435570426905e-05,,
MMP14,TNFRSF1B,mRNA,mRNA,mRNA-mRNA,,0.41756546525460486,,,0.41756546525460486,4.195746563521001e-06,1.3836080744801586e-05,,
MMP14,PTHLH,mRNA,mRNA,mRNA-mRNA,,0.36092382952383845,,,0.36092382952383845,8.592598773285559e-05,0.00022814831225620276,,
MMP14,MYCL1,mRNA,mRNA,mRNA-mRNA,,0.30758542818728796,,,0.30758542818728796,0.0009195565427023544,0.00204051451838851,,
MYCL1,TGFA,mRNA,mRNA,mRNA-mRNA,,0.6125591591405962,,,0.6125591591405962,5.590977942047406e-13,5.590977942047406e-12,,
MYCL1,TNF,mRNA,mRNA,mRNA-mRNA,,0.455917563744799,,,0.455917563744799,3.8841904367553144e-07,1.5029279579404987e-06,,
MYCL1,NOTCH1,mRNA,mRNA,mRNA-mRNA,,0.40963455477654054,,,0.40963455477654054,6.624940429243643e-06,2.099260959060743e-05,,
MYCL1,PTK7,mRNA,mRNA,mRNA-mRNA,,0.3757220930033632,,,0.3757220930033632,4.116017365665433e-05,0.00011524848623863211,,
MYCL1,TNFRSF1B,mRNA,mRNA,mRNA-mRNA,,0.3102442935430616,,,0.3102442935430616,0.0008252331829030798,0.0018552687615631283,,
MYCL1,PLAUR,mRNA,mRNA,mRNA-mRNA,,0.30355685668659715,,,0.30355685668659715,0.0010813536123603518,0.0023554097915055414,,
NOTCH1,PTK7,mRNA,mRNA,mRNA-mRNA,,0.735819348404538,,,0.735819348404538,1.645655133267805e-20,7.679723955249757e-19,,
NOTCH1,PLAUR,mRNA,mRNA,mRNA-mRNA,,0.687342707102276,,,0.687342707102276,4.197812026676436e-17,9.794894728911683e-16,,
NOTCH1,S100A4,mRNA,mRNA,mRNA-mRNA,,0.6283458279189725,,,0.6283458279189725,9.31212334169072e-14,1.132701651839877e-12,,
NOTCH1,TGFBI,mRNA,mRNA,mRNA-mRNA,,0.5795336488137076,,,0.5795336488137076,1.7512989447163227e-11,1.3028987318179408e-10,,
NOTCH1,TNF,mRNA,mRNA,mRNA-mRNA,,0.501123448576635,,,0.501123448576635,1.5750092679084828e-08,7.556119229218267e-08,,
NOTCH1,PDGFRB,mRNA,mRNA,mRNA-mRNA,,0.4985663038796148,,,0.4985663038796148,1.9120692114580192e-08,9.032474189096165e-08,,
NOTCH1,SPP1,mRNA,mRNA,mRNA-mRNA,,0.4947732145765937,,,0.4947732145765937,2.5419432300776042e-08,1.1688820868532416e-07,,
NOTCH1,TGFA,mRNA,mRNA,mRNA-mRNA,,0.48489597582377203,,,0.48489597582377203,5.250829015743337e-08,2.3303391020878212e-07,,
NOTCH1,TIMP2,mRNA,mRNA,mRNA-mRNA,,0.4788843200189677,,,0.4788843200189677,8.075629044324786e-08,3.445005187883704e-07,,
NOTCH1,TIMP3,mRNA,mRNA,mRNA-mRNA,,0.40439507702085953,,,0.40439507702085953,8.902087882308686e-06,2.7864258818608492e-05,,
NOTCH1,PDGFRA,mRNA,mRNA,mRNA-mRNA,,0.3004770573951443,,,0.3004770573951443,0.0012221199219792235,0.002628581955094978,,
PDGFRA,TIMP2,mRNA,mRNA,mRNA-mRNA,,0.8125316042970575,,,0.8125316042970575,8.889172451577474e-28,1.6953877433866768e-25,,
PDGFRA,PDGFRB,mRNA,mRNA,mRNA-mRNA,,0.7482259215070743,,,0.7482259215070743,1.6656030653099585e-21,1.0260114882309346e-19,,
PDGFRA,TIMP3,mRNA,mRNA,mRNA-mRNA,,0.7171849151940921,,,0.7171849151940921,4.072411586716856e-19,1.4253440553508997e-17,,
PDGFRA,PLAT,mRNA,mRNA,mRNA-mRNA,,0.5929047814972912,,,0.5929047814972912,4.551475718746371e-12,3.8725263021377963e-11,,
PDGFRA,TGFBI,mRNA,mRNA,mRNA-mRNA,,0.5879088216444076,,,0.5879088216444076,7.584711880647238e-12,6.05204989440246e-11,,
PDGFRA,S100A4,mRNA,mRNA,mRNA-mRNA,,0.5838965638892633,,,0.5838965638892633,1.1358840001437654e-11,8.702792836922382e-11,,
PDGFRA,TNFRSF1B,mRNA,mRNA,mRNA-mRNA,,0.5771109241107765,,,0.5771109241107765,2.2211447609116166e-11,1.5909595031646e-10,,
PDGFRA,PTHLH,mRNA,mRNA,mRNA-mRNA,,0.4520910263356192,,,0.4520910263356192,4.990931428018468e-07,1.8977862713946768e-06,,
PDGFRA,PLAUR,mRNA,mRNA,mRNA-mRNA,,0.43756050504032606,,,0.43756050504032606,1.258235695749953e-06,4.485377248738259e-06,,
PDGFRA,PLA2G2A,mRNA,mRNA,mRNA-mRNA,,0.3626131622143769,,,0.3626131622143769,7.914365096429965e-05,0.00021196734345221125,,
PDGFRB,TIMP2,mRNA,mRNA,mRNA-mRNA,,0.8156544037272664,,,0.8156544037272664,3.835675177680256e-28,8.438485390896564e-26,,
PDGFRB,TIMP3,mRNA,mRNA,mRNA-mRNA,,0.7420093091560221,,,0.7420093091560221,5.334978702288511e-21,2.7386224005081027e-19,,
PDGFRB,PLAT,mRNA,mRNA,mRNA-mRNA,,0.6571208175469259,,,0.6571208175469259,2.692919904178021e-15,4.712609832311537e-14,,
PDGFRB,TGFBI,mRNA,mRNA,mRNA-mRNA,,0.6270948934117775,,,0.6270948934117775,1.077323065815736e-13,1.2664713903482698e-12,,
PDGFRB,S100A4,mRNA,mRNA,mRNA-mRNA,,0.6067879769454172,,,0.6067879769454172,1.0504735391534542e-12,1.0110807814351996e-11,,
PDGFRB,PTHLH,mRNA,mRNA,mRNA-mRNA,,0.5113199076733935,,,0.5113199076733935,7.153124880919038e-09,3.599938665560561e-08,,
PDGFRB,PTK7,mRNA,mRNA,mRNA-mRNA,,0.4829389622580232,,,0.4829389622580232,6.046173857237385e-08,2.622847250745232e-07,,
PDGFRB,TNFRSF1B,mRNA,mRNA,mRNA-mRNA,,0.4549668256729479,,,0.4549668256729479,4.135013664919665e-07,1.5959701864602215e-06,,
PDGFRB,PLAUR,mRNA,mRNA,mRNA-mRNA,,0.44884298945862083,,,0.44884298945862083,6.1598054957159e-07,2.3080536407305316e-06,,
PDGFRB,PLA2G2A,mRNA,mRNA,mRNA-mRNA,,0.31253408237654184,,,0.31253408237654184,0.0007511899736457227,0.001701224352080019,,
PLA2G2A,TNFRSF1B,mRNA,mRNA,mRNA-mRNA,,0.460398420927516,,,0.460398420927516,2.8847233375002754e-07,1.1332841683036797e-06,,
PLAT,TIMP2,mRNA,mRNA,mRNA-mRNA,,0.6615306659882053,,,0.6615306659882053,1.5117459062001762e-15,2.7070798785445018e-14,,
PLAT,TIMP3,mRNA,mRNA,mRNA-mRNA,,0.6440034943724284,,,0.6440034943724284,1.4190105198925081e-14,2.0812154291756788e-13,,
PLAT,TGFBI,mRNA,mRNA,mRNA-mRNA,,0.5127787548062366,,,0.5127787548062366,6.375668221844696e-09,3.219189856275682e-08,,
PLAT,PTHLH,mRNA,mRNA,mRNA-mRNA,,0.4167420910608669,,,0.4167420910608669,4.401891711958272e-06,1.4453972785534624e-05,,
PLAT,S100A4,mRNA,mRNA,mRNA-mRNA,,0.35744165274687245,,,0.35744165274687245,0.00010164910497879127,0.0002680472973755797,,
PLAT,WFDC2,mRNA,mRNA,mRNA-mRNA,,0.35353116497739695,,,0.35353116497739695,0.00012247909185896744,0.00031915025628225023,,
PLAT,PLAUR,mRNA,mRNA,mRNA-mRNA,,0.3056000963306227,,,0.3056000963306227,0.0009963020433132405,0.0021981449093157455,,
PLAUR,SPP1,mRNA,mRNA,mRNA-mRNA,,0.7408240902109038,,,0.7408240902109038,6.6355749029765416e-21,3.2963823711560886e-19,,
PLAUR,TGFBI,mRNA,mRNA,mRNA-mRNA,,0.7332427205690337,,,0.7332427205690337,2.605891940578888e-20,1.1803157613210257e-18,,
PLAUR,PTK7,mRNA,mRNA,mRNA-mRNA,,0.7062316236271939,,,0.7062316236271939,2.3875902783566538e-18,7.209586330724014e-17,,
PLAUR,S100A4,mRNA,mRNA,mRNA-mRNA,,0.6170714251822589,,,0.6170714251822589,3.3839872002505486e-13,3.521175870530976e-12,,
PLAUR,TIMP2,mRNA,mRNA,mRNA-mRNA,,0.5626685105742512,,,0.5626685105742512,8.80472263054909e-11,5.895336022193739e-10,,
PLAUR,TNF,mRNA,mRNA,mRNA-mRNA,,0.5292036780696906,,,0.5292036780696906,1.6801844261714785e-09,9.143053061145148e-09,,
PLAUR,TIMP3,mRNA,mRNA,mRNA-mRNA,,0.4315527640680959,,,0.4315527640680959,1.8215509126712673e-06,6.360971441074267e-06,,
PLAUR,TNFRSF1B,mRNA,mRNA,mRNA-mRNA,,0.38446375064912647,,,0.38446375064912647,2.619707199557117e-05,7.611979410033887e-05,,
PLAUR,TGFA,mRNA,mRNA,mRNA-mRNA,,0.31818057891395074,,,0.31818057891395074,0.000593854132558709,0.0013588935574151736,,
PTHLH,TIMP3,mRNA,mRNA,mRNA-mRNA,,0.3799098018281764,,,0.3799098018281764,3.32026552862116e-05,9.478414803334042e-05,,
PTHLH,TIMP2,mRNA,mRNA,mRNA-mRNA,,0.36470426452142174,,,0.36470426452142174,7.143955685848529e-05,0.00019369175627124532,,
PTHLH,TGFBI,mRNA,mRNA,mRNA-mRNA,,0.32438871160719673,,,0.32438871160719673,0.00045618886202057195,0.0010660559142817614,,
PTK7,SPP1,mRNA,mRNA,mRNA-mRNA,,0.656185732191914,,,0.656185732191914,3.039884043001138e-15,5.201579362468614e-14,,
PTK7,TGFBI,mRNA,mRNA,mRNA-mRNA,,0.6008505868845389,,,0.6008505868845389,1.983646048653483e-12,1.7969499499566847e-11,,
PTK7,TIMP2,mRNA,mRNA,mRNA-mRNA,,0.5270214167683711,,,0.5270214167683711,2.014161474538934e-09,1.0770168995798468e-08,,
PTK7,S100A4,mRNA,mRNA,mRNA-mRNA,,0.5041187570560124,,,0.5041187570560124,1.2524162190809144e-08,6.14242349485544e-08,,
PTK7,TIMP3,mRNA,mRNA,mRNA-mRNA,,0.44623715056860924,,,0.44623715056860924,7.281212018811845e-07,2.7084701712488505e-06,,
PTK7,TNF,mRNA,mRNA,mRNA-mRNA,,0.388940944911108,,,0.388940944911108,2.0680996335227766e-05,6.113000836132584e-05,,
PTK7,TGFA,mRNA,mRNA,mRNA-mRNA,,0.30240987495203525,,,0.30240987495203525,0.001131950957865036,0.0024483208920114546,,
S100A4,TGFBI,mRNA,mRNA,mRNA-mRNA,,0.7157347058203365,,,0.7157347058203365,5.171512178450926e-19,1.731332338003136e-17,,
S100A4,TIMP2,mRNA,mRNA,mRNA-mRNA,,0.6833045896681917,,,0.6833045896681917,7.534424480279574e-17,1.65461370628634e-15,,
S100A4,TIMP3,mRNA,mRNA,mRNA-mRNA,,0.5918834447591641,,,0.5918834447591641,5.055942620586823e-12,4.208730613893896e-11,,
S100A4,TNFRSF1B,mRNA,mRNA,mRNA-mRNA,,0.47457867868539905,,,0.47457867868539905,1.0936682951059684e-07,4.601773700719102e-07,,
S100A4,SPP1,mRNA,mRNA,mRNA-mRNA,,0.4103739876031329,,,0.4103739876031329,6.351838034867376e-06,2.0252237212620618e-05,,
SPP1,TGFBI,mRNA,mRNA,mRNA-mRNA,,0.590480135704172,,,0.590480135704172,5.838003807638714e-12,4.782194608384904e-11,,
SPP1,TIMP2,mRNA,mRNA,mRNA-mRNA,,0.38599607020926086,,,0.38599607020926086,2.41700713609405e-05,7.089887599209214e-05,,
SPP1,TNF,mRNA,mRNA,mRNA-mRNA,,0.32862376580411473,,,0.32862376580411473,0.000379843113616651,0.000905508351346196,,
TGFA,TNF,mRNA,mRNA,mRNA-mRNA,,0.46864545827060294,,,0.46864545827060294,1.649858034269787e-07,6.721643843321354e-07,,
TGFA,WEE1,mRNA,mRNA,mRNA-mRNA,,0.3151601040586755,,,0.3151601040586755,0.000673794526361953,0.0015372497342183815,,
TGFBI,TIMP2,mRNA,mRNA,mRNA-mRNA,,0.6905262971471464,,,0.6905262971471464,2.6292663863336388e-17,6.229338823005852e-16,,
TGFBI,TIMP3,mRNA,mRNA,mRNA-mRNA,,0.63844725426663,,,0.63844725426663,2.8008190522473713e-14,3.885821027442299e-13,,
TGFBI,TNFRSF1B,mRNA,mRNA,mRNA-mRNA,,0.4533978746394276,,,0.4533978746394276,4.5829517656611134e-07,1.7513016672749665e-06,,
TGFBI,WFDC2,mRNA,mRNA,mRNA-mRNA,,0.3022671251948569,,,0.3022671251948569,0.0011383969524988945,0.00245880968702426,,
TIMP2,TIMP3,mRNA,mRNA,mRNA-mRNA,,0.8313789066878212,,,0.8313789066878212,4.311234830251233e-30,1.6598254096467247e-27,,
TIMP2,TNFRSF1B,mRNA,mRNA,mRNA-mRNA,,0.4366433142197246,,,0.4366433142197246,1.331962945636396e-06,4.7263201296775345e-06,,
TIMP3,TNFRSF1B,mRNA,mRNA,mRNA-mRNA,,0.3550441470098129,,,0.3550441470098129,0.00011398910913557805,0.0002985429048788949,,
TNF,TNFRSF1B,mRNA,mRNA,mRNA-mRNA,,0.3803661007028941,,,0.3803661007028941,3.242866188720767e-05,9.282553774405169e-05,,
TNF,WEE1,mRNA,mRNA,mRNA-mRNA,,0.3043712426274126,,,0.3043712426274126,0.0010466902863011083,0.0022928919500763965,,
