sample_id,ABCB1,ABL1,AKT1,AKT2,APC,AR,AREG,ATM,BCL2,BCL2A1,BCL2L1,BCL3,BCL6,BCR,BIRC2,BIRC5,BLM,BMI1,BRAF,BRCA1,BRCA2,CASP2,CASP10,CAV1,CCNA2,CCND1,CCND2,CCND3,CCNE1,CD34,CD44,CDC25B,CDC25C,CDH1,CDH11,CDK2,CDK4,CDK6,CDKN1A,CDKN2A,CDKN2B,CDKN2C,CEBPA,CHEK1,CLTC,COL1A1,CSF1R,CSF3,CSF3R,CSK,CTNNB1,CXCL9,CYP1A1,DAP3,DAPK1,DEK,DLC1,E2F1,E2F3,EGF,EGFR,EGR1,EPS8,ERBB2,ERBB3,ERBB4,ERCC2,ERCC4,ESR1,ETS1,ETS2,ETV1,ETV6,FANCG,FAS,FAT1,FGF1,FGF2,FGFR1,FGFR2,FGFR3,FGFR4,FGR,FLT1,FLT3,FOLR1,FOS,FOSL2,FRZB,FYN,GADD45A,GAPDH,GAS1,GATA1,GNAS,GRB7,GUSB,HCK,HDAC1,HIF1A,HMMR,HPRT1,HRAS,HSP90AB1,IFNGR1,IGF1,IGFBP2,IGFBP3,IGFBP6,IL1A,IL1B,IL4,IL6,IRF1,ITGB1,JUN,JUNB,KDR,KIT,KRAS,L1CAM,LAMB1,LCK,LIF,LMO1,LMO2,LYN,MAP3K8,MAPK10,MCL1,MET,MLH1,MMP1,MMP2,MMP3,MMP9,MMP14,MPL,MSH2,MSH6,MST1R,MTA1,MUC1,MYB,MYBL2,MYC,MYCN,NF1,NGFR,NOTCH1,NPM1,NQO1,NRAS,NTRK1,NTRK2,NTRK3,NUMA1,OGG1,PCNA,PCTK1,PDGFA,PDGFRA,PDGFRB,PGK1,PIK3CA,PIM1,PLA2G2A,PLAT,PLAUR,PLG,PML,PPARG,PRKAR1A,PTEN,PTGS2,PTHLH,PTK7,PTPN11,PTPRG,RAD54L,RAF1,RARA,RB1,REL,RET,RRM1,S100A4,SERPINE1,SFPQ,SIAH1,SOD1,SPI1,SPP1,STAT1,STAT3,SYK,TAL1,TEK,TERT,TFDP1,TFE3,TFRC,TGFA,TGFB1,TGFBI,TGFBR2,TGFBR3,THPO,TIMP1,TIMP2,TIMP3,TNF,TNFRSF1B,TNFRSF10B,TNFSF10,TOP1,TOP2A,TP53,TPR,TUBB,TYMS,TYRO3,WEE1,WFDC2,WNT1,WNT10B,WT1,XPC,XRCC5,YES1,YY1
TCGA-A1-A0SK-01,2.2061,2991.81,3135.83,2979.51,803.025,2.2061,15.758,1286.48,5259.69,17.0186,1865.11,169.556,226.284,3433.03,894.737,679.231,933.186,2256.79,241.097,1119.13,893.791,2309.17,25.2127,156.004,1597.67,279.24,114.718,1504.25,551.844,388.276,17339.7,4551.21,201.702,2826.98,642.61,2524.11,5618.97,828.553,4920.26,864.166,237.63,963.757,872.676,1422.94,10636.6,25121.0,77.214,0.0,68.7047,3116.61,5752.88,128.27,0.9455,2109.99,7075.32,14410.7,217.775,1934.13,2254.33,2.2061,353.293,694.611,3370.31,303.498,2589.66,2.5213,562.874,245.824,7.2487,849.039,1598.8,98.96,5490.7,895.682,60.1954,2611.09,65.2379,206.25,3108.1,420.738,280.807,15.1276,31.5159,852.821,218.72,23.0066,677.592,819.729,29.9401,1693.98,535.771,323345.0,367.791,0.3152,41165.8,718.248,1306.33,1301.92,4147.49,3377.56,570.731,1271.04,2184.37,27097.1,640.719,5.3577,3317.05,1017.96,36.8736,0.9455,24.2673,0.0,14.8818,308.843,11557.8,2855.34,870.154,286.48,12347.6,5971.64,1444.37,1443.11,145.603,51.6861,5.988,175.228,571.699,24.5824,7.879,5190.36,358.021,1035.93,28.0492,1243.93,2.8364,677.277,4644.82,7.879,5624.96,8112.2,201.387,1642.61,241.412,7402.77,4219.98,5105.89,285.534,2497.01,631.894,6534.83,13229.4,160.416,138.355,4.7274,6189.41,37.1888,11336.8,192.247,10971.6,86.6436,115.348,445.355,1236.68,17022.7,378.191,3890.95,3.1516,476.205,454.144,0.0,961.866,53.2619,4233.53,1075.95,17.0186,29.9401,9298.77,5338.8,255.909,484.084,1762.69,401.198,88.8749,72.1714,707.532,9477.47,250.552,1205.8,9916.42,773.854,3273.24,59.8802,2140.88,3152.54,3414.75,971.636,13.2367,47.2739,446.896,11123.9,807.438,3635.36,171.447,336.905,2496.69,309.801,22.6915,0.9455,2361.8,3196.34,4319.57,219.351,143.082,115.348,161.992,3526.0,15908.3,6179.33,2680.41,42092.0,5469.81,386.385,5069.65,821.62,2.2061,14.8125,2.8364,445.005,18180.9,3012.61,1713.84
TCGA-A1-A0SO-01,15.4101,2509.42,8513.97,3078.51,1136.84,2.9739,3.5146,1127.1,65.9662,16.2212,2332.88,449.598,285.493,1775.14,1734.32,1585.31,2044.14,3998.93,200.061,1346.63,1001.66,2270.7,56.5039,366.87,1095.98,129.229,96.2458,615.865,288.737,444.461,6537.14,1188.2,130.313,4190.48,446.353,1818.13,4311.6,582.611,169.241,1021.94,85.1613,558.009,165.186,820.523,18805.5,13771.3,184.111,0.2704,42.4455,1262.55,91462.7,1358.8,0.0,2936.31,84.6206,9205.26,294.685,1154.68,1711.34,23.7911,731.306,1101.42,1330.14,9483.46,9321.78,16.7619,1164.09,863.238,14.5991,583.423,1179.82,559.902,3998.26,421.481,39.2012,8904.9,18.9247,29.6632,1192.8,21876.7,146.802,501.776,42.9862,339.564,143.828,0.8111,291.441,407.152,14.8694,1003.01,253.862,51851.3,75.1582,0.0,29025.1,825.659,838.907,69.7512,2913.33,4272.94,493.125,932.178,199.521,47073.9,582.341,114.359,1885.17,632.627,18.9247,1.3518,24.6022,0.0,28.8224,311.709,17257.2,2030.08,388.498,287.656,1877.06,2566.46,2.7035,1033.29,52.1782,48.1229,0.2704,43.2565,165.727,67.8587,2.1628,5421.67,115.711,1448.01,52.4486,1129.27,86.5131,506.913,4180.74,18.1137,4029.35,5154.29,189.788,1791.9,160.32,337.131,3400.5,3414.02,307.392,3728.71,37.8495,585.045,6394.94,253.862,5529.0,2.1628,52.9893,167.349,7324.8,692.375,4513.82,293.087,17.8433,338.207,732.387,5957.24,1139.81,666.151,15.9508,125.985,870.808,0.0,750.501,37.8495,5932.09,1239.03,18.1137,5.6774,6619.87,8064.91,145.45,903.251,6654.33,450.409,185.192,78.6728,4.8664,4016.37,232.234,541.788,6979.19,134.201,3666.8,93.0016,2001.7,7075.96,5029.11,802.679,10.5438,113.819,49.745,5261.35,1054.65,13755.9,14.8694,179.244,529.622,1530.2,476.092,1.6221,1563.72,4940.17,4105.86,18.1137,224.664,208.983,210.335,3779.81,10193.4,4089.37,4952.43,73378.8,3241.09,485.825,1376.64,5951.83,0.0,0.5407,6.7588,1177.66,7468.51,3470.26,3373.2
TCGA-A1-A0SP-01,41.5907,1981.39,4419.55,2400.58,558.19,1.8242,189.347,698.65,2891.28,456.403,2327.25,735.498,751.186,2599.42,1149.22,1441.49,402.043,845.64,178.402,733.309,268.88,2516.24,125.137,1476.83,1231.57,25444.0,487.048,706.312,472.455,731.12,12129.9,1648.3,174.024,13149.9,1210.51,970.084,5161.26,3830.35,1883.25,2961.33,3861.36,303.174,676.031,543.962,8355.34,59462.2,1236.77,0.0,114.192,1448.74,7670.51,608.172,2.189,4324.33,2287.12,4500.55,736.228,1928.49,1412.26,19.7008,893.101,3171.11,4043.78,3113.46,5329.08,32.4699,483.765,272.893,129.88,3975.56,1281.28,85.0055,11701.6,469.901,327.983,13089.0,73.3309,479.391,753.74,512.587,159.796,124.042,301.715,536.665,131.339,229.478,1995.62,2353.89,212.696,1124.77,1410.43,284990.0,984.312,0.0,31154.7,245.896,1764.32,1276.54,2465.52,2481.21,541.762,902.226,1250.64,21661.8,1638.45,140.825,4667.27,4403.14,65.3046,10.9449,195.914,0.0,18.2415,1357.08,8328.35,3583.0,1949.29,503.466,5389.64,5147.03,459.686,4323.97,165.268,137.541,0.0,150.675,1051.44,82.0868,56.5487,9332.73,1357.9,714.338,351.697,4207.22,52.1707,2378.33,7731.85,62.7508,2247.36,3747.9,24.0788,1670.92,344.035,3867.2,4866.84,4907.7,97.4097,1462.6,102.153,3659.25,11589.6,1449.84,3369.21,6.5669,5011.31,18.9712,7430.34,310.445,5630.06,36.7749,215.25,701.817,1872.67,10616.2,539.584,700.474,16.7822,1388.54,1443.63,0.0,1416.27,144.838,4601.97,403.867,33.9292,44.5093,4487.78,3500.91,235.68,439.985,1598.69,523.896,368.479,60.9267,18.9712,3573.15,2127.69,418.46,6966.26,564.67,4529.73,740.97,3921.93,4409.34,4019.34,1234.22,32.1051,175.483,71.5067,2861.73,1057.28,7420.65,1248.08,709.96,2913.54,1017.88,197.738,0.7297,3561.11,6025.17,4079.53,107.625,647.574,775.994,550.894,3146.3,3432.32,367.019,4626.16,26971.2,2471.65,530.098,1949.29,3445.82,0.7297,41.9555,8.0263,489.602,10698.7,2907.33,1462.97
TCGA-A2-A04P-01,60.166,1816.39,8829.36,3456.95,439.834,1.0373,125.0,646.266,233.921,197.614,1909.23,4246.89,974.066,2046.16,1272.3,3041.95,294.087,744.03,152.49,26.4523,127.075,2133.3,187.241,817.946,960.659,357.956,881.224,1321.58,392.116,1607.88,8898.86,1290.98,229.253,2211.62,1027.49,674.274,3127.07,843.361,1610.48,1967.84,810.685,518.154,269.709,274.896,5530.08,92363.1,526.452,16.5975,110.996,1726.14,3741.66,1570.54,0.0,2333.51,2236.51,3249.48,828.838,586.618,1506.74,209.025,575.716,10838.2,941.909,2968.88,3134.85,48.7552,355.959,129.149,971.992,2054.46,2080.39,124.481,2340.25,554.461,326.764,1329.88,184.647,78.7085,683.61,1071.06,825.726,72.0954,172.199,1605.29,17.1162,1567.43,18443.5,1710.58,470.436,675.83,316.909,240147.0,209.544,0.5187,111379.0,258.299,1474.07,218.88,2912.34,4654.05,465.233,1939.32,1050.31,16314.8,4178.94,239.627,1230.29,2712.66,181.535,4.1494,126.037,0.0,457.209,1530.56,15651.5,10091.3,5501.56,900.415,1072.1,1443.46,13.4855,3637.45,223.029,459.544,0.5187,876.037,1614.63,524.378,341.286,11229.8,363.07,426.349,11.4108,2640.04,2.5934,515.56,6058.61,18.1535,1012.45,2348.55,151.452,2018.67,3028.53,188.278,1234.44,852.697,61.2033,781.12,207.469,552.386,19449.2,474.585,977.178,3.6307,518.672,61.722,7401.42,377.593,5387.97,108.75,585.062,915.088,3407.16,3217.32,27979.3,1229.77,154.564,1278.01,1274.38,0.0,3533.71,73.6515,4535.79,2133.3,479.772,30.083,3928.42,1568.98,194.502,293.05,1497.41,1500.0,442.427,43.0498,26.4523,782.158,784.751,3175.31,8026.88,751.504,2559.65,534.232,889.523,5460.06,4522.3,1492.22,58.0913,196.577,0.5187,1241.7,1516.6,1673.24,276.971,837.656,3375.52,881.743,220.436,6.7427,22791.0,6074.17,6934.65,168.569,993.776,492.739,4044.09,1550.31,2069.5,476.66,2486.31,61274.4,320.716,240.664,579.875,9983.4,1.0373,5.7054,5.1867,440.871,8728.73,1999.48,1605.29
TCGA-A2-A04Q-01,195.912,2242.19,2730.04,3306.98,436.946,19.2827,40.8793,1118.4,492.48,352.102,3291.94,2063.25,672.966,1360.2,1426.53,826.255,264.558,1556.39,104.126,339.761,99.8843,1531.43,425.376,1036.25,808.191,3871.87,2010.41,1246.82,351.33,1227.92,11086.0,1812.57,96.0278,10103.4,1898.19,736.213,3307.75,1665.64,1332.82,352.873,613.575,586.965,979.175,301.967,12447.4,76831.9,2829.93,0.0,289.24,2439.65,18261.8,17730.8,0.3857,4840.73,1811.42,2962.98,420.363,682.221,1086.0,14.6548,578.481,2200.54,281.142,3330.89,1734.28,45.5071,642.499,194.369,129.194,4111.45,1065.56,252.603,3480.91,1013.5,1094.49,7064.02,188.585,317.297,1687.23,1059.78,5.0135,146.163,605.091,666.41,75.5881,77.902,1183.96,1942.92,207.096,1120.32,983.031,63509.0,487.852,0.3857,43979.2,293.097,1572.31,1058.23,2682.99,3268.41,301.168,907.443,585.808,25846.5,3424.99,298.11,287.698,3736.21,177.786,4.2422,127.651,0.0,14.2692,5043.05,13214.0,3749.71,1641.34,512.919,274.2,961.82,23.9105,3317.78,1059.39,66.3324,0.0,432.703,3107.98,171.616,8.87,15082.9,512.919,780.563,1476.67,19047.0,1124.57,5600.85,9791.75,5.7848,806.788,1530.66,414.963,1045.51,3245.66,148.091,1558.04,2423.06,13.4979,808.33,572.31,659.468,7850.37,1697.26,713.845,8.87,2167.76,150.019,5242.58,357.115,2775.16,114.234,551.485,1460.74,2586.19,5088.7,364.057,1268.41,53.9915,919.013,1206.71,0.0,4201.7,77.5164,4816.04,930.197,89.8573,95.6421,3222.14,2107.21,394.138,190.899,2124.95,1084.07,961.82,44.7358,195.912,1441.96,2493.64,546.857,6019.65,734.948,4462.01,1356.34,1364.06,19834.6,8100.27,1295.03,32.7806,172.387,2.3139,1251.06,1744.31,1618.59,346.317,1256.46,4358.27,2039.34,642.885,5.7848,11490.9,6897.03,8500.19,38.1797,3251.83,821.828,2767.84,2833.78,2942.92,843.81,4172.6,33609.0,1056.14,164.674,673.737,1616.27,6.1705,7.3274,52.4489,929.425,8271.5,1366.76,1469.73
TCGA-A2-A04T-01,36.5122,1850.3,4430.84,2663.65,579.327,2.4341,51.8126,696.862,395.027,662.088,1929.24,472.225,805.355,2251.59,1096.41,1153.34,688.864,964.18,174.215,28.1666,836.304,3402.59,116.144,562.636,1635.14,703.816,583.848,1706.69,815.439,663.131,4564.03,1534.21,185.343,21558.9,668.347,2199.43,6820.13,1254.98,1769.28,610.276,80.3269,945.84,705.555,558.115,8988.26,17540.8,879.075,0.0,157.872,1913.59,7353.11,5468.49,0.0,4680.52,785.187,10832.3,349.474,1188.91,1554.03,9.3889,393.278,1767.89,481.613,4984.09,7593.15,125.88,418.673,256.629,28.5143,2629.23,675.65,222.203,3851.17,369.99,611.667,14911.2,118.578,52.8627,3654.7,2002.61,52.8558,137.703,258.715,784.491,26.0802,49.3784,500.391,669.391,87.977,592.193,290.011,127348.0,357.82,0.0,80238.9,410.328,3435.28,349.474,4151.61,2038.08,643.641,1394.07,625.228,60266.7,1094.67,77.545,1406.94,2569.42,42.4237,1.0432,34.7735,0.0,14.6049,867.906,9487.96,1466.75,355.038,404.764,2445.97,1347.13,196.123,1285.58,294.532,36.5122,89.368,126.576,612.362,62.5924,36.1645,8043.47,609.232,1002.87,640.181,2685.21,91.4544,1800.23,3867.86,20.8641,3148.74,5885.07,302.182,1148.92,676.345,327.219,3112.93,2826.74,46.5965,1359.65,252.804,3197.43,11007.9,1236.2,2610.8,6.607,604.364,966.009,6512.3,722.246,3829.96,65.4994,252.456,1302.65,1090.5,12046.9,786.925,1879.86,18.7777,256.976,1139.53,0.0,2525.6,168.652,3180.74,1010.87,358.863,33.0349,10598.6,3100.76,451.708,923.585,5397.9,628.01,277.493,131.792,302.53,3811.53,1106.84,477.093,6121.96,773.962,2560.38,465.27,3170.65,4626.97,4202.03,2431.37,13.2139,83.8042,13.5617,16231.6,1343.3,40404.1,278.536,439.19,2673.04,739.285,1820.74,0.3477,4298.01,4660.7,3276.36,47.6397,1240.72,1063.72,630.096,3224.9,5318.96,4180.82,3264.93,45351.3,4368.38,364.774,1920.89,99.8001,0.3477,12.5185,19.4732,1876.38,7292.01,3442.93,1363.47
TCGA-A2-A04U-01,6.7541,1450.58,4098.19,2589.43,230.16,0.0,112.742,180.283,611.508,125.211,2992.6,944.019,300.818,2060.53,546.045,2058.67,204.702,899.447,68.0608,1296.79,51.9548,2975.97,82.0886,530.978,2933.26,2102.6,406.806,2100.53,713.339,993.376,10908.9,928.952,83.6472,2444.99,1158.59,1475.0,14592.0,3504.35,1111.83,6742.69,833.875,226.523,1326.41,215.612,9293.67,87247.2,237.953,0.0,22.3406,2072.48,13837.6,158.462,8.3128,2965.06,136.641,3327.19,320.561,2269.91,883.232,443.694,48.8375,1975.84,295.623,2076.63,1849.07,1.5586,463.686,141.317,6.7541,816.729,1199.64,99.2337,4945.06,439.018,165.736,4909.73,138.2,420.044,2677.75,60677.5,33.7706,234.316,58.1894,648.915,5.715,3.6368,602.676,561.631,227.562,508.637,930.51,142637.0,254.578,0.0,44806.9,111.703,2143.66,227.042,2833.1,1592.93,714.379,1836.08,604.754,34979.1,1117.03,40.0052,2095.34,4619.82,102.871,0.5195,15.5864,0.0,9.3155,263.395,11113.7,1413.69,1110.27,521.626,378.75,879.075,6.2346,4140.28,136.641,201.585,0.0,158.982,602.676,38.4466,1.5586,6207.56,98.1946,375.114,204.182,3876.35,28.5751,1114.43,4769.97,2.5977,2179.5,3014.42,50.9157,1279.13,376.672,2256.92,1723.86,3018.57,316.405,1224.06,532.017,1867.26,24635.9,206.261,1438.63,1.5586,67.5412,275.88,2162.4,463.956,4891.54,300.849,200.546,412.755,2268.35,4311.73,134.563,1473.44,0.0,1033.9,1630.86,0.0,1733.73,27.536,2213.79,2203.92,15.0669,101.831,9891.67,4155.34,83.6472,208.339,1372.13,644.759,156.904,20.2624,19.7428,2508.38,1203.27,415.638,7223.37,522.541,9174.7,215.093,1412.13,2655.41,11534.5,352.253,75.854,49.3571,7.2737,3706.97,1577.87,1675.02,387.583,779.841,2375.89,856.735,80.0104,2.5977,14822.7,6060.53,9188.73,15.5864,327.315,1122.74,765.814,2365.5,3890.89,253.02,2077.65,32741.4,1209.57,197.948,342.902,5646.97,0.0,4.6759,6.2346,259.254,5795.04,2584.23,2813.35
TCGA-A2-A0CM-01,50.7673,1740.86,3559.71,2215.3,653.052,2.7691,27.2297,936.426,234.452,173.07,1795.78,1008.42,1219.34,1201.34,2318.68,994.623,366.447,1750.72,146.302,469.367,327.218,1161.65,258.452,536.749,1471.46,5759.32,864.428,1491.17,1686.4,780.432,9325.95,6585.44,130.158,8777.2,2273.91,689.05,2386.52,2389.29,1377.18,1669.78,1527.17,332.295,375.216,490.596,8542.75,103007.0,1448.25,0.923,178.147,1904.23,8726.35,8329.99,15.6917,7183.11,3227.88,5720.55,929.041,762.432,1581.63,9.2304,361.823,1966.54,243.221,2268.37,2735.43,1.3846,405.169,338.756,144.456,4343.83,1188.42,78.92,2072.69,540.441,501.419,8765.2,112.15,56.1901,1055.04,928.58,35.5371,25.8452,302.758,869.505,17.0763,0.4615,3121.26,1697.47,79.8431,537.21,697.358,54616.8,490.135,0.923,31421.7,459.213,953.04,516.903,3828.31,4102.0,835.795,1437.64,786.431,59784.9,2225.91,495.673,38.7677,1973.46,83.0737,5.9998,265.374,0.0,87.7628,5134.97,10549.4,3815.85,1385.49,952.117,787.354,1448.71,1137.65,2630.67,399.215,457.829,66.459,192.454,1297.33,255.683,4.1537,18554.5,480.905,929.503,955.348,7201.11,178.608,2636.21,10144.2,30.9219,1344.41,2041.31,281.989,1276.57,3203.42,468.443,3274.95,8041.08,18.4608,1283.95,80.7661,3315.56,13551.2,2674.51,2860.04,9.2304,637.36,41.5369,3669.93,431.06,3958.92,49.4566,266.298,1115.86,2367.6,17069.8,815.046,1958.23,7.8459,666.436,2240.68,0.0,5910.7,64.6129,4785.05,2786.2,72.9203,47.5366,2929.73,4015.23,464.29,530.287,2423.45,514.134,558.44,104.304,120.918,1847.01,1757.47,900.427,6226.23,768.709,5300.57,741.664,2669.44,12501.2,7144.8,427.83,20.7684,191.531,0.4615,2656.97,1296.41,2879.89,644.283,956.732,5335.64,1506.87,430.599,2.3076,4112.15,7030.81,9043.04,134.303,1556.25,3004.96,4056.77,4254.76,5072.11,3366.79,4751.58,33733.9,1124.8,195.223,1382.72,34.1525,1.8461,11.0765,68.7666,976.578,7410.64,4131.53,1824.85
TCGA-A2-A0D0-01,8.2372,2271.0,5709.23,2567.55,183.278,0.0,26.771,583.196,185.338,96.7875,2309.31,1788.3,681.631,1703.05,1900.33,2043.92,621.499,861.314,354.613,482.702,236.409,1827.43,209.638,2266.06,1594.38,3189.46,313.839,946.458,829.489,234.349,10023.9,4737.64,415.173,3393.33,469.934,1139.62,6175.04,2181.63,564.25,1492.59,167.628,51.0708,615.733,638.385,5236.82,19587.3,1087.73,3.2949,99.6705,2830.72,8729.39,1548.19,0.8237,3767.3,384.679,5629.32,127.677,1478.58,1866.56,2.0593,291.598,1942.34,189.868,2520.18,1812.19,1.6474,514.732,91.0214,6.1779,2432.45,981.878,53.1301,957.99,481.466,120.264,1561.78,44.4811,392.553,1213.34,138.797,205.107,609.967,158.567,412.274,16.0626,230.231,898.682,1040.36,14.4152,280.066,277.183,128726.0,686.985,0.4119,76733.5,417.216,1386.33,374.382,6494.23,3338.14,889.572,2764.0,859.555,37899.9,6051.89,7.4135,707.99,5890.44,53.542,32.9489,372.323,0.0,92.257,2826.94,9114.5,2637.15,1247.53,321.664,1895.39,1434.93,1288.3,4941.1,144.563,1216.64,2.0593,422.158,739.703,167.628,2.0593,11028.8,1129.32,459.226,712.109,2023.06,4390.03,4415.57,3678.75,7.8254,2537.48,3401.98,389.209,3414.74,2972.82,37.4794,15381.8,3435.34,19.3575,1610.38,102.965,1163.51,22823.7,1419.69,1943.58,0.0,552.718,0.0,6382.31,150.741,4692.34,20.5931,217.875,111.058,524.712,6694.81,511.532,845.964,0.4119,205.519,1242.59,0.0,3797.78,90.6096,1741.76,1593.9,30.8896,9.4728,3798.6,2386.33,122.323,909.802,1783.77,1189.46,719.11,21.8287,26.3591,1703.05,1513.59,161.45,11128.8,408.608,6186.99,579.489,2028.83,12246.3,3772.65,429.572,18.9456,16.8863,4.9423,5025.54,1760.71,7954.28,235.997,584.432,44917.2,1625.62,177.512,3.7068,12215.4,3206.75,2277.59,177.924,754.942,1294.48,3970.76,4535.83,6962.11,320.017,3633.41,47222.0,1867.11,415.568,904.036,3703.46,0.4119,1.6474,155.272,357.496,6696.87,2877.27,1864.09
TCGA-A2-A0D2-01,51.7464,1826.65,4493.81,4210.68,494.178,9.2404,72.8146,617.631,491.961,268.712,1924.97,833.857,696.359,4548.51,1406.39,1803.95,588.431,757.671,351.137,79.8374,117.538,2977.27,114.581,1315.47,1515.84,2761.41,358.529,1281.46,449.824,931.436,27736.1,3464.79,327.481,7465.53,2330.81,1221.96,4289.78,2253.19,880.798,842.358,313.436,873.406,95.7309,1299.94,9730.92,116649.0,1294.03,1.4785,275.735,3352.8,12711.5,2161.89,4.805,3983.74,290.519,10154.1,409.166,1303.64,1163.56,7.0227,197.745,4079.1,592.866,3414.16,1567.92,12.1974,680.059,137.498,39.5491,5669.19,802.07,156.718,2471.26,575.494,381.445,4189.24,451.303,299.364,4415.45,1214.19,16.2632,11.0885,221.031,905.932,25.5036,46.9414,2158.94,1493.62,87.969,673.813,371.466,109214.0,686.749,0.0,36634.3,630.198,3309.92,357.42,2479.76,3346.89,501.198,1410.46,527.814,58711.1,2905.93,321.937,153.761,3883.94,102.754,1.8481,28.0909,0.0,34.3744,864.498,17526.2,1790.06,1087.04,406.949,1222.69,691.185,213.269,7793.01,180.743,5304.38,0.0,151.543,1827.39,263.168,8.8708,7179.82,2759.56,659.028,448.716,7001.66,355.572,2994.27,15683.6,11.8278,1578.64,2389.21,246.905,1061.91,439.475,426.908,9537.24,2637.59,22.9163,1442.62,140.824,1291.44,11658.5,1381.63,1875.81,3.3266,415.45,435.409,7635.28,307.522,6706.34,25.0564,154.87,1953.45,2732.95,11968.2,507.485,1464.42,107.928,1427.83,3032.71,0.0,1835.15,74.2931,4002.59,480.133,33.6352,56.1819,6491.22,2655.33,188.505,682.314,1962.67,742.931,531.51,28.0909,8.8708,3458.88,2278.32,2199.59,5214.93,401.12,5564.22,469.784,2676.77,3258.92,6188.14,360.377,41.7668,208.095,2.9569,8751.06,1843.28,7802.99,99.4271,696.729,2658.29,2279.06,507.115,6.6531,12893.0,5795.97,4797.26,178.525,902.975,371.835,1017.19,2285.34,5885.05,653.114,2174.19,54004.1,6931.14,411.754,1085.94,94.2524,0.3696,2.9569,23.6555,670.116,6862.69,4845.68,1075.22
TCGA-A2-A0ST-01,261.362,1942.04,3181.26,2895.95,782.804,290.022,147.15,1514.28,1747.41,344.776,1824.83,1613.52,1041.6,1542.51,1424.45,384.066,297.722,1778.21,176.666,343.92,283.178,1916.8,586.034,1603.68,753.117,3257.32,2169.61,2084.91,1553.2,2264.14,19236.0,1084.38,119.773,8064.59,753.288,678.002,2486.58,1768.79,1570.31,1468.51,320.394,344.348,679.713,300.289,9055.29,22843.8,4422.2,2.9943,174.099,2645.28,10170.8,15711.7,0.0,2761.63,1717.46,4599.29,493.209,275.479,908.138,56.8923,639.504,6264.57,1134.42,4374.72,4503.48,189.498,342.145,242.969,1239.65,5092.5,1724.31,206.609,4182.23,474.388,1157.95,10357.4,266.923,355.256,1318.36,737.034,48.3371,162.122,708.801,923.11,103.946,1056.57,7585.07,1606.67,1040.74,1491.18,447.866,54609.3,722.917,1.2833,24668.2,522.297,1934.34,2467.76,2343.28,2675.65,294.715,949.631,381.563,34357.8,5317.93,301.144,427.762,4966.74,206.609,10.2663,336.649,0.8555,58.6034,6497.05,8286.17,6776.17,3411.83,858.518,4260.93,1047.16,567.64,2442.09,1315.37,85.5523,0.8555,504.759,2603.79,393.541,128.328,13652.9,996.685,604.855,20.9603,3556.84,1.2833,10653.4,5418.89,21.8158,1073.68,2115.28,346.059,842.263,1061.7,442.306,1722.6,4591.59,38.4986,1653.3,381.991,1983.96,10412.1,632.232,2538.77,6.4164,2278.69,41.9207,9418.4,326.382,1430.44,109.233,221.581,1594.79,1755.53,10084.5,632.66,1293.55,38.9263,910.705,709.657,0.0,3946.53,112.074,4200.62,2764.62,120.629,51.3314,2765.91,2238.05,316.116,155.278,2566.14,851.246,795.637,146.294,96.6742,1479.63,3746.34,563.79,4822.89,742.487,5340.18,1558.34,3239.44,26164.5,7292.48,1623.36,62.0255,271.629,1.2833,2964.39,1666.99,3214.2,525.719,1630.63,3654.8,3626.14,741.739,4.2776,6233.34,4193.78,6781.73,399.529,3045.24,1077.53,6824.51,2994.33,4806.76,3247.14,5127.29,27632.6,876.591,135.601,855.524,406.374,10.2663,29.9433,22.2436,1150.25,7009.73,1784.62,1402.2
TCGA-A2-A0SX-01,72.5755,1975.59,2800.26,7211.3,1108.86,41.1047,19.2678,1310.85,954.721,158.638,1501.28,783.558,1242.45,1304.75,1531.79,240.604,228.003,3023.14,128.773,511.24,553.629,1380.22,299.615,1508.67,805.199,9056.21,1162.49,1381.5,546.885,693.963,6870.26,1154.46,80.6037,5973.99,2831.41,1384.07,2628.13,3735.71,1132.31,1973.03,3326.59,555.877,981.053,389.531,11280.7,169374.0,2175.66,0.3211,225.755,1508.67,3762.3,7405.59,0.0,2482.02,1909.12,7379.58,679.512,456.969,692.036,17.0199,829.155,6243.42,691.394,4211.95,4745.02,8.6705,657.479,220.938,230.893,3891.78,1127.81,175.979,3492.29,635.838,541.217,12116.2,208.735,103.651,1618.18,1695.57,1887.6,53.6288,348.105,528.902,55.8767,134.232,6310.53,3554.59,132.948,928.067,262.685,36521.8,1221.26,0.6423,30025.0,668.593,1495.18,552.665,3389.85,4013.81,464.669,740.206,389.531,29551.1,1730.89,516.057,139.049,1864.16,234.746,3.8536,168.593,0.0,35.3243,1927.16,13653.5,6252.73,3495.83,569.364,3763.33,1719.33,199.743,3927.1,591.201,154.143,16.3776,168.593,1630.06,145.151,28.2595,20655.4,1613.36,576.75,437.38,14842.0,468.208,9979.13,13451.8,29.8651,1603.4,3282.92,238.921,981.053,461.464,512.203,1674.69,3312.46,34.0398,2222.86,157.675,7583.81,10868.3,872.511,2684.65,9.3128,889.852,14.1297,7998.08,194.926,3094.41,61.9204,208.735,1818.14,3158.64,6734.75,1082.53,3350.35,221.259,852.28,1099.55,0.0,2800.26,134.232,5450.55,2763.97,61.9782,109.184,4021.52,4202.95,867.694,257.547,1701.35,606.936,704.239,150.931,21.5157,2295.44,2814.39,1585.1,5933.11,786.914,1731.21,756.898,22377.0,20150.0,7196.21,1634.87,28.2595,195.889,4.4958,3012.85,1129.09,1879.9,1170.2,1391.46,5487.8,2395.31,470.777,6.1015,4375.4,11902.4,17145.2,45.9216,1616.25,837.187,6768.47,2438.34,4219.65,4579.64,6439.58,30864.8,920.861,247.913,1652.86,735.71,3.5324,61.3359,55.5556,832.049,11142.9,1812.78,1684.33
TCGA-A2-A0T0-01,12.4506,2144.45,7606.67,2361.68,571.745,71.0995,156.288,510.475,115.332,146.458,1247.03,1752.26,486.229,1865.63,1042.9,1247.55,192.001,1688.26,421.027,496.714,74.376,1750.29,51.113,939.038,1472.04,3228.44,322.077,892.512,289.64,910.86,18219.8,3832.49,198.554,7375.35,1549.12,490.488,2510.76,5148.98,3075.96,61.5977,132.042,493.765,142.527,656.933,15013.8,176735.0,754.245,0.0,52.7513,1633.65,15391.2,1729.0,0.0,4285.63,1296.5,6906.48,678.23,655.623,1057.32,16.3824,357.46,739.5,258.186,3418.35,2862.0,25.2289,587.557,301.108,85.8437,1159.22,831.569,233.285,2424.92,449.86,87.8095,3204.72,187.742,34.5963,1095.65,426.597,1262.43,319.129,172.015,1211.97,0.3276,434.133,447.239,1180.51,101.243,699.2,320.439,97525.6,832.225,0.0,29165.2,503.267,1534.37,333.218,2953.42,2661.15,557.302,2182.13,701.493,31121.6,2491.43,25.8842,717.876,4162.43,242.131,8.1912,187.414,0.0,65.8572,1024.85,9107.62,3522.21,3208.32,570.434,1657.9,660.21,283.415,2359.39,167.1,15.3994,0.6553,235.251,821.085,282.76,423.321,8636.79,89.1201,689.37,823.706,12502.4,37.3518,2150.02,10200.3,4.5871,1534.05,3347.25,26.2118,2026.17,7957.58,199.21,2639.2,9947.38,83.2225,1363.67,17.693,2431.8,16585.2,554.707,273.586,4.2594,26.8671,16.71,4902.32,319.129,4216.5,259.523,283.087,1027.59,3107.74,22880.9,544.55,1338.11,0.3276,960.007,1022.26,0.0,1559.6,64.5466,5078.86,670.039,37.3518,167.1,4256.8,2791.88,372.535,411.198,1850.12,902.997,1163.8,80.9289,12.4506,3161.14,4010.73,960.335,8480.42,837.274,3899.01,507.854,21408.2,3802.68,5612.93,968.198,6.553,58.3213,7.2082,4368.85,1070.75,3193.25,750.968,744.743,25516.5,1133.66,61.5977,5.57,4007.78,9891.35,9422.16,54.0618,544.55,497.697,4543.82,3145.42,3996.32,2852.17,5290.79,36482.9,961.859,442.324,1241.78,44.2324,0.3276,18.0206,120.247,886.287,11736.3,3329.23,1613.34
TCGA-A2-A0T2-01,29.8707,1430.23,3403.92,3266.16,375.836,8.4708,15.1583,445.386,160.499,67.3206,2363.35,1702.63,1068.66,1786.89,811.413,301.587,226.928,2056.8,244.316,130.629,46.3665,1930.9,81.5872,938.921,289.844,1554.16,325.457,1496.66,402.14,1637.09,5210.88,1327.24,61.9706,8286.67,1110.12,506.91,2980.38,293.803,1489.97,1333.48,775.301,354.436,449.398,176.549,9437.81,75831.5,698.172,0.0,1663.4,2750.33,6016.91,675.88,0.4458,4008.92,1125.28,2362.02,507.356,275.524,1142.22,8.9166,539.006,1047.26,575.568,3830.14,5203.3,4.0125,292.122,277.307,45.9206,1535.89,2920.2,133.749,2829.25,563.531,212.662,2598.75,107.0,36.1614,469.461,187.695,16.0499,66.4289,102.987,1692.38,4.0125,225.145,1626.39,1621.04,283.103,377.619,530.539,96539.9,366.028,0.0,77138.2,565.314,2003.57,220.687,4204.64,2382.52,203.74,1171.2,808.738,64854.7,1479.27,65.9831,691.485,12829.2,131.966,0.4458,34.7749,0.0,31.654,636.126,27906.4,7593.4,2205.08,885.421,413.286,655.372,853.767,3263.04,311.636,70.8872,14.7124,637.093,1145.34,256.799,145.341,10906.4,915.738,433.794,189.032,5083.37,159.162,737.405,8051.72,40.5707,1622.83,2432.9,154.258,1078.02,14764.2,11.1458,1222.02,838.163,121.266,700.401,28.979,1480.16,11512.3,1161.84,2382.97,3.5667,51.7165,7.1333,4484.59,205.332,2934.91,500.348,567.989,527.022,2894.34,16524.3,509.139,802.942,0.8917,534.998,1278.2,0.0,3670.98,164.958,2868.93,485.51,23.1832,12.9291,8588.5,1544.81,234.061,110.12,1489.42,1241.19,558.627,37.4498,34.329,1636.2,2526.97,1032.1,5750.06,502.354,8540.79,386.536,10741.9,2181.45,3967.45,221.132,16.9416,103.433,1.7833,1335.27,1499.78,562.639,806.063,824.788,3600.98,1032.55,1154.26,4.0125,9166.74,4229.16,6313.42,31.654,625.056,511.815,1751.67,1636.65,798.93,2094.07,4753.44,50706.6,468.538,162.283,1237.63,810.522,0.0,1.3375,70.4414,471.244,6770.84,4329.02,1519.39
TCGA-A2-A0YE-01,20.2788,1951.2,8002.53,2256.97,951.838,17.1103,33.27,691.065,228.137,35.1711,3023.76,495.564,728.454,2210.08,1037.07,935.745,635.615,1172.08,275.665,549.43,350.444,1850.76,310.203,413.181,963.714,7779.25,195.501,3134.03,579.848,508.555,3483.21,909.696,180.304,5570.66,2799.75,980.038,2875.16,2080.8,1748.73,491.762,230.355,255.387,158.112,569.708,11457.5,71014.3,365.019,0.6337,40.8745,904.943,13886.5,972.75,0.0,1367.87,646.705,4849.49,660.013,725.919,1508.24,3.4854,3948.33,1220.85,1601.71,5692.65,2711.66,36.7554,615.653,534.854,12.3574,1747.78,976.236,166.033,4773.76,389.1,219.265,6448.04,112.484,318.986,1716.1,415.082,1364.07,320.976,64.6388,897.972,3.8023,1673.95,901.457,2550.38,1525.35,1023.45,189.163,100014.0,282.636,0.0,75811.8,328.264,2802.6,114.068,2735.11,3908.43,550.348,1218.95,450.887,48984.5,1661.6,955.957,5259.82,2078.9,49.4297,0.6337,12.6743,0.0,125.158,467.041,14866.0,3765.53,1693.92,514.259,1140.68,1391.32,164.449,3411.91,55.7668,376.109,0.0,98.8593,891.001,117.237,5.3866,7956.27,2827.31,547.212,3399.87,7790.87,1116.6,453.739,8148.92,18.0608,1668.88,3118.5,80.4816,1953.42,1029.47,62.7376,5595.69,591.255,317.174,3315.59,39.6071,1714.51,6611.53,147.655,2345.37,1.9011,77.3131,3.4854,11448.2,135.615,2237.64,176.711,3957.22,41175.1,1926.81,10294.4,593.473,1003.8,57.3511,690.114,778.834,0.0,1974.02,19.962,13458.5,228.771,231.622,27.5665,11278.5,3403.68,404.309,235.108,1921.1,740.811,254.119,232.256,21.2294,4141.32,527.25,403.359,5145.45,431.511,4780.74,179.658,1884.03,12483.8,10553.2,144.17,13.308,141.318,0.9506,1907.79,1299.11,12756.0,836.502,1066.22,3121.04,1423.0,75.4119,10.7731,4711.66,13456.3,9771.55,18.0608,496.831,688.213,941.381,4382.45,7217.68,198.986,5446.96,48635.0,1039.82,466.413,1164.13,2482.89,1.9011,15.526,24.7148,471.483,14824.1,1311.15,2438.85
TCGA-A2-A0YJ-01,2.0342,1941.42,3152.56,6222.54,671.278,4.0683,384.052,847.03,38.6493,84.6216,1569.16,418.226,446.705,2524.0,1268.92,677.754,225.793,2907.9,182.669,412.124,447.111,1627.75,28.0716,387.714,1234.96,1513.83,214.402,7689.99,87.8763,291.701,15656.6,3660.7,92.7583,13513.8,616.355,763.629,3502.85,1452.81,840.521,21.5622,72.0098,377.95,623.678,500.814,10179.4,25866.2,365.745,0.8137,100.488,1498.37,10967.8,315.704,0.4068,3449.55,1643.21,4963.38,191.619,492.27,1020.34,5.6957,1984.13,2869.81,132.628,47534.2,7674.13,0.0,185.517,571.603,20.7486,4338.49,1476.0,98.8609,2488.2,317.738,55.3295,14075.3,128.967,724.707,552.482,118.389,249.797,129.78,142.392,530.513,0.4068,611.473,554.109,2476.0,1468.67,767.29,299.837,63967.0,472.335,0.0,41211.6,5563.47,3173.31,161.513,2069.98,2580.55,240.842,752.238,343.775,178348.0,2067.53,2.8478,5658.67,3944.67,21.1554,5.2889,126.933,0.0,29.2921,297.795,17294.5,4485.35,2196.91,299.43,233.93,1598.05,89.9105,5211.96,51.668,19.5281,22.3759,33.3605,2408.46,212.775,34.9878,9414.97,716.029,407.242,1374.69,2137.1,34.9878,1712.37,9878.36,16.6802,2391.78,3873.07,276.241,569.569,13819.4,1592.35,2890.56,6341.74,251.424,2458.91,40.2766,10882.8,4822.21,1608.62,2287.63,0.4068,17.9007,10.5777,5640.13,215.623,2414.56,42.7177,153.377,675.346,1654.19,14746.1,611.88,2210.33,8.1367,494.711,1311.23,0.0,1008.95,18.3076,3539.87,1273.39,36.2083,44.345,26227.0,4869.41,135.883,223.759,1952.81,754.679,2413.75,217.657,5.6957,1215.62,1375.1,703.824,3618.69,431.314,3969.89,167.616,9020.34,1929.21,4790.89,195.281,17.9007,16.6802,9.3572,3083.81,940.195,4839.3,750.203,396.257,4728.64,458.096,242.474,12.205,3940.2,13757.5,11812.9,21.1554,380.797,496.745,331.977,3621.64,3848.66,787.632,4782.34,25382.4,1092.2,386.9,1132.63,249.797,0.0,4.0683,2.0342,585.435,7110.66,4398.7,1370.63
TCGA-A2-A0YM-01,6.1845,3749.84,4117.96,2093.88,784.248,3.534,202.026,835.196,447.342,114.265,1435.38,743.902,693.543,2071.5,1718.4,1456.36,395.805,710.032,126.929,318.647,462.067,1011.31,121.628,358.993,1994.03,2028.5,384.909,1094.65,2230.82,376.368,8347.54,1590.88,136.37,7703.48,905.287,1649.48,3178.81,351.925,1180.05,2145.71,503.002,169.336,133.407,522.145,17626.3,42942.5,2268.22,0.2945,564.847,1408.29,7181.56,791.905,0.0,3082.51,2708.2,13514.5,709.74,701.788,2519.43,8.5404,866.696,3628.8,465.896,4102.94,5017.07,1.178,184.945,455.588,39.7572,3198.84,2225.82,66.851,3140.53,939.448,214.394,12176.6,121.039,36.1879,678.818,1365.29,381.964,147.249,238.838,632.876,15.3139,525.09,2221.4,2484.68,3.2395,485.332,288.313,80551.4,418.187,0.0,20539.5,869.063,1368.24,706.206,1968.72,5197.3,745.639,859.345,230.886,46392.3,1665.39,147.249,3639.41,10709.1,39.7572,16.4919,573.682,0.0,100.436,1083.13,12860.1,4768.8,2094.17,453.821,991.574,3030.38,1859.75,1761.1,128.107,234.715,11.4854,67.1455,2788.31,387.559,6.7735,14121.5,2017.9,291.553,6490.14,4677.22,2024.97,6780.52,9866.86,70.0905,1504.0,3331.07,488.572,1789.66,1332.6,604.015,2961.18,6827.05,174.637,3128.45,924.134,6794.36,9784.4,648.19,4581.8,0.8835,64.495,1.4725,5071.56,239.969,3510.41,46.6249,123.1,915.779,1248.97,10618.1,1084.64,3620.26,52.7151,500.646,2843.97,0.0,2957.35,58.0161,4867.17,1588.52,520.967,19.4369,6080.5,5689.99,803.39,688.536,2064.14,495.051,369.006,136.647,164.035,2719.1,4444.56,510.954,6419.23,526.718,4154.78,645.834,9411.86,11785.2,6792.01,1028.39,457.355,93.3558,14.4304,6880.06,720.342,7239.05,361.938,571.326,5334.83,1031.92,92.1778,2.945,1873.01,12009.9,4011.36,738.895,975.082,1324.36,3217.98,2817.46,8182.62,1730.47,5819.58,39713.3,2948.26,384.909,2597.47,548.65,0.0,13.2524,68.9125,768.345,7952.33,3671.51,2279.71
TCGA-A2-A1G1-01,64.3255,1381.62,1706.55,964.882,1199.92,56.6284,108.309,1787.37,290.839,222.115,1636.45,382.929,641.331,2510.62,2371.8,358.021,366.16,1278.72,222.665,674.868,1081.99,1117.17,275.17,832.658,1450.06,7181.68,968.456,818.913,1722.77,1142.19,31525.8,1036.35,18.9678,22010.0,2414.13,936.018,2651.36,5431.1,1217.79,797.471,2234.07,136.898,154.216,701.258,16226.8,85168.0,1674.94,0.2749,124.253,861.796,14720.8,9343.69,0.0,2850.11,526.149,3860.9,554.739,158.34,1658.17,24.1908,1100.4,1261.22,1411.31,174266.0,4515.15,50.0309,218.817,393.375,136.348,6604.36,1281.84,263.625,9965.78,217.992,1182.32,8555.01,197.65,47.2902,1489.38,86.8669,12.3703,86.8669,227.888,1882.48,25.2904,364.786,557.487,3216.27,70.6481,490.138,601.196,219109.0,420.04,0.5498,26066.9,5646.35,788.674,408.769,3399.35,4938.49,1143.55,1693.08,165.212,41582.8,3196.76,156.415,42.3339,1621.33,48.6564,11.2707,322.177,0.0,34.4609,2155.92,25531.7,1018.21,1058.62,1295.58,187.204,6771.77,1624.36,4145.42,188.028,469.246,0.0,180.606,1531.44,174.284,9.0715,9817.88,1647.72,659.199,6302.8,8847.5,473.919,788.125,6874.58,15.9439,2401.76,2121.64,834.032,582.778,789.499,287.265,1172.98,2474.61,14.2946,2878.43,17.0435,871.968,14444.4,2592.81,4688.34,2.4741,1050.65,39.0351,4245.13,172.909,3030.72,14.7839,243.282,1068.23,3477.7,20433.5,937.668,724.074,10.446,724.624,1177.93,0.0,2068.04,107.484,5081.16,2322.86,48.6564,62.951,4427.19,7049.69,757.061,292.488,1861.32,673.768,1525.94,240.533,3.8485,3134.36,1736.79,701.807,6326.95,562.229,2365.75,382.104,33343.4,14791.0,10670.6,718.301,40.9594,249.88,4.9481,3077.73,1518.25,9359.08,846.127,736.719,6543.33,2181.57,228.713,4.9481,8199.3,10327.8,12721.9,45.9075,744.141,2362.72,1145.49,4994.3,16556.1,513.779,6107.28,33133.4,696.098,243.282,1492.68,183.355,1.6494,6.0477,166.861,350.491,8067.35,3234.97,1702.15
TCGA-A2-A25F-01,245.429,1878.19,2199.07,2277.62,1116.92,44.5532,14.4218,3324.49,1139.84,463.044,1571.47,986.093,1057.69,1386.04,2607.78,600.446,386.814,1526.34,288.694,546.178,373.423,1164.05,651.301,2840.33,1195.68,1733.71,2862.74,1589.75,610.353,1785.48,19564.8,1521.76,116.405,2776.2,4438.58,637.394,1984.03,1601.6,1551.64,364.924,790.883,380.891,1597.73,507.855,16232.8,105442.0,4860.93,1.0301,519.959,2552.67,9240.43,20412.8,0.5151,3250.06,1425.7,4806.59,2069.02,282.514,866.083,1.0301,2451.17,4175.12,1099.41,1018.28,617.306,7.9835,323.361,416.431,141.643,11545.5,1489.31,262.426,1667.01,288.952,949.781,5421.32,174.092,348.426,2314.71,1345.61,22.6629,49.1888,930.466,1352.05,224.826,1.2877,2572.5,2168.94,165.594,1881.28,645.892,49297.2,968.066,1.2877,16168.7,75.7147,1291.53,1779.81,2692.51,5250.84,491.859,868.916,234.87,29778.0,3767.96,3612.41,365.697,3040.18,173.835,3.6055,115.117,0.0,63.6106,4210.51,14995.9,2250.58,2248.52,1213.49,365.439,2068.76,253.927,6016.74,1534.9,131.084,2.5753,473.86,2623.23,336.595,76.7448,16988.4,2304.4,713.108,16783.2,21339.7,1251.35,8260.37,7409.48,7.2109,1438.06,2849.34,76.2297,610.868,740.407,144.218,1558.85,2114.86,45.0682,2460.98,609.323,1760.24,16847.5,811.744,2877.67,6.6959,1229.98,54.597,4044.82,321.95,2151.43,32.8277,310.07,6449.59,4747.36,10284.1,1016.74,2286.63,3704.09,571.98,1277.11,0.2575,2206.54,523.822,7242.08,2325.01,209.632,105.331,2000.52,3696.37,749.163,252.897,2142.42,651.043,1696.37,351.532,60.2627,1879.73,4092.45,3811.74,5919.8,498.818,3145.25,1614.21,1570.69,29498.3,7800.67,3013.13,75.1996,674.221,1.2877,1748.13,1404.84,8020.35,233.067,1786.25,6296.94,7773.89,1207.57,7.9835,10101.5,12691.5,11774.4,225.856,4076.49,1040.95,2532.84,3430.59,5630.7,1337.63,4768.12,23415.1,1102.81,224.826,824.62,11.3314,4.6356,12.3616,207.829,1245.94,7602.63,2435.23,1617.05
TCGA-A2-A3XT-01,30.7201,1153.64,2496.38,2383.64,314.657,6.2633,30.4218,1114.57,168.513,8596.85,1445.63,1730.17,816.617,1359.14,1893.01,2054.73,588.155,1831.47,114.529,399.361,204.005,935.62,129.442,1719.43,761.432,464.714,289.007,1294.72,157.179,974.99,16255.7,8575.97,142.565,2505.03,708.053,563.4,2627.01,1807.12,725.352,2343.67,716.703,2028.72,535.066,388.922,11931.6,47842.8,2399.45,0.2983,375.203,3451.69,6506.95,1743.59,0.2983,5902.73,969.025,3872.52,357.606,1388.37,1002.13,80.5284,120.793,954.41,379.378,1346.02,2562.29,20.5795,217.725,232.339,1005.11,3919.64,1687.82,44.4397,409.204,609.033,273.2,2958.37,78.1424,51.6992,461.696,1121.43,15.5092,268.428,904.9,739.966,13.1231,7.7546,2121.77,1973.84,73.0721,372.817,696.72,89677.9,795.442,0.5965,36947.0,202.812,1784.45,872.391,3358.63,3057.99,508.185,1325.74,529.101,30490.4,1765.66,264.551,82.0197,2271.8,57.2646,4.7721,116.617,0.0,62.9314,1934.32,4743.42,3476.44,3819.73,541.628,230.848,410.098,27.4393,2295.95,259.182,207.584,0.8948,149.425,2674.74,317.043,10.7371,5696.94,873.882,507.031,512.996,4281.43,873.882,10253.6,5298.17,9.5441,946.358,2344.57,634.981,748.317,14254.4,348.956,2129.83,6165.49,13.7197,704.773,104.09,3537.58,11489.9,809.758,1503.79,8.0528,89.1777,11.3336,5367.11,392.8,3023.69,139.442,115.722,787.231,1938.35,10620.2,398.168,739.37,367.15,322.71,1731.96,0.0,5038.09,107.073,4967.71,956.797,11.3336,34.0009,2388.11,2751.39,118.705,717.001,2267.32,682.702,342.991,85.8969,123.477,1396.42,1115.17,1291.73,6434.7,258.803,4431.45,1440.56,18336.3,5581.51,3672.09,1501.71,26.2463,120.793,21.4742,3967.66,1678.87,12152.0,354.623,1064.17,3327.31,1088.92,1737.92,5.0703,7043.55,4662.59,5180.96,198.637,1510.95,1144.7,650.49,2506.82,3420.07,2758.25,4362.39,21890.9,1071.38,882.532,420.537,23986.7,1.4913,8.9476,4.7721,849.127,5449.68,1119.05,652.876
TCGA-A2-A3XU-01,2.3806,1181.94,2667.01,2815.0,389.22,0.0,608.231,211.076,45.6272,17.0606,507.851,455.479,233.691,1283.51,1083.15,1594.83,97.2058,656.945,67.8457,369.382,39.2791,1404.53,32.5342,728.845,661.88,2464.06,81.3355,1502.13,516.976,326.135,5151.51,3226.04,300.346,5100.33,71.8133,793.914,6123.57,6054.53,6601.27,2802.31,598.709,350.735,371.366,492.377,6193.8,11895.2,593.947,0.3968,30.9472,1617.58,4636.12,8.3319,0.0,8066.89,323.755,2026.64,105.538,668.538,536.418,124.979,107.918,3809.68,216.63,3224.06,2272.24,1.9838,663.952,130.93,181.319,2532.11,643.939,9.1254,824.067,500.709,170.606,729.639,226.152,24.1388,148.388,93.635,20.6314,827.638,17.8541,208.298,0.0,385.649,3091.94,222.185,16304.0,666.554,269.002,172508.0,2373.01,0.0,16473.0,517.373,971.662,66.2587,4058.84,928.415,495.536,1447.77,2723.35,62690.6,1463.64,20.6314,2567.82,2163.52,21.425,3.1741,12.2995,0.0,8.3319,940.282,3868.4,11010.4,4055.27,239.245,1049.43,594.741,153.149,1692.57,91.2545,6.7449,22.2185,376.921,1089.9,35.7083,155.133,16199.6,840.335,491.584,29.3601,841.525,226.946,458.256,6197.37,27.3763,986.342,2041.32,285.269,987.135,1045.06,73.0036,1141.47,18166.0,13.8865,532.053,30.9472,3105.43,28204.8,6185.07,551.891,1.9838,549.114,1.9838,3895.4,415.406,1906.42,185.544,145.214,4490.62,521.737,11857.5,171.796,1088.31,10.7125,1446.18,412.232,0.0,1309.3,23.012,2011.57,2861.42,5.1579,690.756,2963.79,1675.11,22.2185,429.689,1736.9,878.423,65.0684,3.1741,2.3806,2626.94,46001.0,110.696,7643.45,438.755,21684.0,133.708,3787.85,1158.93,4071.93,437.228,4.3643,17.4574,16.2671,2658.68,817.322,3935.45,455.479,245.197,14839.2,262.654,11.506,3.9676,2056.0,2132.97,604.66,71.0198,100.777,678.06,1208.53,845.492,1834.21,4229.84,2690.5,29454.2,578.764,244.006,1579.89,109.109,0.0,11.506,172.987,851.444,7833.6,670.125,755.031
TCGA-A2-A3XX-01,33.5875,1632.42,4325.94,13554.6,327.307,6.5119,317.711,487.705,392.426,62.7196,1863.08,526.433,621.712,1985.43,754.348,791.332,265.958,978.548,99.0489,582.984,93.2225,1500.47,120.641,1044.98,899.289,496.105,282.409,30474.9,281.038,950.39,3627.45,1979.95,183.731,20655.0,891.098,745.437,3133.58,154.228,822.209,105.903,131.608,458.915,919.201,357.125,8641.59,68339.3,776.283,0.6855,1891.87,1882.62,5097.74,1779.8,9.9392,5664.3,1077.89,4388.66,446.577,1219.78,990.832,72.316,318.382,3094.51,251.564,7411.53,6097.16,9.2537,442.122,288.921,40.7849,2253.45,1108.05,181.989,1467.91,492.16,184.104,3990.75,345.129,33.7692,826.664,1012.08,663.525,372.89,176.506,867.106,13.3665,58.2641,3217.55,1080.63,2414.87,708.423,689.915,49200.6,628.567,1.3709,81303.7,1897.35,1684.86,233.742,4250.88,2069.4,500.372,1115.59,580.584,219820.0,1617.0,115.157,3507.15,698.483,119.955,1.7136,26.0475,0.0,30.503,807.773,10808.0,6338.45,2336.73,501.757,1795.56,659.069,567.218,5261.59,164.168,71.2878,144.632,141.89,1736.27,139.491,15.0801,10464.9,534.316,483.249,290.292,3766.26,94.5934,2943.02,8015.08,17.822,1232.46,1941.22,253.62,1290.38,4722.47,223.117,2907.38,7233.66,572.702,1141.63,625.482,5656.07,7748.78,4142.92,953.817,6.1691,161.426,20.2211,5348.95,328.335,4021.25,86.457,253.62,629.009,2457.03,13305.1,270.757,2478.97,56.5504,755.719,1415.13,0.0,1640.65,48.3249,3387.54,973.01,157.656,86.3679,25731.8,1796.93,118.242,432.182,1735.24,1397.99,602.862,38.043,61.6914,1316.43,2897.1,3184.99,5300.83,738.922,6981.41,431.84,6151.66,3497.22,4959.3,639.534,25.362,95.6216,79.5133,1982.01,1460.71,1799.33,38.3857,962.385,1808.59,792.391,623.083,2.0564,4865.05,12455.5,7287.81,26.7329,743.724,708.765,529.518,2930.0,5409.31,4180.28,5064.22,36906.5,2389.88,202.553,1502.18,400.308,1.3709,7.5401,140.862,725.216,8193.99,1855.88,1064.86
TCGA-A2-A3Y0-01,25.2832,1589.56,2724.02,4857.99,139.222,6.5671,98.8344,338.861,120.177,190.117,1790.51,4071.26,1579.71,2559.84,629.125,1832.26,226.892,748.971,295.847,353.965,62.0588,1774.75,423.904,769.332,1861.99,1362.98,349.368,2312.59,1207.36,481.695,8618.95,2487.94,244.962,10389.8,298.145,1380.07,7444.1,276.802,6536.21,3679.53,1401.41,193.729,4989.66,513.545,6949.93,64353.7,1288.46,14.1192,1142.34,3261.21,4182.89,2906.26,0.3284,3125.93,318.503,5113.12,246.594,1186.67,719.423,3.2835,429.789,1824.0,1714.66,2386.15,3529.8,0.3284,674.822,184.535,595.305,1649.65,3435.56,50.5665,2173.04,923.002,398.293,1563.29,21.9997,13.3016,324.085,226.236,612.708,398.293,243.31,623.215,18.3878,320.473,2252.18,1594.81,44.6561,497.784,1165.0,122319.0,201.609,0.6567,19223.1,494.172,2124.78,701.035,4625.85,2179.28,698.05,664.259,2164.84,81198.9,2439.34,9.5223,98.1777,1724.51,56.1485,101.79,310.951,0.0,32.507,3825.35,3709.08,2344.12,5687.74,314.234,136.267,1140.37,34.8055,2499.1,441.307,163.848,13.7909,180.595,1080.61,233.459,162.535,5707.77,548.351,806.108,1392.55,4113.61,719.751,1911.02,5894.6,11.8207,2066.0,3844.69,783.123,1561.98,1949.44,818.586,4298.48,3291.42,112.297,657.692,17.4027,1116.4,13540.3,3228.7,1186.01,8.5372,188.803,5.582,4508.71,583.813,7463.48,232.221,150.714,306.718,1937.61,9258.26,217.37,3030.38,2.6268,730.915,2235.1,0.0,3346.25,730.587,2975.87,214.743,29.2235,25.9399,4341.16,1363.98,69.9393,679.035,2417.34,1395.17,184.535,82.7451,58.4469,2354.95,1241.5,1555.08,8473.82,677.906,3232.97,659.334,7788.88,10914.5,5478.91,1755.71,14.7759,33.4921,16.746,5911.68,1048.76,5307.18,570.022,1403.38,3049.75,442.621,51.2232,2.2985,2068.3,2776.23,673.453,139.222,2048.6,662.289,1776.06,2938.44,3080.61,771.959,2509.86,30707.6,1403.28,760.467,812.347,232.474,0.3284,66.6558,1.3134,755.213,6969.63,1866.03,1624.04
TCGA-A2-A4S1-01,65.5152,1687.23,7076.49,3195.78,435.634,16.1661,7.6576,903.599,326.725,17.8678,2404.49,665.362,1373.27,693.44,1289.88,293.823,77.427,744.193,91.8914,108.058,39.1389,777.674,399.898,5470.09,186.999,3948.61,264.613,3453.59,39.9898,1771.46,7869.48,4957.03,39.9898,8.5085,11152.0,333.532,1812.3,909.555,1511.95,880.626,812.558,829.575,438.186,96.1457,7273.89,1770700.0,9552.45,0.0,393.942,3234.92,8803.7,260.359,0.0,1650.64,990.385,1688.08,225.474,535.183,597.294,41.6915,98.6982,3401.68,1240.53,154.854,0.8508,4.2542,514.762,280.779,99.5491,1850.59,1201.4,986.131,809.155,239.088,262.061,9519.27,103.803,95.8138,44138.5,251.851,1572.36,69.7694,171.871,1162.26,1.7017,433.932,5502.42,1293.29,228.878,6974.39,396.495,41129.9,678.976,0.8508,31340.9,1.7017,3944.52,1260.95,2412.15,3447.63,143.768,612.61,1090.79,28380.8,1949.29,166.766,15494.8,35225.9,705.352,2.5525,112.312,0.8508,36.5864,1350.98,12436.0,11061.9,2721.86,909.555,43.3932,577.725,10.2102,13274.1,96.1457,26.3762,0.0,1564.71,992.938,93.5931,665.362,5410.53,386.284,449.247,57.0067,85302.5,4.2542,12378.1,45418.2,5.9559,429.678,1042.29,159.108,1059.3,164.213,5.1051,374.373,1745.09,5.1051,456.054,360.759,1081.43,4781.76,2954.99,332.681,13.6135,567.515,8.5085,4652.91,349.698,1706.8,431.294,7077.34,4281.0,10269.7,11489.0,352.25,677.274,2.5525,1450.69,2461.5,0.0,2088.83,252.701,5289.71,712.159,13.6135,81.6813,4523.1,975.07,771.718,135.285,1556.2,1363.91,1388.58,17.0169,17.8678,885.731,28581.6,7566.58,4875.06,889.364,4928.95,1857.4,114030.0,3753.94,3105.59,1201.4,78.2779,205.905,0.8508,869.565,2262.4,1845.49,104.654,12366.2,61192.9,3043.48,296.095,11.9119,34837.9,36455.4,9903.85,11.9119,2271.76,979.324,1161.41,1403.05,477.325,1268.61,1515.94,23817.7,374.509,1024.42,144.644,29.7796,4.2542,17.8678,0.0,619.416,5165.49,635.582,1136.73
TCGA-A7-A0CE-01,36.9523,1964.91,4190.19,2168.66,960.759,25.0869,464.107,689.55,239.003,221.036,1205.86,534.961,529.875,1459.45,1470.63,1120.81,549.538,1292.13,218.663,913.637,10.5094,2551.06,90.1771,2127.3,2014.85,942.026,414.95,1253.67,594.627,1069.24,3685.74,935.673,174.93,10864.6,671.921,2328.67,3961.01,591.236,1242.14,996.017,310.196,579.71,892.957,595.644,12084.1,31045.3,758.03,0.678,2080.52,1598.1,8109.75,344.775,0.339,4770.91,408.848,5644.89,287.143,455.971,1204.51,16.2726,1036.36,1537.76,964.149,7516.23,4233.92,75.5996,288.926,401.051,814.306,1490.63,4846.51,71.8705,2474.11,821.765,296.974,6311.04,195.271,327.774,1454.7,590.22,143.402,236.291,83.3969,1440.8,2.0341,312.23,1081.79,2480.55,714.298,5071.62,349.521,186399.0,887.872,0.339,71552.8,523.095,6358.84,118.993,2839.22,2851.43,296.608,1063.14,601.746,45406.2,1749.64,385.795,979.405,13500.8,153.572,0.339,21.6968,0.0,200.017,803.278,12439.7,1425.21,1505.55,1046.87,4111.53,1613.02,321.383,5502.84,65.4293,54.9199,61.7001,113.569,808.204,288.838,31.8671,10570.0,4427.49,556.318,241.715,3368.76,152.894,965.845,6143.91,21.6968,2298.84,4239.68,321.044,1470.29,5919.48,828.545,1195.36,2869.73,10.1704,3031.78,43.7325,1226.21,5539.45,2146.62,2361.56,6.1022,332.571,469.192,3427.01,162.048,3716.93,43.0714,166.455,646.18,1805.92,18356.8,742.775,740.402,51307.7,397.661,1466.57,0.0,1516.06,142.724,6359.86,1471.99,10605.6,23.0528,4021.02,2448.0,361.048,371.557,1739.47,910.925,306.467,104.755,40.6814,3792.86,1042.8,796.0,5990.38,529.058,5381.47,161.37,2591.41,6250.7,6487.33,1188.58,30.8501,192.898,3.0511,5373.34,1033.65,3344.01,416.307,315.62,6733.79,1561.15,1555.73,3.0511,5734.38,6895.5,13577.1,38.9864,830.918,1378.76,1303.5,2274.43,7615.9,2880.24,9818.88,34275.8,994.559,229.85,1305.87,1247.9,139.334,60.3441,46.1056,521.739,4393.93,2254.77,1189.59
TCGA-A7-A0DA-01,4.3507,1978.92,3489.63,4136.21,464.525,14.0562,64.9264,796.519,272.423,28.4471,1614.12,942.436,710.174,2315.26,1664.66,612.905,328.648,1280.53,195.448,258.702,146.921,1446.45,52.5435,818.942,540.663,12783.5,877.51,826.975,100.067,616.801,9425.7,1464.52,47.8614,8613.79,3535.14,569.612,2493.64,4422.69,1913.65,238.621,866.131,690.428,486.948,120.482,15285.8,186135.0,563.922,0.0,96.0509,2652.61,26537.6,254.351,0.3347,3712.52,1619.81,5766.06,1138.55,235.274,553.882,124.498,1179.38,1349.73,413.32,5035.81,2624.5,2.6774,320.95,132.865,35.4752,1999.67,1097.72,294.177,2329.99,366.8,268.072,7036.48,460.843,27.1888,1656.29,667.671,1683.07,117.805,94.3775,612.45,0.3347,981.258,851.406,3014.73,176.372,543.173,317.604,42180.4,982.597,0.3347,28230.6,731.928,1248.66,217.871,1336.68,2496.65,76.9746,509.036,246.653,38614.5,2396.59,70.6158,154.284,3292.84,243.976,4.6854,95.0469,0.0,13.3869,583.926,23091.7,3807.23,1232.26,413.655,1326.31,1243.98,343.708,8016.4,40.83,129.518,6.0241,94.0428,1533.8,412.316,66.2651,13725.2,2501.34,456.827,350.067,9735.94,20.0803,3453.15,22372.2,17.7376,1162.32,1454.15,288.487,998.661,9670.01,68.9424,611.78,3067.6,202.142,1482.26,17.7376,2485.61,5208.84,625.837,2558.23,8.0321,174.699,350.067,6440.96,224.565,2566.6,101.687,597.39,950.619,5979.92,9268.74,655.957,1135.54,1.6734,1773.09,1201.81,0.3347,2753.35,265.395,4848.39,2150.94,31.4592,33.8019,6849.73,3488.96,487.952,217.895,2986.95,755.02,1331.66,134.538,10.7095,645.248,5095.38,1575.97,4274.8,766.827,3409.97,251.004,10919.3,5418.34,6849.4,348.728,12.3829,59.5716,0.3347,4890.56,2236.95,3857.09,1846.72,1070.95,7743.64,1076.97,3036.81,4.0161,4141.9,14326.3,33970.9,255.02,250.335,595.716,7805.56,1482.26,3221.89,2406.29,2705.82,34284.1,1224.08,320.281,800.201,70.6158,0.0,30.7898,21.0843,748.661,3621.15,3529.79,1165.66
TCGA-A7-A13D-01,2.8435,1939.27,4875.8,5869.4,565.858,9.3429,20.3108,447.243,125.927,1066.31,2006.7,1507.06,716.97,2350.36,1549.3,1271.07,324.566,1699.14,268.914,357.469,207.17,1968.52,405.403,1663.04,742.512,2445.36,447.243,734.843,892.455,1375.85,7411.39,2108.66,166.963,9936.83,2019.7,779.12,2852.44,3174.98,1614.7,1511.12,1697.57,112.928,139.738,263.634,11581.2,112039.0,565.045,0.0,35.7469,1269.02,9301.43,25.1853,1.6249,5474.15,1175.18,3383.77,731.187,1236.11,1000.51,13.8113,1178.0,1200.77,905.047,10555.1,3513.35,0.8124,1267.96,171.423,49.5582,2698.08,2313.39,186.047,2006.3,719.813,212.451,9141.46,405.403,59.872,1025.29,932.264,21.1232,561.389,74.7436,1300.7,0.0,64.5882,1549.71,2401.54,227.074,632.071,419.214,185206.0,579.669,0.4062,81210.9,639.789,2648.52,226.262,2588.0,2847.57,439.082,983.04,693.003,26396.7,1001.32,12.9989,2412.92,6410.89,122.677,1.2186,55.6515,0.0,29.7918,582.882,30110.3,3513.76,1706.1,918.859,340.002,1279.58,742.561,7141.67,15.03,402.559,23.5605,135.27,1578.96,121.458,102.366,9625.27,3919.98,408.246,95.4605,8858.74,20.717,5368.54,12125.1,4.4684,1888.49,3063.67,282.32,758.404,9383.97,540.672,4052.81,3339.9,236.417,1546.87,11.7802,2897.13,9947.4,1442.47,1949.02,5.2808,242.917,10.9678,4080.47,291.256,2707.02,95.0056,744.186,697.967,5392.51,35079.5,504.925,665.38,0.0,723.875,2213.06,0.0,1710.57,147.862,4943.23,898.142,281.507,385.092,6522.19,2341.02,515.081,426.12,1627.61,1242.21,733.218,117.802,36.1531,1403.88,2388.14,5046.41,6093.91,537.195,4764.5,140.112,14646.9,6050.98,19947.6,381.03,34.5283,103.179,2.0311,2175.28,2052.2,4977.76,758.404,1122.37,14500.3,1131.72,57.6825,7.3119,9365.7,10695.2,34103.4,62.9633,304.255,848.99,1466.44,3101.05,5931.55,441.556,3181.81,22427.5,486.512,439.118,849.396,647.913,0.0,24.7791,34.1221,484.208,6863.82,3041.74,1203.21
TCGA-A7-A13E-01,6.8325,1697.45,1972.88,2071.95,726.38,2.5622,126.401,763.532,1272.13,33.3084,2004.91,343.333,1993.81,1893.88,1047.51,332.623,188.321,777.367,392.442,466.318,155.866,1603.07,47.4004,720.401,1009.5,13868.5,169.104,617.914,129.817,424.042,5369.06,1275.54,107.193,4601.69,1073.98,579.481,1752.54,2326.47,614.071,47.4004,206.256,286.538,658.482,395.431,11031.9,66179.6,522.259,0.0,43.5572,1039.39,10375.5,195.58,0.0,3297.11,1754.67,3714.74,270.738,690.936,1091.49,10.6758,1502.29,785.737,175.51,8510.73,8423.19,0.8541,380.485,304.046,195.58,684.104,753.283,95.655,5530.91,638.838,55.9411,14984.5,98.2171,402.605,1397.67,580.762,4.2703,57.6492,65.3358,389.452,1.2811,346.322,382.62,2309.38,489.378,161.845,220.348,98296.1,353.582,0.0,25164.5,1225.15,2731.72,141.774,1753.82,2062.56,296.325,586.741,288.246,34954.2,1009.93,55.514,143.482,736.202,61.0654,0.0,19.6434,0.0,8.5406,339.392,17794.8,2698.84,1969.47,308.743,7849.26,1889.19,59.3573,1378.88,56.3681,80.7089,4.2703,56.3681,1032.13,356.998,38.4328,10096.3,295.079,845.095,308.743,3237.75,19.2164,2302.98,7391.91,31.6003,2132.17,2782.96,374.506,895.484,1593.25,809.224,1791.82,6351.66,161.845,2002.78,10.2487,14919.2,5948.12,1923.35,1407.49,9.8217,100.352,2.5622,6026.99,336.928,2823.1,115.333,138.785,567.887,2181.27,7863.35,781.894,1923.35,11.9569,339.49,757.553,0.0,1016.33,39.2869,3909.47,1680.79,77.7197,22.6326,4333.94,2632.65,843.813,298.495,2565.06,382.193,1113.7,224.618,22.6326,1401.52,1603.07,1636.81,4487.73,833.573,3880.86,210.526,8633.71,4027.33,4336.93,149.461,74.3034,64.9087,13.665,2012.17,762.678,2998.19,1219.17,407.815,2825.24,732.785,102.06,4.2703,3704.49,6276.5,8448.38,3.8433,219.067,495.356,1605.21,1971.6,2596.78,1764.92,5307.43,21445.9,969.621,297.214,697.342,4.2703,0.0,2.5622,2.9892,780.613,5596.67,4816.48,1138.46
TCGA-A7-A26F-01,81.8128,2955.52,2793.08,2301.73,1781.04,500.179,97.0781,2116.16,311.032,163.149,1976.39,941.682,911.866,2593.92,2638.52,280.422,232.32,2488.86,255.218,612.761,994.872,2287.9,370.185,1432.56,742.266,3479.52,700.298,780.441,280.978,1096.96,32184.1,2116.16,91.3536,13086.2,3590.22,855.098,1868.1,4763.51,2004.53,231.604,2052.24,397.376,176.267,548.599,14812.9,230816.0,1794.63,9.0638,294.812,893.5,9080.94,265.474,0.7156,1934.17,1313.77,4071.79,784.496,173.166,1188.79,454.86,5038.03,2155.04,2024.57,3919.38,4023.38,88.0143,246.392,497.794,112.105,4961.48,3109.12,390.459,2666.43,231.604,774.955,11162.6,106.142,55.2773,1890.28,355.158,197.018,40.5486,163.149,2141.92,23.3751,36.9708,2245.92,3336.43,36.2552,732.976,815.504,48573.9,890.638,2.3852,17755.0,200.119,1241.5,412.165,9319.74,13647.0,406.679,551.938,188.193,19465.5,7123.67,128.801,148.122,5296.84,73.226,566.488,521.169,0.0,378.533,1572.36,22042.0,2935.24,1153.01,1397.02,344.186,1865.47,283.602,7925.58,200.596,168.635,2.3852,388.551,2218.01,529.517,198.688,11901.3,1551.1,603.22,8698.63,18149.8,2852.24,1076.45,10898.7,9.5408,1460.23,2134.29,169.827,524.269,5882.65,318.426,969.827,1411.81,14.5498,2749.2,10.4949,821.467,8775.19,3341.68,740.37,3.8163,31.7233,1.1926,7229.09,228.014,1825.64,18.5021,451.521,2935.24,5178.77,15711.6,638.76,646.154,82.5283,1191.65,1186.17,0.0,2273.35,161.956,6322.48,2046.03,645.2,180.083,5715.68,5595.95,1197.38,425.045,2718.43,857.245,3185.69,378.772,242.338,1350.98,1287.06,1150.63,7089.37,622.559,1588.31,309.123,12976.0,13422.1,7812.05,1090.76,42.9338,248.778,6.6786,2879.19,1636.49,7022.54,853.667,631.843,15725.7,2447.23,197.257,7.3942,4059.15,13522.2,5339.3,250.924,744.186,1709.48,4614.67,4741.56,3857.36,2589.86,5776.97,27520.3,442.273,250.209,796.661,2777.34,0.9541,3.3393,10.972,901.133,7657.72,2668.34,1509.84
TCGA-A7-A26G-01,114.172,2270.86,1685.48,1198.95,1398.0,243.951,17.2491,2917.83,466.547,52.5686,1538.45,1198.67,2542.73,1071.91,2799.83,1035.7,239.571,2077.45,186.181,338.137,289.675,1031.93,703.653,1542.56,791.41,4981.7,1145.83,692.428,165.646,1416.89,149135.0,1589.65,84.0551,4279.96,8938.04,551.149,2484.69,3950.04,1338.04,171.943,1416.07,267.498,296.794,579.898,18813.6,234050.0,1830.59,0.0,119.375,1127.76,20671.6,4599.48,0.5476,3859.69,659.025,3843.53,1356.65,243.951,1011.4,401.931,1094.63,3638.19,1728.19,1024.54,2744.52,221.226,243.678,479.689,96.102,4283.52,942.129,917.213,3113.05,223.69,429.858,6943.99,503.783,248.19,1641.95,1310.66,74.4722,141.826,160.17,1526.68,49.8307,779.221,2525.49,2176.12,5553.93,709.951,278.997,38602.6,682.297,0.5476,33384.6,264.76,2069.62,323.352,3399.99,6303.03,223.959,781.959,173.586,32205.4,4042.31,1830.32,191.109,5396.23,78.0316,5.4759,79.1268,0.0,14.1798,805.185,28203.9,1466.17,991.686,1692.6,453.952,1430.31,123.208,10687.9,327.459,249.964,0.0,553.887,2038.13,81.5909,248.332,10914.8,2149.84,883.537,27.6533,20906.4,168.384,955.818,12449.5,19.4394,1756.94,3212.71,136.624,513.913,5192.8,168.658,1229.07,1741.34,76.3888,1972.97,185.359,1440.98,6661.43,577.434,2338.21,3.5593,655.465,39.1527,5478.28,249.975,2288.65,44.5328,196.311,3195.64,6753.7,7463.93,1171.3,665.596,55.8542,5218.26,1055.48,0.2738,2108.5,125.946,8525.98,2489.07,303.639,79.6743,3599.86,4924.2,1527.78,180.431,2150.66,765.805,2330.0,378.932,15.0587,3183.96,614.67,1193.47,4803.85,554.947,3154.39,367.159,29659.7,9002.65,6373.4,1178.41,55.3066,522.948,0.5476,1122.83,1028.37,2186.53,582.91,848.491,3735.66,4712.29,1714.78,8.7614,5541.61,20834.2,31891.4,16.7015,870.668,760.602,5852.09,3466.79,3369.6,2322.33,13322.8,15897.9,906.272,189.466,1276.98,3094.98,2.1904,2.738,49.0093,610.289,8395.1,3284.45,1174.03
TCGA-A7-A26I-01,17.704,1411.34,2565.15,6522.27,965.975,86.8603,88.7967,905.118,153.804,63.9004,1141.91,745.228,540.249,1765.42,2172.61,699.627,385.615,2751.46,445.366,557.936,511.203,2442.05,128.354,2444.02,1044.78,1389.76,530.567,1616.04,934.44,1180.36,11575.1,1022.96,137.206,8780.08,4337.21,968.188,2213.28,349.931,1481.6,1229.88,1279.39,403.32,205.256,576.487,18161.5,137321.0,1296.82,0.0,133.057,1104.84,12444.4,116.736,0.5533,4451.45,704.011,6288.24,884.924,323.928,1305.12,14.9378,390.036,1156.29,1660.03,5323.1,4244.54,1.1065,360.066,444.26,113.416,2010.24,1514.52,474.965,1424.07,625.173,448.409,5544.68,285.754,54.1798,1726.97,182.019,47.5795,30.4288,134.716,1858.64,2.7663,21.0235,933.333,4162.1,410.512,600.83,575.38,40287.4,1274.69,0.2766,17526.4,285.201,1329.18,249.239,2586.17,3471.65,628.456,958.783,194.744,125262.0,1750.76,163.209,440.94,4073.31,80.2213,25.4495,119.225,0.0,9.6044,490.421,48826.6,3037.9,754.08,1110.37,170.678,1610.79,1357.68,4495.99,31.2586,104.794,0.2766,197.234,1134.16,308.99,199.17,24625.4,2946.33,546.335,76.0719,14246.5,37.8976,1668.05,11354.1,24.8963,2567.91,3184.51,171.784,886.307,567.082,37.8976,3138.59,1435.96,15.7676,2183.96,19.917,964.869,10536.9,1181.19,4039.28,1.9364,160.719,61.6874,4353.23,169.848,2012.17,29.574,179.53,1916.03,4946.61,12484.9,881.604,911.48,0.2766,1230.98,1059.47,0.0,1408.58,1112.59,5661.13,3717.29,13.8313,78.0083,5480.5,3827.11,616.044,279.391,1976.76,587.552,752.697,199.447,11.065,1128.63,1965.15,1313.97,6289.91,523.828,3942.74,356.017,36040.1,9467.22,4555.74,5374.0,23.2365,137.759,0.0,2032.09,1970.4,1825.17,368.465,628.492,6627.39,2964.32,413.001,6.9156,2404.15,18944.1,24121.2,9.1286,382.573,1232.09,1605.81,2140.8,5807.75,2102.35,4905.38,45691.3,1071.63,307.607,640.941,75.242,0.0,1.9364,38.1743,610.512,10210.0,4016.6,1603.04
TCGA-A7-A4SD-01,21.8905,2087.06,3513.93,3988.06,683.085,5.4726,33.8308,1116.92,147.761,87.0647,6104.48,1321.39,902.985,2137.31,1416.92,572.687,272.637,1574.17,200.995,436.816,203.483,908.955,426.368,552.239,537.497,4577.39,724.378,1138.31,562.189,398.01,4716.42,1498.51,111.468,12765.7,2193.03,848.259,2543.28,1793.53,1196.02,3550.75,6046.77,596.517,249.751,321.393,9520.4,189511.0,1396.52,2.9851,124.378,1726.87,10607.4,3700.99,1.4925,2833.83,1337.81,4560.2,472.637,894.03,695.025,2.4876,873.627,3430.85,1219.4,5130.85,2833.83,0.0,1049.7,233.333,58.7065,2194.03,603.98,197.015,6194.03,890.05,484.08,3854.73,123.383,78.4776,1842.79,1108.96,244.776,272.637,218.408,465.174,11.9403,1376.62,2000.5,4661.19,74.1294,422.388,419.403,144135.0,796.02,0.4975,21864.7,559.702,1188.06,783.085,3165.17,3556.22,369.149,1240.3,271.642,27161.7,2895.02,94.5274,4537.81,4901.49,160.696,1.4925,55.7214,0.0,31.8408,3128.43,13959.2,4183.58,2208.96,278.11,662.687,2232.84,1017.41,2313.43,300.0,446.269,9.4527,105.97,1540.3,245.771,10.9453,16523.9,1859.7,532.836,1315.92,12704.5,592.04,2326.37,13654.7,13.4328,1079.1,1315.92,799.005,1127.36,6084.58,49.7512,1787.56,3825.37,9.9502,1747.76,423.881,2731.34,7827.86,1450.25,1916.42,10.4478,242.786,0.995,6202.41,531.841,3876.62,63.7662,145.771,896.886,2869.65,18122.9,569.154,733.831,12.4378,831.343,2741.79,0.0,5423.38,22.3881,3091.04,395.522,21.8905,285.075,4168.66,2167.66,550.249,309.453,3311.94,781.095,640.298,108.955,29.8507,916.915,2875.12,4482.09,5020.9,541.274,831.841,655.224,11020.4,19805.5,14378.1,405.97,83.5821,41.2935,24.8756,2673.13,2093.03,3293.03,254.726,944.279,7895.02,1162.69,141.791,5.4726,2627.36,9230.85,5886.07,79.602,1568.66,1796.52,7690.05,2107.96,3053.23,2608.96,5084.55,20838.3,793.726,248.259,518.408,3091.04,3.4826,19.403,7.4627,1069.65,6408.46,2598.51,1301.99
TCGA-A7-A4SE-01,46.3391,3178.63,3039.02,4222.13,491.546,21.7031,12.9046,690.393,206.473,43.9928,2119.87,668.69,1133.84,1137.36,1414.81,554.831,761.369,1177.52,169.519,139.604,315.575,1712.79,397.108,2686.49,933.245,8579.46,338.451,2746.32,520.288,1256.43,3303.56,2667.72,146.643,3748.19,2175.59,1508.66,3264.85,5238.66,1831.27,1992.58,4893.76,248.119,218.204,347.25,7167.3,309625.0,1091.02,0.0,172.452,1238.25,7975.52,817.679,0.0,4205.71,895.106,9318.26,592.436,1315.09,1698.12,16.424,981.332,12891.1,849.354,3374.54,2979.19,58.657,262.784,490.959,92.0916,2607.89,981.332,224.656,1497.51,580.118,286.833,3474.84,241.081,101.958,2763.33,389.483,1262.89,197.674,124.939,1152.02,13.4911,864.018,5044.51,3375.71,507.97,1157.3,700.952,69883.4,2050.06,1.1731,26165.7,691.567,1639.46,265.716,3007.35,2789.14,323.781,546.684,726.174,42639.0,1487.54,461.631,395.349,4740.66,165.999,2.3463,76.8407,0.0,54.6038,941.885,10134.8,7591.98,4591.09,813.573,2228.38,2343.94,257.504,7508.1,72.7347,373.059,9.3851,171.279,601.821,394.762,13.4911,31768.1,713.856,332.586,1740.94,17158.4,862.259,5522.56,18718.1,20.53,943.792,2238.94,248.119,1040.58,4829.23,328.479,2918.19,5389.41,208.819,1591.37,234.628,4284.9,9025.56,534.952,2246.56,6.4523,371.299,8.212,7820.45,476.882,1728.62,93.2999,442.274,1221.65,6409.46,11637.6,572.493,4564.69,134.325,1784.35,1317.44,0.0,2242.46,154.268,3459.01,1361.43,522.634,96.7841,12926.3,2047.72,498.585,490.373,4302.49,869.297,388.896,45.1659,20.53,1871.16,4679.07,2101.1,5909.12,537.152,2093.47,381.857,6642.32,11837.6,4063.17,634.083,63.9362,231.109,8.212,2356.84,1366.12,4032.67,852.874,1696.36,7411.32,1560.86,252.812,23.4628,4076.66,13910.5,14833.2,203.54,711.51,611.206,1183.11,2417.84,3844.97,5243.94,4948.38,34333.7,973.766,219.377,950.831,746.118,0.0,14.0777,69.8019,827.064,8910.01,2238.94,1220.07
TCGA-A7-A5ZV-01,0.0,1731.94,2610.9,2488.59,323.828,1.2674,36.1217,503.802,74.7782,29.1508,2179.97,869.455,2215.46,1470.85,1067.81,1280.64,103.295,509.93,205.957,307.985,81.749,1057.03,57.0342,1927.76,545.025,7213.36,81.1153,3775.03,216.096,558.935,6572.24,902.408,154.626,5216.73,3425.22,671.103,3155.26,171.103,1806.08,17.744,27.2497,896.705,408.745,142.586,12627.4,8406.21,1979.72,0.0,146.388,1726.87,5296.57,91.8885,0.6337,3353.61,1554.5,1259.19,86.8188,857.414,308.618,69.0748,1502.52,487.326,980.355,8659.7,2763.62,0.0,430.513,301.648,19.0114,3382.13,972.75,31.052,1728.77,372.624,286.438,3219.9,76.0456,239.69,16079.2,2391.0,320.659,287.706,83.6502,478.454,3.1686,10588.1,3477.82,2304.82,39840.9,351.711,620.406,147942.0,198.352,2.5349,40326.4,420.152,7129.91,501.267,4086.18,1612.8,128.625,1411.91,463.245,64340.3,1448.04,49.4297,6863.12,19670.5,519.645,3.1686,34.2205,0.0,2.5349,612.167,8702.15,6001.27,4188.85,245.247,13.308,1469.58,86.8188,4653.36,17.1103,6.3371,100.76,90.621,721.8,76.6793,276.933,6813.69,1494.3,540.558,62.7376,14458.8,94.4233,1448.67,13008.9,37.3891,840.938,1484.16,1.9011,909.379,3789.61,5.0697,717.364,2036.76,236.375,1206.59,78.5805,678.073,3683.78,486.692,1028.52,15.8428,863.118,25.9823,12097.9,588.72,1001.27,40.602,604.563,3646.29,617.237,14981.6,386.565,3378.96,10.1394,39.924,1588.09,0.0,2028.52,72.2433,6977.19,1116.6,39.2902,4.436,5023.45,1951.2,153.992,510.773,3187.58,677.44,590.621,58.9354,1517.11,1761.09,2935.99,946.134,6777.83,601.819,5704.69,612.801,12045.0,3711.03,4185.68,361.217,15.2091,15.8428,3.8023,1488.59,1434.09,3254.75,289.607,1252.85,17790.2,610.266,292.142,1.9011,11202.2,10911.9,7187.58,22.8137,631.812,310.52,119.772,1489.86,2930.93,214.829,2685.65,13430.9,1061.55,979.087,437.896,27.2497,1.2674,28.5171,3.8023,1245.25,3887.2,762.357,1402.41
TCGA-A7-A6VV-01,20.9131,2450.56,7080.57,3678.09,684.903,50.4155,6.3486,711.792,227.056,113.528,1556.9,2115.58,1729.06,1677.15,1066.94,835.239,472.038,1817.56,153.861,387.265,200.915,1640.56,206.517,1634.21,596.008,2993.6,918.682,1667.07,357.016,931.005,28125.5,4636.73,147.56,3643.36,3343.11,1114.74,2501.35,1922.14,5376.53,3479.41,1605.83,776.025,808.888,429.465,8518.35,325957.0,1795.16,0.0,190.832,3122.4,10245.8,1848.57,0.7469,3164.6,1993.84,4637.48,701.708,841.378,1107.27,178.508,838.383,2857.25,637.849,5113.25,2990.57,0.7469,611.121,223.695,39.9589,2338.53,853.328,316.684,3254.22,873.121,307.721,6942.02,492.204,155.093,2572.31,1007.19,300.625,84.3992,280.086,1049.02,10.0831,81.0382,3201.2,2456.54,2303.8,677.808,543.367,104683.0,960.881,1.1203,59426.8,687.518,1816.82,624.405,3009.24,8559.05,252.798,878.723,363.738,28267.8,1475.87,51.1624,865.279,3488.0,288.302,7.0955,80.6647,0.0,27.2617,915.985,28007.8,7659.04,4711.79,896.275,581.458,1006.07,1543.83,6302.31,208.384,536.645,7.0955,3298.29,1114.74,170.666,402.95,10456.9,2262.35,542.246,2520.03,10605.2,842.498,6380.73,35248.2,41.8262,2044.25,3009.62,1004.2,1834.75,14304.2,73.9427,4357.02,3333.02,24.2741,1258.15,97.0964,4973.21,6580.9,128.839,1611.43,1.1203,196.807,805.527,8923.88,274.858,5523.67,64.1583,698.347,960.575,8711.79,12879.5,542.62,1270.1,4.4814,2157.41,1880.68,0.0,3552.61,122.491,3200.45,779.759,15.3114,112.781,8365.23,2360.19,762.207,378.676,2280.65,1229.76,511.624,126.599,70.9551,1893.38,4080.29,1813.84,6750.36,516.228,6629.82,891.793,15674.0,4260.29,6222.01,1242.09,30.6227,171.039,2.6141,2577.54,1334.33,5590.51,571.002,3013.72,15753.9,1605.83,188.965,8.5893,8460.83,16365.2,21695.5,64.233,819.345,894.034,3278.5,2718.7,3311.74,923.91,3160.38,34354.6,2648.51,447.39,2252.26,3609.0,1.4938,2.6141,151.62,609.467,7528.71,3228.08,2598.08
TCGA-A7-A6VW-01,4.6175,1430.03,3871.76,3215.15,348.62,6.4645,42.4808,309.371,125.134,178.697,5844.35,3813.12,634.442,1489.6,1394.48,3328.9,537.475,559.967,178.697,145.912,76.6502,1305.36,103.893,613.202,933.946,2163.99,175.003,1546.39,495.456,519.928,3545.76,7397.67,249.344,2584.4,533.781,790.513,5625.94,778.046,1819.29,5869.28,1400.02,379.557,445.587,464.519,4534.83,114919.0,1395.86,4.1557,392.024,3847.75,3979.8,18.9317,0.0,3485.74,841.767,4493.27,123.287,1066.18,521.775,15.2377,185.623,1998.45,1290.12,3644.12,2070.94,2.7705,631.288,116.361,277.049,1024.16,1292.89,77.1119,3999.66,1063.87,212.404,1220.86,98.3524,13.7324,1442.96,598.887,318.606,452.051,147.298,326.918,6.9262,1048.63,1662.76,1645.67,30.9371,290.901,535.628,196587.0,353.237,0.4617,19073.4,572.106,2498.06,497.303,2773.26,1148.37,733.681,1091.57,917.955,44642.3,3140.81,22.6257,300.598,11010.8,219.792,33.7076,354.623,0.4617,129.29,2059.74,6990.41,3893.92,3724.92,398.95,284.437,1386.17,555.945,1948.12,56.795,412.267,1.847,335.229,1682.15,387.407,5.0792,7279.92,1129.9,314.45,1123.9,8015.49,880.092,1137.29,11953.7,16.1612,1569.02,3038.3,167.615,1660.91,4193.14,194.858,3899.46,1845.15,108.511,543.478,36.9399,1503.91,23672.9,1733.4,2085.25,4.1557,27.2431,0.0,6723.61,250.268,6567.91,122.294,227.18,465.604,1396.79,11958.8,269.661,1053.71,924.42,810.368,2992.13,0.0,5981.02,59.1038,1379.24,875.936,559.639,57.2568,5750.15,912.414,65.5682,960.898,1752.7,1081.88,442.355,36.9399,47.0983,1450.35,3039.23,762.808,6033.28,326.728,5651.8,804.365,9473.69,4846.51,3247.48,1478.98,13.8524,40.6338,62.336,1625.35,1432.8,4966.56,398.95,1069.41,6070.14,549.019,67.877,2.7705,4896.84,6457.09,3125.11,234.568,913.8,1168.22,7370.89,1119.28,2665.67,2734.47,2991.73,55811.5,1769.08,313.065,564.718,10930.5,0.4617,36.0164,59.1038,502.844,5195.59,2066.78,889.327
TCGA-A7-A6VY-01,12.7983,2715.67,3081.63,2005.88,414.389,2.4213,53.2688,472.155,165.341,154.618,2255.97,1334.14,529.574,1628.16,1236.6,1438.2,356.278,846.894,179.523,40.1245,148.046,1696.3,683.5,1598.75,1356.02,4667.8,769.284,1983.74,508.129,483.916,12651.0,3167.42,115.531,4882.74,1806.99,1447.25,3161.54,1013.84,3812.52,1629.19,502.594,504.324,549.983,383.95,6099.62,171994.0,1714.98,1.7295,107.921,1918.02,7148.02,5863.02,2.7672,3825.32,625.389,4620.89,300.242,1001.04,1178.14,68.1425,481.84,1476.65,600.138,1621.93,2138.71,0.3459,334.192,238.326,54.6524,1570.39,1671.39,235.905,1109.65,827.395,164.78,2961.95,197.51,439.979,1883.78,371.152,212.383,45.6589,236.942,579.73,10.7229,206.157,1024.9,1910.07,1616.05,601.868,600.484,85531.0,1766.17,1.3836,26860.9,290.557,2158.08,579.73,1710.83,2083.71,319.267,2374.61,713.94,42664.8,3494.64,28.018,9615.36,6685.23,153.58,11.0688,308.89,0.0,122.944,3142.57,13380.1,4204.43,3996.54,288.481,146.316,1359.39,302.317,3983.05,271.186,232.446,13.1442,305.776,1274.3,334.486,101.349,12531.3,2395.36,758.561,7214.8,20903.1,1359.74,5055.0,22933.2,8.3016,1601.87,3454.86,447.25,975.441,8405.05,67.1048,3940.51,2383.26,56.3819,904.531,166.378,3975.44,6007.26,877.205,1866.83,8.3016,492.909,47.7343,7723.33,363.867,5044.97,119.457,748.53,1258.08,4135.94,21738.2,263.577,1708.41,0.3459,1039.09,2542.72,2.0754,3029.4,29.0557,5414.74,1130.4,158.769,419.924,7152.89,3027.67,262.193,570.391,3759.6,970.253,265.306,50.5016,61.9163,1908.68,2464.55,1471.46,5494.27,776.883,4361.12,831.2,26060.2,12852.0,4487.03,1370.81,13.836,27.3262,1.0377,1832.93,1627.46,2518.85,242.131,1716.02,13261.5,1754.06,33.5524,5.8803,4446.9,11571.1,9186.79,56.036,1290.56,932.203,1440.33,2567.97,2286.41,465.583,3498.7,31098.9,1225.89,286.06,898.651,168.108,1.3836,17.2951,6.5721,880.318,7624.01,1921.83,1099.62
TCGA-A8-A07O-01,17.3445,1736.24,1860.35,1545.16,501.794,51.4354,11.9617,833.732,555.024,802.332,1144.14,3256.58,886.364,1941.09,3390.85,1708.16,770.335,1364.27,227.273,944.079,212.321,1010.17,62.201,723.086,1925.75,1458.24,274.223,939.892,1651.61,556.818,8898.33,6034.69,349.584,6179.43,567.584,1005.68,4607.36,3529.9,468.899,1327.75,1775.12,1275.12,114.234,738.636,17631.3,68218.0,1819.68,2.9904,285.586,1214.41,8736.47,166.866,0.0,8595.69,1372.01,4352.27,408.194,1223.39,1515.25,96.2919,525.114,410.885,1045.16,2879.49,4064.59,35.8852,185.774,470.096,438.696,4883.97,822.069,113.935,2503.29,803.23,565.49,6843.6,92.7033,22.8469,538.278,178.23,16.7464,247.01,134.27,1398.03,16.1483,43.6603,138.756,1693.78,4.7847,317.285,328.05,61424.3,299.641,0.8971,19341.8,734.45,674.043,1174.94,2573.56,3071.47,607.931,2450.36,694.677,44664.5,1519.74,6.2799,1846.89,2474.58,31.9976,61.0048,456.34,0.0,14.3032,728.741,9440.49,1082.83,1279.31,794.557,238.636,1305.62,770.036,1568.48,90.9091,16.7464,4.4856,92.7033,2472.19,278.11,16.1483,10475.5,1450.06,490.132,5628.29,4830.74,55.9211,10200.4,5588.52,21.2321,1811.3,2307.72,88.8158,731.758,24617.8,542.464,2917.46,15598.4,5.3828,2719.8,2.6914,3968.3,10433.0,2701.55,3684.51,0.299,22.1292,4.4856,5280.34,318.481,3866.93,41.866,178.828,805.966,2290.07,13331.6,874.103,706.041,0.299,201.256,888.457,0.0,1412.38,37.9785,5092.7,1883.97,43.9593,34.689,4148.03,4677.93,294.557,477.871,2464.11,412.38,1051.14,188.397,144.438,3553.53,1800.84,256.878,8223.56,847.249,5005.08,518.84,19747.6,4144.44,11828.6,1053.83,14.6531,51.1364,66.3876,1948.27,996.412,27770.0,394.139,502.392,3162.68,797.548,142.046,2.6914,2232.66,6658.79,3174.04,386.364,774.821,780.801,2051.44,3080.74,8440.49,452.452,4315.18,23465.9,1847.07,744.916,1235.35,300.538,0.0,10.4665,188.696,576.256,8659.39,3658.19,1416.87
TCGA-A8-A07U-01,89.1834,2059.62,3624.13,9693.8,695.471,33.9937,5.199,1101.0,436.319,192.764,2156.0,1130.19,1792.47,2018.82,1306.56,516.132,461.114,2877.5,293.545,504.306,463.514,1478.13,744.662,1895.65,1413.24,2881.34,1992.03,1531.32,1083.8,1243.77,11599.8,1606.5,134.375,18096.6,1557.71,702.669,1946.04,1116.19,1693.68,1232.57,1266.56,407.124,815.048,327.939,10193.7,97289.5,1893.65,0.0,293.146,2469.54,7780.06,7811.35,7.5986,4309.2,1224.17,5420.19,557.096,551.497,1206.18,42.792,1515.71,2712.3,2253.98,6474.8,3402.97,24.7954,292.745,287.946,380.329,5221.43,1328.55,94.3824,5517.37,517.104,1179.78,3828.49,74.3862,154.239,1149.79,280.348,33.5938,163.17,325.939,1316.56,64.388,19.9963,2762.29,2783.48,189.565,795.452,275.949,103408.0,274.749,0.0,24359.5,503.906,1661.29,994.215,2054.02,3312.98,454.3,1247.77,285.147,35939.0,1586.5,480.711,81.9848,3689.31,95.9821,4.7991,149.572,0.0,55.8256,3180.45,24494.2,1147.79,1083.0,1190.58,555.097,2469.54,370.331,2734.29,620.685,137.574,10.3981,371.131,2599.52,599.089,50.7906,16709.3,2164.0,520.303,295.145,7129.07,339.537,1878.85,4941.08,19.9963,1622.5,2486.34,443.118,807.45,6154.46,105.98,3334.58,2831.47,16.7969,1621.3,117.578,869.838,8083.7,2056.02,2028.82,8.3984,375.53,9.1983,6693.99,208.761,2421.15,20.1243,259.952,1074.77,2735.89,11745.8,763.458,1249.77,97.1819,439.918,755.859,0.0,4962.28,249.154,3582.13,1791.27,26.3951,35.9933,2834.27,3227.4,342.736,230.357,1631.7,754.66,807.85,233.157,37.593,1006.21,1769.27,682.673,5304.29,446.885,3316.98,798.251,1522.52,30410.7,7205.86,1239.77,40.3925,279.148,7.5986,2285.57,1759.27,4081.24,571.094,984.617,2454.74,2735.09,521.903,7.9985,2857.47,5522.17,6625.57,187.965,2513.93,1144.19,8977.53,2980.65,4477.97,975.818,3533.78,30285.2,552.457,800.251,1164.18,48.7909,5.599,9.1983,81.1849,951.823,3470.95,1271.36,1258.97
TCGA-A8-A08R-01,67.3195,1494.49,3618.12,3738.68,639.841,35.1897,58.1395,1793.15,370.869,158.201,1785.5,489.902,1926.56,1963.59,2025.09,1231.15,464.81,1789.15,297.43,1095.17,471.542,3042.23,295.288,1153.3,840.425,11999.2,827.417,1429.01,76.4994,1022.95,13355.9,2941.25,219.709,9857.41,2705.32,1337.82,3243.57,4868.42,741.432,115.361,252.448,638.311,662.179,523.868,12911.3,64810.0,1773.26,0.0,207.16,1285.8,10349.9,11652.1,0.0,5138.31,1412.79,6308.75,3401.16,827.417,1074.05,120.869,772.326,570.991,429.621,10288.2,6751.84,21.4198,376.882,364.749,46.5116,3018.36,1148.71,221.236,1991.74,373.929,266.83,7179.93,387.087,167.228,1020.5,2752.45,923.807,56.9155,315.178,1044.06,24.1738,175.337,251.224,1539.78,65.1775,936.659,160.343,34446.1,463.28,0.0,56129.4,1316.71,2132.8,625.765,4557.83,2321.91,602.173,1349.14,244.798,60536.7,1161.57,59.0575,3416.16,1496.63,74.9694,10.7099,104.957,0.0,10.6365,1523.67,19308.4,1996.33,413.709,934.516,3498.16,477.356,21.4198,7713.28,232.558,240.514,188.8,159.119,2625.15,313.954,9.1799,7816.71,1986.23,512.546,470.012,6538.25,116.279,10586.3,15370.0,69.1554,1989.9,3126.07,207.466,956.854,2799.57,80.1714,2632.8,5009.79,172.277,3032.44,74.6634,3045.29,8825.58,626.683,2841.19,2.754,100.979,307.221,5865.2,279.07,5457.77,46.2179,156.059,1506.11,3149.02,8436.96,1218.48,1357.41,3.672,711.444,808.751,0.0,1366.28,86.9033,4649.94,1544.06,33.9657,51.4076,8798.04,4171.36,680.502,223.684,2131.27,579.865,1199.51,139.535,11.3219,1410.34,1261.32,524.786,6096.36,459.538,4000.31,639.841,5917.69,14414.3,7900.86,934.822,29.9878,238.678,18.3599,3588.13,1072.22,14367.5,290.698,848.531,3325.89,1557.22,1719.71,5.508,4026.93,38402.1,5656.06,182.68,1090.27,877.295,1630.66,1779.68,12885.6,546.818,4139.76,22086.6,2877.28,405.141,868.727,11.0159,2.448,10.4039,3.672,872.399,7085.37,2676.25,1623.93
TCGA-AC-A2BK-01,11.5126,2255.84,3094.98,1934.76,722.737,1.9188,83.4666,1035.18,465.622,13.7512,1343.14,302.207,413.176,1289.1,1487.69,1241.7,322.993,3493.09,184.202,506.236,185.801,1392.07,97.5376,1442.6,783.134,981.573,55.6444,1463.06,581.708,293.252,58720.2,2009.91,110.336,1454.43,75.4717,1389.51,4973.14,1818.68,1689.16,3244.64,1083.79,597.378,167.253,540.774,11016.0,19789.9,176.207,0.0,24.944,656.22,11250.7,514.231,0.0,8716.98,1066.84,11083.8,60.1215,616.885,3001.92,424.049,1272.12,1917.17,1142.95,1574.03,7504.96,0.0,342.181,220.019,7.3553,350.176,268.628,1261.91,2170.77,1564.44,76.4311,5623.6,57.883,431.813,5594.5,1302.85,116.406,334.186,18.5481,513.591,1.2792,0.3198,468.82,958.427,83.4666,1020.47,329.069,70462.7,47.3297,0.0,61219.7,716.981,1389.51,72.2737,2249.76,3185.8,277.582,660.058,497.601,64847.1,541.413,39.3348,2712.82,605.692,58.2028,3.198,8.9543,0.0,1.599,219.057,18834.0,1546.53,1074.83,373.521,2242.72,1364.57,55.9642,15764.3,45.0911,186.441,0.6396,458.906,214.583,96.5782,0.6396,10388.2,964.183,508.155,2.2386,358.81,0.3198,31.3399,6672.85,8.6345,3695.87,5729.13,47.6495,1331.95,232.491,454.749,1590.66,2521.59,739.047,2350.5,91.1417,1326.83,6637.67,290.694,86079.3,6.3959,26.2232,0.9594,5834.53,128.238,3335.15,187.534,98.1772,4081.0,450.911,17814.2,1062.04,2216.82,0.0,1068.44,2279.18,0.0,422.13,23.6649,7509.43,1625.84,42.213,20.1471,6883.27,3908.86,636.393,266.389,1252.64,484.17,168.852,222.897,11.5126,2041.89,54.0454,109.05,7151.26,447.928,3957.79,82.827,760.473,2884.55,3332.91,183.562,22.7055,54.685,60.7611,1733.93,802.366,2020.47,480.972,181.004,334.506,950.751,755.676,1.599,2747.68,9995.52,513.911,0.6396,273.425,1457.31,960.665,3197.31,6309.24,2944.36,8297.71,38335.1,3229.18,191.238,971.218,215.542,0.3198,4.7969,6.7157,373.841,9000.0,4231.85,1703.23
TCGA-AC-A2QH-01,31.3273,3162.41,4065.95,1734.54,1129.43,33.8005,36.2737,1032.98,425.392,25.5565,1267.93,439.406,865.622,1802.97,1147.57,1197.94,302.556,1029.13,47.8153,228.359,212.696,544.106,60.1814,6502.06,890.874,1473.93,5535.86,1150.04,206.925,976.917,7576.26,1779.06,235.779,13.1904,16262.2,1416.32,6641.39,1037.92,642.209,9.8928,120.363,292.663,273.702,310.8,12057.7,194164.0,1429.51,0.0,130.256,3207.75,9276.12,13.1904,0.8244,2388.29,1130.26,3553.17,748.557,653.751,1622.42,30.5029,56354.0,2579.55,1732.07,1189.61,22.2589,4.9464,793.899,271.228,16.488,1457.54,1087.39,1655.4,1515.25,492.993,680.132,33876.3,240.726,366.331,6247.32,419.621,163.232,461.665,101.401,3637.26,0.0,0.0,379.225,1554.82,357.791,955.482,608.409,97479.8,4975.27,0.0,40107.2,2.4732,1305.85,226.711,1910.96,3257.21,384.996,422.094,574.608,66042.9,828.524,61.8302,11882.1,17160.8,101.401,0.0,51.9373,0.0,26.3809,206.909,12745.3,3446.0,609.233,609.233,124.485,1713.93,6.5952,16056.1,12.366,213.52,0.8244,105.523,519.374,18.9613,3.2976,4840.07,69897.8,743.611,206.925,19601.8,14.8392,11301.7,44935.7,3.2976,963.726,1885.41,5.7708,1503.71,51.1129,38.7469,1586.15,2388.29,2.4732,1274.53,201.154,1142.62,18723.0,188.788,1615.0,32.9761,271.228,29.6785,3478.15,288.541,1667.77,238.071,716.406,1542.7,5410.55,9129.43,651.278,579.555,1.6488,994.229,1187.14,0.0,1336.36,208.574,11266.3,1181.37,305.029,818.631,10337.2,2934.87,1746.91,334.707,2805.44,1220.12,688.376,20.6101,99.7527,1257.21,663.644,798.021,8167.13,447.354,5469.08,365.21,12658.7,1942.29,2525.97,231.657,62.6546,134.378,4.9464,1443.53,1305.03,2488.87,195.383,1210.22,58653.8,2495.47,689.2,59.357,6773.29,60427.9,5208.57,0.8244,681.781,1511.13,137.675,2819.46,2282.77,5069.25,2549.4,38209.4,2293.12,985.161,298.434,32.9761,16.488,111.294,160.758,977.741,7951.36,2233.31,938.994
TCGA-AC-A62X-01,9.16,2209.64,3452.9,2150.1,209.014,43.3018,22.9,245.238,80.3581,120.745,2147.6,1413.55,632.456,3008.22,1366.09,1064.43,104.091,1387.75,371.812,409.285,94.5144,1609.66,62.4545,446.758,842.182,941.747,3361.72,3717.29,335.172,639.117,12091.2,1629.65,97.0126,4811.91,131.987,1369.42,6305.4,77.0272,2679.71,6859.58,513.376,1550.54,67.0345,503.383,7694.39,11324.2,148.642,0.0,1694.18,1886.54,8200.68,19.9854,0.0,3942.54,63.7035,8582.49,122.411,1033.41,2339.54,985.948,58.7072,843.968,1154.57,5785.36,3824.29,22.9,223.171,327.261,37.0563,628.292,737.379,15.4054,5744.14,935.152,1225.77,1201.21,48.7145,248.785,2340.79,83.2726,67.8672,548.766,32.06,749.453,0.8327,1657.54,486.312,579.161,675.757,201.52,127.407,68585.0,103.258,0.0,42300.0,1071.72,1091.29,49.5472,3099.41,1904.44,270.636,1060.89,825.232,73798.7,3410.01,24.5654,2464.04,2240.87,25.8145,0.0,24.5654,0.0,7.9109,691.462,17155.8,3189.76,1058.81,492.974,649.11,1104.61,82.0235,4679.92,130.322,78.6926,30.8109,841.053,943.062,122.827,392.214,11015.3,194.858,382.638,31.2272,3614.86,16.2382,138.232,35746.4,9.5764,1167.48,2453.21,197.356,1088.79,7252.63,77.8599,1680.44,2766.32,2.9145,1639.64,533.361,1527.22,7629.02,1638.81,2713.85,6.2454,223.171,71.1981,4854.38,182.367,2248.36,33.0218,174.873,276.811,838.972,9590.51,579.994,430.519,19.9854,92.4326,545.019,0.0,2099.3,42.469,3308.42,1964.82,15065.7,19.9854,11258.0,1968.15,230.665,536.692,2215.88,1561.78,230.665,46.2163,749.87,2574.79,202.769,188.196,5692.21,504.349,3332.57,86.6035,1569.27,11192.3,10430.7,59.5399,18.7363,69.949,3.7473,2324.14,1903.61,642.448,113.667,389.3,597.481,816.904,164.047,2.4982,10636.4,3220.57,1149.16,105.756,552.097,790.257,6083.48,1911.94,2731.76,2571.04,6348.15,41455.6,1251.53,360.987,2000.62,1304.05,0.4164,5.4127,581.243,311.023,8196.11,2084.73,1799.94
TCGA-AC-A6IW-01,62.886,1135.8,3355.1,4637.84,363.52,13.1547,35.2932,789.925,462.341,350.044,1499.0,1671.29,1159.86,1699.21,896.768,1677.36,229.085,1159.62,94.329,337.531,118.713,997.193,270.795,552.499,890.963,3037.6,983.075,2156.09,525.868,578.808,4461.7,3131.47,214.647,2799.07,207.909,698.163,4802.12,1241.04,944.574,1535.25,638.806,709.393,810.46,298.388,9761.77,13211.8,8244.16,0.0,548.328,3835.73,4001.9,7955.4,0.0,8482.23,2013.96,4600.63,212.722,717.093,830.673,27.5928,315.393,4897.73,306.73,2337.69,3868.45,2.5668,812.808,155.611,116.468,2412.77,1053.02,23.101,3015.32,328.868,217.213,8896.13,26.9512,93.8221,5486.48,2219.3,6.4169,124.809,252.507,230.368,36.5766,30.4805,4576.24,767.787,79.5701,469.72,295.821,123631.0,1161.15,1.2834,19813.6,549.29,1856.1,2301.11,3312.42,1406.27,586.791,805.005,963.824,62330.0,1551.3,141.494,453.678,2318.12,88.8746,1.9251,228.443,0.3208,47.8351,3657.86,6467.63,3675.62,5926.04,275.287,1198.04,912.489,770.354,1285.95,526.51,95.6124,3.5293,577.846,2843.99,125.772,5.7752,19847.6,318.922,414.855,16.3632,883.934,18.93,1416.86,7684.29,23.4218,987.246,2197.48,44.9186,1570.23,1827.54,74.1157,1911.93,14107.3,5.1336,837.09,77.0033,2241.76,14802.0,43.956,1490.98,7.3795,1785.51,2.8876,3977.7,406.863,3395.2,210.103,112.296,311.642,999.118,11347.7,447.261,1900.7,42.031,216.572,1480.71,0.0,2768.91,49.0896,3446.86,1118.47,142.456,4.8127,2129.78,1984.76,219.459,373.787,1974.33,628.86,1591.08,58.715,46.8437,1668.08,1478.14,346.194,9070.33,343.557,5183.28,3241.51,1401.46,15668.6,4183.52,1694.71,15.0798,67.057,6.7378,1571.19,1273.76,2779.18,916.66,2249.14,6159.3,1156.65,202.134,1.2834,3229.97,3125.69,1246.49,174.862,3016.6,1997.59,2209.35,1981.23,4834.2,5107.88,3133.06,27555.0,1327.69,225.235,723.831,364.803,3.8502,26.3095,121.28,639.769,5811.82,2183.36,924.681
TCGA-AC-A7VC-01,13.7364,2277.75,4542.39,2474.43,460.171,3.1219,6.2438,691.817,157.969,17.4827,1590.93,989.648,1419.85,885.376,902.234,581.788,330.299,650.963,123.628,384.62,76.7992,1554.71,162.34,3585.83,382.004,2610.99,1946.2,1339.93,440.815,3556.49,8481.62,2275.25,274.104,88.0381,5634.44,1235.03,5826.75,1348.04,1983.67,2678.6,272.856,716.168,158.593,630.627,7372.72,532429.0,3912.39,0.6244,31.8436,3358.56,9361.37,71.1797,0.0,3121.92,207.92,2359.54,1844.43,1170.09,615.642,1.2488,3409.08,2616.79,1432.34,1452.94,21.8534,3.1219,581.925,137.989,44.3312,6592.86,1207.56,466.414,1173.84,718.665,830.43,4976.96,51.8238,11.9007,17436.5,468.912,74.3016,24.351,145.481,1701.44,0.6244,3.7463,1554.71,2431.35,66.1846,2236.54,1167.6,125560.0,5124.31,0.0,30571.7,6.2438,3557.74,278.475,3011.4,2768.52,251.626,925.336,1208.18,31257.9,1201.94,43.7068,2095.43,40526.2,713.67,3.1219,40.5849,0.0,11.9757,477.635,12056.8,16670.4,3711.96,1257.51,119.882,570.062,18.7315,21932.7,33.0923,264.114,0.0,461.419,487.644,17.4827,205.422,5809.26,141.111,669.339,34.3411,18800.8,240.388,641402.0,66969.5,4.3707,990.272,2243.41,10.6145,1639.63,70.5553,23.1022,1777.0,5770.55,9.9901,506.999,2898.39,5604.47,14947.1,339.04,1718.3,45.58,952.809,43.0825,5185.47,593.32,3459.08,650.832,1671.47,5224.97,29540.8,13594.1,335.294,653.105,36.8386,1521.0,1595.3,0.0,2153.5,596.286,4543.01,1238.15,251.626,233.519,7207.88,1563.46,443.312,613.144,2212.81,1524.12,414.591,8.117,91.7844,1800.1,4860.82,855.405,10499.7,435.414,3928.0,1784.49,12832.3,939.697,3248.04,432.698,201.052,219.159,96.155,1847.55,1417.97,2471.31,116.135,8015.21,86136.8,1902.5,181.071,7.4926,25889.4,15947.4,18203.3,4.3707,915.346,526.98,1679.59,1780.12,2225.3,3092.57,3660.32,37457.4,1963.19,481.4,488.268,128.623,2.4975,28.0973,176.076,909.727,5615.7,779.855,684.324
TCGA-AC-A8OQ-01,85.1966,1975.93,3258.11,6930.03,443.975,19.5793,16.9335,1685.94,330.203,75.1423,3486.18,1086.39,835.561,3454.43,1737.27,717.805,393.174,1662.86,132.822,629.714,328.615,1728.8,631.301,2456.94,525.557,3410.98,1390.66,1083.21,910.174,1939.41,5793.37,2307.19,224.903,10752.2,2073.29,800.107,2544.78,2584.47,1519.78,1454.16,374.124,416.987,1002.78,265.644,10026.2,135419.0,1577.99,1.0583,335.495,2294.49,6320.58,2299.78,0.5292,5292.77,672.577,4394.77,1988.1,1074.75,1190.64,4.7625,224.358,4849.33,601.139,5553.12,11469.3,2.6459,325.44,203.731,106.363,3322.14,1256.78,143.935,1540.95,593.201,230.19,3937.56,742.956,253.494,1458.4,513.825,2472.29,636.593,259.823,1064.16,16.9335,229.131,7644.41,1575.34,111.126,933.458,430.216,56051.4,681.572,4.7625,34537.4,815.453,1824.05,490.013,1691.23,2347.93,287.276,270.936,748.777,63686.8,1231.38,668.343,288.928,1647.31,326.499,7.9376,35.9836,0.5292,126.34,2853.04,17050.4,5514.49,3860.3,1199.1,777.352,891.124,609.076,7636.47,349.782,351.899,7.9376,303.215,910.174,303.215,72.4965,13741.0,731.844,513.296,784.761,12486.3,256.648,2374.39,14963.9,22.7544,1029.77,1358.38,202.143,1343.57,10112.5,121.709,3651.28,2326.77,84.6674,1542.01,461.966,6590.83,7655.52,310.623,1301.23,7.4084,291.044,95.2508,5690.62,299.511,1642.02,108.067,366.187,1447.34,5536.72,6000.27,517.529,1452.05,379.416,1011.78,1261.54,0.0,2827.89,305.332,4431.81,1158.36,58.738,56.0921,5036.65,2289.19,413.283,416.458,1740.97,1097.5,954.096,43.392,13.2293,1449.4,2980.82,1833.05,5175.78,462.072,2817.84,692.685,2166.43,7462.37,8122.25,1188.52,146.051,364.599,44.4504,2054.24,9944.19,3705.79,279.402,1642.02,2697.71,2526.79,526.525,9.5251,10998.3,11408.4,11586.7,162.456,1577.46,1556.82,824.449,2595.58,3905.28,719.144,3799.38,34997.3,595.884,322.794,596.905,69.8506,5.8209,29.6336,69.3214,1060.46,6517.27,944.042,1017.07
TCGA-AN-A04D-01,14.1088,1615.03,2751.8,2734.24,640.944,2.0155,133.602,665.416,610.999,12.0933,2420.1,505.327,191.765,2603.8,1456.09,2379.88,723.006,3137.8,108.264,627.987,1.7276,4017.56,69.1045,362.799,1498.64,236.395,137.057,1208.47,665.419,832.422,19974.7,1839.62,353.588,5723.58,244.169,2246.18,4715.52,160.956,1198.1,770.227,215.664,3904.12,807.659,782.609,11932.3,10786.1,164.123,0.8638,27.0659,2675.21,5204.69,65.9372,0.2879,4505.61,866.398,6625.11,172.185,1966.02,1874.17,1953.93,157.78,3948.75,417.794,4251.08,10443.1,66.2252,197.812,117.766,18.4279,512.813,463.288,79.7581,3421.25,853.441,97.0343,4357.33,27.0659,24.9554,1045.49,9386.41,88.6841,47.2214,38.5834,615.318,1.1517,345.523,193.493,324.503,408.005,304.06,278.722,41827.8,136.769,0.0,62891.2,427.584,2009.21,155.197,7343.22,1875.32,816.263,931.183,902.966,35354.7,1527.79,32.8246,352.721,1296.29,46.9335,2.3035,7.1984,0.0,4.8949,165.563,11845.4,2891.74,609.847,457.242,3831.27,798.157,16.4123,2063.63,639.505,54.7077,0.5759,118.917,115.462,42.3265,29.9453,6744.89,51.8284,376.332,975.813,1514.25,102.793,61.9061,6445.72,15.5485,1695.65,2896.92,142.528,974.086,1975.53,1739.71,1910.45,564.929,26.778,1495.54,6578.46,938.382,13189.2,3522.03,1568.1,6.3346,92.4273,26.778,8752.7,222.286,6985.03,58.0795,839.332,194.492,1014.11,3225.74,467.319,488.914,3.7432,205.586,280.449,0.0,964.584,312.986,6237.55,134.178,849.122,4.0311,9560.32,2389.0,323.639,1170.17,1916.79,512.813,76.015,16.7003,96.7463,4211.34,331.126,127.267,12709.7,857.725,4475.09,99.0498,427.008,1728.19,3803.05,1583.65,23.6107,116.902,4.607,9059.89,1193.78,2154.05,2228.91,179.096,866.11,399.079,3050.1,6.0466,3712.06,3406.56,4234.67,8.3501,221.422,1097.03,678.952,3060.18,8763.03,1977.83,6416.48,50435.1,1750.22,528.65,1584.22,24.1866,0.2879,16.1244,0.5759,414.339,12376.3,2161.24,999.424
TCGA-AN-A0AL-01,60.3865,1823.67,8440.82,2246.78,632.045,21.7391,106.28,929.549,241.546,120.773,2774.56,1768.52,1142.51,2413.85,2350.24,1247.18,260.467,1266.0,216.586,311.594,239.936,1745.17,1798.31,1372.79,795.254,4388.49,704.106,1907.81,161.836,1833.33,7445.25,2121.58,62.4074,13089.8,3494.77,584.139,1984.7,1884.06,1778.99,12.8824,110.709,931.965,177.134,577.295,13837.8,210682.0,1244.36,0.8052,123.188,3429.55,9066.79,462.158,0.8052,2228.26,1575.68,5339.37,1236.71,902.174,723.027,11.2721,595.411,4166.67,1038.24,2673.51,2256.84,7.649,494.364,171.498,68.0354,3803.95,2506.84,402.577,2847.02,776.168,260.467,2695.25,183.575,57.7053,1166.67,2216.18,583.736,25.7649,150.564,2135.67,7.649,42.6731,4238.73,1790.26,132.85,674.718,252.416,110405.0,974.235,0.0,46956.5,222.222,3146.94,305.556,3007.25,6531.4,280.193,1036.63,450.483,34272.5,1337.76,362.721,2438.41,5654.59,243.961,4.0258,61.9968,0.0,35.8293,1396.11,15294.3,6815.22,3277.38,1636.07,1115.14,1930.76,17.7134,7436.39,325.282,1161.84,2.0129,788.647,2690.82,136.071,215.378,7478.26,2366.75,561.594,1584.94,9714.98,364.332,2218.6,15577.7,15.2979,959.742,1594.61,277.375,1336.15,3094.61,92.19,4805.56,1211.76,177.536,636.876,135.668,2264.9,6030.19,4307.97,1774.96,2.818,498.39,10.8696,6255.44,204.509,3316.83,45.4911,875.604,2272.19,6700.89,13660.2,604.267,693.639,15.2979,1409.82,1437.6,0.0,3039.86,149.356,5654.59,1883.66,142.109,509.259,7109.1,3339.37,591.787,392.11,1768.92,1166.67,1216.18,57.5684,27.7778,1887.28,1143.72,2660.63,6262.68,300.093,5773.35,583.736,9995.17,13853.9,4799.11,979.066,53.5427,462.158,8.0515,2991.14,1695.65,2783.01,966.586,1318.44,3739.53,2230.27,240.338,3.2206,11531.4,12392.1,10286.6,6.4412,1285.83,1207.33,2375.2,2627.62,2956.92,2285.43,3096.17,31309.6,1343.27,360.709,585.749,9051.93,1.2077,2.818,54.7504,481.884,14886.9,2058.37,1517.31
TCGA-AN-A0AR-01,10.8196,2425.75,6881.98,3384.73,377.964,177.081,29.2129,796.682,1261.2,28.8522,1412.68,398.521,155.802,4140.65,1286.81,1749.34,650.618,2825.1,368.226,215.67,423.767,1936.34,54.4586,789.83,676.617,8161.86,116.491,536.291,347.669,540.979,2666.67,2401.23,150.032,4584.26,337.571,472.455,4716.26,1750.61,219.998,66.7208,246.326,265.08,447.209,1290.78,6182.31,31307.2,494.816,0.0,84.0321,2089.98,11460.8,103.868,3.6065,4227.21,200.884,6476.96,109.638,1042.65,1444.41,608.061,138.848,701.47,838.518,2299.88,1667.3,32.8194,622.934,204.851,76.0977,557.93,731.404,25.2457,3577.68,1115.14,295.014,3638.99,39.6718,12.7599,1553.69,7492.56,7.5737,272.654,55.1799,258.949,0.7213,473.898,283.834,560.815,4825.53,1187.63,76.4584,156239.0,780.092,0.0,20141.7,339.374,1425.66,151.113,1717.43,1346.68,312.661,1119.11,442.16,42800.8,5643.86,49.4094,9665.86,7923.18,88.3599,1.4426,23.4424,0.0,2.8852,260.698,11202.2,1138.94,781.895,266.162,6450.27,524.389,4.3278,1678.12,53.7373,70.6879,1.4426,149.671,267.965,95.9336,42.9177,4099.54,637.995,1203.5,20.1966,2347.13,91.9665,393.833,7210.53,6.4918,1134.97,1809.76,171.31,1761.07,31.7374,385.538,1449.46,4655.67,23.4424,1389.96,85.8354,2441.98,10695.9,21.9998,2359.75,1.082,101.343,76.4584,8618.08,825.942,3661.35,220.626,93.0484,1179.39,789.108,5331.89,377.243,291.407,136.327,1207.47,290.325,0.0,2141.56,317.014,3659.9,456.586,3.2459,19.8359,5054.91,2375.98,98.4582,270.49,2849.52,473.176,750.158,60.229,27.049,1345.23,713.371,117.933,4647.51,999.351,1683.89,281.309,3513.48,2272.11,2340.28,785.141,15.8687,59.5077,58.7864,2733.39,1522.68,1788.48,296.457,432.062,1376.25,755.568,403.931,7.2131,2157.79,2880.89,3929.67,13.7048,295.735,432.062,2337.39,1583.26,1944.64,345.145,3068.0,77364.0,822.241,502.75,749.076,78.6223,0.7213,11.5409,91.9665,933.369,12689.6,1118.38,1035.79
TCGA-AN-A0AT-01,10.9542,1353.42,4820.99,1620.64,468.435,2.8827,119.631,565.869,223.407,127.126,1644.28,336.697,399.827,1955.32,1032.29,1474.83,1087.92,987.524,359.47,46.6993,1034.02,1541.08,87.0568,532.43,2602.05,11269.2,350.245,849.813,520.035,350.245,6908.04,1977.23,193.73,7552.61,565.004,782.358,2699.63,1503.6,2465.84,2.8827,12.972,354.857,182.473,617.469,16055.6,37279.3,641.972,0.8648,66.0133,1925.05,50044.8,1151.63,1.1531,4082.73,594.119,10456.6,275.584,933.987,2009.51,4.9005,417.694,1972.04,460.363,1860.77,1596.71,51.8882,358.21,396.368,20.467,2213.03,523.494,183.915,2300.37,508.504,110.983,3286.54,53.6178,558.262,1628.13,111.559,141.828,280.196,161.142,590.084,14.1251,299.51,395.791,1014.99,59.9596,339.579,206.688,163759.0,441.338,0.0,29407.9,684.924,5247.33,354.569,3295.19,1745.46,571.289,1973.48,984.722,69192.0,1737.96,18.7374,2935.43,8741.42,35.1686,11.5307,185.933,0.0,26.8089,1129.61,8885.56,983.857,1161.43,457.481,1177.0,1659.27,189.392,1925.05,180.744,1979.79,3.7475,77.8322,835.399,137.215,37.1865,8443.36,317.382,2469.3,9770.54,5664.17,440.761,3236.38,6031.71,20.7553,2439.9,3444.22,386.855,2099.16,316.229,407.322,7830.79,5976.36,34.8804,127.414,203.229,2932.83,14527.5,3303.83,4117.9,0.8648,2918.42,48.1407,6482.27,534.736,5806.0,91.9689,242.145,838.158,1276.74,18940.9,795.618,1125.11,21.0435,209.282,1297.2,0.0,1374.75,77.544,4426.92,281.061,70.9138,25.6558,3522.92,3427.79,186.221,504.18,2855.0,453.156,867.109,174.69,15.8547,5473.91,3077.83,697.319,8338.22,591.055,9267.51,298.933,4457.77,8456.62,5114.15,1326.61,9.2246,48.7172,37.1865,3112.71,1394.35,5680.31,897.377,291.438,2227.44,1938.31,121.937,1.4413,2811.18,3499.57,2817.81,222.831,519.17,604.497,671.087,2874.89,6483.42,373.883,8364.6,65968.9,3567.66,259.441,2339.29,469.588,0.5765,4.324,6.0536,1172.1,12455.8,4689.54,1817.24
TCGA-AN-A0FJ-01,21.6086,1760.5,2998.2,2435.17,744.298,4.8019,63.0252,513.806,3282.71,88.8355,1457.98,992.197,1009.0,6121.25,1138.06,717.989,868.547,1759.08,268.908,544.418,184.874,2171.07,112.245,2004.8,742.617,1981.14,2121.85,1058.22,506.002,1062.42,5684.27,974.79,88.8355,14749.7,782.113,1088.84,3720.29,4283.91,1125.45,1108.04,3728.69,304.922,87.6351,411.765,8400.96,47819.3,677.071,0.6002,22.8091,860.744,7259.87,539.616,0.6002,5412.36,652.461,5235.89,406.963,872.749,9059.42,187.275,1174.06,807.923,3106.24,2756.3,7102.64,93.6375,348.139,163.265,16.2065,1220.89,490.396,89.4358,40156.1,244.898,569.628,8141.06,33.6134,300.06,575.63,4031.81,540.816,107.443,97.8391,1187.27,1.2005,147.659,315.726,2282.71,216.086,333.133,800.72,86201.1,148.859,0.0,27527.6,211.285,641.657,551.02,4207.08,7932.17,470.588,672.869,442.977,39428.6,925.57,31.8127,115.846,1840.34,53.4214,21.6086,25.8103,0.0,3.6014,666.789,21997.6,1209.48,950.78,882.953,834.334,1472.39,2899.76,2851.14,217.287,204.082,0.0,199.28,227.491,10.8043,551.621,5262.3,1298.32,515.606,942.977,7858.34,138.055,2842.74,7563.03,43.2173,2494.0,2572.63,318.127,1328.33,93.0372,227.491,1450.78,6138.66,2.401,1147.06,51.0204,1012.61,8700.48,794.718,1821.73,0.6002,648.86,4.8019,15715.7,387.755,3173.47,60.024,197.479,514.646,3178.87,13920.8,511.405,271.308,3.0012,181.873,805.522,0.0,1009.0,21.6086,2796.52,4227.49,25.8103,41.4166,5824.73,3421.37,318.728,467.587,1906.96,747.299,591.837,336.135,23.4094,3271.91,3878.75,699.88,6566.31,831.242,3051.02,201.681,2186.67,3126.65,15884.8,120.648,58.2233,231.693,28.2113,2391.96,1097.24,10923.8,845.138,628.451,2070.83,1007.8,88.8355,0.6002,3601.44,6986.19,4044.42,69.0276,558.223,2192.68,2483.79,1677.67,5291.72,289.916,4146.09,45908.2,2137.38,644.058,840.936,19.8079,3.6014,151.861,0.0,554.622,8654.86,3693.88,1412.97
TCGA-AN-A0FL-01,12.4367,1543.53,9036.85,3840.63,359.742,60.3409,34.5463,626.9,46.0617,29.4795,2312.3,419.162,1000.0,1984.34,958.544,866.347,33.1644,1527.37,118.839,25.3339,57.1165,1339.01,429.756,818.977,589.737,2054.78,354.215,2593.74,79.2262,988.024,19570.7,348.227,75.0806,11380.9,765.085,686.78,2394.75,1379.55,661.446,187.932,178.259,300.783,180.562,219.714,6105.48,20494.7,303.086,0.0,40.0737,1197.6,5866.86,48.3648,0.0,2933.67,248.733,2546.75,545.371,488.715,534.316,1365.73,494.242,806.541,336.251,3380.93,8964.99,348.687,807.236,130.355,23.9521,729.157,523.261,3377.71,1126.21,341.317,52.971,3522.8,67.2501,273.307,234.454,2766.47,533.855,160.755,57.1165,2000.46,0.4606,2253.34,505.758,289.728,2146.48,251.036,69.5532,80067.7,151.083,0.0,92417.8,390.603,3285.58,82.4505,1679.41,2579.92,77.3837,1002.76,778.443,41244.6,1988.02,46.0617,229.387,6303.09,53.4316,1.3819,11.976,0.0,1.8425,678.922,15252.9,2976.05,1079.23,817.135,2177.34,512.667,2.7637,1074.62,27.637,106.863,0.0,145.555,393.367,66.7895,453.247,6170.89,93.9659,262.091,33.1644,1057.12,65.4076,3458.77,5128.97,3.6849,391.064,605.712,67.7107,1471.67,17118.8,126.67,1189.77,1481.35,23.4915,200.829,251.036,2136.34,3541.69,3276.83,1216.49,0.0,62.6439,235.375,5469.58,264.394,1985.26,213.662,628.742,144.404,2514.51,8580.38,367.112,227.545,0.9212,204.053,1268.54,0.0,1163.98,510.825,11705.7,1141.87,64.947,26.2552,8242.75,1746.2,143.252,67.2501,1886.69,463.381,1340.86,32.2432,20.7278,1320.59,698.296,490.097,3166.96,538.6,5575.77,182.865,2113.77,8938.28,593.275,419.622,16.1216,94.8871,5.0668,1444.96,965.454,2238.14,523.261,436.204,1086.14,1076.46,1272.69,0.0,2859.97,4551.36,4775.68,1.3819,361.584,314.602,2257.02,3456.93,1007.83,205.435,2729.83,19274.5,369.793,264.855,1384.62,1155.69,0.4606,0.0,2.3031,410.871,9590.05,1639.34,3050.67
TCGA-AN-A0FX-01,79.1069,3807.34,2884.21,5662.2,855.821,51.6746,49.1228,442.424,992.345,189.793,2027.75,884.211,2426.16,2781.18,914.514,407.748,224.242,1276.27,181.499,153.748,153.748,2619.78,85.1675,1553.43,990.67,2143.7,519.936,1843.7,755.343,1061.88,8915.15,1172.89,197.448,5891.55,3496.97,903.349,3956.3,861.244,1938.12,640.191,454.864,524.721,755.981,701.754,9498.25,114478.0,554.386,0.0,75.5981,1499.84,28881.3,404.785,2.5518,2309.73,1513.88,6563.96,949.92,492.185,1459.01,26.4753,572.884,1934.93,1666.99,4865.39,1930.78,52.3126,363.375,277.193,307.815,4931.1,1166.19,438.596,5218.5,474.003,234.769,12391.4,743.541,1246.1,5089.0,1796.17,123.764,101.435,100.478,948.006,15.949,314.195,655.502,2668.58,214.673,711.643,305.901,118147.0,1227.43,0.0,40579.6,911.005,1291.55,130.781,2225.52,2257.42,327.569,791.707,1102.07,47377.4,1533.33,323.445,705.582,3403.19,107.496,1.5949,35.0877,0.319,12.6061,655.41,15172.2,1666.35,1674.32,875.917,780.223,1284.85,623.605,4550.88,96.0128,54.5455,7.6555,187.879,509.41,137.161,128.549,6751.52,913.876,697.289,473.046,8790.43,250.399,2982.78,14274.6,17.2249,1517.07,3570.02,134.609,923.126,2311.64,189.474,1609.89,3786.6,124.402,1590.43,323.764,2052.95,14623.6,622.648,1683.57,5.1037,4193.3,613.716,7905.98,376.077,3420.41,100.341,1061.24,1059.45,4958.85,16206.7,764.593,2202.23,77.193,1196.17,1096.33,0.0,1352.79,109.729,5865.07,1178.31,244.338,36.0447,5527.91,3214.04,486.443,303.987,2866.99,640.51,455.183,97.2887,205.104,2220.73,1375.12,1081.98,4619.28,377.18,3593.3,195.853,5201.59,3474.32,7815.63,909.41,58.0542,193.939,1.2759,8484.21,1360.13,3326.32,208.612,795.534,4233.17,1740.03,1862.2,2.8708,4449.44,10696.0,18079.1,37.3206,446.571,659.33,772.249,2008.61,2525.04,2926.63,4558.38,27484.8,837.774,600.638,1610.53,255.821,1.2759,21.0526,5.4226,1435.09,9627.75,1242.74,1362.36
TCGA-AN-A0XU-01,36.5265,1215.02,4069.26,3364.23,823.914,30.6685,29.9793,1586.84,167.126,82.7016,1320.81,1000.34,1295.31,2520.68,2090.97,1569.19,512.061,1785.05,266.023,35.4928,719.159,1865.61,327.705,911.44,1164.07,1494.67,537.905,1514.13,277.395,446.244,12798.8,1690.21,130.6,4825.64,1032.74,2452.1,3764.99,930.393,743.28,1465.89,1957.27,1376.29,298.415,1246.38,18472.1,29715.4,808.408,0.0,94.0731,2030.32,14303.4,3814.61,0.6892,3450.03,774.294,16239.5,183.322,667.815,2713.65,76.499,1246.36,385.596,607.857,5528.6,3661.96,4.8243,376.175,576.154,671.606,2337.01,841.489,128.188,2350.45,381.461,526.189,9906.96,82.7016,1196.76,807.03,872.157,115.782,155.41,114.404,1150.93,2.0675,454.17,698.139,1872.16,35.8374,951.068,184.011,167552.0,285.665,0.0,36324.3,630.255,1683.67,271.882,2255.34,6861.82,486.844,1596.83,201.24,42172.0,4030.67,323.225,488.284,4499.31,140.937,2.7567,88.9042,0.6892,87.8704,2127.72,7177.81,2183.32,1738.46,407.995,3870.09,1512.06,223.983,1358.37,176.43,76.1544,4.4797,105.789,797.037,158.167,59.2695,9358.03,2788.08,1143.0,567.54,5576.15,119.228,1833.22,8073.74,70.2963,2643.35,4460.03,391.799,1616.13,4157.48,767.057,2425.57,2316.68,19.297,3243.63,56.8573,1053.41,9662.99,12664.4,2705.38,1.3784,482.426,7.9256,3355.02,358.356,6247.76,215.369,236.044,2383.49,1430.39,18397.0,653.342,496.899,238.456,574.431,868.022,0.0,4290.14,39.2833,7621.98,1381.81,115.093,48.5872,4323.23,2847.69,89.2488,449.001,2668.5,954.169,343.901,189.869,17.9187,2763.27,4755.69,540.662,5980.86,606.778,4260.51,330.806,2990.7,21525.5,10509.3,712.267,11.0269,60.6478,3.1013,5798.76,1676.09,5890.08,475.19,542.385,15640.6,972.088,201.585,6.5472,5638.18,14852.9,11057.9,72.0193,535.493,557.891,2230.19,3294.97,7324.26,1213.65,3515.88,30226.4,1408.32,231.22,719.504,1826.67,3.7905,15.8511,38.9387,646.795,14296.0,2923.85,1964.85
TCGA-AO-A0J4-01,84.8894,1571.86,3739.98,2969.6,752.533,15.8052,115.99,1518.58,296.731,125.677,2911.73,1043.15,3241.09,2338.92,1838.51,623.601,557.262,1360.9,244.726,75.4573,576.891,1733.48,203.174,1016.12,686.439,8472.59,869.033,1105.09,180.995,821.872,9832.64,1887.45,119.054,11592.6,1859.41,798.165,1867.31,3712.7,912.115,7.1378,400.229,451.214,177.936,461.921,20115.0,53357.5,1123.96,0.2549,110.127,1282.26,22035.9,7396.6,0.2549,4623.29,756.867,5634.31,1609.59,581.48,1053.6,100.185,1136.19,1954.24,444.331,3944.94,4203.17,68.5743,493.376,375.247,32.6302,5265.44,1005.42,166.72,3489.64,287.043,554.713,10430.2,615.894,331.986,1311.58,578.676,835.128,116.755,230.706,992.416,42.3173,776.241,1225.16,2525.78,112.166,743.866,561.086,84440.5,505.513,0.2549,25057.9,699.764,1786.5,310.497,2761.58,2531.9,474.402,1059.97,283.984,40062.5,1452.55,138.423,4571.28,8599.32,48.4354,2.0394,108.342,0.0,36.454,1858.27,15680.1,3034.1,1493.34,998.279,1224.14,1538.46,173.093,4141.99,511.886,1596.58,15.2954,177.172,1571.6,315.085,11.2166,12807.3,2206.87,846.345,495.826,6591.55,552.673,2046.01,15788.9,51.4945,1373.78,2354.73,101.714,1054.36,12026.3,180.741,1814.8,3364.22,62.966,1903.51,216.175,5735.77,9618.51,3261.23,2815.63,3.8238,348.225,497.355,6790.41,405.838,3044.55,46.9365,155.758,6108.33,3721.37,14503.1,899.114,1565.23,9.942,719.648,1778.6,0.0,2827.35,62.966,4677.33,1764.58,166.21,46.9059,4751.77,3626.03,1338.09,363.521,3045.82,625.837,1081.64,124.657,28.8063,1496.14,2484.74,2351.41,6024.86,682.164,2592.31,473.902,11521.0,14848.8,7015.74,882.289,37.9836,183.545,9.6871,2642.28,872.857,6790.64,323.243,1152.0,3131.99,1480.34,640.622,1.0197,5537.44,11676.8,7195.97,145.816,1169.33,671.978,1049.26,2473.52,4204.7,3083.81,4287.8,23139.1,741.75,276.847,1131.09,315.34,3.5689,6.1182,5.3534,916.194,8830.03,2355.49,1500.22
TCGA-AO-A0J6-01,39.8289,1402.44,1785.15,3070.4,424.842,0.2553,465.947,726.112,262.973,245.867,1826.51,1592.9,1179.8,1046.79,3629.8,1607.06,166.464,1340.37,244.08,742.963,170.294,1471.63,86.5513,496.33,1913.95,4574.99,534.882,2076.47,468.756,372.247,12428.4,3540.44,345.695,11039.8,440.927,1178.02,4063.83,1036.32,866.535,8.936,29.8717,676.837,152.167,311.993,10538.1,23255.8,893.343,0.5106,71.7432,1108.06,18347.3,974.788,0.0,3040.53,1831.37,2280.97,266.548,949.001,526.202,112.849,433.778,2035.87,317.1,4073.28,2704.54,0.7659,214.267,297.44,181.017,3588.69,1297.25,68.1688,3199.08,847.131,403.14,5233.42,149.869,736.493,2993.3,569.35,11.9997,75.5729,162.38,431.736,7.6594,381.439,775.898,2042.51,11.4891,395.992,456.756,89861.0,265.526,0.0,28448.8,680.922,1612.56,512.925,1668.99,5012.06,722.52,1647.54,676.326,40609.9,3137.04,10.9785,95.998,12088.6,46.9777,16.3401,138.635,0.0,81.9557,2719.27,6368.03,2311.36,1416.99,216.761,278.547,687.049,115.402,646.199,284.675,170.294,3.5744,197.868,3672.94,71.7432,51.8287,10767.3,1454.01,729.176,2488.03,1486.18,61.7859,835.131,2324.89,4.851,1028.15,3140.87,364.333,770.282,3232.02,38.2971,1814.26,4969.17,166.975,1780.05,123.317,825.429,14706.1,868.577,1626.35,7.4041,323.483,2.0425,6908.83,642.114,2790.32,118.169,528.244,204.376,678.624,12271.1,664.837,1025.08,83.4876,630.114,977.596,0.0,2464.03,172.081,3894.56,425.863,110.04,32.9355,2157.66,3445.71,125.614,645.433,4288.25,982.702,871.896,32.9355,182.549,2698.92,1716.47,190.975,7012.53,658.743,5027.13,516.5,7946.64,13758.9,8886.96,1362.1,4.3403,19.9145,0.2553,1282.95,1334.52,3177.12,613.264,401.353,2749.47,870.62,64.5944,4.5956,4814.96,3669.88,1538.78,79.4026,1750.94,992.404,10348.9,2160.21,4327.57,303.057,2000.64,24011.5,1166.24,309.695,862.45,1588.56,1.0213,6.6382,170.039,1369.25,4050.3,2559.01,986.788
TCGA-AO-A124-01,4.0083,2235.49,4446.93,1582.71,1080.24,8.3029,77.5893,576.623,89.9005,260.253,1955.19,884.69,727.221,1355.09,1270.06,652.54,510.772,1995.69,225.038,1375.78,397.681,2127.26,48.9586,263.403,1571.56,334.407,123.685,1570.97,480.137,334.407,19303.1,2877.1,190.686,8117.96,239.926,1659.15,3866.87,1153.82,916.47,344.428,186.959,588.362,309.212,375.922,12062.4,17623.4,455.229,1.1452,125.689,1718.7,10307.9,79.8798,3.722,2745.69,554.291,13448.4,221.029,1139.5,2042.23,135.137,639.608,1771.67,1710.97,7844.25,3933.0,0.8589,305.562,759.86,7.1577,526.233,419.44,42.0872,4691.43,1094.27,322.955,13187.6,42.3735,200.24,695.441,1085.39,518.789,240.212,56.9752,430.034,3.722,1167.85,263.403,1732.45,220.457,1217.09,559.158,93184.2,107.938,0.0,31868.6,715.482,4675.97,189.536,2707.89,3708.54,741.785,2326.25,411.996,75269.3,2377.5,6.8714,2429.6,2602.25,38.9378,25.7677,61.8424,0.2863,13.4564,543.646,15612.3,2638.89,1802.59,237.921,1406.63,1810.32,174.361,2509.48,163.482,71.2905,2.8631,248.801,1106.86,418.581,72.1495,7868.01,968.292,606.113,464.39,1132.92,438.05,1025.27,6094.05,33.2117,2410.71,5563.52,483.287,1341.64,4600.39,472.121,836.59,2659.22,31.7801,3445.42,54.6847,3057.76,48131.1,764.154,1167.28,2.2905,433.183,417.15,5199.62,247.37,4822.56,85.812,116.813,256.58,962.852,20006.6,1616.49,593.229,4.8672,153.747,821.988,0.0,2922.63,15.4606,5795.43,258.822,683.129,142.008,6576.19,2805.24,421.731,414.287,1866.72,996.063,124.83,353.59,262.544,5497.39,1374.85,392.241,7576.05,529.17,2442.49,141.436,1398.61,3622.93,14489.7,1305.85,38.3652,48.9586,6.2988,3690.79,1272.06,11302.3,418.009,285.448,1361.11,880.395,401.117,2.0042,3052.32,4726.08,935.366,221.602,349.295,599.814,5935.15,1725.0,7900.08,273.423,7835.94,73232.0,2741.35,171.498,1311.0,107.365,1.4315,128.552,2.5768,785.341,9087.4,10804.1,2140.72
TCGA-AO-A128-01,209.769,1733.79,2814.93,2941.93,830.665,8.1411,3.7992,1697.96,304.749,293.351,2294.17,2908.28,2679.24,1535.41,2042.61,329.197,336.228,1709.85,317.232,660.516,390.231,1812.48,465.672,445.862,687.322,3657.22,1368.25,1531.07,236.635,1551.97,12389.1,4247.49,110.179,7203.53,809.227,940.841,2196.47,2659.97,1325.64,191.859,224.152,355.495,595.929,240.163,12841.8,30639.9,4226.32,0.0,819.81,2861.33,16718.5,26533.5,0.5427,3898.51,946.811,3361.47,258.887,551.425,943.555,50.2035,879.778,619.267,239.892,5298.24,1115.06,1.3569,550.339,322.117,582.904,4631.48,365.807,156.309,2291.99,770.421,1209.5,7141.93,53.46,430.296,3894.44,1983.45,86.5672,21.4383,377.476,862.958,18.7246,0.2714,1404.07,1889.28,111.533,1366.08,512.076,39146.3,347.354,0.2714,20852.1,578.29,1833.11,2470.83,2033.11,6298.24,294.974,597.558,329.444,33207.1,1625.51,205.699,145.726,3083.04,148.711,2.7137,191.588,0.2714,94.1655,7656.58,10570.1,2595.39,2942.74,633.921,38.2632,941.113,3975.03,2563.91,1477.07,58.0733,1.0855,388.874,3278.15,275.984,2.7137,12030.7,151.425,849.118,17.9104,1529.72,2.7137,2965.54,5874.36,39.3487,1226.59,614.111,519.674,842.876,29915.6,130.258,1267.57,1056.17,11.1262,1705.02,257.259,1501.22,7980.73,254.274,1543.01,7.8697,5441.25,13.0258,4282.77,323.745,3235.01,181.805,469.2,562.879,1276.53,11845.9,664.586,1067.3,2681.14,105.292,977.205,0.0,4382.09,95.251,4293.62,1052.65,41.5197,30.1221,1467.84,2800.0,431.208,349.525,2948.44,355.767,2725.64,91.9946,1621.17,1652.37,2871.64,1206.78,5675.15,441.479,3752.78,1545.18,1212.48,34810.9,9106.11,1289.28,8.9552,49.3894,6.7843,2165.81,1829.85,2980.46,37.7205,1391.04,3553.87,3282.77,147.625,2.171,6988.33,3986.16,4141.38,132.157,5269.47,1560.38,5839.89,4554.68,3340.57,852.646,7647.98,24641.0,745.875,444.776,709.091,4502.04,5.156,25.5088,8.9552,1284.4,5955.22,1524.29,1382.36
TCGA-AO-A129-01,89.1892,1520.08,3194.21,1909.27,361.004,11.1969,44.0154,562.934,346.718,1750.19,1983.4,1624.32,1074.13,2683.01,1030.5,907.687,557.529,1351.14,339.382,91.8919,161.39,1799.23,265.637,811.969,692.622,3616.19,687.645,2481.85,306.95,931.274,9103.47,1946.33,132.432,5554.05,970.656,589.189,2720.85,1501.54,663.321,1264.09,308.494,1351.74,219.305,559.073,6041.31,63655.2,1056.37,4.6332,181.853,2864.48,5933.17,7781.47,0.3861,5086.49,314.286,3478.76,519.305,1054.05,652.124,39.7683,310.421,3200.0,485.714,2977.22,2702.7,49.8069,221.336,140.541,188.417,1778.76,1103.86,126.641,3606.18,502.317,265.637,2896.91,144.401,161.513,1543.63,118.919,175.676,49.8069,280.309,855.598,20.0772,1108.88,1146.72,1535.14,695.367,621.236,363.32,200978.0,635.521,0.0,54173.7,536.679,1594.59,467.954,3031.66,1645.95,448.641,1052.9,917.375,69000.0,1877.61,150.193,303.089,3744.79,121.236,4.2471,149.421,0.0,87.7722,1992.2,8873.36,4276.06,3650.97,627.027,689.189,1077.61,36.6795,3945.95,408.88,376.811,0.0,246.332,1342.47,268.726,76.834,8733.59,1311.97,425.483,2988.42,9737.07,680.695,1882.63,10166.8,20.4633,1215.06,1850.97,269.884,1553.28,1264.09,299.614,2759.07,2336.68,92.6641,812.741,145.56,1061.78,10402.3,1286.1,1767.57,3.0888,171.815,245.56,7856.85,344.015,3700.77,85.6062,252.124,1286.58,2118.15,6694.98,577.22,1120.08,32.0463,691.506,1608.49,0.0,4480.31,425.869,3033.98,903.475,55.9846,64.0927,7240.93,1751.35,215.444,489.961,2605.02,666.023,455.599,72.973,50.1931,2592.66,8981.85,1562.16,6527.42,619.664,5326.25,777.22,2791.51,6208.11,5234.36,1317.76,35.5212,157.143,13.1274,4073.36,1637.07,2097.3,329.73,846.718,1679.92,1222.39,354.826,3.861,11526.3,3980.31,4684.56,140.541,984.942,538.996,2798.46,1550.97,2481.85,4714.67,4877.11,35908.5,1598.98,249.807,886.1,73.7452,2.7027,9.6525,5.0193,938.61,7422.39,2540.54,1357.14
TCGA-AO-A12F-01,56.8269,2244.49,4759.17,1920.54,455.976,113.314,321.906,592.429,225.266,35.3892,1465.25,494.768,817.014,2953.98,773.798,1010.03,422.629,1173.5,236.835,571.331,231.051,2712.04,228.328,3946.24,990.615,7946.01,349.128,1134.84,250.106,2285.67,6814.46,548.873,78.2646,6023.65,2277.84,778.562,2481.33,607.061,1160.02,30.9655,112.973,128.626,164.696,285.155,8349.81,83419.8,552.276,3.0625,245.342,1184.18,10452.3,21.0974,14.2918,4854.79,209.613,2984.94,1469.67,1177.71,1504.04,161.974,378.052,2118.25,3087.03,5659.55,6063.8,32.3267,399.149,225.266,25.1808,2947.51,1671.12,684.985,3466.44,440.663,212.675,3657.34,252.148,217.014,7817.27,41.5142,12.5904,302.169,127.946,2216.25,3.4028,5.7848,1191.32,1610.89,92.5564,594.47,298.767,178714.0,1324.71,0.3403,160926.0,538.324,3034.96,112.973,2334.67,5777.29,266.43,2217.61,373.969,34604.5,1862.36,1052.49,9144.36,4469.93,65.6742,0.0,20.7571,0.0,133.39,159.228,23393.3,3412.68,1726.92,1699.7,948.362,1689.15,26.8822,12115.4,18.3752,232.071,0.0,216.759,425.011,127.605,107.529,9915.78,1110.0,659.124,828.584,7073.76,619.991,181.029,7704.64,22.1182,1958.32,2331.6,14.6321,1904.21,519.609,841.514,5407.74,2976.78,5.1042,2099.19,121.14,2691.28,14621.2,1005.19,1319.61,7.1459,1454.7,365.121,3884.6,207.911,2827.05,85.5908,334.496,2816.9,4742.83,6265.93,400.51,1178.39,1208.0,915.695,757.465,0.0,915.015,257.252,5062.02,1300.21,14649.8,52.063,5385.96,3707.36,688.728,452.573,2139.93,613.866,1111.02,78.2646,22.7988,1187.24,513.484,4869.42,5977.12,510.316,4728.88,163.675,2820.25,1504.38,7597.45,167.418,65.6742,616.248,13.2709,1201.87,767.673,1382.9,76.2229,661.506,4092.22,3360.27,1261.42,4.7639,13253.3,8115.36,10935.9,0.0,670.353,1497.58,675.117,4890.17,4232.07,1354.66,7769.79,42138.7,599.861,260.995,1315.53,53.4241,0.3403,1.7014,6.4653,717.992,10976.4,3145.9,2655.89
TCGA-AO-A1KR-01,30.1003,1226.09,3216.72,2899.0,248.829,131.773,110.368,344.482,250.167,48.1605,1481.61,986.622,606.02,2992.64,662.207,4048.01,1057.53,1104.62,245.485,246.154,52.1739,2969.23,329.097,5284.28,814.662,2914.53,39559.9,1317.06,800.669,537.793,6077.59,2744.48,313.05,3954.52,217.391,868.896,7200.0,181.271,1016.72,1356.52,175.251,108.361,183.946,262.207,7526.42,17050.8,120.401,0.0,329.097,2010.7,3929.76,1155.18,0.0,4160.54,58.8629,927.09,220.736,1130.43,1031.44,214.047,101.672,2535.79,1146.49,7880.94,5837.46,17.3913,497.659,101.003,72.9097,724.415,927.759,104.348,5976.59,561.873,188.629,325.752,113.712,47.7793,4583.28,280.937,9.3645,122.408,68.2274,646.154,6.0201,219.398,1901.67,1688.29,125.752,246.154,359.866,203189.0,215.385,1.3378,198771.0,365.217,1276.92,55.5184,3116.39,731.104,247.492,2033.44,755.184,40346.5,1121.74,102.341,412.04,6579.26,46.8227,0.6689,20.7358,0.0,40.1338,1214.72,7826.09,7189.3,2202.68,359.197,413.378,538.462,18.7291,1054.85,152.508,239.411,0.0,100.334,189.967,87.6254,247.492,8466.89,908.361,372.575,789.298,3045.48,981.271,159.197,2668.23,11.3712,1138.46,2414.72,286.288,2798.66,1919.06,232.776,6208.03,2115.72,40.8027,1660.87,96.99,704.348,17179.3,1252.17,668.896,4.6823,281.605,8.6957,5632.7,395.318,2533.78,129.057,393.311,327.445,1015.38,3037.46,421.405,1075.59,79.5987,648.829,1012.04,0.0,2338.46,51.505,2121.74,1391.97,16424.7,73.5786,4333.78,1998.66,86.2876,583.947,2123.75,1301.0,426.087,16.0535,18.7291,1495.65,773.913,768.562,7774.56,351.251,5936.45,131.773,559.197,4410.03,3379.26,104.348,5.3512,44.8161,5.3512,1567.89,1571.24,1952.51,66.2207,280.268,920.401,1889.63,163.88,4.0134,4594.65,1470.23,1753.85,3.3445,558.528,1052.17,692.308,2004.68,2210.7,3628.09,5124.66,45486.3,444.261,299.666,531.773,147.157,0.0,8.6957,33.4448,542.475,7629.43,1076.25,1555.85
TCGA-AQ-A04J-01,225.325,1744.84,2674.71,2271.66,892.098,87.2739,271.025,1417.65,682.64,142.494,1689.94,1026.98,1508.41,1871.15,1120.28,667.693,404.951,1605.7,265.947,107.902,512.218,1505.87,347.191,2114.57,1401.01,2254.52,1253.25,1549.03,287.21,3231.67,13006.7,1934.31,131.704,8796.89,2054.59,1035.23,2387.81,1133.93,1983.18,818.153,698.508,872.104,894.637,501.428,15648.7,50027.9,1682.01,0.6347,154.554,2310.7,10096.7,1884.8,0.3174,2404.32,1889.24,7284.99,938.75,370.359,1144.4,408.124,864.167,3481.75,1705.81,3525.86,2407.17,71.7233,311.793,325.928,198.032,7542.05,1821.33,263.091,4905.74,506.506,217.074,9125.67,366.868,354.322,2757.22,1064.74,153.602,66.9629,224.373,2945.1,71.7233,1569.03,1214.85,1910.5,759.441,1083.15,529.99,108658.0,599.175,0.0,31295.5,438.591,1723.9,394.161,1994.6,4521.1,291.628,852.11,471.914,40799.4,3122.18,509.045,815.297,4050.14,159.632,4.1257,63.1546,0.0,49.1463,970.362,20726.8,2152.97,860.044,2453.19,3212.95,1334.18,81.5614,6237.07,675.341,106.633,0.6347,812.758,1575.69,260.235,305.617,13533.2,789.908,618.534,350.365,7014.92,450.333,1891.46,7493.49,30.7839,1567.44,3615.99,264.995,695.652,5371.63,396.065,1092.03,3167.57,22.5325,1848.3,914.63,1056.17,8243.73,1875.6,2599.49,6.6646,1715.96,339.575,7530.44,350.628,4553.48,65.6553,719.454,1595.28,4936.21,10509.4,626.468,754.998,131.07,1115.2,441.447,0.0,2733.74,266.899,5198.67,1130.12,157.728,102.825,5181.53,3027.61,1216.44,335.766,2849.89,660.743,747.064,251.349,100.92,2271.34,2209.14,1614.73,5802.07,660.952,3125.04,413.837,5773.72,6223.1,6794.67,1808.95,132.022,669.311,4.443,7307.52,1229.77,3387.81,488.099,1036.5,3351.95,3850.21,1446.52,6.6646,8453.19,8792.45,15666.8,97.112,1721.36,1119.96,2223.1,3228.82,3744.21,3436.37,6078.77,40791.2,897.223,257.696,1770.55,4218.34,2.8562,15.2333,224.056,1261.19,10472.2,3079.34,1156.46
TCGA-AR-A0TP-01,0.3621,1209.27,6003.98,2320.06,658.581,8.3273,14.1202,1047.07,1912.74,63.3599,1134.32,309.92,3117.31,3536.57,1978.64,864.971,513.034,2432.12,460.536,19.9131,288.921,4192.61,54.3085,3848.3,460.007,681.412,207.458,1077.12,196.597,587.98,20933.4,1198.41,75.6698,10847.9,627.082,1656.41,4916.73,4172.7,1942.43,1405.5,737.509,1130.7,242.94,838.523,11763.9,20388.5,365.315,96.307,25.706,785.663,16898.8,6.8791,0.0,3096.31,1395.0,11228.5,546.705,854.815,1597.03,5.4308,1013.74,1829.47,2378.35,2896.81,10062.6,73.8595,403.693,268.646,6.155,3723.39,1787.83,1247.28,3084.72,534.033,427.158,15369.3,134.685,521.282,3351.92,2083.64,218.32,144.099,36.2056,958.364,0.3621,2.1723,1355.9,1417.09,3916.0,1229.91,625.271,146217.0,834.902,0.0,55056.8,503.621,1762.49,112.6,1982.62,1823.32,302.306,1681.03,316.437,37685.0,1205.29,12.672,355.901,6076.76,300.507,1.0862,52.8602,0.0,75.3077,135.753,22563.7,6753.8,1406.23,510.138,3851.92,802.317,70.9631,2039.46,9.0514,228.82,8.3273,99.5655,2092.69,111.876,74.2216,6803.04,1308.83,246.198,147.719,2860.25,65.1702,4614.41,14969.9,25.706,1873.28,3150.25,248.371,1667.99,913.106,271.542,1010.5,1771.9,24.9819,779.87,3119.48,1127.81,6059.38,1091.24,2971.04,2.8965,985.518,3422.16,9806.19,205.648,3514.12,144.41,452.933,961.727,1984.43,13498.6,709.269,1042.0,0.0,194.424,1179.22,0.0,2105.0,187.907,5263.22,1829.83,451.846,3.6206,6107.89,7377.62,234.975,330.558,1348.66,678.132,283.49,175.959,28.9645,2115.5,975.018,1526.43,5167.1,726.81,2434.47,130.34,8584.36,1612.24,2753.8,1989.5,12.3099,39.1021,21.7234,5769.37,1055.03,3810.28,293.266,434.83,4534.76,1050.33,1850.47,2.8965,6448.59,5099.57,38259.2,26.0681,224.475,570.963,152.426,2633.6,3560.83,1731.35,4716.13,29905.5,1699.37,681.028,1418.9,23.1716,0.0,14.1202,1.0862,470.311,5098.12,3051.41,1753.44
TCGA-AR-A0TS-01,160.773,1774.07,4664.05,1940.73,1081.86,24.558,6.2213,3668.3,969.548,106.418,1549.12,452.849,1170.27,1342.5,2115.91,881.624,851.342,1211.85,164.047,145.383,641.454,1659.46,394.565,1219.06,850.737,927.973,1338.24,1857.89,227.898,1062.54,11702.4,2934.18,151.932,24141.1,1382.45,1259.99,2182.06,915.521,1354.62,204.322,504.912,707.924,465.291,527.505,12354.3,73028.2,2192.53,0.0,908.644,2659.46,9217.35,1833.66,0.0,2480.35,1402.1,16973.2,1389.65,907.662,1785.85,15.3897,1005.89,1452.85,616.241,8713.49,3528.81,1.9646,331.667,585.462,58.2842,7996.07,1385.72,116.896,2418.47,496.071,457.76,14965.3,218.402,183.297,1522.92,4075.97,455.141,82.1873,310.085,651.932,179.764,258.677,1085.79,1927.31,457.433,1832.68,381.794,33434.8,842.829,0.6549,22017.0,714.473,2222.0,532.089,2902.1,3125.41,610.661,1338.9,318.599,60448.3,2249.18,879.502,1721.02,3423.71,116.241,2.2921,63.5232,0.0,20.6287,1160.38,25598.9,1766.54,955.796,971.513,496.398,1212.18,3887.36,3063.2,879.83,45.1866,169.941,270.792,1530.12,196.464,42.8946,10829.1,2954.81,592.01,188.278,3859.86,44.2043,2867.06,6255.08,91.3556,1917.49,2904.39,393.582,1084.81,2679.76,193.844,2313.03,1048.46,208.251,2655.53,370.661,4750.16,8949.25,554.355,2386.38,3.2744,518.991,112.639,5822.35,299.935,3562.21,63.7164,250.164,1458.6,2745.58,5947.61,1295.02,2878.85,1274.72,358.546,535.364,0.0,2824.49,146.038,5110.02,1697.45,56.9745,22.2659,9467.26,4864.44,571.709,490.504,1324.82,766.863,693.517,250.819,75.9659,3189.91,5396.86,757.695,5002.44,331.002,2407.33,591.683,3039.62,5392.93,6862.8,1826.13,55.6647,362.803,0.6549,2228.55,1139.49,15818.9,316.307,1045.84,2919.78,3412.25,1155.21,8.186,5929.93,16969.2,6002.29,276.031,1543.22,574.656,1086.44,2831.04,6159.79,757.04,4792.29,45194.5,876.614,248.199,1446.95,102.161,2.2921,11.1329,56.3196,713.818,7191.88,2412.25,2236.08
TCGA-AR-A0U0-01,48.9237,910.372,2297.06,3657.53,825.049,5.0881,39.1389,1103.33,159.296,124.462,2225.44,879.843,778.082,918.2,1192.95,457.89,178.474,1364.53,225.44,634.806,335.812,1365.56,264.579,617.612,962.935,7194.13,935.812,1910.76,127.593,1022.31,7652.84,12430.9,216.853,3787.87,818.395,504.892,1320.16,2353.42,3437.96,686.106,1142.47,948.337,469.667,375.734,15302.9,34042.7,1627.4,0.0,195.303,1401.96,16812.7,2937.38,0.0,3348.34,679.452,4820.35,348.337,356.556,1170.25,28.5714,895.879,1246.58,367.515,4499.02,1176.52,12.5245,463.014,371.429,50.4892,1888.45,1078.28,214.873,1578.47,363.601,1013.7,2749.9,73.1898,481.781,416.83,46.9667,9.3933,98.6301,209.785,1342.86,13.3072,212.133,661.057,2287.67,70.0587,550.293,605.48,80160.5,195.303,0.3914,21877.5,284.932,1562.04,506.067,2524.46,5147.55,1215.93,518.2,565.949,49852.4,2517.03,40.3131,155.382,1717.03,63.4051,15.6556,133.464,0.3914,50.0978,4738.01,6563.6,1847.36,1726.42,955.773,23.8748,836.791,53.6204,1735.81,335.812,280.626,0.0,303.327,2572.21,203.523,1.5656,11236.4,174.168,1000.0,1138.16,2003.52,222.309,2215.26,3473.19,3.1311,2263.8,1961.25,288.454,645.401,8898.63,115.46,1112.33,2695.11,6.2622,1825.83,32.0939,1198.04,22248.1,3980.82,465.753,3.5225,63.4051,0.0,3662.29,297.515,4879.45,60.818,347.162,435.464,1916.24,9726.03,394.521,884.54,3.1311,293.542,1522.11,0.0,4956.56,109.198,4814.09,539.335,48.5323,33.6595,3382.39,3057.93,554.599,284.932,2328.38,757.339,1531.9,133.072,45.7926,1920.94,1220.74,520.157,3941.71,548.685,6767.51,728.376,4073.58,35609.8,9772.99,878.669,12.9159,84.1487,7.045,1757.34,1083.37,2912.33,994.129,794.912,3128.38,1440.31,677.886,1.9569,2443.05,4122.11,3212.52,87.2798,1252.45,849.707,7603.52,3521.33,4553.42,3492.76,4347.16,44417.6,1406.74,275.93,525.245,12.9159,2.3483,32.4853,17.6125,716.243,9343.25,3749.12,1336.2
TCGA-AR-A0U4-01,13.3975,1098.25,4050.84,2174.51,553.074,8.9316,8.9316,936.104,756.441,7480.59,1198.9,2771.9,2714.53,1109.24,2738.92,669.708,464.445,739.873,183.786,175.885,270.01,861.216,163.518,361.044,1384.02,6101.68,512.195,2198.9,164.548,599.794,21297.1,2114.74,71.4634,31634.1,1059.43,681.553,2412.23,1297.49,576.434,18.8939,57.3686,352.456,252.491,490.897,23965.6,60872.2,6818.28,3.0917,611.817,2139.81,12196.7,3994.5,0.687,3414.98,3660.25,4589.14,716.936,709.378,1050.15,358.983,13752.1,867.399,1051.53,1530.75,1761.59,3.7788,279.286,388.526,159.052,5534.87,1282.03,37.7877,5096.87,215.733,1284.78,9496.05,59.4297,458.787,1878.05,1302.65,6.8705,176.572,726.898,1466.85,312.951,0.0,1008.59,2411.54,68.0179,412.229,508.76,81845.8,866.025,0.0,32920.0,156.304,1403.64,3337.0,3121.95,10273.4,337.334,1126.76,399.863,50950.9,6143.94,207.145,133.631,2035.38,26.7949,43.2841,961.525,0.0,59.0862,3249.46,14020.6,5075.58,2587.08,569.22,644.109,1292.34,30.5737,2976.98,148.403,83.1329,3.4352,154.93,3846.44,221.917,229.131,8043.28,542.769,819.993,2744.07,5101.68,100.309,16282.7,17687.4,10.6493,1373.75,2580.9,246.307,1585.02,3889.04,341.807,2229.47,5498.11,11.3363,1598.08,37.4442,1469.6,12860.5,1180.69,3041.91,1.0306,1412.92,176.572,3014.2,322.226,5308.49,118.859,122.638,1128.61,1778.77,14784.3,835.795,2304.02,469.255,349.021,2666.44,0.0,2675.37,70.4225,7578.84,2380.63,825.49,24.3902,1846.1,5563.04,418.069,403.298,2667.47,457.918,1840.6,211.955,341.463,1689.45,2961.18,1677.43,5133.53,762.625,3294.4,1533.49,29868.8,6830.99,7670.56,1373.75,23.3597,186.877,1.0306,2180.35,1661.63,8180.69,238.062,1275.16,14859.8,1436.28,165.579,3.7788,7375.82,4351.77,7078.67,789.076,3200.27,1362.07,6534.52,3333.91,2766.4,2913.78,3002.74,31151.8,2094.56,356.579,397.114,7790.45,0.3435,2.7482,18.2068,567.846,7634.15,4386.47,1827.89
TCGA-AR-A1AH-01,27.1655,1324.07,2017.96,2364.41,591.269,76.8013,813.96,1276.78,381.994,169.701,1313.34,559.073,917.256,1832.5,2618.62,1855.65,483.613,1772.74,361.201,498.035,362.878,3138.12,64.7277,745.878,659.871,3213.69,119.73,1983.08,692.218,913.231,6049.86,833.412,265.286,4508.14,787.465,993.386,6769.92,1500.81,471.875,601.666,632.856,1029.61,138.846,1257.33,8569.89,43705.3,428.276,0.0,76.4659,1169.12,9741.32,31.8608,1.6769,4126.14,114.364,4357.22,363.213,650.296,1947.53,3.6891,547.667,4507.8,1105.07,6597.87,3271.94,78.4782,306.534,385.013,6.0368,1855.31,766.336,133.145,3758.9,423.916,127.443,2004.21,58.3556,23.2014,14046.6,124.76,36.5561,40.5806,59.0263,1226.47,1.3415,230.069,1001.44,1465.93,33.5377,740.177,350.134,102845.0,265.954,0.0,46242.4,741.854,899.481,100.948,1727.53,1668.5,540.617,1199.31,729.109,32056.7,2597.16,114.364,1094.33,1362.97,12.4089,2.3476,129.791,0.6708,30.1839,620.431,12518.3,5052.45,1424.35,699.596,321.626,4764.7,5.366,2066.93,13.4151,467.851,0.3354,183.451,274.338,144.547,8.3844,9059.54,249.185,604.014,371.933,4382.03,52.6542,372.939,4136.54,19.1165,2439.87,4385.05,22.8056,1301.26,233.087,696.913,2486.15,2252.06,55.0018,1327.42,508.096,512.791,11510.5,69.0876,3723.35,3.0184,203.238,160.645,5182.62,306.199,4674.48,142.679,198.879,851.039,1857.32,9113.87,439.679,694.23,76.1306,736.823,551.024,0.0,922.957,65.7339,5067.21,886.066,868.962,12.0736,6335.94,4316.3,319.279,1463.92,4409.2,900.152,594.288,132.809,2.0123,4846.2,489.986,467.851,7295.16,483.969,2617.95,125.766,2704.14,5543.11,5359.99,627.155,20.7934,125.766,6.3722,1344.19,1249.95,1904.27,63.7216,272.326,1936.13,2112.87,702.279,2.3476,38312.5,3520.45,2720.91,200.22,264.612,1646.37,180.097,4468.23,3964.15,321.291,6290.43,45781.3,1158.86,130.462,2174.58,113.357,0.0,0.3354,62.7155,977.288,13780.6,3972.87,1782.53
TCGA-AR-A1AI-01,67.3928,2306.67,1922.74,2293.74,615.385,3.4037,83.0497,985.024,235.534,225.323,2430.22,1399.59,933.628,2688.22,1675.29,847.509,500.34,2358.32,575.902,719.197,421.035,3056.5,250.17,331.858,1139.97,348.877,764.466,1900.27,1008.17,346.154,14362.8,1480.6,244.044,14461.2,462.56,1252.89,3004.42,4022.46,515.657,753.574,128.659,94.6222,204.221,630.02,14124.2,16544.9,1380.87,0.0,192.308,1408.44,8794.02,4208.99,0.3404,4769.91,1448.6,5289.99,178.693,524.166,1345.47,51.0551,629.68,1286.59,663.376,4433.63,3779.78,0.0,383.057,354.663,577.604,2519.74,937.713,86.4534,6080.33,283.186,1717.15,10211.4,40.8441,451.692,483.322,2202.86,16.678,208.645,388.7,603.812,36.079,79.9864,313.819,2635.47,66.0313,836.624,352.621,55706.9,120.831,0.0,41176.3,377.127,2068.07,731.79,3147.04,4176.99,529.238,1504.77,158.952,55144.7,2415.25,65.3506,644.997,1506.81,15.3165,4.0844,60.2451,0.0,18.7202,3073.3,25651.1,1582.71,1073.52,435.671,1857.39,1737.58,72.1579,7595.98,441.116,72.4983,0.0,183.458,1242.68,428.523,540.163,10784.5,117.087,474.132,136.147,2624.23,62.6276,878.148,3952.35,20.7624,2329.48,4224.3,302.927,1137.85,2299.52,392.784,4106.54,3585.77,22.1239,3380.53,8.5092,591.899,9094.62,955.072,3375.09,4.7651,62.6276,99.047,3658.7,228.727,5240.98,46.7393,44.9285,346.46,820.967,16628.0,910.824,778.761,0.0,136.487,1025.87,0.0,2386.32,93.9415,4562.63,363.172,9.5303,748.809,4733.15,1715.45,224.302,593.261,2351.94,258.679,450.647,386.658,255.616,2118.11,1395.51,306.671,5763.14,794.595,2812.12,660.313,4472.43,14781.5,14371.3,1460.52,29.612,68.0735,3.4037,2310.42,1414.23,8840.37,520.762,561.266,3126.28,1416.61,270.933,0.6807,1042.89,3286.59,2136.49,160.994,1193.67,2120.49,7094.96,4104.15,5357.05,2947.92,6400.61,37931.9,1442.71,273.996,1137.85,573.86,0.6807,6.1266,4.0844,394.826,8962.9,3146.7,1776.04
TCGA-AR-A1AJ-01,92.4369,3290.99,2516.29,1398.93,837.347,36.7427,9.6691,1613.97,854.751,239.794,1661.16,1378.82,1232.62,1675.47,1402.02,586.619,356.211,1140.96,290.461,680.32,481.136,2136.88,469.92,1582.64,1161.58,8545.18,1529.66,1432.19,1591.15,1670.44,9978.54,2193.35,209.627,7659.89,1446.12,815.301,1936.53,1388.87,1796.52,733.307,500.861,328.75,438.979,346.928,10459.3,76805.8,3667.31,0.3868,633.521,2108.64,11045.9,7343.9,0.3868,3949.26,2489.22,4533.28,776.238,628.88,1292.57,22.4324,797.889,3967.44,906.578,1824.37,2156.22,0.7735,251.185,420.801,187.194,4506.59,1073.27,116.03,2478.39,378.643,705.46,6247.42,56.8545,195.363,1626.73,108.681,125.312,214.268,768.503,800.217,70.0045,357.371,5430.96,1513.8,419.254,1243.06,221.23,32533.5,401.462,1.5471,13898.8,269.962,2047.92,1876.59,2395.24,4060.26,761.135,922.822,201.505,41317.0,3221.75,1256.99,150.452,2660.56,371.295,6.9618,317.147,0.3868,179.335,3259.56,12753.6,2437.78,2403.75,927.85,2895.71,1010.23,287.753,2784.71,773.531,155.48,0.7735,362.012,2071.51,488.871,223.937,13218.5,659.822,793.642,679.547,8957.1,70.0045,4168.94,5829.71,11.9897,1887.03,3213.63,481.136,753.806,6255.54,144.263,2739.85,4231.21,14.6971,1834.04,248.69,3976.33,8950.91,1433.74,1907.14,5.8015,1202.45,12.3765,5290.55,276.537,2303.57,25.7856,211.561,2358.15,2666.36,11863.6,884.919,1401.25,1981.79,616.891,974.262,0.0,3702.89,168.243,3780.63,2028.97,63.8163,40.2236,3426.35,2552.65,511.69,394.114,2562.32,743.363,959.565,209.24,513.237,2609.89,3270.49,1358.71,4664.84,544.183,5228.29,1174.22,7128.86,26544.1,8001.01,1686.68,44.8648,291.234,1.1603,1973.66,1965.93,3132.8,276.924,1303.4,7330.75,5088.28,937.906,5.0279,8283.74,7618.5,9577.08,247.53,2674.48,971.941,5442.17,3760.52,4730.91,3617.42,7244.89,32379.2,1199.2,204.212,1129.35,351.57,4.6412,23.2059,90.5031,854.365,8752.11,2928.59,1194.72
TCGA-AR-A1AQ-01,47.5207,1585.74,3126.03,2191.63,368.285,15.4959,29.4421,852.789,505.682,223.657,1662.71,1011.88,595.558,1703.51,1797.0,1140.64,321.798,1558.81,179.752,501.55,274.793,1812.5,438.017,809.917,840.832,2602.3,987.603,3574.38,736.054,985.537,7056.3,1784.09,165.289,3264.46,1213.84,1068.18,3445.25,786.674,1108.99,2217.98,725.723,290.806,583.678,755.682,7341.94,62867.8,1715.39,1.5496,368.802,1814.57,9431.79,6338.84,0.0,7020.14,1014.98,3893.59,371.901,709.711,667.355,6.1983,187.5,1042.36,1801.14,4384.3,1689.05,1.5496,474.504,182.335,136.364,2673.55,1416.84,186.983,3209.71,749.484,561.467,2962.81,163.223,45.0568,1126.55,125.516,311.467,81.095,279.959,1181.3,38.7397,137.397,643.595,2264.46,80.062,604.339,393.595,88419.9,287.19,0.0,32694.2,305.269,2933.88,740.702,4865.7,2156.51,742.732,1174.59,850.207,93578.5,2024.28,77.9959,270.661,1128.1,51.6529,5.1653,128.616,0.0,40.2893,2948.3,25243.8,2040.81,1554.24,802.169,720.041,1753.62,731.922,2916.84,507.231,119.318,4.6488,206.095,1424.07,482.438,16.5289,10638.4,662.707,652.893,1995.35,6535.12,193.698,2930.79,7414.77,8.2645,2614.67,3267.05,458.161,1156.51,824.897,406.508,3142.05,2872.42,14.4628,1133.78,88.3264,1348.14,11462.3,2118.8,2237.6,5.6818,645.661,34.0909,6864.96,313.017,4620.87,72.9184,168.388,938.59,2414.26,10726.8,466.942,1824.38,19.6281,466.426,1866.74,0.0,2457.13,96.5909,6394.63,2143.59,41.8388,28.9256,12558.9,1992.77,216.942,558.368,1848.14,561.984,527.893,73.3471,8.2645,4529.44,1284.09,275.31,5800.1,395.274,4630.68,792.355,3774.79,20645.1,4438.53,928.719,19.6281,139.463,23.7603,4144.11,1529.44,2612.09,321.281,817.665,3095.56,1597.62,866.736,3.0992,4789.26,5003.62,2324.9,62.5,1201.96,2206.09,1836.78,4257.23,3664.77,963.326,4368.8,28526.9,2316.91,246.901,1722.11,1703.0,4.1322,47.5207,15.4959,664.256,11254.1,4534.61,1083.16
TCGA-AR-A1AR-01,61.7894,2909.79,2514.34,1491.35,1071.68,19.2783,19.7726,2316.11,773.356,121.354,703.905,1858.87,2217.5,957.489,2888.28,425.208,451.557,1783.53,317.103,827.978,650.519,2816.11,505.932,1867.52,2103.34,12265.2,656.698,1123.33,421.157,765.447,6796.59,1129.26,196.243,4656.95,1980.47,882.106,2021.5,4796.34,980.969,841.572,1070.69,342.808,394.216,854.918,15844.3,88980.2,3650.27,1.4829,266.683,897.924,14164.2,2660.9,0.0,3924.62,1013.35,8207.86,1155.46,213.297,1654.23,111.468,1253.57,4845.53,837.37,1543.5,1551.9,44.9827,338.112,389.521,410.776,5157.93,1685.37,105.784,1906.57,407.316,426.841,5087.49,96.6387,121.28,1095.4,46.7128,10.3806,31.8833,303.51,1730.6,46.2185,183.885,4463.91,2031.64,3244.69,620.366,162.877,30154.7,860.85,0.7415,12997.0,156.204,1919.67,639.15,2510.38,5467.13,572.14,1512.11,156.945,34695.3,6625.56,845.526,65.7439,25037.1,22.9857,12.3579,308.7,0.0,192.907,1504.13,14906.8,1638.41,1568.71,1331.69,5162.14,3507.91,139.397,3257.04,262.729,148.542,0.0,229.609,2183.64,675.235,224.666,23369.5,235.541,852.447,372.219,8688.09,101.829,5799.31,5415.22,13.8408,2752.84,2363.32,152.744,1136.18,625.556,218.487,1159.91,4092.19,12.3579,2150.77,98.6159,1705.14,9776.57,1154.97,3767.42,2.7187,332.18,7.1676,3664.08,255.067,2268.66,42.2244,155.709,4140.24,2577.11,12177.2,1164.61,1129.76,665.843,459.961,1327.73,0.0,2216.76,209.59,5136.68,1900.64,172.022,34.3549,1185.12,3623.08,1172.02,404.35,3032.13,631.488,1228.13,205.388,14.3351,4334.9,2230.85,3569.95,5288.52,498.201,3681.91,704.642,19260.0,8937.96,6129.26,1672.76,44.9827,416.955,0.4943,1896.69,1096.64,5530.15,355.166,796.589,19195.0,3293.62,586.258,6.6733,10038.1,7099.85,8545.23,74.6416,1098.37,1518.78,6452.55,2720.22,6558.33,696.49,9367.1,31668.1,1078.76,167.82,1702.42,18.5368,2.2244,4.696,44.9827,616.906,12988.1,4815.37,2071.18
TCGA-AR-A1AY-01,22.0446,2076.24,2736.84,2474.51,807.201,51.8049,30.4951,1130.89,1276.02,253.146,1217.23,917.424,1400.94,2492.51,3207.86,740.163,924.773,1299.68,325.158,724.166,282.906,2495.09,55.479,543.033,1057.67,4576.97,227.427,1080.19,687.793,494.167,10171.4,1177.92,129.696,9478.46,1393.96,2120.69,5302.1,4433.91,893.175,827.041,1250.67,677.873,346.836,1094.52,12309.7,54610.1,617.985,0.0,65.3991,1092.68,11191.2,223.018,0.0,6237.9,1373.38,10006.8,538.624,677.505,3017.18,17.2683,898.319,1875.63,1281.9,3262.24,5811.7,23.1469,344.201,411.5,197.299,7849.36,866.722,107.284,7655.74,897.217,570.589,7082.94,156.149,206.301,737.761,362.634,11.7571,43.7219,94.792,815.284,2.9393,711.307,1245.52,1933.32,75.6866,205.015,307.155,75397.8,529.806,0.7348,22079.5,288.05,2295.95,404.519,4138.15,4897.22,515.47,1073.94,356.388,43211.2,2354.37,232.203,121.98,1773.49,60.6228,4.0415,86.7089,0.0,15.0638,469.165,28214.2,1542.02,1248.46,548.912,177.459,1845.87,276.293,2938.55,59.5205,88.1786,0.0,73.1147,555.525,175.622,55.8464,7595.48,1174.24,792.505,5765.41,7175.9,762.01,2164.05,9418.21,48.8656,2856.99,4475.43,944.98,792.505,1674.29,335.813,7595.85,3226.23,3.6741,1492.79,55.1116,1122.81,15243.5,1404.98,1222.01,2.9393,742.17,41.15,8510.55,378.8,2464.96,46.1835,207.22,991.807,1956.09,17416.0,860.108,1440.98,34.5366,464.774,1157.71,0.0,1194.82,43.3545,4455.59,357.491,160.926,32.6995,7775.51,5824.56,570.589,786.626,3066.41,520.988,227.06,346.836,43.3545,4317.44,1043.08,961.514,7984.22,435.709,3167.08,187.379,4910.81,3038.85,5999.08,234.041,15.7987,121.246,41.8848,3635.53,1276.38,6462.39,213.098,259.759,2910.26,932.488,475.797,1.8371,2625.88,6028.11,8500.41,343.896,264.903,2182.42,398.641,4885.83,6026.27,360.43,10341.5,31808.9,1555.73,311.932,2071.09,246.165,0.3674,2.5719,304.951,713.879,4530.54,4353.08,1337.01
TCGA-AR-A24Q-01,57.3508,1683.84,2689.67,2073.65,827.948,80.9316,23.2897,1048.03,2250.07,58.5153,1713.83,902.183,3896.65,1242.21,1610.48,1039.61,735.953,1651.94,372.635,173.799,220.67,3240.47,185.444,1835.23,761.473,8200.0,969.432,919.651,82.6783,934.207,16002.6,696.652,130.716,6941.78,5527.22,905.968,3004.66,2450.66,1150.22,49.1994,277.729,608.442,306.259,423.872,22395.1,109103.0,1410.48,0.0,65.7933,885.59,27829.0,3124.89,5.5313,2545.56,762.445,6548.47,2172.34,502.766,967.103,13.3916,1464.62,2529.55,1727.22,4352.26,3536.24,324.6,385.735,386.317,268.122,3403.78,667.54,354.585,4163.32,330.422,666.958,11324.9,282.096,679.502,4773.22,3399.71,278.02,90.5386,104.803,1622.42,22.7074,52.6929,1156.91,1494.03,540.611,821.834,408.442,146319.0,2298.98,0.5822,29703.6,483.843,1083.55,312.373,1310.33,2399.71,350.51,1023.58,211.645,38560.1,2245.71,444.833,1571.76,4468.7,87.3362,3.4934,55.6041,0.0,19.7962,1018.9,22382.0,3417.18,842.504,1090.25,1001.16,2170.89,178.748,5919.07,245.124,62.591,0.2911,135.662,606.114,139.738,6.1135,7051.82,981.951,749.927,542.067,11459.1,309.17,6648.33,10095.2,113.537,1267.54,3379.62,135.371,731.587,644.25,135.371,2134.21,1886.46,11.0626,1893.74,203.493,3948.76,5100.44,2638.72,1966.23,5.5313,6453.86,4002.62,6781.37,818.766,2213.68,67.4993,385.444,2088.45,5670.74,9163.03,840.757,1165.07,4.3668,944.978,783.115,0.0,1020.67,130.131,9114.41,1284.72,138.282,36.6812,4304.51,7610.19,562.71,262.591,4004.37,857.933,991.266,127.22,218.923,1197.67,1875.69,742.649,7107.27,530.739,3464.92,369.723,7586.03,10168.6,6999.13,913.537,25.6186,145.851,3.7846,1382.24,847.162,4393.89,73.9447,904.803,3961.86,1683.55,2078.6,15.7205,3639.01,19418.6,30237.8,30.5677,638.428,874.527,682.096,3057.06,4304.22,5761.86,4376.06,20408.7,1022.0,178.457,537.118,108.588,2.0378,19.214,26.2009,1724.02,18322.9,3049.49,1403.78
TCGA-AR-A251-01,45.0728,1510.5,902.947,4756.49,950.813,56.4342,436.387,1989.91,219.404,76.5493,1809.43,355.554,260.938,1657.82,2898.82,1088.67,599.73,2449.64,353.878,1076.91,339.909,1620.57,132.797,2007.6,1040.42,1736.03,349.594,1230.19,519.828,628.785,7221.71,1856.55,315.638,4115.22,1502.68,762.699,1583.32,2993.43,1138.37,252.371,621.893,427.447,217.355,773.688,21260.2,33960.5,781.511,6.3325,159.804,936.658,8473.58,997.004,2.235,2145.99,2879.45,4964.72,865.324,581.477,1064.24,27.0065,2849.06,5280.79,659.702,2551.09,1597.48,15.4589,202.763,967.39,349.035,1816.88,2133.7,128.513,1180.09,274.721,1044.23,12079.5,522.621,727.232,5147.43,1200.95,132.611,78.5981,142.482,1209.89,8.9401,396.157,2297.22,1535.83,206.553,1213.61,1743.13,17640.1,708.128,0.9313,22501.2,250.881,1099.81,289.248,2649.24,5031.21,615.883,497.85,94.4295,52173.1,1944.09,582.594,1413.09,1411.41,50.6604,32.0352,261.87,0.0,196.123,923.948,19725.9,1833.09,1016.75,807.586,2483.66,1234.1,737.556,5576.55,147.697,248.26,67.423,142.482,3073.33,256.282,25.3302,8752.88,3565.04,825.652,203.2,4289.18,313.089,412.547,5563.52,27.1927,4020.98,4512.13,206.18,335.998,1001.85,743.329,2526.31,2441.38,81.9506,4741.77,287.945,1784.47,8354.31,711.667,508.28,1.8625,120.691,25.5164,3332.22,292.601,2082.66,58.74,275.28,1433.68,2441.57,9688.61,1579.97,1232.61,159.431,501.389,1109.87,0.0,1325.55,713.157,6580.45,737.369,255.164,16.7626,2499.31,4957.27,544.04,414.968,2299.03,405.283,600.661,397.274,795.852,1138.18,771.826,1699.92,5123.89,475.127,3664.87,187.928,3084.88,5975.88,9654.71,589.299,51.9641,207.484,52.8954,2138.35,2286.05,3010.94,1515.9,415.341,2476.21,1666.58,2159.58,5.7738,4176.69,14595.6,9528.99,179.546,488.724,1676.82,763.817,2642.53,8380.75,4564.09,5057.32,25054.0,1535.04,270.065,727.498,7.0776,0.0,59.9729,28.124,713.902,8184.63,4488.66,1221.62
TCGA-AR-A256-01,6.2135,1078.48,2203.42,2244.25,1360.16,245.58,476.663,677.565,220.726,65.0936,1714.62,1507.8,562.172,2041.57,2223.54,1621.81,530.808,1872.82,344.996,545.602,529.921,2716.18,88.4681,837.932,4956.77,2928.41,184.925,698.277,576.966,492.936,5843.33,6256.97,261.265,11623.3,825.209,921.666,2635.99,6079.74,348.546,1595.38,633.479,310.97,68.94,571.048,17755.5,35318.3,1400.1,0.0,86.9887,1001.85,11256.3,304.164,0.2959,3922.78,3684.59,2876.54,332.569,865.153,1028.18,56.2172,784.966,1170.5,732.894,1894.81,3491.09,13.6105,244.101,381.389,33.4344,1398.92,790.591,89.3557,4747.1,662.771,369.85,7700.87,567.202,488.442,408.61,3812.41,94.9774,185.221,124.565,857.756,1.7753,338.191,727.569,3009.1,194.393,237.296,447.962,59713.6,567.202,0.0,24252.4,408.314,695.614,302.093,1835.05,3635.48,921.047,875.509,142.614,41156.9,1259.26,51.1872,1421.41,1066.06,4.4382,13.6105,188.476,0.0,21.5992,1434.64,12481.4,1297.14,1599.23,526.37,3482.8,1574.97,221.91,1882.39,107.109,39.9438,3.2547,143.798,3810.64,307.123,311.857,15303.8,3305.27,494.119,1413.42,2408.46,1398.92,2010.5,6685.41,28.7003,1779.72,2705.82,105.333,896.812,7068.57,17.4569,3154.67,11704.7,8.8764,1931.21,22.4869,2906.13,17541.5,2410.24,3326.28,0.8876,1607.22,36.3932,2516.64,266.884,4416.6,35.547,109.18,491.223,1767.88,11178.0,765.145,870.479,22.191,410.089,1696.87,0.0,1427.92,42.0149,5070.49,2631.26,79.5917,13.6105,1810.19,6189.51,283.453,382.869,3865.97,345.884,1696.87,199.127,13.9064,3436.64,7254.38,755.677,6871.23,508.404,2340.11,373.992,13410.2,18086.0,5764.63,1077.59,21.3034,89.3557,3.5506,3755.9,1048.6,5903.99,1866.11,496.19,5272.58,874.917,683.187,0.5918,2410.24,5782.08,6495.45,181.67,405.651,1381.17,4700.05,3846.73,7744.06,445.891,6696.7,26088.9,760.32,342.037,990.014,2194.54,0.2959,2.9588,12.7228,730.527,11092.5,2812.63,2044.23
TCGA-AR-A5QQ-01,40.2385,1935.92,5028.32,1834.08,349.727,6.9548,2213.61,670.144,209.637,307.005,2482.36,1209.14,603.08,1420.77,1410.83,1548.28,336.811,591.689,101.341,783.184,110.283,955.291,275.211,14907.6,1411.44,5152.57,571.287,2752.61,420.765,612.519,32348.7,5105.81,175.36,3996.03,1543.47,1425.24,5060.61,2330.85,8026.83,47.1932,48.6836,480.874,508.197,702.931,8824.14,98212.6,2219.57,419.772,423.746,2820.67,11204.2,3184.8,0.0,2545.95,493.294,3917.54,259.811,706.905,426.726,65.5738,642.32,8605.56,494.287,1919.52,415.797,39.2449,279.329,125.683,168.405,3360.66,3775.46,125.186,1057.63,834.078,365.127,5253.35,123.199,73.0899,648.783,245.405,278.192,105.812,402.881,1032.29,19.8708,12.916,7185.79,2189.77,51.1674,791.853,1912.57,205788.0,783.905,0.0,18794.3,280.179,1274.71,1117.73,4575.76,6039.74,571.287,1396.42,4332.34,35181.3,2020.86,42.7223,607.054,3126.68,1475.91,1178.84,654.247,0.0,136.115,3471.18,11850.5,10130.2,8740.69,346.249,118.728,689.518,3398.41,7716.84,678.092,239.94,5.4645,234.973,862.394,243.418,16.3934,13521.1,1477.89,989.071,39754.6,16010.9,694.486,5234.97,33073.0,6.458,738.698,1868.85,939.891,1029.81,764.531,96.3736,2657.72,2913.56,91.4059,1101.84,172.38,1729.26,15872.8,2112.27,360.656,12.916,258.321,16.8902,4353.97,508.589,4167.91,199.702,754.595,911.446,2854.45,25380.5,214.108,1370.09,26.3289,8178.34,3124.69,0.0,5238.45,40.2385,4354.69,1202.68,356.185,5862.39,6238.95,2073.03,449.578,465.474,2215.1,1161.95,946.846,18.3805,81.9672,4646.8,1667.66,48777.4,4824.37,436.066,3983.61,1298.56,4862.89,11604.6,4888.72,963.736,19.8708,118.231,26.8256,2363.14,1631.4,5825.14,2186.79,2674.12,114068.0,4000.0,81.9672,4.4709,10425.2,6138.6,5951.81,102.832,1803.28,1480.87,5304.02,2200.7,4211.13,379.533,2379.88,39742.7,1210.94,353.204,2049.68,482.365,1.4903,9.9354,7.9483,779.931,7010.43,845.504,1104.32
TCGA-B6-A0I1-01,0.9699,1501.13,7853.54,1498.22,486.906,16.8122,67.5719,482.703,75.3314,17.1355,1664.4,1056.58,910.12,1409.31,735.855,713.072,330.1,935.231,112.835,415.454,53.9929,1167.47,23.925,308.762,320.33,531.875,125.445,1433.56,745.554,323.957,2370.51,2710.96,352.767,9003.88,106.046,770.449,3628.19,91.1736,1105.08,1408.99,483.349,450.048,1257.36,345.942,7251.21,11572.9,257.679,0.6466,929.842,1906.89,4269.3,116.069,1.6166,4895.25,1846.43,2785.0,60.1358,1606.21,1214.03,53.6696,273.844,781.119,119.302,6949.24,5005.5,0.0,157.617,176.851,15.8422,650.178,1454.57,20.0453,2085.35,602.651,53.9929,1244.75,32.6544,405.962,152.279,303.265,353.702,196.25,40.4138,215.648,0.3233,1545.1,740.705,781.119,35.5642,350.469,379.567,108666.0,163.272,1.2932,61660.2,1831.56,2305.21,80.1811,7570.0,1126.74,306.162,2461.69,1310.38,31305.5,935.014,13.9024,2676.04,5164.24,72.7449,2.2632,12.9324,0.0,8.7294,547.95,7566.12,4787.58,3030.71,184.287,661.494,500.808,6558.03,475.913,310.702,14.8723,0.3233,127.061,810.54,146.136,104.429,22932.1,301.326,369.221,16.4888,860.653,433.56,1500.48,4516.97,23.6017,1144.52,1455.22,203.362,1522.47,23858.1,3.5564,3472.36,4041.38,13.2557,1922.08,80.5044,1539.93,6410.6,3347.56,1078.89,8.4061,19.0753,3.2331,4596.92,271.135,3643.71,52.3246,534.756,70.6628,611.38,17710.6,212.092,1711.28,1.2932,147.753,339.8,0.0,2351.12,179.437,2693.18,547.365,2.2632,110.572,3542.19,1416.1,38.1507,296.799,1780.15,712.254,110.896,18.1054,64.9855,1835.11,2816.68,166.828,7390.71,696.246,19583.3,86.6473,3205.63,3281.6,21703.8,787.262,190.753,10.0226,22.6317,1104.75,2056.26,1180.41,312.965,182.347,4245.07,165.858,538.959,6.4662,4903.98,4105.72,3511.15,13.579,190.43,693.501,1297.12,2090.53,4176.53,2993.86,3075.13,24396.4,249.431,480.116,646.298,3973.49,0.6466,45.9101,95.7,521.177,5357.26,1002.26,1693.18
TCGA-B6-A0I2-01,80.2706,2008.57,3601.35,3255.47,316.573,0.451,25.7046,651.635,654.341,163.698,3090.42,2812.18,1662.68,1236.98,820.293,663.874,308.455,1108.97,211.499,248.478,126.719,2273.28,217.362,3899.44,614.241,26009.7,1006.09,1676.66,310.71,416.235,8071.7,981.285,71.7024,4781.51,236.753,982.638,2993.46,3160.77,430.665,2828.41,3455.69,633.145,1314.09,257.046,4498.31,12221.0,1349.27,0.451,387.373,2258.85,4952.37,10311.2,0.0,4280.95,2236.3,4758.96,62.6832,1271.7,1314.54,2.2548,856.365,521.308,1429.09,4480.72,2295.38,225.93,533.484,271.026,1518.38,1214.88,833.371,38.3315,7765.95,1101.69,447.576,3425.93,12.6268,62.7463,910.936,1455.24,18.9402,99.2108,331.454,365.276,14.8816,9295.15,727.396,1318.6,1791.66,1828.64,437.88,211701.0,4456.82,0.451,37806.5,365.276,3121.98,1238.78,1912.06,1390.76,251.635,1467.42,426.606,39132.4,1586.47,36.0767,50.9583,2035.17,39.6843,4.5096,206.99,0.0,139.797,5747.65,3962.12,1082.3,1200.45,265.163,1651.86,1221.65,22.9989,1449.38,647.125,16.2345,1.8038,133.033,928.974,171.364,81.1725,9101.24,1316.8,464.036,64.487,691.319,13.0778,2385.12,3842.16,17.1364,1136.87,1948.59,340.474,1446.67,907.779,119.504,1895.38,4248.93,0.9019,807.666,22.9989,744.983,10640.8,97.407,2014.88,3.6077,71.2514,164.6,13396.0,294.927,3528.75,31.4453,243.066,137.416,778.805,6283.65,295.378,828.41,31567.1,81.1725,833.822,0.451,2908.23,38.3315,1642.84,2822.55,35.6257,32.018,2497.41,1425.93,29.7632,408.117,1609.36,1354.68,302.593,40.1353,3.1567,1198.2,1661.78,99.6618,5087.17,559.621,4379.26,766.629,5362.8,9743.4,4916.35,356.708,9.9211,31.1161,408.117,2701.24,1324.01,955.13,87.4859,610.597,2091.54,974.07,1192.78,2.2548,3131.0,2439.68,1783.54,50.5073,2364.37,493.799,3011.05,3250.51,2275.08,421.195,3478.35,44018.5,484.469,375.197,409.019,5243.29,9.4701,40.1353,2.7057,615.107,4470.8,1209.02,1521.98
TCGA-B6-A0IJ-01,52.1337,2556.51,3677.67,2863.99,444.538,3.3635,25.226,634.854,928.596,189.195,2032.65,2258.01,1292.41,3441.95,1212.53,1351.78,693.434,951.591,413.426,63.065,366.337,1594.0,280.849,988.018,1711.68,7238.09,1086.12,1814.03,751.174,587.765,10384.7,4496.67,306.358,4220.31,364.375,942.05,3059.35,2184.01,975.965,21.3019,21.3019,1074.07,401.093,427.16,7075.61,14172.8,2481.68,1.962,324.574,2077.22,7676.8,9967.07,0.8409,6390.58,2528.2,6012.47,179.665,1993.13,1297.46,2.5226,420.408,394.647,354.285,2279.59,1367.53,27.188,324.025,116.6,321.211,5360.52,1035.11,54.376,5358.28,1112.19,294.864,276.925,79.8823,36.6365,1978.28,596.174,13.4539,305.234,421.834,656.156,17.3779,195.361,1178.33,1926.42,96.4193,436.97,374.185,87455.7,1023.61,0.0,30721.9,708.85,2167.47,3613.2,4109.59,2558.19,84.3613,1783.48,623.923,51768.8,1493.38,43.1645,161.166,2034.62,28.8697,3.6438,243.851,0.0,26.9077,3762.76,10502.1,4215.26,1493.38,1083.6,1135.17,1168.52,455.189,1024.46,412.024,262.35,0.8409,164.53,1254.57,553.29,3.0832,13650.1,623.082,616.075,97.5405,2125.99,89.4121,8500.88,6195.5,3.3635,1343.14,3166.98,552.449,1327.45,8543.76,219.186,9156.47,6658.54,21.3019,1081.91,134.819,3412.8,16150.2,995.866,2483.64,8.4087,3631.7,45.1265,6586.26,710.532,3946.18,198.304,131.736,337.168,761.825,14990.1,510.686,1912.13,248.055,631.771,1627.36,0.0,3077.85,47.6491,3785.58,1464.23,28.5894,30.5515,4848.99,2081.14,108.191,695.957,1871.21,456.871,1107.7,57.4592,214.141,2200.27,1668.0,266.274,8121.72,462.112,3304.88,1287.92,3847.24,13120.6,7216.03,954.383,9.5298,40.3616,19.0596,3542.29,1781.52,8181.91,331.301,752.855,3092.71,683.064,110.994,1.6817,2876.32,2694.7,1111.06,161.166,1919.98,625.044,2062.64,3934.41,5303.06,4059.98,5668.22,32134.3,2225.81,432.766,740.803,5689.02,1.6817,11.7721,0.5606,554.972,5935.67,1958.1,1616.71
TCGA-B6-A0IQ-01,29.3946,2584.32,2359.07,3155.72,739.664,87.8838,16.7969,649.98,952.324,35.9934,1145.49,334.738,826.648,2126.61,1024.01,999.953,537.501,1586.85,372.531,414.224,159.87,6874.43,475.113,906.433,875.518,9529.94,406.725,1280.16,571.395,728.866,3595.74,580.693,472.77,4218.72,345.836,1828.46,7621.9,2293.08,1104.7,2110.11,1155.99,301.744,644.581,565.696,5464.69,36943.0,570.495,0.0,54.29,1576.51,16805.0,1537.22,1.1998,4653.34,102.281,3882.78,183.866,888.136,1806.87,6.5988,335.635,1266.07,572.894,3005.75,3057.94,26.995,199.523,255.853,17.9967,994.617,420.822,191.065,2745.99,1145.19,68.0875,2716.6,78.8855,11.119,9812.39,192.265,446.018,311.643,104.681,741.163,5.6989,139.174,534.802,931.628,376.131,1393.84,128.976,114226.0,134.975,0.8998,86838.5,568.395,2860.87,183.866,2998.85,1469.43,1164.05,1613.4,689.873,35296.3,1801.17,22.7958,2889.07,8811.18,14.6973,2.9994,36.2933,0.0,11.1279,1704.39,13022.1,8158.5,1401.64,438.519,3114.33,974.82,29.0946,2441.55,171.568,52.4903,0.0,186.266,149.672,73.4865,64.4881,25146.2,432.52,475.113,54.29,1389.04,80.6851,1151.49,5798.83,12.8976,1838.96,3600.84,307.443,1699.79,816.75,530.002,4671.04,4664.44,33.5938,1311.66,467.914,1844.96,20126.3,1099.6,1136.79,6.5988,2114.01,110.98,8665.72,384.229,2872.87,139.096,177.567,876.187,1492.23,7349.85,434.32,781.656,284.048,1322.16,719.567,0.0,1899.85,180.567,1616.1,1360.55,503.307,78.2856,7955.43,2590.32,131.376,535.701,2273.28,699.471,122.078,20.6962,14.0974,3339.28,1043.51,187.166,10355.4,599.401,5567.87,266.051,1107.7,4739.13,4050.75,605.888,18.5966,126.577,1.1998,2182.4,1234.27,2232.49,35.9934,343.737,1133.19,685.974,47.0913,1.7997,11019.1,1360.55,1275.07,272.35,459.815,691.373,1638.6,2886.37,6363.93,702.171,5289.95,58209.7,811.552,725.566,1551.61,525.203,0.2999,13.4975,40.4925,655.379,11848.7,2360.86,1676.69
TCGA-B6-A0RE-01,7.7168,1174.5,3147.29,1976.66,524.742,21.607,350.728,596.122,205.267,713.803,1850.49,983.505,560.625,1978.59,2089.71,1154.27,284.364,1988.05,220.7,266.229,144.69,2257.93,66.3644,630.462,750.122,7785.64,312.144,1193.79,447.574,448.346,11297.0,2571.62,135.43,9100.41,1178.74,761.648,3548.95,2312.34,1042.54,2480.18,2460.89,247.709,292.081,503.907,20353.4,99177.4,517.797,0.3858,54.0176,1717.37,15692.8,304.813,0.3858,6788.85,1373.59,3412.75,468.409,821.838,1046.01,10.4177,671.361,2227.07,637.793,3129.93,2876.82,3.8584,314.074,124.626,226.102,3435.13,1375.52,128.099,5380.53,554.837,455.677,3956.4,185.203,140.762,566.798,413.234,77.5538,124.626,120.768,443.716,59.4193,159.738,367.319,1941.16,236.906,484.229,434.841,141661.0,861.58,0.0,33443.4,307.514,1332.3,1055.27,2141.41,3743.42,365.39,1286.78,963.056,46578.2,3145.75,21.2212,951.866,5950.81,68.2936,3.0867,116.909,0.0,8.1026,830.674,7894.28,2856.37,2240.57,273.946,565.255,1643.29,1157.9,4228.03,104.177,2019.08,25.4654,65.5927,1557.63,91.0582,167.454,19394.2,1191.09,536.703,339.153,5429.15,131.957,1084.98,10490.2,16.2053,1796.08,2009.45,294.781,1031.35,2066.56,190.991,3309.73,4143.92,55.5609,1265.55,37.8123,1451.14,11040.4,1187.61,1545.67,0.3858,2222.44,35.8831,5288.25,349.571,3289.67,105.296,286.679,507.337,1955.44,17263.2,457.22,806.405,10.4177,2698.18,1183.76,0.0,1568.05,27.3946,4274.33,1969.33,53.6317,44.7574,3574.03,2797.72,390.084,353.429,2594.0,725.764,389.312,49.0016,16.2053,2154.53,725.379,1384.01,5752.61,444.858,4776.7,248.481,11804.4,3555.9,5047.55,220.7,8.4885,56.3326,6.1734,3410.44,2652.26,2578.57,3711.01,604.225,3656.6,1213.85,114.209,4.2442,5181.44,7808.24,4964.21,40.5132,614.257,876.242,2105.14,2869.1,2912.32,776.309,5281.2,28363.8,949.355,501.592,1101.96,712.646,0.3858,11.1894,13.1185,475.74,6454.71,3683.61,1223.88
TCGA-B6-A0RT-01,380.226,1576.54,4062.63,3505.64,673.025,37.5139,13.6703,3024.64,1107.93,282.944,1169.61,1388.97,1012.24,1822.29,1927.52,605.808,426.959,1449.23,132.252,167.223,366.238,1453.19,578.604,1144.17,961.599,1162.57,2493.4,2051.5,399.301,1311.72,9107.93,2661.9,109.68,6357.34,1644.25,663.17,1918.61,1342.23,948.339,1790.18,1869.97,550.31,1119.69,210.777,9847.72,46344.3,1638.53,0.3179,529.963,3126.37,5945.89,32154.5,1.5896,4261.33,1316.17,5151.49,511.524,380.226,1052.3,39.4214,545.859,1022.73,474.646,3156.57,1380.38,18.439,381.497,276.268,126.212,6993.48,1660.15,140.2,2036.56,560.801,699.412,3141.63,194.882,171.156,1779.05,427.595,467.652,49.2767,522.651,742.648,200.922,23.8436,390.081,1818.79,1416.94,2104.59,471.149,23150.5,432.046,0.0,30583.1,339.215,1423.94,1021.46,3146.72,2680.65,547.754,1098.71,332.856,33457.0,1887.14,964.553,264.187,5945.32,132.57,2.5433,50.5484,0.3179,25.8178,3950.6,7331.74,2305.2,2541.73,805.277,473.693,1278.02,238.754,2845.33,1995.23,192.338,7.312,298.204,1398.19,333.81,18.757,15845.2,915.912,747.417,22.5719,7055.16,273.089,2870.45,3727.55,8.2658,1615.64,1951.36,174.853,1148.62,1749.17,325.862,4217.77,3831.19,43.2364,1107.61,572.564,2525.19,10303.9,457.161,1817.84,20.6644,729.614,144.015,7051.44,411.063,3158.16,48.4311,374.185,2191.52,2246.7,7370.21,726.753,2092.83,44.8259,577.015,715.943,0.0,3223.02,195.517,4995.07,1848.67,34.0168,55.9529,2471.79,2608.49,274.36,237.164,2822.67,660.626,855.826,203.465,83.2936,2307.74,1570.82,806.867,4884.61,544.422,3440.79,975.362,122.079,17987.3,5526.94,1569.86,53.7275,377.682,1.9075,2869.81,1359.08,3025.27,268.002,1770.15,1621.05,4126.21,900.334,3.4971,7208.71,5381.97,8962.96,179.304,3452.55,1049.75,3027.5,2619.3,2670.16,3271.98,3139.89,25868.4,846.651,274.678,1049.75,152.599,17.1674,48.0051,15.2599,1514.86,5828.96,2069.31,1983.47
TCGA-B6-A0RU-01,113.189,2391.87,5238.97,2862.01,1042.12,49.6753,149.026,527.268,2067.56,19.1605,1215.63,669.552,1837.63,1334.14,903.381,973.927,274.988,1005.92,194.443,468.722,236.667,2042.36,92.2541,4258.24,1249.44,1774.12,599.297,1798.25,372.21,2186.42,5003.72,3438.59,246.961,10061.0,2923.04,1323.85,2852.78,1179.43,1906.47,1390.55,284.923,2099.14,2855.26,570.911,8827.65,38381.3,808.288,0.0,40.0951,1093.92,29727.3,913.316,0.7096,2208.07,1349.39,7674.12,734.485,816.804,1123.02,122.769,696.511,10565.2,1222.72,3457.76,2727.88,141.929,639.037,446.368,361.565,4090.05,1252.88,524.074,1865.66,712.84,225.668,24443.4,319.341,1034.95,3739.84,2606.89,63.8682,239.861,60.6748,1346.91,9.9351,330.341,13408.8,790.902,4519.03,762.161,219.281,60881.0,3276.44,0.0,49263.0,357.662,3115.71,149.381,2313.45,3996.02,1095.88,1239.4,489.302,38280.5,2361.0,483.27,2695.24,2319.13,295.213,0.7096,41.1595,0.0,30.16,527.559,13633.0,5818.75,3087.67,1443.07,3023.45,778.128,23.0635,5383.38,72.7388,46.4819,0.3548,528.687,981.087,98.9958,33.3534,6004.32,1019.41,1135.44,39.7402,7535.03,101.834,3086.61,6157.96,13.4833,2642.37,3544.69,381.435,1088.95,2578.15,271.795,3093.71,3449.24,40.4499,1749.63,572.33,3698.33,17852.6,1167.37,2742.79,3.9031,4630.8,772.096,4876.09,238.512,6101.19,188.198,729.872,1743.49,2639.53,15842.5,554.589,372.565,113.189,968.668,230.28,0.0,1360.04,337.792,5259.19,1159.21,111.06,190.185,7027.99,2850.3,810.062,482.56,2694.53,1060.92,630.521,83.7383,87.6414,3765.74,1207.82,390.306,6163.38,798.371,5065.82,234.184,1773.76,3523.75,4769.54,551.041,45.4174,284.923,3.5482,4673.74,1148.21,6632.01,205.443,547.847,1770.21,2692.76,4014.47,4.2579,4076.92,10580.1,13470.9,33.3534,408.047,554.944,2026.75,4576.86,6669.26,658.198,4049.33,44684.0,3171.34,483.625,1791.86,374.339,1.4193,12.4188,4.2579,997.764,8256.74,3411.63,1960.75
TCGA-B6-A0WX-01,87.6021,1637.51,2222.29,1278.0,512.719,23.8915,40.1984,1107.35,516.89,58.0222,1562.05,638.623,735.706,891.949,1376.6,312.095,157.76,1676.32,166.482,386.815,91.0152,2013.71,142.211,1533.61,298.572,4597.51,1070.57,1071.32,97.4621,813.069,4083.17,646.587,68.2614,7599.39,4697.14,670.479,3501.43,1322.0,1088.01,679.201,3003.88,284.043,510.443,254.084,9353.33,366877.0,888.915,0.0,170.654,1156.27,10081.4,2937.14,2.2754,6233.78,1191.92,3185.53,883.606,252.946,1143.0,211.61,504.376,1435.76,371.266,4192.77,3207.53,19.72,214.644,228.296,45.5076,2156.68,869.953,197.2,3349.36,485.035,442.941,3951.96,574.913,154.684,2610.24,643.553,130.076,120.974,83.0514,572.258,33.3722,316.657,992.066,1517.68,721.675,752.013,441.803,30226.9,820.274,0.3792,79398.2,1103.56,2281.83,248.016,1793.38,2066.8,258.244,796.004,325.759,30905.0,2940.93,1266.25,1058.43,8808.75,361.785,1.1377,27.3046,0.0,6.8261,786.098,18334.6,7421.53,1686.44,570.741,1250.32,1061.09,1936.35,9545.98,302.246,70.5368,4.1715,231.709,1078.15,97.4621,184.306,11480.8,1312.89,617.386,48.1622,21773.9,1320.1,734.948,10649.9,47.783,1054.26,1762.28,183.547,942.007,2414.56,91.7736,1126.31,1415.67,206.68,1942.04,1102.42,1438.04,9239.94,1157.03,1295.83,8.7223,1485.06,129.317,6089.15,442.941,1799.07,157.68,795.624,1824.24,5277.36,5167.01,463.04,1963.27,968.174,1938.62,771.354,0.0,1801.34,216.919,3619.37,1795.27,58.0222,321.208,9024.16,1617.42,752.392,237.777,2281.45,1381.16,717.503,45.8868,69.3991,1130.48,1097.49,571.879,5335.11,776.155,4172.67,416.774,582.876,4284.92,4716.1,651.138,36.7853,196.441,0.0,1083.08,1309.1,1174.85,327.655,1268.14,2839.29,1897.29,935.939,17.4446,8024.13,18519.7,13111.1,27.3046,692.095,720.916,4257.61,2275.76,2545.01,6263.74,5581.68,23803.1,385.131,256.739,634.452,136.144,1.5169,15.9277,4.93,937.077,10649.5,2578.01,1095.97
TCGA-B6-A0X1-01,47.8326,2116.05,3022.69,3702.68,602.799,66.8569,11.9581,770.757,522.354,362.006,1022.42,1217.56,717.489,4034.79,1198.53,1609.45,597.907,1717.31,407.12,1197.45,544.639,2214.97,147.303,912.08,1068.0,18456.3,855.008,1733.39,870.77,350.048,20549.0,3018.34,148.39,6847.67,222.856,622.911,1790.46,1212.12,993.613,2011.69,2706.35,847.941,778.91,395.162,24921.9,11119.4,999.592,0.0,149.477,2085.61,8759.81,338.089,1.6307,3217.83,213.072,6089.41,183.177,275.037,1329.53,463.65,555.51,1217.01,766.952,5552.93,1600.76,17.3937,179.59,622.367,981.112,1151.24,2869.96,70.6618,5112.11,689.768,2171.49,6880.28,29.3518,128.458,285.908,116.32,58.1601,191.874,107.623,601.712,17.3937,129.365,373.964,2618.83,39.6793,274.494,724.011,135014.0,174.48,0.5436,10590.0,346.243,725.098,687.05,3752.14,2165.51,2392.04,1780.68,606.604,49522.5,4144.58,20.655,33.7002,1739.91,65.2263,13.0453,64.1391,0.0,26.6341,2384.39,9751.32,2406.85,1594.24,365.811,129.365,1756.76,749.015,789.238,191.33,302.215,15.763,186.438,3478.73,239.707,15.763,9967.12,2232.91,550.075,363.636,765.321,78.8151,109.797,1174.07,12.5017,1938.85,3247.72,448.974,899.035,3223.26,129.909,1118.09,3032.48,1.0871,2025.82,138.606,508.765,15346.1,7914.66,2243.24,1.0871,1663.27,8.1533,9370.09,243.511,2503.06,45.0279,148.933,225.281,557.141,8704.44,796.304,364.18,76.0973,123.386,465.281,0.0,8029.35,125.017,6243.24,849.572,15.2195,16.8501,2535.13,5615.44,179.372,615.301,4391.9,824.569,770.213,195.135,136.432,2413.37,548.444,385.922,6708.79,395.233,3275.45,403.316,5033.84,37848.1,9998.64,2061.69,5.4355,41.31,31.526,4208.72,2673.19,6405.76,345.156,433.211,1539.88,983.829,134.257,2.1742,9671.42,2728.09,840.332,152.195,1546.95,2513.93,2171.49,2628.62,11143.9,220.139,2559.58,29425.7,803.566,376.138,772.931,274.494,0.5436,0.5436,10.871,1386.06,4022.29,2714.5,1624.68
TCGA-B6-A1KF-01,24.6241,2668.88,2174.97,1425.83,789.866,16.5739,16.5739,645.91,172.842,2.8412,2087.84,608.027,437.552,2126.67,938.558,894.737,269.445,1606.14,184.681,372.203,165.739,2474.72,81.449,3469.63,1753.68,2933.11,272.76,3549.19,229.194,1494.02,6772.58,1820.29,151.538,20907.3,828.223,909.198,3179.83,260.921,601.397,43.5658,185.155,414.348,125.962,371.73,7637.74,51829.1,309.696,1.8942,454.126,793.181,16192.7,17.521,1.4206,5581.15,1235.47,4141.59,376.465,1108.09,1716.59,271.339,230.131,2658.46,275.127,40811.2,4504.32,3.3148,128.803,463.596,511.424,2572.27,1002.96,79.0813,1734.58,492.009,85.7109,3157.1,139.695,71.7793,698.946,32.2008,17.9946,455.073,41.1981,2369.6,0.9471,519.001,1107.61,428.081,13384.6,728.306,138.274,35776.5,468.332,0.0,61965.7,14376.2,1518.65,118.859,1832.13,7979.16,641.174,1028.06,171.895,101284.0,1895.58,23.677,447.496,2983.31,31.2537,0.4735,8.0502,0.0,4.2619,236.283,29924.9,2805.73,653.486,1162.54,3175.57,975.021,2025.81,2933.11,25.5712,21.3093,4.7354,349.473,1736.47,291.701,657.275,18254.1,848.112,648.751,97.5494,2527.76,133.538,3538.77,4172.84,11.365,1467.98,2063.69,340.002,439.446,6680.24,41.1981,3713.03,4799.81,41.1981,1951.94,8.5237,3812.48,6669.82,5262.46,1774.36,2.3677,105.6,4.2619,3576.7,351.367,3432.7,60.5943,336.688,1154.35,2525.39,19376.8,600.45,1132.24,4.2619,377.412,407.245,0.0,1034.21,217.355,3732.92,1882.33,350.42,45.4599,11668.0,2085.47,407.245,145.851,2441.1,2291.46,1437.67,21.3093,37.4097,2510.24,3193.09,346.158,4368.03,1033.29,5039.42,44.5128,1111.4,1134.13,3694.57,648.751,31.7272,115.544,0.4735,1593.94,1243.99,2215.22,1259.62,485.379,5742.16,998.698,108.914,6.156,2515.92,9968.98,10864.9,4.7354,167.633,277.021,1616.67,3328.99,17045.6,821.12,6763.71,50481.4,1361.84,194.625,1416.83,29.8331,0.0,42.1451,362.259,755.298,11638.7,5500.65,1304.61
TCGA-B6-A409-01,27.663,866.137,4192.05,1857.55,287.758,4.1335,56.2798,315.739,150.398,59.4595,2434.98,1054.37,1006.36,2193.32,1042.61,755.138,93.7997,1582.08,141.177,183.784,50.2385,1360.25,79.4913,876.947,1009.33,4594.86,277.901,1262.0,195.867,1040.38,2813.67,1502.38,154.213,9544.67,594.277,416.534,2968.52,571.701,498.251,108.426,683.943,576.153,382.194,403.498,6253.42,50130.4,602.226,0.0,1583.15,2172.34,5563.74,290.302,8.5851,5715.1,398.728,3546.26,375.835,679.173,821.304,37.8378,286.805,1427.03,274.722,4574.24,4372.65,20.0318,556.932,136.407,152.623,1786.65,1818.44,69.3164,1101.43,450.238,410.493,6167.25,513.832,79.1161,1199.68,326.868,262.003,217.17,92.2099,439.11,5.4054,529.412,1220.03,1365.34,595.866,480.127,1119.24,44498.9,849.92,0.318,29226.4,659.141,2848.33,190.461,2504.93,1587.6,286.162,587.599,855.326,61169.8,1910.97,199.046,4510.02,4136.09,203.18,2.8617,95.7075,0.318,14.9444,1046.09,10368.5,5946.58,3292.21,428.617,979.968,544.038,1628.62,1413.67,101.749,77.2655,37.8378,263.593,1945.95,476.63,16.8521,9151.03,1364.71,456.598,273.45,5155.48,1020.99,756.121,6857.87,41.9714,690.302,1606.68,168.203,1047.38,9980.29,432.432,1376.47,3439.11,427.345,594.277,413.354,6331.64,11030.8,1809.22,2067.73,6.9952,187.917,12.4006,4268.37,302.385,2976.79,409.685,287.44,690.035,2048.65,11527.5,260.413,2695.07,110.016,1404.77,1423.21,0.0,1543.4,83.9428,2949.76,1036.88,52.4642,21.3037,4387.6,1847.06,87.1224,452.146,1371.0,745.946,567.885,14.6264,54.0541,838.792,2149.13,433.704,4983.76,1512.21,5802.23,428.617,8449.92,2138.31,3322.73,700.795,33.7043,108.744,21.9396,1628.62,1684.9,3577.11,407.949,1025.44,2145.63,785.056,198.092,2.8617,8642.93,7914.15,4766.61,53.7361,547.854,627.027,1379.33,2507.15,1172.02,468.045,2177.16,20969.8,552.782,144.356,875.676,309.062,1.5898,6.9952,1.5898,514.785,7316.69,1229.89,1349.13
TCGA-BH-A0AV-01,13.096,3145.74,2463.4,1520.48,843.183,25.8563,3.358,894.896,177.3,80.591,1492.28,854.6,926.125,2540.97,1553.06,955.497,535.259,1307.49,273.002,59.1001,333.781,1219.61,119.879,1874.08,944.634,2472.2,673.271,1718.6,219.946,1216.25,9742.78,2710.88,159.503,5909.34,7106.11,1543.65,2397.58,1444.26,5621.56,1087.64,626.931,635.997,141.034,504.701,18469.8,298696.0,1729.01,0.0,113.163,1601.41,23251.1,155.474,24.5131,2231.03,1755.88,14031.2,1783.08,332.438,2112.16,1.0074,1431.49,3677.64,970.114,3526.53,4016.12,7.0517,266.958,468.435,31.229,7247.82,1437.54,607.119,3989.25,450.974,218.603,14501.7,555.406,183.791,3790.13,2060.44,66.8234,31.5648,153.794,1521.16,7.0517,23.8415,1665.88,5761.92,38.2807,1099.06,739.422,164477.0,2114.51,0.0,19565.1,794.829,1346.88,280.389,2385.16,3618.87,557.733,791.807,248.153,43494.3,2302.55,128.946,1876.09,7257.89,93.687,5.3727,221.625,0.0,126.259,592.673,35221.3,2729.01,2015.11,906.649,300.537,1555.74,45.3324,9460.71,61.4506,904.298,4.7011,120.886,1581.26,587.307,10.0739,19130.3,1963.4,888.516,3375.08,38630.3,1151.78,10332.8,27535.6,23.8415,3767.97,8227.33,685.359,764.607,6023.84,167.226,1034.92,2180.32,159.839,2094.69,79.9194,2912.69,10221.0,835.796,3766.29,3.358,547.347,323.371,5552.46,337.475,3379.11,72.7569,439.892,4756.0,10202.1,16773.0,750.84,5109.47,57.7569,1853.26,2372.06,0.0,3547.68,79.9194,5962.39,2514.1,866.018,88.6501,12055.4,3167.23,1335.46,332.438,3420.42,542.31,464.741,360.645,88.3143,3215.25,3928.81,2417.06,5840.26,560.672,1961.05,344.526,10867.0,3290.46,8655.47,666.89,25.5205,145.4,2.0148,3835.46,1630.96,3374.41,311.954,1625.59,13384.5,2363.0,809.94,14.1034,6205.84,30188.4,29089.3,219.611,563.13,886.837,1070.52,1837.81,5497.65,4023.84,4982.55,53778.7,718.674,245.467,1194.09,64.4728,0.6716,2.3506,44.9966,1041.64,8207.86,2195.1,1494.96
TCGA-BH-A0B3-01,28.0257,2007.1,4960.94,3335.83,625.012,18.8118,9.5979,592.379,165.467,470.295,2063.15,1530.28,883.77,1728.76,1697.67,1935.76,308.283,1273.95,175.833,508.252,201.171,1215.09,251.08,1867.36,1152.51,4465.3,1009.69,1301.08,327.863,609.655,11195.3,2650.16,164.718,6115.37,1997.89,1195.12,3249.83,606.584,1319.13,2072.75,1430.08,1097.99,361.647,631.155,12910.6,109430.0,1294.17,0.0,131.683,1766.77,12264.9,4512.14,0.3839,6195.99,582.398,7195.32,569.728,609.655,859.583,38.7753,942.125,1143.68,714.848,4373.16,1638.55,21.4992,650.734,245.321,139.361,3432.19,1640.08,147.423,2362.61,443.037,504.463,6452.83,241.482,113.857,937.518,399.271,405.029,91.7554,280.257,1117.19,14.2048,13.437,901.046,4327.48,44.9179,495.249,563.202,109054.0,703.714,0.0,34051.6,359.344,1508.4,455.322,2445.92,2719.26,473.354,1162.88,709.473,43507.8,1703.81,97.5142,581.63,18739.6,127.843,4.9909,206.162,0.0,55.6675,3004.75,18793.4,4081.39,2130.34,526.346,128.995,913.331,926.768,3613.78,253.767,72.5597,3.4552,144.352,1621.65,346.29,37.2397,15713.2,1474.61,694.5,1721.85,13548.7,962.088,603.513,19661.0,25.3383,1615.51,2742.68,327.095,1336.4,10183.3,97.1302,4099.82,1788.27,44.9179,1305.69,60.2745,2076.59,9557.92,2852.48,2149.53,1.1517,175.065,10.3657,5467.0,233.804,3624.15,192.452,401.958,1436.23,3748.54,24891.1,714.08,1660.43,26.4901,996.257,2203.67,0.0,3217.97,116.71,4359.34,754.391,252.999,122.853,8710.62,3246.38,418.85,383.914,2899.7,1091.85,277.57,101.353,18.8118,3367.31,3788.08,1230.83,6026.86,502.167,3826.47,712.928,16802.8,24041.5,8237.26,1216.62,12.6692,76.015,1.5357,3628.76,1606.3,3690.18,420.77,929.456,7581.15,1297.25,287.552,4.607,5062.29,14440.9,13141.0,65.6493,894.136,1023.13,3131.2,2203.28,6840.96,3483.25,4040.93,40828.1,1858.2,343.219,1362.51,195.028,1.1517,5.7587,42.6145,854.976,7061.33,2022.84,1358.29
TCGA-BH-A0B9-01,43.8871,988.356,1858.93,1893.19,379.31,35.3784,38.961,1117.78,1831.84,244.738,2106.81,570.757,1397.0,1028.66,1806.76,1206.8,476.265,1416.18,176.22,363.188,194.133,1587.1,120.466,236.677,2022.65,3472.96,865.204,1965.07,599.866,285.043,2839.68,788.849,375.504,3622.26,370.802,1925.44,5287.95,4984.77,413.345,4422.53,563.144,346.619,302.956,793.775,8180.92,8781.24,1243.39,0.4478,325.123,1369.01,12768.6,4682.04,0.4478,4145.77,2059.56,4195.25,70.0851,1304.75,689.879,5.3739,439.093,1441.78,2003.13,1557.99,6375.73,3.5826,301.052,217.868,28.4371,3968.65,1054.86,53.9633,9906.63,1108.37,781.012,7705.11,125.392,142.893,480.296,2991.27,21.7197,443.126,201.075,164.353,27.0936,2483.88,503.583,1062.25,137.707,584.863,118.003,185445.0,417.152,0.2239,36358.0,683.833,1231.75,603.448,2459.47,2094.49,668.121,1007.84,563.816,36432.8,1792.88,49.2611,359.382,3032.24,34.9306,4.2544,131.214,0.2239,12.3153,3748.22,9246.75,1007.84,1508.96,409.091,8540.08,2369.01,19.4805,751.679,557.77,52.6198,1.3435,135.916,654.053,102.776,319.749,9938.87,765.786,559.337,57.322,1615.09,97.6265,1808.11,3961.71,15.2262,1752.58,4429.91,265.786,1006.05,41.648,454.546,2008.51,7443.35,25.5262,1004.25,80.609,1046.35,28937.5,1399.46,3363.41,5.5979,225.034,32.6914,7237.42,549.915,3147.34,242.035,78.3699,605.034,668.383,10198.8,587.327,947.828,37.3936,210.479,605.463,0.0,1771.16,49.2611,3107.7,2210.7,8.9566,225.705,3854.23,2516.35,33.5871,368.115,1531.57,622.481,235.11,81.7286,67.622,2819.3,9226.15,175.325,7579.41,823.206,2517.47,648.007,17344.2,8985.45,4023.29,501.12,7.837,54.4111,72.3242,7178.91,1233.09,2561.8,437.976,752.127,5354.01,735.782,221.227,2.0152,2200.85,2713.84,1144.2,83.296,1249.66,1318.41,3128.53,3371.7,3999.55,4434.17,5326.51,29454.5,1330.46,182.042,1644.2,1749.22,1.3435,34.7067,3.8065,659.875,12074.1,2206.22,1493.73
TCGA-BH-A0BG-01,48.0837,1202.41,2667.55,2283.51,762.426,4.0855,48.0837,978.959,1178.21,190.763,1800.47,1005.36,1960.75,1710.9,1788.21,669.548,304.216,3603.17,157.451,335.329,192.963,1041.81,140.794,736.027,758.934,8397.04,858.279,1545.28,123.509,806.738,10176.8,903.534,87.3678,9032.51,1077.64,538.978,1575.45,3440.66,671.287,20.742,132.623,686.686,326.529,208.677,10690.6,42961.1,1384.69,0.0,94.5961,1329.37,17158.5,7718.22,0.0,3584.59,2008.52,6245.54,1185.44,357.014,897.249,3.7713,358.576,2314.3,684.8,4273.79,3767.82,100.567,474.552,228.476,52.7978,3883.15,862.678,130.109,3924.32,341.929,915.476,12598.9,207.106,742.061,1320.57,7829.79,157.451,98.9959,179.135,389.384,22.6276,285.674,2212.79,1923.98,362.985,610.632,383.413,58480.8,869.592,0.0,29025.9,951.303,1382.8,442.496,3807.73,1784.44,263.631,1156.21,485.551,40508.8,2704.95,129.48,746.398,2078.6,62.5403,2.5142,248.904,0.0,28.1903,4283.26,14809.2,4709.06,2448.81,694.228,1015.1,1434.34,37.0842,1653.39,383.727,219.677,7.2283,221.876,2030.52,192.021,15.0851,11465.3,1554.71,516.35,2571.06,4858.34,261.789,1216.55,7785.16,37.3985,1652.45,2154.65,406.669,1137.04,3699.93,108.738,583.919,5595.63,35.5128,2214.68,56.5691,1314.6,11714.8,2323.42,2849.82,2.1999,3314.01,582.347,7098.06,208.677,1801.73,68.1312,201.763,664.278,1698.64,8911.2,593.347,1286.63,41.484,542.12,984.931,0.0,2487.78,80.1395,7330.72,1944.72,117.538,34.8843,3094.01,4320.62,180.707,240.733,1569.16,774.368,1450.05,77.3111,59.3975,2191.11,6865.29,384.984,5654.93,1150.49,3056.62,579.201,8083.09,25946.4,12405.9,1312.09,19.7992,132.309,10.0567,2126.05,2147.74,1501.91,669.401,835.651,3119.16,1196.12,579.519,1.2571,3506.65,5306.49,4747.72,58.4547,1270.6,662.487,3392.89,2557.55,3362.72,552.177,5864.45,23712.2,3657.24,138.594,1170.04,419.554,1.2571,10.6853,1.8856,804.538,11179.0,6884.14,2037.12
TCGA-BH-A0BL-01,99.6979,2790.63,2334.39,2090.92,950.169,132.829,69.3022,1148.96,582.989,177.511,1488.17,780.561,1223.43,1601.85,1499.42,525.049,236.782,1874.3,433.747,422.804,371.739,1730.73,443.169,2710.99,1367.38,2398.52,965.975,1059.9,376.603,1252.3,6432.94,1868.73,130.094,10879.8,4008.28,925.549,2599.14,739.223,1629.21,783.601,1189.08,528.277,1060.81,420.676,11185.0,191858.0,1731.64,0.0,450.768,1410.36,10709.3,10732.4,6.991,2600.05,566.272,8010.48,1235.28,553.202,1889.09,17.9335,831.31,5074.56,1439.84,3518.91,1793.35,33.1313,322.96,453.2,117.327,4082.45,2277.25,386.633,2268.73,359.885,461.103,9038.46,398.184,220.621,1989.7,344.991,53.4964,49.545,289.975,1634.98,56.232,131.005,4274.85,2209.77,103.953,1220.08,331.313,63801.5,1399.11,0.304,40448.2,309.732,2249.59,565.664,1873.29,4506.77,556.779,904.272,371.435,34934.1,3393.07,932.236,1306.1,3876.97,97.8741,11.2464,133.437,0.0,125.577,2315.14,44313.0,4961.49,2212.5,1557.17,1154.73,1202.15,592.108,6783.1,317.331,391.484,1.5198,323.714,1156.56,437.09,141.34,15594.5,2258.7,807.31,10018.7,19919.2,2171.77,1085.43,23635.1,10.9424,1188.78,3057.2,286.327,843.784,1208.53,132.221,1586.96,1541.97,106.993,2318.89,586.333,2085.14,7968.23,1214.92,2175.42,3.0396,585.725,118.847,5449.36,249.208,4990.97,106.221,448.033,3332.34,6433.25,10610.8,1020.99,1710.97,748.646,2058.4,1143.79,0.0,2323.45,332.225,5409.52,1432.85,97.5702,140.732,6715.62,2826.8,908.223,194.836,2961.76,951.993,854.423,155.018,48.0252,2226.18,3476.96,1927.69,5160.01,937.124,3527.72,594.844,14008.8,15854.4,6868.82,1299.42,41.0342,395.144,3.0396,2448.07,1814.62,2930.45,248.333,1350.48,8681.92,3784.26,734.36,10.3345,7061.22,18349.0,16432.2,34.955,1128.9,1225.25,2853.85,2542.3,4013.45,2621.32,6010.9,20768.5,1452.24,376.907,1355.65,148.331,0.9119,4.2554,23.4047,1116.43,9503.21,4291.57,1402.46
TCGA-BH-A0BW-01,37.9514,2112.01,1955.05,1621.96,1011.05,9.2115,68.5335,2438.1,472.365,529.845,1743.18,1123.8,1252.39,1584.75,3789.98,850.394,301.769,1840.63,200.811,810.243,455.785,1065.95,1121.22,995.947,1415.94,3425.25,682.019,1102.8,336.035,815.033,11661.4,1562.64,110.906,30085.1,1151.81,603.537,987.472,2502.95,2254.24,41.2675,96.168,1050.85,166.544,403.095,34406.4,37642.2,1871.78,0.7369,171.334,1665.44,8023.88,8272.66,1.8423,4187.55,2052.69,6790.71,523.581,499.263,1296.24,207.443,1189.37,379.514,1133.01,6166.18,2124.91,24.6868,290.346,547.163,292.557,4979.37,833.456,127.487,2279.66,174.65,1232.87,16078.1,542.373,1565.03,711.496,629.329,312.822,48.6367,165.807,959.838,18.7915,28.7399,804.348,1807.3,39.7937,438.836,560.427,27409.4,580.324,0.0,24041.6,560.427,1087.33,1050.85,3404.94,4213.71,534.609,799.558,490.788,29116.8,2935.15,153.648,187.546,1673.54,75.1658,5.1584,243.184,0.0,33.5298,1745.71,22548.6,2344.51,1247.61,1012.9,377.671,928.887,235.446,3749.08,264.554,227.34,7.7377,248.71,3084.38,173.913,531.688,10521.7,6038.32,618.276,106.853,3117.54,89.9042,1438.1,7164.33,22.1076,2554.53,4995.95,913.412,558.585,15140.4,52.3213,726.603,535.004,114.222,5438.47,22.8445,2888.36,4170.23,3589.54,2744.29,4.79,2356.67,139.278,6225.05,139.278,2503.68,18.0545,305.822,518.839,1182.39,8242.08,1082.54,451.732,14.7384,469.418,1126.01,0.0,4393.15,87.325,13012.2,519.897,406.78,67.4282,2552.32,4749.45,415.623,255.711,1599.48,719.602,1137.44,385.777,51.5844,3004.42,1145.91,1088.43,6051.16,591.175,3328.3,673.913,7463.15,26179.4,19121.2,911.201,17.6861,142.594,0.0,1978.26,1774.87,4085.11,826.455,698.231,3976.79,1389.46,124.171,1.4738,2837.51,10085.5,3987.1,100.958,1603.91,1150.7,6396.09,3786.66,8636.7,484.525,6161.87,25170.6,1471.0,109.433,1259.4,1952.47,0.0,3.6846,15.8438,701.916,8821.67,3965.0,1450.99
TCGA-BH-A0DL-01,33.0451,1221.74,3146.08,1943.17,756.331,3.3972,146.696,851.76,208.771,305.435,2176.65,1831.69,1576.28,3453.06,1183.45,312.165,341.569,634.265,258.493,709.08,360.716,1409.51,1266.52,1098.21,1323.4,10341.4,616.121,655.034,117.356,606.238,20059.3,3495.68,184.064,10290.0,538.295,719.58,1970.97,1716.18,1599.44,13.5886,28.4126,312.23,1464.18,338.481,10903.6,33716.5,2683.76,0.6177,256.64,2546.32,9712.12,4294.94,1.2353,3092.34,1141.75,3214.64,197.344,776.714,652.255,3.3972,25887.5,889.129,231.316,2005.25,2659.05,4.9413,291.171,337.245,1836.32,1298.95,2406.11,102.841,2399.32,326.127,504.889,7060.53,187.461,30.9512,375.849,527.486,6336.94,15.7505,530.883,1091.11,19.1476,0.6177,1991.66,3420.94,145.46,366.584,895.306,114603.0,333.848,0.9265,12937.6,444.41,1386.66,982.396,4815.94,6422.17,766.498,1220.51,583.694,20054.4,4183.45,89.8703,139.592,3036.13,46.6337,14.824,338.789,0.0,25.9419,6163.92,5022.24,4054.05,3176.65,478.999,84.929,1042.93,4.6325,1511.74,277.023,225.006,0.9265,213.712,2227.3,496.603,104.385,11886.7,2229.15,520.692,2912.29,3740.58,207.844,4064.24,11236.6,10.8091,866.275,1875.54,213.403,1159.36,5628.78,539.839,2038.91,2314.7,300.494,841.878,713.403,2851.45,10070.4,1475.29,2749.23,3.706,618.592,5.2502,5978.7,211.177,5015.75,39.4132,189.932,1000.19,1152.87,12246.4,1051.88,1271.15,11.4268,1483.01,1205.99,0.0,4337.55,105.003,4327.98,2361.95,23.1624,37.9864,2741.2,2042.0,147.931,511.118,1728.54,314.392,1495.06,305.435,41.6924,2123.22,2037.99,1221.43,6412.57,653.141,1498.46,1005.25,22017.3,25328.6,10263.1,1050.96,23.7801,115.812,1.5442,2064.55,808.833,5136.5,1209.7,1019.46,3262.51,1206.3,76.2817,0.9265,2613.34,3104.39,3886.66,97.5911,1341.57,602.532,12505.6,3479.31,4403.34,1879.86,5317.13,28414.8,763.4,401.791,756.331,205.683,1.5442,21.0006,18.53,569.796,7586.78,2697.96,1929.59
TCGA-BH-A0E0-01,29.2505,1390.01,2904.33,4301.04,441.194,26.2035,49.9695,627.666,330.896,42.6569,2079.83,577.087,1053.63,2608.78,1315.05,428.123,270.567,744.735,469.836,316.271,56.0634,2185.25,45.0945,656.917,891.085,983.973,301.036,977.453,1104.2,746.496,3223.64,1710.54,223.035,10987.8,358.318,665.448,2961.61,100.548,15873.2,858.013,1764.17,414.991,9728.21,268.129,9471.66,21656.3,759.903,0.0,2090.8,1722.12,3736.11,230.347,1.8282,10723.3,1461.3,2393.66,593.54,1082.88,940.28,0.0,1701.38,2687.39,1279.71,4283.97,4256.55,37.7818,601.164,172.456,373.553,1049.97,1728.82,34.7349,1527.12,543.571,63.376,1964.66,86.5326,13.5283,1201.71,170.628,335.161,121.877,520.414,588.665,18.8909,3.6563,2349.18,4078.61,154.784,336.99,767.215,81468.6,39.61,0.0,28914.7,555.149,2264.47,190.737,3842.78,2254.72,775.125,624.619,1205.36,48811.7,1282.14,63.376,239.488,1642.29,15.844,4.2657,10.3595,0.0,4.8751,435.101,5182.21,1745.89,2230.35,490.555,58.5009,1709.93,53.6258,1173.67,132.236,7.922,6.0938,395.491,162.096,71.9074,288.239,13669.1,156.612,294.333,18.8909,1586.84,3.6563,198.659,2362.58,14.0158,2492.38,2718.46,103.595,1141.99,6702.62,583.181,1589.88,1525.29,45.0945,990.25,32.2974,1808.65,12019.5,888.483,1372.94,0.6094,50.5789,3.0469,8461.72,238.879,3121.27,56.6728,208.41,187.642,1399.15,9522.85,483.851,932.358,1.2188,147.471,605.119,0.0,1744.06,1920.78,2054.84,2407.68,17.0628,12.7971,3457.65,1276.05,166.971,254.113,1850.7,410.116,259.598,58.5009,26.2035,3447.29,870.201,886.654,5565.56,734.82,3710.54,286.411,304.083,1517.98,2854.36,814.747,17.6722,69.4698,0.6094,3586.23,1946.37,1062.16,1721.51,513.102,1647.17,560.024,904.936,1.2188,2931.14,1672.76,1597.81,6.0938,541.134,559.415,1168.19,3273.0,3839.12,2970.14,9748.18,37181.0,793.364,226.082,1132.85,8.5314,0.0,1.2188,2.4375,480.195,7321.15,2580.74,1367.46
TCGA-BH-A0E6-01,42.0561,1552.34,3563.08,2200.93,188.785,13.5514,34.1121,509.346,496.729,2615.89,1699.53,672.897,996.729,2412.15,743.458,1299.0,542.056,660.836,313.551,295.327,88.3178,2658.41,169.159,1295.33,505.481,1294.86,638.785,1571.5,483.645,1390.65,5967.76,1205.61,198.598,5336.45,447.196,809.346,7788.78,314.953,575.234,3386.45,810.748,379.439,689.72,357.944,6258.41,69510.7,574.299,0.9346,1242.99,2345.33,5995.32,599.065,0.9346,5504.67,150.467,2492.06,438.785,359.346,1173.36,13.0841,113.084,744.86,346.262,5515.42,6097.2,39.7196,350.467,243.458,413.084,2330.84,2528.97,57.0093,1965.42,442.523,330.374,2125.23,164.019,53.9206,1058.41,1092.06,1028.5,385.514,169.159,785.514,6.5421,191.121,401.869,1407.94,154.206,1729.44,415.421,65374.3,628.972,0.4673,84333.2,304.206,4592.52,163.084,2964.02,1171.03,490.603,3479.91,1097.66,39043.0,1607.94,289.252,5641.59,2214.02,189.72,0.9346,17.757,0.0,8.4112,961.192,14816.4,3279.91,1305.61,736.449,117.757,652.336,5851.4,4136.45,185.047,1136.41,57.4766,247.664,345.327,139.72,38.785,6157.01,1479.44,531.308,601.402,5038.78,85.514,2178.5,6858.41,16.3551,1124.3,2142.52,399.533,1413.55,1242.06,212.149,1657.01,1571.5,20.0935,1020.56,1010.28,1552.34,14896.3,953.738,1586.92,9.3458,266.822,321.495,5854.48,648.598,4593.93,265.738,253.738,613.21,2098.13,8507.48,502.336,1202.8,111.682,3457.01,1267.29,0.0,1918.22,236.449,2185.98,2341.12,2902.34,16.3551,6163.55,2134.58,102.336,283.645,3908.88,1044.86,248.131,26.1682,109.813,1752.8,1408.41,575.701,5799.99,250.201,4353.27,352.804,1329.44,2302.8,3080.37,757.477,69.6262,159.813,2.8037,2438.78,1043.93,1290.19,97.6636,849.533,2169.16,1083.64,258.878,10.2804,15002.3,8007.01,4381.78,98.5981,726.168,1155.61,772.897,1249.53,1642.06,501.869,3428.09,38800.0,1089.24,802.804,424.299,448.598,2.3364,5.6075,24.7664,1037.38,8900.47,1525.7,1421.03
TCGA-BH-A0RX-01,157.687,2045.63,2973.6,2674.47,410.465,43.4835,13.3795,649.385,518.934,275.236,2069.05,1666.23,475.451,2187.07,1371.88,1808.69,227.452,1736.49,125.672,335.444,91.7453,1410.11,374.627,7371.16,636.894,1597.9,1633.74,1789.99,351.212,2310.84,7465.3,4379.88,104.169,11304.3,2068.09,739.219,4759.29,698.125,1020.67,298.65,133.317,327.798,414.765,416.199,7241.67,80140.5,1689.16,0.9557,1364.23,1883.17,7274.61,4654.16,0.9557,6707.92,428.623,2703.14,740.174,679.489,1286.35,82.1885,150.042,1225.18,700.036,3426.11,2922.47,228.408,312.03,184.924,867.28,5723.09,1661.93,323.498,1482.74,751.643,351.69,1777.57,581.532,757.855,1545.81,126.628,24.3698,181.579,412.376,2149.8,32.971,73.1095,1012.54,1029.27,955.68,1061.76,325.887,78848.4,2218.61,0.0,67695.6,365.548,1592.64,757.855,3477.72,3782.58,252.295,1502.33,659.419,36055.0,2423.13,825.708,5426.35,5603.15,153.387,5.7341,285.748,0.4778,80.2533,3843.17,12101.8,2516.78,2028.91,1854.02,1677.7,710.071,835.265,5309.28,664.198,57.8187,1.4335,692.868,3067.73,205.471,100.346,8779.84,1281.09,463.027,3870.98,16486.4,3301.88,3035.24,8326.36,13.8574,1175.96,1418.71,108.47,835.742,2966.91,189.225,3522.16,3267.95,41.5721,1572.57,191.614,1603.63,10741.4,3860.95,1295.42,26.2812,493.131,76.4544,4127.91,226.974,5147.29,75.4987,381.794,2258.24,3841.36,8353.6,404.731,718.194,150.998,1946.24,1134.39,0.0,2526.82,497.432,3394.58,1963.92,1792.86,54.9516,3626.81,1946.24,466.372,169.633,1509.5,1455.98,1018.28,32.4931,53.5181,2090.07,3596.23,1192.69,7244.83,508.694,6273.09,938.956,8033.45,12069.3,5745.07,973.36,71.1982,539.481,19.5914,1359.93,1467.92,1196.03,101.78,1239.04,8333.05,3036.67,648.429,5.2562,16452.5,11813.2,8720.11,71.676,2047.55,662.287,3073.47,3149.44,3342.49,1067.49,3650.72,46380.6,844.152,549.994,560.506,202.604,3.3449,11.4682,571.497,672.799,7208.7,1627.05,1471.27
TCGA-BH-A0WA-01,20.8669,1619.06,3257.29,2015.19,779.6,9.9203,137.174,829.544,150.515,75.5997,1749.4,598.298,1568.09,2633.33,1588.96,883.603,365.341,1676.0,242.193,123.149,451.546,1678.93,76.2838,716.316,674.732,7653.01,396.471,1192.83,149.831,891.461,11430.9,3512.14,98.177,8001.25,1787.03,1347.11,2080.19,4945.11,1430.24,1489.76,1474.02,427.6,84.8358,517.567,15792.1,52852.7,850.753,0.0,108.439,1519.86,31226.5,2872.1,0.6842,2764.35,1519.86,9501.61,1030.35,439.231,2246.1,21.209,2382.23,1673.46,582.562,3714.3,1828.42,9.5782,365.372,785.074,36.6026,3131.74,1016.66,254.166,2282.02,540.828,363.973,15723.4,416.654,652.186,1777.79,1375.5,646.189,379.025,118.36,1527.05,0.6842,2091.14,503.2,1908.46,748.471,1019.4,200.459,64629.9,826.807,0.0,34802.2,302.399,1184.97,300.004,2620.33,3678.73,489.818,1041.63,424.179,53532.8,1603.67,71.8368,3338.7,4707.36,93.3878,1.3683,89.2829,0.0,14.3674,1143.17,27416.3,2343.25,1051.55,1129.55,773.101,6424.26,238.43,5045.68,152.568,334.896,51.9962,155.988,1558.86,269.559,61.9165,6438.63,1545.86,600.351,5057.31,7674.22,483.701,7070.45,10330.5,30.7872,2156.47,3688.65,454.282,1181.2,1373.11,75.9418,1752.82,1990.56,21.209,2166.39,116.649,2847.82,8178.45,1028.98,3252.15,4.7891,328.739,962.613,4119.12,187.46,5433.26,109.243,408.101,1292.8,3775.2,21073.8,911.301,1142.55,3.7629,701.264,984.848,0.0,2305.28,42.4179,6932.94,742.314,372.867,46.5229,11375.5,5427.44,796.704,328.055,2115.08,757.707,467.281,104.677,65.3373,3123.19,4305.76,461.124,4616.98,543.274,2425.01,330.449,3937.34,9726.36,6985.27,744.366,47.207,193.959,10.2624,2947.36,920.195,7380.03,290.084,798.757,3672.57,1165.81,1328.3,11.6307,3389.67,23385.8,14820.3,268.533,398.865,437.178,1431.6,2891.94,4286.26,2909.05,4496.96,52075.9,1608.44,289.4,1843.81,113.913,1.0262,7.8678,38.655,579.484,7085.16,5117.52,2057.95
TCGA-BH-A18G-01,12.5,1997.5,5098.12,2061.88,416.875,3.75,26.25,429.375,165.0,50.625,1858.75,2343.12,923.125,1313.12,1088.12,1308.48,98.125,946.2,69.375,109.375,51.25,1078.12,56.25,509.375,653.269,6938.54,237.5,1968.12,59.375,493.75,15380.6,1150.0,126.25,6398.75,2471.25,554.375,3078.75,481.875,3055.62,134.375,80.0,363.125,363.75,228.125,20286.2,179239.0,619.375,0.0,112.5,1850.0,6063.75,170.625,0.0,4179.38,670.625,2014.38,411.25,418.75,778.75,525.625,158.75,1490.62,296.875,1911.25,7680.62,34.375,312.5,86.875,39.375,1000.0,1394.38,670.625,5831.88,324.375,376.25,3251.25,178.125,153.1,3128.12,55.625,1161.88,73.125,77.5,544.375,0.0,307.5,1207.5,883.125,156.25,311.25,235.625,270785.0,1521.88,0.0,57290.0,570.0,1475.0,233.125,1211.25,4751.25,289.369,1303.12,1033.12,27806.9,2763.12,59.375,551.875,11275.6,228.75,1.875,50.0,0.0,0.0,1236.83,10373.8,4182.5,1302.5,308.75,2563.75,792.5,39.375,2501.25,55.625,123.75,0.0,1080.62,2432.5,232.5,806.875,11950.6,159.375,102.5,833.125,8500.0,1.25,113.125,12070.0,4.375,550.625,1485.62,97.5,1250.62,4090.62,101.875,876.875,4519.38,188.125,925.625,33.125,1915.62,15100.6,90.0,1098.75,4.375,115.0,45.625,5126.59,285.625,2786.25,21.225,408.125,768.944,2323.75,12241.9,457.5,363.75,0.0,1281.88,693.125,0.0,1685.62,42.5,6310.62,2336.25,46.875,9.375,5248.75,3292.5,265.625,163.125,1778.75,1044.38,981.25,19.375,24.375,1313.75,3129.38,652.5,5595.91,625.587,6681.25,359.375,49321.9,2677.5,2828.12,960.625,15.0,22.5,0.625,2078.75,1340.0,1019.38,846.25,290.625,2496.25,2157.5,203.75,0.0,4211.88,7516.25,12024.4,18.125,405.625,2041.88,3598.12,1832.5,1828.12,3366.25,3825.56,21542.5,767.094,169.375,1147.5,2300.0,0.0,12.5,118.125,930.0,8085.0,2289.38,1695.0
TCGA-BH-A18Q-01,94.0379,1355.5,2865.19,3270.15,1396.59,108.016,282.114,1307.21,4500.26,31.7696,1766.39,649.793,2531.4,2063.75,1903.63,583.929,392.248,1658.05,108.864,460.87,245.685,862.861,145.716,1610.51,715.061,1471.98,517.632,2594.09,281.69,1018.32,12895.1,2665.25,219.036,10946.1,1096.26,1892.62,3056.66,4583.71,1014.51,1384.31,442.656,1124.22,923.859,683.681,11435.3,18665.3,1259.35,12.7078,95.7323,1507.57,14992.6,3602.67,8.4719,2631.79,1190.72,6245.9,1240.71,939.108,1102.19,801.864,532.034,5924.81,2117.55,4015.67,9356.77,304.988,478.661,306.259,721.804,1886.27,937.838,145.293,4081.75,690.035,773.483,10179.8,274.489,321.838,3990.68,1505.03,91.9199,100.392,124.96,709.097,11.8606,1524.09,2515.3,894.631,521.868,726.888,123.689,60446.9,464.683,0.0,34530.1,926.4,1416.08,704.861,2392.88,3562.43,370.637,1028.91,304.141,34416.2,1794.77,300.328,656.147,728.158,144.869,2.5416,147.834,0.0,61.8448,2053.76,16502.8,3501.43,1376.68,986.975,4057.61,1361.86,67.3515,1518.59,210.526,147.834,38.5471,309.647,1500.79,190.617,21.1797,8509.16,851.424,776.025,62.2683,2303.93,91.0728,429.101,4773.06,84.7188,1372.87,3334.11,334.639,853.119,5103.46,3222.28,1565.18,4975.54,10.1663,1896.85,708.673,1910.41,8839.14,586.254,2244.63,2.118,3542.09,144.869,8521.5,337.181,5373.72,98.6127,244.414,1033.64,1580.85,5075.08,848.459,862.014,173.674,634.544,271.1,0.0,3453.99,82.1773,7241.77,1723.6,726.04,20.7561,8398.6,5190.72,646.828,366.833,2178.12,812.03,459.6,138.092,99.121,2819.87,885.736,263.476,5343.53,858.774,3731.86,376.152,685.799,13957.0,7419.25,956.476,41.0886,220.269,2.118,5143.7,841.682,1664.3,218.575,396.061,1711.74,1909.14,7345.55,2.118,2445.41,6465.32,8274.91,24.9921,773.907,609.976,4612.09,2999.05,4486.29,548.131,6241.25,26571.2,2326.92,370.645,2070.53,412.157,0.4236,5.9303,5.0831,798.899,6962.19,3175.69,1299.59
TCGA-BH-A18T-01,14.6651,1763.11,2662.77,1521.58,879.011,7.7815,3.2922,1688.59,166.704,1591.02,1356.68,895.472,437.56,2623.86,2933.33,790.269,758.697,2243.54,163.711,871.529,821.548,1421.02,77.2165,366.629,1816.26,13638.6,204.714,919.714,3481.93,632.397,4843.09,1326.15,159.231,9066.35,731.761,1550.02,3665.99,630.302,390.871,992.741,1109.16,174.186,762.588,1238.46,13889.1,37644.5,535.727,0.2993,70.6321,1648.78,8538.06,493.228,0.0,4561.76,690.758,5387.2,283.426,1723.6,2192.59,13.468,648.855,1837.63,514.777,5837.33,6553.53,5.6865,287.317,412.121,154.134,3252.07,630.003,51.4777,6974.03,438.159,703.927,10219.5,32.3232,28.615,302.581,298.69,3.5915,410.923,92.4802,917.021,5.0879,188.253,1353.38,1227.38,10.1758,181.369,642.274,260295.0,206.509,0.0,55900.3,347.774,1438.38,198.129,2124.65,3538.19,981.838,1307.29,160.119,51862.8,1583.54,110.138,50.2805,763.486,24.5417,0.8979,48.4848,0.0,35.0168,574.598,24191.8,859.557,1597.3,632.098,1060.98,3237.11,695.846,2740.89,136.476,7.1829,17.658,88.8888,441.152,92.7795,152.637,8879.0,125.402,495.921,529.442,2894.42,93.3781,1255.22,5688.28,7.4822,2996.48,3532.8,829.928,991.843,221.174,178.975,5832.84,5705.04,4.7886,3254.47,61.9528,1281.55,11251.8,1873.55,2086.04,0.5986,641.974,70.3329,12421.7,498.615,3869.8,53.01,132.286,691.917,1605.09,15522.0,755.704,297.194,38.0097,362.439,472.577,0.0,1332.73,62.8506,3601.04,1595.51,32.3232,8.9787,7097.03,4870.62,213.094,594.986,5346.79,480.957,1761.61,130.49,65.8435,1937.0,460.605,530.34,5305.68,879.089,6231.49,174.485,9010.69,8435.45,9227.37,497.418,18.2566,104.452,5.3872,2233.89,1267.19,9007.69,941.862,318.443,1983.69,662.925,65.2449,0.5986,2848.93,2264.42,3862.32,36.8125,420.501,1079.83,476.468,4968.49,6993.18,4624.31,7825.65,36306.7,827.952,413.617,645.865,67.9385,0.2993,81.1072,8.0808,655.442,12565.6,2581.07,1762.21
TCGA-BH-A18V-01,34.137,2087.33,5071.17,3241.36,812.992,9.28,185.6,1032.73,493.164,227.028,1718.78,1196.12,3472.04,2113.18,4898.5,1009.58,1042.67,1429.08,594.913,1104.65,1208.72,1222.31,149.474,1212.03,1516.04,12939.9,429.199,1178.89,215.096,717.541,10283.2,1373.44,104.403,19681.5,1806.94,911.757,2077.06,8939.6,1044.66,2.6514,44.7427,300.936,116.0,561.77,11921.1,86788.3,2419.75,1.3257,211.119,1579.92,14086.6,5584.22,0.3314,4489.19,2808.85,6421.41,1345.93,572.044,1068.85,49.0513,4101.37,1409.89,368.216,5209.05,1853.01,3.3143,320.159,366.559,154.114,3202.92,780.843,133.565,5546.77,838.843,1040.68,5545.78,78.5483,440.54,1267.38,465.987,23.5314,81.8626,248.902,1443.37,11.2685,290.662,1696.91,2304.08,400.365,400.696,217.748,49469.6,602.867,0.0,26897.7,802.055,1197.45,632.695,1954.43,3256.28,620.366,1064.88,225.039,52550.8,1279.31,222.388,54.0227,6427.38,51.7027,0.9943,171.017,0.0,98.434,2401.01,11922.8,3330.18,1787.39,712.901,875.963,3063.39,24.8571,2626.23,187.919,143.508,1.9886,106.388,1259.76,676.112,69.9312,28427.2,2493.33,665.838,12236.0,6689.87,1134.81,4658.22,8273.1,30.4913,2492.67,3733.2,395.393,1648.85,8066.29,72.2512,11952.9,7137.63,18.2285,1683.98,26.8456,3694.09,9629.3,1969.01,1925.93,3.3143,124.285,2.32,4759.82,243.268,2057.17,53.9531,302.262,1525.08,2609.99,12473.6,1715.8,1959.73,139.863,555.141,1756.23,0.0,3228.11,51.0399,3375.92,2446.93,369.542,46.0684,2931.15,2809.84,366.89,418.925,2290.16,315.519,2081.7,191.897,121.965,1946.81,2147.65,918.386,4797.67,1269.61,2377.99,575.358,18889.7,9653.49,8411.63,798.409,19.5542,202.171,12.5942,7635.1,1380.73,12002.0,1747.95,623.084,6356.45,1372.77,136.217,3.6457,3579.09,6742.9,7613.22,200.514,1131.83,1090.73,4870.99,2136.71,6935.45,673.461,5395.04,32914.1,748.967,871.655,995.277,612.81,0.6629,117.325,14.5828,524.65,6388.93,2451.57,2335.57
TCGA-BH-A1F0-01,177.438,1630.71,2444.13,2126.9,876.869,16.776,97.2148,1935.26,806.323,377.03,2076.35,646.521,717.496,1762.56,2057.0,750.629,329.713,2143.98,266.695,948.059,371.438,1504.03,648.887,5143.35,713.206,2219.16,1395.63,1723.2,231.423,2987.85,17227.7,2377.89,103.456,3956.12,1510.48,603.076,2094.85,3002.69,2051.4,57.4255,443.704,387.569,636.628,336.38,11657.8,50410.4,3793.53,2.3658,310.571,1633.72,12110.5,2867.84,0.8603,3501.88,1528.12,4326.27,1176.9,419.185,898.806,71.8357,581.998,9784.71,1024.41,3315.2,2909.99,5.3769,243.682,366.491,170.341,5402.52,1901.49,227.336,1966.23,644.801,663.512,5112.38,284.547,570.915,2025.59,1417.57,49.0375,33.7671,491.666,1479.51,103.667,822.884,13958.5,1683.84,349.07,1120.77,457.899,29389.8,749.113,0.2151,17741.9,418.54,2098.72,857.081,2901.6,5225.51,412.064,715.991,245.833,29313.0,3050.44,3022.26,799.441,3286.8,280.03,5.592,438.112,0.4302,454.769,1587.39,13186.8,3723.63,2412.09,1564.25,5490.48,1337.35,631.896,4960.96,424.347,153.35,1.2905,973.653,4676.63,593.397,41.7249,15041.2,2463.06,621.787,333.584,12533.8,76.7824,1413.27,6155.07,12.9046,1990.32,2196.37,141.521,558.77,6987.42,2501.13,1185.93,2705.45,33.7671,2708.25,453.812,2017.64,9157.11,725.024,3175.18,4.3015,515.109,42.5852,4997.01,264.545,1637.6,43.3487,376.815,3145.62,3833.75,8155.5,1217.77,955.587,1023.12,523.712,1026.99,0.0,2446.71,364.986,7362.08,2649.1,372.298,28.8203,2830.2,3219.49,678.137,254.221,1940.58,677.922,3114.1,301.753,166.039,1347.67,2548.02,3215.18,5483.75,410.605,1510.27,1026.56,22249.3,19371.1,17057.7,2005.38,139.37,580.277,16.776,1661.25,1503.17,3526.19,970.212,899.236,5472.63,7536.08,3287.45,4.5166,8784.17,9958.92,12919.5,174.427,2364.13,985.697,5297.13,2726.31,6147.97,760.297,5656.66,18726.1,1300.74,228.197,835.789,1684.7,3.0111,31.4012,3.8714,822.239,8290.14,3424.45,1538.23
TCGA-BH-A1F6-01,48.0905,1745.4,2408.77,9588.87,528.524,6.6007,108.911,661.009,285.243,172.56,2147.1,916.549,469.59,1936.82,1461.1,431.646,537.954,1054.82,233.852,338.52,224.894,1709.57,208.864,810.467,698.831,1615.28,697.784,1514.38,1101.37,636.021,12126.4,5395.57,137.199,7549.27,1423.86,705.328,2476.19,728.902,2430.93,1423.86,579.444,299.387,622.348,429.514,8801.51,85183.4,1747.76,0.0,1196.61,2018.39,13309.7,1198.49,0.0,3348.42,919.849,3494.11,976.898,585.101,1437.53,1.8859,789.246,3544.08,573.786,3433.29,4392.27,21.2164,356.436,352.664,121.169,3308.35,1410.66,253.183,2256.01,840.641,289.486,4411.6,267.327,89.2362,2231.97,779.821,16.5017,120.698,231.023,693.069,21.2164,219.708,1731.26,1925.51,83.9227,535.596,447.43,47194.7,610.09,0.0,27180.6,697.313,2034.42,521.924,3585.57,2625.65,453.56,1214.05,566.714,38575.2,1496.94,326.261,1359.74,16895.8,202.263,2.3574,164.545,0.0,82.9797,1634.05,14043.4,3046.68,1595.0,424.8,925.507,1684.58,533.711,3470.53,168.317,634.135,10.3725,301.745,2553.98,776.52,14.6157,10296.1,1199.43,537.482,200.849,9530.41,130.599,3776.99,4891.09,29.703,1977.84,3396.51,237.624,682.697,2147.57,217.35,3316.36,6664.78,53.7482,1206.03,63.6492,2138.61,11007.5,483.263,1039.6,5.6577,97.5955,5.1862,5133.0,260.726,3397.45,137.28,397.454,1030.63,1793.02,13242.8,560.113,1033.95,25.9312,513.437,1647.34,0.0,3162.66,161.245,3947.67,1085.81,180.575,32.0603,1105.61,2762.85,374.352,549.741,2013.2,496.935,1131.54,121.641,74.0217,2267.8,1192.36,2263.08,4866.55,497.308,2970.77,731.73,23271.1,7932.58,6002.83,1109.38,29.703,119.755,5.1862,1990.57,1329.56,3361.15,1084.87,778.406,3450.26,1911.36,718.529,3.7718,9419.61,7885.43,5796.79,53.7482,1187.18,909.948,1727.02,3136.26,2575.67,2041.49,3763.59,20775.1,1027.75,298.916,1965.58,478.548,4.7148,62.2348,177.746,854.785,4614.8,3317.3,1261.2
TCGA-BH-A1FC-01,75.616,4212.43,2330.56,4443.69,682.898,46.4877,27.363,507.245,837.072,344.244,1326.37,1485.55,935.638,1378.15,771.166,1124.02,263.921,1401.98,207.135,676.131,334.535,1427.88,438.397,764.987,2843.93,2596.66,827.657,846.782,461.64,620.522,4614.93,2338.8,314.233,4362.19,739.978,1839.21,4615.52,1086.58,524.31,1589.7,743.214,1294.01,320.706,564.619,10577.1,37967.5,1098.64,1.4711,139.463,1267.82,8237.7,5488.49,0.2942,6020.45,3654.28,11279.1,651.416,858.551,2121.07,20.5958,591.094,792.939,342.185,1806.55,3358.59,0.2942,900.978,308.937,67.9662,3472.16,887.973,100.037,2607.14,1651.2,656.124,4870.61,67.6719,19.1982,420.449,521.368,10.0037,95.9176,197.131,408.385,130.93,0.0,292.166,1390.22,103.273,589.334,233.615,45073.0,827.069,0.2942,20540.2,637.293,2042.52,413.387,1631.19,2855.46,562.839,1255.17,320.118,42379.4,1173.08,45.605,20.5958,603.163,28.8341,3.2365,67.3777,0.0,15.8882,3049.3,11214.7,2008.68,1320.49,409.857,417.212,1579.11,156.528,1314.9,416.329,24.1265,17.6535,139.757,2144.61,160.647,1.1769,30449.4,749.982,441.927,1402.57,4070.61,74.4391,415.741,3724.6,18.8305,2461.79,4700.55,142.7,1809.19,1797.72,1176.31,2348.22,16654.9,81.2063,1670.91,2.3538,6559.18,14508.3,105.039,1200.15,3.8249,158.882,35.0129,4726.06,347.254,3109.97,27.1865,181.537,543.032,1228.69,10524.5,632.88,4876.2,0.0,210.371,1213.98,0.0,2705.99,104.45,4421.04,1504.67,7.0614,36.1898,4423.98,3911.44,234.498,887.679,2855.46,282.163,321.0,53.2549,424.862,2273.78,1187.2,717.617,5277.46,612.731,5068.92,476.94,7706.36,15642.8,9283.12,1043.32,306.289,95.0349,8.5325,1805.08,964.766,1601.18,339.537,585.509,2363.52,947.113,156.528,2.9423,1150.13,4346.6,2210.52,62.3759,1416.7,683.487,1065.69,2260.54,11088.5,469.879,7504.21,45954.0,5886.25,287.164,1537.92,77.3814,3.2365,6.473,89.7389,844.134,6558.88,7156.45,2046.93
TCGA-BH-A5IZ-01,14.9875,2216.07,5055.38,2577.44,348.46,0.4163,19.5671,315.571,223.148,1179.02,1273.94,1679.02,245.629,3289.77,898.004,2266.34,488.76,1890.55,125.729,573.274,81.5988,1587.43,121.982,458.369,1056.39,4478.91,118.235,2487.52,455.455,734.806,10363.5,2303.5,137.386,8029.16,984.182,1258.54,2271.86,2998.76,1535.39,3520.41,1141.13,1646.55,517.903,492.924,15019.2,67384.4,924.232,0.0,179.434,4063.29,7731.47,48.2932,0.0,2816.41,2375.11,3695.68,289.759,712.741,1159.04,7.0775,500.001,2361.37,1895.09,5482.53,3082.85,0.4163,218.568,169.859,1275.19,1100.75,1602.0,81.5988,4929.24,731.475,141.133,4008.33,60.7828,14.0508,2696.51,594.09,34.5546,42.881,147.377,337.636,2.0816,569.527,4100.34,2434.64,26.6445,7801.02,364.281,117955.0,1528.31,0.0,33150.8,385.097,2587.85,320.151,2656.96,2121.99,534.135,967.945,1398.42,57112.5,1210.66,13.3223,210.242,1211.08,71.6071,3.7469,164.03,0.0,112.835,1003.69,10282.3,6279.36,4956.71,424.231,863.033,1255.21,2430.9,3007.92,172.357,260.617,36.2199,94.0885,1732.73,213.156,4.1632,8844.31,375.521,373.44,3912.58,6751.47,224.397,1943.38,14211.1,25.8119,1562.03,2875.11,220.234,1558.29,6883.03,787.262,2557.87,4282.27,14.1549,786.013,20.816,4082.44,8353.89,69.1092,1551.63,1.249,41.2157,1.249,4403.59,202.748,4821.41,82.0818,199.418,394.052,1114.07,9015.42,597.836,1548.3,22.065,202.332,2468.78,0.0,3120.74,33.3056,6316.0,2303.92,279.767,19.1507,8263.13,2457.96,156.12,659.035,1757.71,530.392,241.882,64.1134,10.408,3711.91,1707.75,462.532,6992.32,389.451,3992.93,453.789,9925.08,1604.08,3641.56,1751.04,31.6404,142.798,0.4163,9743.98,1302.25,4156.13,780.601,422.982,3088.27,778.519,38.3015,11.2407,3599.51,9730.66,3141.56,202.332,594.09,1467.53,2083.27,1614.49,3444.64,2080.35,4213.56,38803.6,1516.55,586.596,1228.15,9899.69,2.4979,2.4979,6.6611,434.222,5500.43,1314.74,982.1
TCGA-C8-A12K-01,47.5015,866.441,2126.16,1825.42,458.976,4.6268,45.0339,677.36,2244.91,5436.77,2540.72,3628.32,903.146,1876.0,3543.8,1358.52,538.865,1264.59,154.534,578.251,438.31,2344.85,289.636,465.145,965.265,1986.77,1063.85,1038.86,388.649,644.972,24450.3,4398.21,142.505,10926.6,930.907,1166.87,4984.89,1423.2,1073.1,2095.31,720.543,1033.62,445.096,388.341,12358.7,40347.9,2791.49,0.3085,440.469,1471.31,7774.8,8705.43,0.0,4438.93,1839.91,9434.92,340.531,1107.65,1329.43,89.7594,483.344,900.679,264.96,1805.98,2227.02,9.562,303.208,199.26,772.98,3489.2,964.837,124.306,2195.56,347.933,1154.23,5288.09,287.785,93.2387,1682.6,1418.57,38.248,57.6804,632.326,608.575,525.601,56.4466,1573.1,907.465,43.4917,587.909,661.629,81223.0,1180.44,0.0,27621.5,285.935,1953.73,2367.37,3302.59,2037.32,999.985,1284.39,454.658,25120.3,2295.81,62.6157,405.922,1183.84,58.9143,14.1888,462.06,0.6169,16.0395,4787.0,11423.2,2169.03,3664.1,584.516,411.474,971.006,519.741,1719.93,494.139,131.4,2.7761,299.815,3431.22,143.738,21.5916,6717.46,726.712,751.388,1722.7,5307.53,93.1524,4948.49,6879.7,19.124,2037.32,3328.5,449.414,864.59,4426.9,193.399,1306.91,3767.74,6.7859,935.225,46.8846,1122.15,14856.6,1380.94,2148.98,4.3183,3776.37,275.756,4252.14,258.791,7128.32,76.1598,175.509,643.106,1266.19,8319.25,520.049,1191.24,3.7014,633.251,1457.13,0.0,3037.94,128.624,3982.11,2132.94,92.8439,62.9241,1859.65,2306.29,177.051,610.426,1940.47,385.873,1097.16,54.9044,2669.03,5127.39,2382.17,617.828,5763.91,398.825,2816.16,1235.04,5487.35,22616.6,5554.29,1883.71,18.8155,145.589,14.1888,3834.05,1506.48,9681.68,431.524,1230.41,5442.63,1292.72,528.686,1.2338,3915.18,6800.43,3987.97,400.37,3154.84,2028.99,4973.78,1999.07,4019.74,2466.69,3669.44,44057.7,5581.79,505.861,1340.22,5431.22,0.9254,12.6465,20.0494,560.765,10504.9,5002.78,1470.39
TCGA-C8-A12V-01,220.6,1654.91,2416.46,2109.49,723.439,11.7599,27.575,1324.82,903.487,585.158,2685.32,2058.39,824.817,1844.69,1602.19,790.268,293.187,1460.43,191.403,145.985,224.25,1857.66,590.024,1068.94,475.089,2485.51,1586.78,1448.09,351.582,1402.68,20025.1,2363.34,95.7056,5221.41,1106.24,627.737,2113.95,896.188,1601.78,108.272,122.871,423.358,781.427,476.886,8755.07,28230.3,4865.37,0.4055,373.074,2184.51,7946.03,11229.1,0.0,3084.75,1794.81,4633.82,409.165,724.25,1127.33,275.345,775.345,2981.35,391.322,1557.58,1077.86,20.2758,369.019,245.742,160.584,4028.39,1063.67,141.119,2478.51,296.837,750.608,8427.01,181.265,315.612,2173.97,3210.06,23.5199,211.679,448.5,1089.21,343.877,80.6975,2357.66,2047.45,236.821,1164.23,619.221,28274.5,735.604,0.0,19173.6,201.541,1536.9,1467.56,1953.37,2747.36,293.565,878.751,217.762,33117.6,2339.42,269.262,3312.65,8491.48,105.028,13.7875,211.273,0.0,55.15,3909.35,10712.5,4532.04,2560.42,918.086,1090.02,655.718,452.149,3205.6,1223.84,88.4023,0.811,475.669,2415.25,185.726,12.571,10313.1,218.167,593.269,190.592,3725.06,99.3512,8318.73,9264.8,24.3309,1478.51,2444.85,285.077,926.602,755.475,90.4298,891.727,2989.05,15.8151,1133.01,214.517,1297.65,7183.29,839.01,2680.86,6.8938,6101.78,181.671,5077.57,467.559,3606.24,112.291,212.895,1142.35,1742.9,6369.83,545.418,957.015,10.5434,355.231,926.602,0.0,3518.65,87.5912,5356.45,1175.59,33.2522,45.8232,2310.62,1903.89,258.719,301.298,3081.1,569.343,1446.07,116.788,532.036,1362.94,2468.37,615.572,5015.45,434.911,2320.76,1574.61,1767.23,28609.5,5721.82,1762.37,51.5004,331.711,3.6496,1858.07,1674.37,3125.3,231.955,1602.6,5237.23,2763.18,536.091,3.6496,4175.99,5913.22,5648.82,251.419,3803.73,2054.34,10619.6,2462.69,2294.4,2289.94,3584.32,33845.1,1389.76,259.53,499.189,159.367,6.8938,23.1144,12.1655,1127.74,8683.29,2123.28,1389.7
TCGA-C8-A131-01,16.3619,1994.23,7070.74,2021.17,386.429,104.427,54.3792,654.957,86.6218,193.455,2837.82,2654.48,1119.83,1379.21,722.329,877.04,256.015,1517.54,180.462,405.197,246.872,1677.57,281.039,1073.63,717.498,5919.52,408.085,1394.13,173.725,1227.14,13181.4,6198.27,90.9528,12782.5,2273.34,609.721,2822.91,853.224,3353.22,917.709,1594.32,384.504,162.175,343.6,6850.34,290521.0,804.62,0.0,152.069,1844.56,10686.2,613.571,0.0,2093.36,193.455,2608.76,689.124,517.806,942.733,33.205,599.61,7786.81,428.296,4156.88,2135.71,47.1607,427.815,253.128,62.5602,1759.38,1641.96,1855.15,1740.62,365.736,337.344,7713.19,130.895,36.6362,1454.28,19.7305,18.768,92.3965,250.241,1479.79,5.2936,2604.91,19795.0,1727.14,38.0173,708.373,786.814,81181.9,917.228,0.9625,76325.8,611.646,3506.74,341.675,1285.37,6262.27,223.754,744.947,712.223,37253.6,4853.71,18.2868,29950.9,2816.17,210.78,6.7372,206.93,0.0,75.5534,506.246,25114.1,13335.9,8694.9,1149.18,222.329,1557.75,21.1742,4742.54,101.54,490.375,2.8874,263.715,619.346,271.415,62.5602,9424.45,674.687,830.125,11042.8,20277.2,2434.07,2886.43,14657.4,4.8123,1076.52,1518.77,627.045,2078.92,13097.7,439.365,4653.99,957.17,87.5842,1197.31,43.7921,796.92,6438.4,3705.0,417.709,1.4437,28.3927,3.3686,6536.21,249.759,3758.42,224.735,492.781,923.768,4606.83,7602.5,323.869,526.949,867.661,839.75,1394.61,0.0,1720.89,65.9288,3622.23,1791.15,132.339,73.6285,4621.75,2482.68,366.217,246.872,1824.83,2010.11,1736.77,37.5361,150.144,1810.39,1835.42,1977.38,6467.48,776.477,5637.63,435.515,2398.46,2514.44,4554.86,259.384,22.1367,179.981,221.367,2088.07,1157.84,1319.06,69.2974,985.563,4506.26,1179.98,105.39,6.7372,21703.1,10453.8,10952.8,156.4,569.779,853.224,2281.52,4030.32,2406.16,3071.22,2963.95,33254.6,1170.83,431.184,1654.96,2.4062,0.4812,0.0,4.3311,529.355,9857.07,2402.79,1736.77
TCGA-C8-A134-01,49.3435,1249.68,3159.25,3308.56,651.842,5.9297,9.1063,798.814,319.144,3164.97,1340.96,865.947,897.501,1016.73,1925.67,1991.18,429.903,945.597,211.351,44.6845,524.354,3455.32,158.196,6814.7,1520.68,873.994,430.326,1852.6,631.3,1052.1,23421.2,1184.67,152.901,17833.5,585.557,1433.08,2689.11,201.186,1021.6,1440.91,690.174,2827.62,510.165,403.431,12833.3,12762.2,1357.26,0.6353,148.666,1911.05,8276.5,5592.12,0.6353,3048.07,689.115,7459.97,462.728,1646.34,1236.55,46.1669,537.266,1318.72,515.46,2836.72,1066.29,11.8594,362.016,345.404,66.2855,2748.84,1463.57,139.771,1782.72,554.426,124.1,7174.08,362.77,748.935,1774.25,745.023,408.513,181.279,231.046,772.766,23.507,333.757,484.964,1139.56,728.928,511.224,1317.87,20710.7,1346.25,0.2118,40397.9,197.586,1480.52,498.306,1983.06,2552.73,448.933,1066.92,749.047,47587.3,3106.31,75.6036,296.485,1704.79,112.664,3.3884,143.16,0.0,47.3825,1935.13,11414.7,3596.36,1373.36,760.906,2894.54,649.725,520.542,14967.8,161.584,152.266,326.768,215.798,2212.83,172.385,179.585,6040.03,4584.92,507.412,2481.79,1973.1,161.372,8568.83,5842.23,20.3304,4580.69,5792.88,427.149,867.005,811.097,139.771,2811.31,1717.07,37.2723,1612.66,1094.66,1021.18,9254.13,4744.6,2553.58,2.9648,262.389,134.477,3062.77,311.309,3041.93,83.7061,269.801,369.435,1578.78,5403.22,440.703,862.135,21.3892,252.012,1592.76,0.0,3046.38,122.406,4231.68,353.664,13.7654,32.8251,6265.99,5548.92,145.489,868.064,4055.7,429.903,445.574,79.6273,235.07,4977.76,1031.13,596.357,5223.06,508.863,4698.86,639.771,710.081,14431.6,9180.22,839.898,29.6485,194.621,0.0,6919.95,1533.04,3318.72,511.648,571.58,1936.68,973.952,3764.08,3.1766,3038.33,17202.0,17930.7,290.767,870.182,741.423,1391.99,2765.78,4671.54,2120.5,6193.29,40141.3,1473.97,292.037,2171.54,14.6125,0.6353,17.7891,17.3655,788.437,9532.83,1227.87,1704.57
TCGA-C8-A1HJ-01,61.9748,1232.14,3817.93,1377.45,640.756,5.2521,57.7731,646.709,449.23,93.1373,1131.3,426.821,422.269,1490.2,1081.58,1987.99,1095.24,1862.38,302.171,561.274,790.266,1164.22,151.611,4366.25,1628.6,1598.39,445.728,2673.32,585.434,1446.43,9199.93,1746.85,193.277,11209.7,628.851,1079.48,4130.25,9539.22,2552.87,4393.91,2050.07,491.597,103.992,684.874,14403.4,25238.4,251.05,8.7535,73.8796,2411.76,9391.07,4084.03,0.0,6623.95,1573.88,11583.7,878.851,577.731,3530.11,4.902,245.448,10605.4,646.008,518.557,4886.2,12.2549,333.333,331.933,44.4678,2057.07,1681.37,400.91,3022.76,585.434,183.823,2797.62,92.0868,177.069,943.628,189.776,40.9664,131.653,96.9888,1251.4,20.6583,8.0532,2760.5,665.266,89.2857,2333.33,521.709,212582.0,952.381,0.0,113274.0,149.86,2192.23,91.7367,1614.5,6560.92,874.615,2673.32,148.81,35832.3,2417.72,498.249,419.818,4718.84,29.4118,15.7563,96.9888,0.0,210.084,466.026,11605.0,1449.93,1619.05,1000.0,1193.28,1584.38,77.7311,5219.19,101.541,1920.87,1.0504,190.126,620.448,112.395,16.1064,10869.4,1824.58,488.796,1172.97,3269.61,1150.21,497.199,2181.72,17.1569,3850.14,3762.96,274.86,2900.21,259.454,1099.44,5273.11,4491.6,108.543,1399.51,98.7395,1729.34,20790.6,4967.44,2611.69,1.0504,473.039,123.599,1597.31,168.768,4685.92,81.0924,178.571,901.877,1392.86,6211.83,774.16,1604.34,474.79,2349.79,605.392,0.0,2379.9,159.664,4463.94,2516.46,537.115,26.6106,3788.17,5096.64,324.58,523.459,1717.09,311.975,1080.18,129.552,781.863,2185.22,563.726,838.936,10520.0,944.527,5829.83,96.2885,2098.04,7817.23,3157.56,339.636,67.577,259.804,29.0616,5309.87,828.431,2114.15,943.277,337.885,1209.73,1437.68,634.104,7.0028,19203.8,3259.1,2494.4,25.2101,286.765,1378.85,690.126,5043.42,5419.47,438.726,5566.96,67465.7,1251.59,269.958,1410.71,186.274,1.0504,9.8039,14.7059,253.851,18134.5,1933.47,5140.76
TCGA-C8-A27B-01,42.8087,1086.92,2155.57,1107.8,643.957,1.5662,42.2866,584.182,227.878,393.109,1247.72,1433.57,1281.13,1194.99,1345.6,2051.93,900.026,1000.59,288.175,772.905,535.369,2272.51,243.279,366.484,1450.22,1331.51,579.483,849.648,385.8,458.627,24947.0,6561.73,314.02,9156.36,441.66,1261.55,2963.46,2214.04,635.082,593.84,324.458,750.457,142.0,392.848,8091.1,12903.2,1965.28,1.5662,194.466,1234.93,13964.4,4741.06,0.0,4187.68,2204.12,17675.8,383.19,475.333,2327.07,22.7095,958.758,1358.91,517.88,1036.28,4932.65,1.0441,182.234,221.613,197.338,2713.91,1024.28,258.157,1788.83,323.936,193.161,4243.54,258.679,146.596,962.412,513.443,117.724,21.4043,277.734,1186.37,12.5294,699.556,511.355,1549.99,56.3821,402.767,895.328,48945.0,280.867,0.0,17301.2,800.313,2069.17,738.971,1842.34,3181.94,977.541,2169.93,222.657,63438.0,3732.18,30.8014,84.0512,4444.53,19.8382,103.106,552.858,0.0,9.397,2491.72,20428.1,2973.64,654.659,752.023,960.846,1290.79,158.444,1454.71,215.609,2856.17,1.5662,158.966,2492.3,2199.16,26.1028,12786.2,2699.03,846.515,717.828,2087.18,36.0219,6450.54,10831.9,15.9227,1960.85,4585.49,320.804,667.189,5190.29,236.231,1230.75,3762.99,206.996,1389.72,10.4411,2143.57,14829.3,746.802,4340.64,2.3493,718.089,0.0,4725.04,132.863,6661.45,36.7319,115.897,596.126,873.14,9359.96,772.383,2147.74,0.7831,309.058,2227.88,0.0,4458.37,38.3712,7948.06,1908.38,975.985,14.3566,2389.98,4974.94,183.242,1187.42,2044.37,294.701,489.428,188.724,6.7867,2721.48,5282.17,318.977,7650.25,633.806,1543.46,540.59,8040.98,14380.3,6212.48,2181.94,40.9815,59.5145,5.2206,4030.28,731.924,17786.0,312.973,460.193,3178.8,1298.62,207.779,0.261,3366.48,3180.11,2740.28,560.428,759.854,792.743,8381.36,2963.98,5581.05,4703.73,6852.06,38516.8,2093.89,219.264,1740.02,2806.84,1.0441,3.3934,11.7463,656.748,10938.9,3595.93,2241.45
TCGA-D8-A142-01,56.0425,2166.0,4294.02,2634.79,677.556,35.0598,61.6202,1030.01,260.823,73.0412,2975.03,708.366,629.748,2248.34,1701.99,454.173,178.22,2803.85,151.926,468.401,161.487,1428.15,246.481,2519.26,619.918,2156.71,1101.2,2059.5,133.864,1572.91,19668.8,974.768,66.1355,8091.1,3867.2,881.54,2197.34,2843.29,2240.37,127.756,1205.31,222.045,331.74,491.368,14036.1,199329.0,1291.1,0.2656,129.881,1239.84,16817.7,1332.01,0.0,3796.81,484.993,3330.15,1157.77,656.574,941.036,58.9641,586.72,5287.12,673.572,5961.49,2991.5,93.7583,360.356,227.092,70.9163,2277.82,870.651,484.728,1492.7,381.673,206.64,8714.48,601.062,108.178,1758.83,104517.0,19.9203,495.352,241.169,2582.47,15.9363,655.511,2138.11,1721.38,218.592,1021.78,337.583,51488.2,750.863,0.2656,67730.4,1001.86,3011.69,375.564,2142.63,2900.93,133.859,506.507,361.487,112704.0,1648.07,196.813,2568.66,2515.01,151.129,0.7968,72.2444,0.0,21.4157,696.39,45438.2,3997.08,2096.41,1200.27,290.305,1049.14,68.2603,7513.15,127.756,475.697,0.0,178.752,1071.98,163.081,199.469,9553.52,1312.88,671.979,1160.69,14050.7,171.58,2104.65,21885.5,9.0305,1098.8,1783.8,307.835,752.457,2043.56,277.556,3693.49,739.973,218.858,1960.42,91.3679,2061.62,5106.77,1686.59,1000.0,2.1248,242.762,58.9641,7434.76,326.268,2626.29,139.511,431.076,1776.48,6750.07,17054.2,522.709,646.481,30.8101,1452.06,1251.0,0.0,1156.18,78.6189,4646.75,1284.46,338.645,72.7756,14703.3,3265.87,692.696,148.738,1866.14,950.863,1150.33,109.695,32.9349,1112.09,2167.07,2854.45,4382.3,607.612,2920.85,447.527,15279.2,3875.96,5787.52,674.635,48.34,255.777,0.7968,1390.17,1434.26,1839.04,94.5551,1529.08,5982.2,2106.51,325.1,12.4834,5919.26,11859.0,38830.5,16.2019,800.797,423.373,801.062,2486.06,2249.14,2643.03,4014.27,41566.0,488.298,240.903,857.105,29.7477,1.5936,9.2961,23.3732,639.309,7270.65,1486.32,1078.88
TCGA-D8-A143-01,34.8028,2696.84,7142.9,1886.16,766.797,113.109,11.727,655.958,263.669,54.474,1842.28,1350.12,295.067,1666.0,851.535,1287.97,361.647,753.538,236.811,1052.03,147.912,1911.13,203.899,593.918,735.267,501.509,423.308,2178.2,1303.21,899.578,16658.8,2473.65,375.284,16043.4,615.859,1515.06,2695.33,523.178,4473.3,395.315,95.7078,635.908,624.181,705.892,13645.4,35020.0,696.435,0.0,377.157,1409.52,12849.0,2320.82,0.7566,3070.59,427.091,9605.96,245.89,591.648,1254.04,335.166,106097.0,2645.77,1359.2,3505.63,1631.57,4.1612,573.653,507.668,13.2402,1792.35,1843.04,520.908,4622.35,636.665,302.633,9016.96,29.1285,46.6547,1446.21,131.267,120.675,447.141,109.326,1092.88,15.8883,46.5299,3251.04,1751.11,77.1715,413.095,1014.96,212471.0,145.264,0.0,49970.4,1046.73,4935.57,226.597,3061.14,7550.32,867.026,2075.31,460.003,38793.8,1582.39,167.205,1342.94,2321.2,52.2043,6.431,104.787,0.0,32.5331,967.265,14745.4,5177.3,1097.8,772.093,101.004,1702.69,68.4708,3599.07,186.876,98.3558,7.1875,124.08,469.082,47.2865,4.5395,7064.6,848.887,888.607,507.668,4577.71,113.866,2157.4,10903.9,13.9968,3168.57,7309.35,331.005,1763.6,7295.36,932.867,5298.35,637.422,410.068,2988.5,2121.84,1784.4,10316.8,12211.6,231.893,3.0263,41.9904,6.431,5753.0,322.747,7372.53,12.6387,269.344,465.628,1723.88,30102.6,635.908,905.63,27.9936,12797.6,1280.52,0.0,696.435,46.1516,6941.27,2340.11,372.996,507.668,6155.94,1731.82,345.002,849.265,2156.64,1297.54,216.761,42.3687,634.774,4309.88,627.586,597.701,9338.77,719.314,5022.2,255.347,933.246,4882.61,8434.39,581.434,18.158,114.622,2.2698,16344.1,1220.75,4660.93,321.548,472.108,2407.07,1492.74,1144.71,6.8093,4051.88,5630.87,3762.11,16.2665,485.727,632.125,2023.48,5073.65,12455.3,385.858,5778.89,86585.7,1840.27,607.915,1128.07,2101.03,0.7566,1.8915,583.326,562.52,10358.4,2438.47,1783.27
TCGA-D8-A147-01,18.7839,1719.07,2226.23,3802.07,1083.77,9.0565,7.3794,2327.2,305.239,646.369,1598.65,520.248,885.193,2217.85,4160.64,915.764,346.832,2182.97,272.367,1063.31,251.906,2733.73,137.525,344.82,1082.37,754.712,384.4,1454.75,1005.95,272.703,7147.96,1371.23,225.411,8542.67,1355.13,1496.01,3065.14,1260.2,875.13,834.879,653.748,829.848,414.253,339.788,5293.38,34003.0,1384.64,0.0,160.334,1225.99,6816.52,767.458,0.3354,3051.72,1283.01,17622.7,2580.78,528.969,3343.21,40.2513,1189.42,1073.7,1006.62,4187.81,5743.86,0.3354,614.168,549.095,26.4988,2193.7,1246.45,167.043,4113.35,370.312,495.53,10433.5,407.209,561.915,582.638,7764.14,299.872,142.221,101.97,375.008,13.4171,203.269,267.0,2371.47,36.5616,782.888,539.703,55905.0,1073.7,32.8719,27177.0,616.18,1747.24,313.625,1380.62,2544.89,887.487,777.186,299.201,41864.0,1345.06,85.8694,1112.61,2333.9,43.2701,3.3543,129.475,0.0,7.044,858.661,15192.2,2388.58,730.226,252.577,784.9,1658.69,1005.95,3427.06,179.454,272.703,8.7211,105.324,1451.06,146.917,7.7148,12871.4,1334.33,646.704,1055.59,3642.41,997.897,2023.97,11220.4,36.2262,2809.88,5766.67,305.239,815.76,195.554,394.463,1765.02,2715.29,108.678,2228.58,604.44,2121.91,12581.9,1666.74,3783.62,1.0063,386.748,109.685,4566.36,189.496,4532.97,39.775,278.74,1276.36,1078.73,7636.01,839.91,1156.55,3.3543,735.592,1203.51,0.0,3002.75,26.8342,10948.7,3548.82,78.1546,50.985,4698.67,4843.24,215.345,335.428,1876.05,518.571,446.789,200.25,444.442,3430.08,889.889,252.242,5955.11,685.721,3027.9,321.994,9035.08,21796.4,10459.0,2175.58,122.096,60.7124,3.3543,3950.67,1806.28,15999.2,237.818,502.806,2635.79,1055.59,809.051,2.0126,1237.39,10482.1,5301.1,146.917,722.175,462.89,2373.15,2938.35,7871.81,3446.85,4089.52,30080.8,1489.42,289.474,1935.75,693.329,2.6834,52.9975,21.4674,773.16,13274.9,3078.55,1545.99
TCGA-D8-A1JK-01,32.8767,1675.76,7763.67,1625.25,496.962,344.014,31.9238,579.869,148.66,276.355,2452.89,1741.04,1447.53,613.699,873.377,434.597,129.601,1545.35,154.378,394.044,117.213,1773.91,970.578,2605.84,631.199,3253.11,941.989,1929.72,151.042,1219.77,13407.0,1453.25,125.313,15039.0,2189.87,1213.1,3920.91,904.824,2990.35,23.8237,109.589,385.944,226.325,261.108,14205.1,155374.0,2257.06,1.4294,146.278,1382.73,7304.77,9230.26,0.9529,2521.02,515.068,3249.55,500.298,696.605,530.792,149.136,2118.84,1785.35,713.758,4661.35,3616.44,2.3824,326.056,300.655,90.0536,2279.93,1362.24,361.167,1480.88,412.627,564.622,5823.94,172.484,35.6879,1280.76,99.5831,6.1942,84.8124,268.255,2714.0,4.2883,159.619,1540.92,1732.94,113.877,752.353,533.651,84099.6,668.017,0.4765,56578.0,296.843,3949.49,746.158,1322.22,7367.72,515.068,778.559,271.59,41886.4,3036.57,56.7004,1331.27,3311.97,111.495,17.6295,486.957,0.0,222.423,4163.76,24201.5,1915.43,2754.5,1262.18,81.0006,1247.41,52.8886,4447.89,227.278,215.843,20.4884,221.56,1436.09,338.773,65.7534,5898.75,3074.21,820.965,3946.16,18515.8,805.241,6657.3,12172.5,12.3883,819.059,1626.68,825.253,1479.45,7362.48,292.079,3252.89,644.669,12.8648,795.712,9.053,1292.67,5663.85,2255.15,572.245,5.2412,82.43,3.3353,4865.61,278.261,1571.89,121.429,377.368,1456.4,4367.84,28014.3,321.144,668.493,130.077,943.895,2297.56,0.0,2274.69,44.3121,5465.63,1067.3,79.0947,102.442,5430.85,2075.04,359.262,328.291,1675.76,1719.6,1061.58,56.7004,28.112,1479.93,2597.26,3799.4,4414.39,1272.96,6133.65,888.148,20399.3,18709.2,5796.31,733.77,28.112,160.572,1.9059,1434.19,2000.24,4279.69,385.944,1174.51,15538.8,2357.59,244.908,2.3824,16018.1,13656.7,11268.6,121.501,1255.03,654.675,1963.07,2686.84,1711.02,529.839,2199.38,22488.1,956.412,575.104,675.64,29.5414,1.9059,2.8588,10.4824,454.08,6617.75,2756.88,1558.07
TCGA-D8-A1JL-01,57.4467,2229.66,3821.79,2665.77,727.25,19.8008,94.1148,1601.91,248.121,798.142,893.235,538.043,726.273,1955.88,3048.83,1011.17,360.814,1023.12,500.397,75.0474,555.399,2160.48,240.543,964.86,721.071,5580.36,768.808,1496.3,436.595,1072.91,13101.0,1730.25,119.54,7227.53,3327.51,542.443,1856.38,846.544,1906.5,473.752,352.014,969.749,461.285,524.843,18323.5,113147.0,2689.48,0.4889,1470.88,1691.38,14618.1,4243.23,1.9556,2417.41,1027.68,6616.88,780.786,205.097,1378.72,317.057,1277.02,3828.88,2080.06,2352.87,1202.22,273.3,389.014,497.464,73.5806,6630.57,1280.45,252.032,3062.27,362.525,632.158,7174.48,766.363,632.378,3617.43,510.42,114.404,228.564,215.364,1527.1,43.5128,62.5802,3094.05,1287.05,53.0465,693.76,412.394,68124.4,740.696,0.0,28921.6,183.34,1416.37,549.044,3868.73,11995.6,304.076,652.203,311.19,60344.7,3229.48,297.256,856.811,2189.82,87.759,14.4228,276.722,0.0,58.18,1950.86,18536.7,2044.61,870.256,984.172,492.33,1292.92,518.731,5081.46,476.441,393.082,6.8447,932.347,2027.75,113.915,19.3119,13070.5,1953.92,992.483,1653.73,9655.2,960.46,5476.26,10697.1,14.9117,2478.27,2962.54,365.703,1165.8,1023.28,126.138,655.625,1845.14,21.5119,1786.47,556.866,1447.17,6306.91,1289.25,2606.37,3.9113,715.272,18.823,4981.44,298.417,2529.61,25.631,831.632,1961.38,3491.78,6936.87,1168.0,815.254,73.0917,1226.67,761.23,0.0,2648.41,144.472,8381.35,1077.55,47.913,99.4928,5520.01,4232.48,461.285,296.278,3249.53,1151.62,898.124,206.808,56.9578,2535.48,2288.58,526.798,4838.86,579.581,3236.57,616.75,4368.64,34268.8,8580.33,853.144,24.9343,208.519,21.5119,12394.5,1755.18,4454.68,316.079,858.767,4079.69,2724.44,2678.73,9.0448,3573.92,13080.7,7710.08,100.226,1544.46,966.815,3750.41,2169.53,5056.53,2499.05,5229.38,30372.7,2932.54,372.792,1406.59,27.6233,1.9556,5.1335,165.006,1111.53,7373.95,6464.58,1237.18
TCGA-D8-A1JM-01,19.0315,3887.35,2057.86,3957.03,519.684,3.0696,108.664,537.487,1342.95,84.721,706.316,2421.61,861.638,4254.16,1636.41,737.988,545.162,1303.78,539.943,544.548,288.85,2293.3,46.351,510.168,904.585,404.881,26081.2,566.342,981.659,610.851,8684.83,915.356,318.932,11159.2,233.904,1540.63,5401.58,787.967,420.843,658.43,337.963,226.537,143.043,399.355,5608.47,4768.63,128.923,0.0,633.873,2325.84,4987.77,989.333,1.2278,4199.22,450.925,3570.87,169.135,1236.74,479.472,15.9619,1003.76,3685.67,2944.98,4695.57,7565.34,0.6139,244.34,135.369,1409.25,983.194,3530.96,95.1577,7482.77,659.658,1128.69,3602.79,11.9715,14.8937,839.23,2077.81,89.3255,517.228,44.5092,1483.23,2.4557,428.21,5539.71,1475.56,29189.8,258.768,257.54,458078.0,158.392,0.0,166853.0,371.422,1657.28,417.773,3639.63,2285.63,1044.25,1900.7,312.486,44692.5,1073.75,5.5253,5949.51,8251.4,9.2088,16.8828,61.0851,0.0,579.234,1944.15,11620.0,1123.17,2104.83,772.926,730.259,4055.87,181.72,3992.63,165.452,12.8923,146.113,61.0851,1276.95,313.099,264.293,7878.44,446.627,405.188,19.3385,246.796,0.0,172.819,1353.08,22.7151,1356.46,4225.62,207.812,913.207,6365.13,343.796,1160.62,4368.35,36.5283,1139.13,150.104,1365.97,20273.8,3714.53,2395.83,1.8418,110.813,107.129,7229.52,244.034,2695.11,9.5158,207.198,31.93,659.658,12464.1,662.113,618.525,1194.69,78.8888,1690.43,0.307,1739.85,73.3635,3817.36,900.929,53.1041,12993.9,802.701,1817.82,519.684,463.51,1737.4,186.018,252.935,147.034,222.853,3529.43,1079.89,196.148,5793.76,652.736,1986.95,91.1672,3997.54,5048.27,7694.88,631.724,17.8037,21.1803,5.2183,2574.48,1204.21,4407.95,465.966,190.315,626.199,429.438,8408.56,9.2088,5806.15,1229.99,3660.5,53.4111,301.435,1015.42,395.979,4574.32,4325.99,2492.82,6269.64,20658.1,953.729,758.499,1777.61,446.627,5.5253,46.9649,150.718,312.793,10143.2,2395.83,1685.52
TCGA-D8-A1XK-01,35.2997,1664.79,2738.99,2990.97,651.415,7.0599,1109.5,784.468,113.502,322.585,926.753,618.559,639.739,1236.3,1359.31,3508.65,892.268,1321.28,458.896,310.366,606.069,1674.84,113.502,282.669,1778.74,2476.6,372.819,1171.95,702.736,330.46,25011.2,3949.49,313.896,2743.06,513.203,1454.35,3233.45,208.811,2087.3,3793.36,871.088,2017.24,374.177,664.449,10135.9,11772.5,1325.37,4.6161,241.667,1341.93,23976.3,1823.91,0.5431,3450.68,224.56,12485.0,227.547,862.399,1623.79,1.6292,1002.24,8594.12,389.111,2466.09,1668.86,0.5431,339.779,373.634,17.3783,2829.68,1127.69,126.536,906.388,777.951,187.36,3244.59,29.3259,721.966,6294.21,608.241,175.141,907.474,232.435,1042.97,6.5169,285.928,1262.91,1357.95,40.7304,582.445,603.354,78289.3,281.312,0.0,52089.1,184.645,3413.21,435.001,2553.8,3594.6,168.081,1957.78,537.099,55223.7,2196.18,65.4402,236.508,4192.79,44.8035,39.3728,609.87,0.0,320.418,1443.43,21434.5,1787.79,1567.85,352.183,226.19,2199.99,153.146,4207.73,145.815,6592.63,0.5431,86.077,1438.06,137.126,7.3315,13857.9,580.544,876.519,1452.99,2252.66,212.884,3531.33,5424.75,3.8015,2673.0,3872.65,252.529,1877.13,742.652,335.347,2098.97,2389.79,5.4307,1079.63,778.223,1669.4,16981.3,4086.62,5666.15,1.9008,9873.06,96.9384,5109.14,572.127,4125.45,75.3703,141.742,971.948,680.198,16115.1,828.186,748.625,22.266,729.075,2485.37,0.0,1261.56,93.4085,7244.04,1000.07,1785.62,24.9813,6580.41,4515.38,160.478,1036.18,4118.39,794.787,484.149,66.2548,37.2005,4460.8,979.431,452.108,8645.1,647.28,4706.27,418.698,6435.14,17904.3,8689.16,682.914,7.8746,54.3072,2.1723,3379.0,1863.82,12685.6,68.4271,787.183,3179.96,1769.33,135.768,3.53,20829.0,5093.2,3863.15,37.2005,549.318,2861.18,1921.66,2960.83,6002.04,3170.19,7694.15,36435.5,6268.36,421.424,1800.56,26.6105,1.0861,2.7154,132.238,872.174,12958.0,3122.12,2316.75
TCGA-D8-A1XQ-01,14.5975,1351.27,4748.77,2136.1,396.995,3.7209,2.2898,1016.39,131.091,241.288,2262.04,1087.08,1346.12,2231.13,2602.65,478.663,206.369,2822.96,201.216,235.277,206.082,928.229,220.394,601.073,533.355,7605.47,623.971,635.707,81.8605,510.626,8428.19,1184.69,101.896,9008.37,2424.9,605.939,2180.75,2470.7,1745.4,145.403,300.537,453.381,443.936,475.42,26543.1,43795.3,1693.6,0.5725,733.882,1462.61,22300.0,6057.67,2.2898,2711.7,840.644,7503.11,2372.24,550.411,619.678,0.0,553.56,1475.78,322.004,3399.21,2319.0,0.0,707.458,218.676,39.4991,3966.51,1293.17,302.254,1462.9,502.898,193.775,6517.64,334.311,284.548,1466.62,6073.42,1903.11,559.284,264.759,1340.97,12.5939,8.873,1870.48,1180.11,69.5528,423.9,283.649,30778.1,901.61,0.0,32686.9,683.22,990.912,759.642,2322.15,3575.24,242.719,824.615,262.469,32791.4,2948.12,95.3131,344.043,2312.13,107.048,6.297,389.839,0.0,73.5599,3020.71,15660.3,4514.06,1759.14,510.626,5023.83,1650.95,22.3256,6970.16,280.787,54.6691,0.2862,235.277,1150.91,295.671,2.8623,27544.6,61.5385,182.326,5904.83,7183.11,550.698,3404.65,11296.2,4.8658,1310.63,1992.13,216.673,1453.17,604.222,26.9052,2050.8,2120.36,38.6404,1156.06,72.415,1453.74,7740.68,814.311,2104.9,2.8623,30.3399,1207.59,5332.39,316.565,1708.77,46.3685,532.665,5644.75,2391.41,18511.3,1372.16,1143.76,7.7281,571.306,1288.3,0.0,1081.07,80.1431,4972.88,921.932,35.2057,117.639,6300.97,2874.85,325.724,267.334,2104.04,1386.76,1747.69,41.7889,6.297,1499.25,4067.55,1434.28,5878.04,735.402,1405.65,734.168,19116.7,13822.7,3543.18,813.739,10.0179,58.6762,5.4383,3257.25,2458.39,15534.0,499.75,703.542,3167.08,1622.04,828.05,4.5796,4447.08,13576.5,8745.33,290.805,981.753,592.2,967.728,2984.47,3009.37,819.75,2758.26,35088.9,1568.72,242.719,1108.84,5.1521,1.7174,8.873,16.3148,880.429,6255.17,3183.69,2094.03
TCGA-D8-A27F-01,27.8876,1567.39,3947.31,1531.92,859.101,11.6424,23.8263,1304.22,274.815,42.5083,2385.61,924.623,2687.77,2947.15,3579.63,1789.23,596.199,1000.04,219.852,40.0715,486.815,2636.87,86.6411,1638.6,954.566,4242.63,236.638,1187.52,337.63,725.89,16880.7,3006.18,171.934,7641.74,2032.55,1320.19,2315.21,504.143,1847.89,416.96,335.193,882.927,145.665,1332.38,9436.84,107639.0,1385.72,8.1226,119.132,1601.78,8619.59,109.114,0.0,3276.39,374.452,8245.52,1640.77,773.272,1491.31,6.7688,1703.81,1410.63,1422.54,3837.66,2448.96,15.4329,226.694,247.469,31.4074,6544.92,1547.9,113.175,1742.3,817.134,141.333,16074.9,123.193,546.749,1486.17,368.766,835.816,39.8008,116.695,1412.25,4.6028,64.7101,1545.73,2663.13,265.338,600.26,268.858,52001.2,854.227,0.0,11929.1,450.804,1682.46,324.904,2212.6,3888.56,340.305,1674.07,252.342,42758.5,1960.8,773.272,125.9,2425.14,93.1392,10.2886,326.258,0.0,83.7061,354.405,16847.6,2983.97,1733.9,1456.38,707.479,1521.36,120.215,3691.45,60.6488,428.332,48.1941,89.6194,2118.65,714.789,49.8186,8224.14,1599.61,565.062,7366.12,11516.8,854.227,5339.26,9443.61,30.5951,2629.56,4558.4,414.524,1312.88,4918.78,408.025,3178.1,1765.58,131.586,1755.02,74.1864,3231.71,6533.55,1127.69,1861.97,4.8736,125.359,277.522,6463.82,315.39,2138.14,29.1439,457.844,2339.14,3409.6,13142.4,822.278,3514.65,1323.98,269.941,915.688,0.0,1890.13,22.7433,6199.98,1285.0,4025.83,111.55,7217.74,4364.27,918.937,918.125,1662.97,756.214,319.76,252.884,194.672,2726.49,12543.5,1744.73,5856.88,977.85,3818.98,282.396,8869.61,2716.47,8335.14,536.633,42.5083,165.43,3.5198,4713.0,1572.81,13723.4,390.697,536.904,4257.06,1565.77,487.627,3.7905,3436.67,13213.6,10119.4,237.721,440.787,685.277,399.091,3107.71,5256.95,461.635,8656.48,41412.8,3060.08,349.001,1680.03,441.057,0.2708,2.9783,26.5338,569.936,6670.01,4720.59,1906.1
TCGA-D8-A27H-01,22.5969,1460.58,5893.01,2207.99,720.363,39.0311,15.0646,1321.24,152.701,47.9329,3249.51,858.684,1863.22,1869.73,3087.91,696.79,493.709,855.024,244.8,34.9225,221.518,1458.53,74.9807,5147.99,751.793,13504.4,599.504,774.801,87.9911,992.553,11357.7,526.577,67.4484,14088.2,7027.99,810.751,2141.92,2259.69,1723.87,405.375,554.652,887.786,177.694,220.149,20807.7,162214.0,1346.57,0.3424,84.2249,2433.62,11794.4,452.281,1.0271,1571.17,2913.29,5683.47,2796.54,663.871,769.323,9.2442,877.846,880.938,993.238,4352.65,11223.8,21.9122,483.362,305.401,35.6073,9281.18,1568.43,393.05,3932.89,150.304,251.305,18568.2,406.06,1149.77,2151.16,3826.76,3471.71,97.5777,81.1435,1792.35,5.1357,91.0725,633.399,4014.38,536.506,721.39,842.934,69758.1,1098.01,1.0271,24120.5,499.872,2089.87,213.644,2500.39,2518.53,181.436,745.699,456.732,27162.2,1280.15,182.83,837.456,12017.8,154.755,4.1085,83.1978,0.3424,4.1085,525.475,29707.4,3034.84,1171.27,1412.99,139.69,1166.82,823.761,6494.56,72.5841,170.846,4.7933,186.596,848.755,258.838,18.4884,4701.53,6156.98,1136.01,988.102,11117.0,659.42,1030.56,22051.9,49.6448,605.666,1561.59,446.461,963.793,7111.87,57.8619,1564.32,342.72,210.22,1546.52,1731.75,2372.34,5126.08,1724.21,2086.79,6.1628,10153.2,134.554,11950.0,359.784,812.12,220.491,691.946,2895.64,7062.23,12036.3,1331.85,1800.91,14.7222,1634.51,2180.95,0.0,3590.17,37.3192,9163.74,2660.28,560.815,81.8283,6642.81,7214.24,698.793,159.548,2817.08,682.701,1256.87,127.365,122.914,876.83,1270.56,881.28,4820.51,560.75,3511.77,301.293,10191.6,7499.1,4940.51,574.51,24.3088,121.886,4.7933,3033.47,1933.75,4675.17,660.104,883.335,4486.18,2356.59,475.905,8.2171,4656.0,31562.4,26407.9,47.5905,448.857,954.207,452.623,3504.58,2049.82,420.782,3161.1,22107.3,348.133,272.19,849.439,5463.32,0.3424,2.3966,26.3631,1326.37,13329.8,1349.31,1556.45
TCGA-D8-A27M-01,92.0567,1604.99,2967.98,2798.03,919.335,95.7512,187.192,2055.42,592.365,175.493,2113.61,675.493,1325.43,1812.19,1470.75,590.717,222.291,1034.98,250.924,154.249,333.128,1318.97,304.803,3663.49,709.674,12622.1,1300.8,1064.66,138.547,603.14,13574.5,1550.18,79.4335,6681.65,4290.02,489.224,1864.53,3771.55,1846.37,282.328,1080.97,481.219,514.778,207.82,11826.0,130286.0,2290.64,0.0,230.911,1468.6,14396.7,16124.4,0.3079,2437.19,1137.32,4607.76,1251.54,357.759,710.899,48.0296,2092.03,1700.74,1196.43,2330.97,2708.74,132.389,257.888,270.936,201.97,7941.19,1143.47,498.769,3225.68,331.589,514.163,16590.5,1361.15,1058.52,1347.91,363.608,23.7069,25.8621,266.933,938.424,23.7069,74.1995,1601.91,3762.93,112.377,787.254,692.118,46152.7,826.355,0.6158,12480.0,256.158,1962.75,636.699,3539.41,2764.16,234.27,644.089,323.892,32260.2,1621.31,446.429,3211.21,5861.15,84.9754,7.3892,184.113,0.0,43.4113,5339.87,19230.0,4163.79,1069.27,994.766,674.877,1721.06,96.6749,4129.93,399.015,1241.69,7.3892,215.209,2959.36,316.195,26.17,9211.51,8105.91,595.135,12889.8,15628.7,1065.89,970.751,10775.6,8.6207,855.911,1764.16,363.608,675.185,4086.51,53.2635,702.586,2003.08,45.5665,1445.81,107.451,2021.55,5194.27,1846.67,2180.73,4.3103,2648.4,271.552,6669.85,249.692,2044.64,26.1607,148.091,2290.12,5377.16,12497.5,875.924,1636.08,138.239,1274.32,3502.46,0.0,2568.35,121.921,6872.84,1793.72,107.759,184.729,4318.04,3311.58,789.101,300.493,1961.21,597.906,1737.38,205.973,13.2389,1736.45,1935.04,1651.48,4509.11,625.449,1987.68,731.527,18859.0,24906.7,6769.4,1278.94,22.1675,228.756,8.0049,2207.82,1686.27,2752.77,532.02,1209.05,5877.77,3049.57,441.502,6.1576,5065.58,17586.8,23846.1,90.5172,1433.19,1158.87,1872.54,2229.68,2973.52,599.138,4121.18,16933.2,1023.33,243.535,1179.19,7883.0,5.234,9.2365,51.1084,845.751,8415.02,2700.12,1346.37
TCGA-E2-A14N-01,17.4224,1393.79,2574.04,2384.18,379.271,33.9513,158.588,963.591,332.365,1076.61,957.336,1079.74,593.701,2484.7,2444.04,1405.54,511.056,1778.64,276.971,146.526,499.888,3245.03,56.2876,439.133,1479.57,1467.05,290.373,1024.35,826.445,273.397,12914.0,1759.66,223.364,5087.78,338.619,1175.34,4909.98,2811.7,473.084,2763.9,838.06,283.225,134.018,855.929,9500.99,14964.0,390.886,0.4467,42.8858,1492.52,7881.15,2189.86,0.0,5006.92,1300.42,2041.1,255.081,317.176,1586.33,184.052,227.831,1866.43,468.17,1179.36,2706.27,55.3942,166.629,210.855,28.5905,3036.4,801.875,33.0578,4760.77,571.811,586.553,5087.33,62.9885,98.5168,394.013,836.273,3.1271,371.677,151.44,254.188,50.0334,97.3865,3009.6,1207.5,49.5867,420.817,333.259,170329.0,306.008,0.0,53207.4,167.969,614.25,178.691,4395.8,4223.81,1324.5,2096.04,394.907,26822.8,2888.54,92.0258,658.476,1916.46,23.6765,1.7869,54.054,0.0,16.9756,865.744,9836.04,2228.72,1222.69,158.141,1987.49,1765.47,36.1849,2331.92,251.507,236.319,2.2336,172.883,1744.47,324.324,100.067,11994.2,864.864,513.29,348.0,918.471,87.1118,486.933,2184.94,13.4018,2527.14,3140.49,131.785,1253.07,3667.18,298.861,2029.04,9521.54,5.3607,2045.12,99.1734,873.352,35892.3,2356.49,2528.03,3.5738,446.727,65.2222,4288.77,320.303,3568.9,40.8532,74.1567,297.342,461.022,10299.3,756.756,302.434,20.5495,359.615,499.441,0.0,2955.1,461.469,5468.39,348.0,23.2298,35.2915,2072.81,3925.39,205.494,731.293,4091.49,645.968,320.75,31.7176,30.3775,2190.3,741.12,609.783,9326.5,598.342,4400.71,200.134,4763.45,20778.6,6110.33,557.962,16.0822,45.1194,25.9102,3908.42,1497.88,13203.0,200.134,246.147,2098.72,894.795,2398.93,0.4467,3774.4,1541.66,2697.34,168.416,441.366,779.092,5857.93,3661.82,5460.79,436.006,3379.14,27549.2,1004.89,358.275,1853.47,236.765,0.0,7.1476,207.728,674.111,7454.98,2307.79,1415.68
TCGA-E2-A14R-01,16.9666,694.715,4390.69,2996.22,339.333,0.0,322.825,579.159,225.611,180.213,1621.0,1001.95,1864.95,965.264,1230.31,884.067,275.135,896.751,167.374,23.845,299.438,2561.96,137.567,407.658,1492.86,546.184,388.857,1189.96,609.423,716.726,14814.6,1475.64,216.439,13255.1,724.521,1628.8,2884.79,1545.8,875.846,1663.19,257.251,1330.28,1218.39,802.476,10438.2,18859.1,729.107,0.0,146.738,1742.98,8599.32,7430.47,0.0,2723.83,886.851,5877.79,1566.89,1539.84,967.098,81.6233,302.19,3215.87,282.013,4595.21,2821.05,0.0,383.02,124.728,24.7621,1034.05,1692.08,122.894,1844.78,711.223,171.959,1832.86,22.0108,400.44,1560.47,1862.2,102.717,8.254,343.46,1089.99,7.7955,902.9,1702.63,1033.13,62.3639,393.443,499.828,85117.0,185.716,0.0,30757.3,581.91,3968.36,492.491,3291.99,2026.37,465.409,1278.0,863.923,22040.1,1730.6,55.4855,2474.38,2475.3,134.357,2.7513,36.2261,0.0,38.9774,2460.58,8741.03,6392.3,3553.36,440.216,1488.02,1393.56,25.2207,47926.2,248.08,154.534,0.9171,87.5845,640.605,139.402,3.2099,11490.1,387.481,512.209,23.845,1691.62,0.0,4699.76,8621.35,17.4252,2489.97,3122.32,280.637,1823.23,3510.72,4574.57,1529.29,1853.95,492.491,1043.68,95.38,1321.11,14288.2,1542.59,2067.64,4.127,68.7837,60.5296,4246.23,632.81,3841.8,233.837,193.053,1184.0,1188.58,5436.2,595.208,1936.49,42.1873,406.282,1123.01,0.0,4652.99,117.391,3937.64,1118.42,27.972,35.309,3019.6,1888.34,75.662,857.962,4700.22,405.824,275.593,32.099,26.5964,2300.58,2514.27,1204.17,7550.76,799.037,5335.32,688.295,3383.7,11836.8,6337.73,931.789,8.254,72.9107,1.3757,5876.88,924.911,2806.83,1003.78,662.158,2124.5,536.971,4464.06,3.2099,7967.44,5276.17,4335.21,57.3197,868.967,914.823,3053.08,2113.95,4336.12,3495.59,3409.74,29107.0,1884.74,231.113,806.145,16.9666,0.0,4.5856,2.2928,1140.43,7492.84,1663.19,1353.2
TCGA-E2-A14X-01,91.119,1118.39,3134.99,2679.65,1119.39,7.4892,415.403,1155.34,990.326,80.8837,2153.4,649.566,2630.97,3228.61,1672.6,285.445,249.142,1696.56,159.271,430.132,268.115,1824.38,453.348,1372.03,758.757,531.586,815.827,1480.87,302.815,1582.48,5827.87,1582.97,194.725,11430.8,1354.8,843.537,2355.11,1092.68,537.977,620.608,486.551,736.941,421.644,704.987,9589.22,25393.7,729.951,0.4993,113.836,1865.82,9898.17,4217.94,0.4993,4048.68,493.041,6324.91,624.103,425.638,1569.24,357.486,381.689,4902.45,425.139,4050.93,8247.39,11.7331,323.208,307.059,247.145,3824.75,1781.69,294.826,3703.43,499.033,495.038,6514.39,597.641,95.3954,1318.6,563.69,252.387,61.4117,180.49,791.362,45.934,2287.96,5558.26,1022.28,346.252,926.668,375.46,31179.7,362.479,0.7489,24244.1,530.737,1875.8,289.833,2687.14,2504.15,339.5,457.343,302.565,49727.8,1887.79,442.614,174.0,2068.53,120.826,1.4978,77.3888,0.0,71.1477,1246.88,8475.82,4406.67,2348.62,1079.45,1804.66,1026.77,56.4189,3171.94,345.503,62.9096,89.8708,255.882,1486.61,238.158,15.2281,10095.2,1139.61,374.711,81.383,5256.94,163.016,868.501,7959.56,69.6499,1725.52,1715.53,177.744,921.925,2546.09,3106.78,1283.41,3663.23,37.1965,1305.87,360.731,2654.68,14506.4,3714.41,2561.32,4.2439,207.452,18.2238,7152.53,219.934,3383.39,49.5188,191.475,1366.02,3130.75,8931.91,656.057,2302.69,35.9483,628.596,511.764,0.0,1814.89,104.849,3704.18,1366.29,38.4447,18.4734,5253.7,3800.54,389.94,315.297,2163.14,419.397,445.36,114.336,16.4763,2043.81,8516.01,955.127,5400.21,756.233,5148.85,295.325,1819.63,4535.23,4312.55,1122.14,53.4232,289.084,3.9943,4401.42,1181.3,3679.46,117.581,1218.25,1175.31,2154.15,3458.03,2.4964,4182.74,5494.1,4897.46,54.1721,938.401,571.678,1438.93,3297.76,2581.04,560.694,5823.34,30891.8,1583.73,234.413,1666.35,373.713,5.7417,15.4778,26.2123,801.098,5447.42,3091.81,1525.56
TCGA-E2-A14Y-01,9.5289,2044.47,3700.37,2031.76,910.535,1.0588,395.447,468.502,154.579,49.7618,1506.62,1250.4,736.898,2859.71,1235.57,1089.48,387.507,323.743,214.929,308.629,148.756,1903.12,68.8195,1260.98,2336.41,7231.87,146.638,1850.71,476.972,873.478,15276.3,3236.63,184.754,4959.24,722.075,980.942,2302.81,1673.9,7133.93,1327.16,4631.02,146.109,456.856,712.546,13583.9,40591.3,204.341,0.5294,59.2906,1966.12,16174.1,1211.22,0.0,4238.75,1348.33,4478.56,276.337,870.302,1154.05,5.8232,1209.61,5575.44,373.743,106388.0,2820.01,0.5294,288.512,189.518,190.048,839.598,7724.72,58.2319,2593.44,416.093,185.283,9275.81,48.1736,302.61,1562.2,130.757,694.547,66.702,63.5257,1211.75,3.1763,139.756,10187.9,2012.18,110.111,303.865,449.974,234861.0,271.572,1.0588,69278.5,6048.17,1976.71,84.1715,3167.81,9114.35,939.079,917.417,728.957,44888.3,2800.42,7.9407,6651.14,2060.35,51.3499,96.3473,115.405,0.0,141.345,914.738,7364.21,4321.86,4083.64,471.678,462.679,1899.95,41.8211,1948.12,28.5866,78.8777,1.0588,87.8772,245.103,141.345,77.2896,11047.1,1280.04,673.902,561.673,2308.1,58.7612,1127.05,7250.4,8.9995,1604.02,2454.21,119.111,744.838,3687.14,694.547,2109.58,3679.72,70.937,861.832,25.9397,1757.01,19172.6,3112.23,1123.35,0.5294,534.145,0.0,4475.89,246.162,4873.48,10.0582,272.631,355.13,1546.85,17779.8,464.796,541.027,227.104,700.371,1948.65,0.0,1949.18,340.392,5265.22,3086.29,428.269,417.152,4344.63,3355.21,322.922,149.815,2808.89,337.745,230.281,58.2319,12.7051,5185.28,1356.8,1660.67,6029.04,364.537,5534.67,100.582,2307.04,12085.2,4089.99,752.25,16.4108,81.5246,0.0,4843.83,957.12,12243.0,1330.33,440.445,4398.62,1139.76,36.5273,1.0588,6628.9,4829.01,5434.62,5.2938,232.398,707.782,2897.3,4005.82,3228.69,1743.25,4458.96,41081.5,914.838,765.484,1475.38,39.1742,3.1763,11.117,4.235,318.158,9511.91,2753.31,2120.7
TCGA-E2-A150-01,34.8037,1285.31,4182.92,3135.57,645.892,10.1174,5.6657,591.663,338.729,54.2291,1979.77,532.173,537.434,2033.59,1182.11,352.958,135.168,1561.42,225.415,360.178,200.324,1314.85,305.544,1394.58,760.927,15281.9,567.786,1678.67,93.4844,1225.82,14444.8,3101.17,69.2108,9448.81,1224.61,631.728,1662.08,898.422,720.761,27.5192,250.911,282.477,291.38,225.01,10785.1,67839.3,1710.64,0.0,135.977,938.082,9348.8,6944.56,0.0,2716.31,317.281,2225.41,421.692,387.697,628.895,173.209,53215.7,1166.73,2511.13,3515.99,3912.99,3.2376,458.114,354.917,51.8009,2704.98,1487.25,254.148,3824.77,343.99,653.986,9928.37,129.097,56.7786,1091.46,78.9154,10.5221,17.8066,156.212,2540.27,6.4751,31.1615,1231.89,1212.06,150.142,363.416,859.166,66923.1,269.526,0.4047,35810.6,323.756,2172.0,358.155,5319.3,4084.18,216.916,851.882,428.976,175452.0,4017.81,126.669,810.198,3000.81,32.3756,18.6159,337.92,0.0,24.6864,991.068,30227.0,2433.43,1562.53,1698.1,1029.54,1424.93,144.881,3621.61,222.582,104.007,0.8094,228.652,3228.25,777.418,8.0939,10063.5,3083.77,399.029,36.8272,7166.33,212.06,5138.81,38599.4,17.8066,1460.14,1857.55,126.265,940.105,3188.59,16.9972,1925.13,1978.96,61.1089,1615.14,35.6131,1879.81,5291.78,2867.66,3619.99,0.8094,391.744,6.8798,7888.64,227.843,1844.6,40.3926,308.377,871.951,3056.66,14134.8,1376.37,4545.93,303.925,523.675,1078.51,0.0,2298.66,40.0648,4292.59,2208.01,16.9972,21.4488,21397.8,2572.24,617.968,196.681,1681.91,950.627,1460.95,229.867,5.6657,1375.56,949.413,439.094,4427.96,605.876,4322.95,462.566,10813.8,9514.77,7409.55,365.034,38.8507,202.752,0.0,1613.11,1309.19,2435.45,285.714,712.667,4956.7,1617.16,721.975,2.0235,7098.75,9902.47,3892.76,40.0648,1514.77,834.48,3590.45,2475.92,2886.28,374.747,4835.38,33096.7,1042.66,359.369,1049.37,52.6103,0.8094,2.8329,6.4751,498.988,6832.05,4299.47,1896.8
TCGA-E2-A158-01,15.7656,1774.66,4232.71,2580.76,477.765,4.1128,1006.25,496.273,1536.8,13.3665,1275.98,227.915,877.388,4187.82,881.844,373.726,404.079,3159.37,257.733,86.7107,166.224,2937.88,113.101,198.098,474.77,268.015,83.2834,1445.63,472.625,342.044,4483.25,702.596,102.829,8229.63,330.392,602.862,2449.15,75.0578,149.088,1770.54,779.368,496.273,2084.48,368.092,5532.0,7382.4,206.323,0.3427,820.838,813.641,10226.9,1628.31,2.7418,4118.93,1990.92,4158.34,183.703,250.878,2118.41,63.0623,561.662,19009.2,613.144,4818.78,5209.15,0.6855,534.796,219.69,4.4555,483.592,1374.0,131.608,2149.94,302.973,27.7611,8681.0,39.7567,14.518,9600.89,2817.24,54.1513,66.1469,46.2685,681.004,5.4837,781.081,1526.18,2213.35,52.7804,922.971,545.626,72128.2,68.546,0.3427,37476.5,645.018,1765.06,104.533,2535.86,1133.75,224.145,991.175,160.055,38445.4,1377.77,32.2166,1421.99,1678.35,16.7938,0.6855,10.6246,0.0,4.4555,571.283,9465.51,2837.8,2428.24,386.257,17.822,764.973,6.1691,24951.8,83.6261,32.5593,0.3427,43.8694,91.5089,23.9911,335.533,14703.1,25.0193,416.417,64.7759,721.789,10.9674,189.187,2850.14,47.6394,2998.2,4873.62,380.087,2727.79,674.492,1779.45,635.421,6874.48,3.4273,1769.51,13.0237,655.642,8230.66,749.893,2824.78,0.6855,34.273,3310.77,7534.73,308.114,2187.3,148.878,513.067,327.523,767.372,5801.05,791.02,858.881,6.1691,94.2507,1218.75,0.0,852.712,19.8783,4084.31,1170.77,70.6023,15.4228,7843.72,4143.95,76.7715,240.254,2836.33,548.025,199.469,137.435,7.5401,1090.91,1188.24,392.083,7007.16,1164.36,4222.77,69.9169,1144.72,5759.92,5407.93,82.2552,16.7938,56.5504,25.362,3558.56,610.745,1237.94,43.8694,506.212,454.117,512.038,5827.09,0.3427,2287.38,5224.92,1982.01,4.1128,128.866,520.607,197.412,4416.07,1846.97,2210.26,3896.47,18679.1,226.304,496.958,980.207,170.679,0.3427,4.7982,1.3709,603.547,5576.56,1456.6,2343.93
TCGA-E2-A159-01,79.2928,1925.17,5813.73,1590.5,618.984,38.2177,58.5767,1059.02,270.738,130.369,3016.34,1127.6,719.707,1677.29,1636.93,480.168,297.527,815.183,229.663,670.06,230.378,1901.96,493.258,1265.83,686.776,1173.52,685.061,2197.34,374.676,872.578,16437.2,4955.8,327.172,6689.17,1563.0,1206.54,2150.19,665.059,3944.28,1095.45,577.552,601.839,415.394,584.338,11067.8,65179.0,1524.42,0.0,399.678,1819.81,6276.22,10210.9,0.0,4285.03,1159.03,6874.9,456.827,1215.82,1165.82,107.152,1151.17,1582.28,595.41,3745.33,3372.09,17.1444,217.041,222.52,217.162,2889.19,1896.6,279.668,1831.59,805.429,280.025,2981.69,185.017,43.5253,2128.05,128.583,275.382,560.407,431.467,989.374,61.0769,134.655,1191.54,1525.14,85.3648,772.569,542.548,43353.9,756.853,0.7143,35528.2,534.333,3379.94,562.907,6079.47,4779.0,943.984,951.156,575.409,38692.7,2395.93,149.656,319.314,1780.52,134.655,57.148,40.0036,0.0,20.0018,1384.33,24242.5,4256.81,1109.74,642.914,130.012,1332.98,1130.1,3184.57,608.626,48.5758,2.5002,210.019,1322.26,465.041,203.947,9061.52,1354.05,541.12,2579.16,9417.63,472.185,1177.61,7920.71,10.3581,3436.38,4065.01,463.256,916.51,8831.5,472.185,3517.1,471.113,95.3657,1702.29,54.2906,1366.19,11605.3,1695.51,561.479,3.5717,50.0045,5.7148,7725.06,516.117,5380.48,44.9826,240.736,1465.8,2678.1,20862.6,725.065,1085.45,11.7868,1588.36,1101.88,0.0,1600.5,184.302,4497.19,887.222,20.7161,92.1511,6808.11,2475.22,448.969,385.392,1905.53,862.22,548.263,117.868,142.155,2440.93,1814.45,956.871,4357.21,436.775,5370.48,630.413,1867.67,7926.06,5376.91,1810.52,24.6451,156.442,0.0,2489.51,1654.79,3275.65,930.797,837.575,5238.32,2014.11,229.663,2.8574,4192.87,9059.74,6128.76,27.5025,1281.19,1911.96,2260.56,3631.04,4653.63,1874.45,4798.26,48251.8,1133.22,344.674,1166.89,815.787,2.143,8.215,28.9312,589.696,7915.35,2280.2,1191.54
TCGA-E2-A1AZ-01,185.296,1890.47,1833.46,1375.09,1244.56,143.286,48.7622,1846.21,732.933,93.7734,1152.29,228.057,515.379,827.457,2489.12,817.119,236.309,2114.4,336.834,905.476,569.392,2212.3,267.817,1367.59,1787.08,1077.76,1050.26,1191.3,1414.85,1500.38,7434.36,1450.11,252.063,6018.75,2875.47,1351.84,2174.04,3328.58,819.955,1780.95,1579.14,318.83,552.888,824.456,11742.7,128401.0,1243.81,0.0,942.236,765.942,9378.78,3252.06,0.7502,3110.28,959.49,3726.18,957.99,398.35,1036.01,9.7524,615.904,3621.16,1840.21,4438.11,1790.7,27.0068,398.35,376.594,133.533,4554.39,1138.03,342.836,3395.35,979.745,1467.25,5840.96,236.309,187.855,2873.22,252.813,63.7659,192.048,183.796,2005.25,43.5109,183.796,3521.38,2146.29,313.578,737.434,449.362,75234.1,321.08,0.0,25006.0,279.07,1097.52,346.587,3531.88,4331.58,1752.33,1347.34,196.549,28459.1,1848.46,723.931,255.064,5267.82,75.7689,1.5004,102.776,0.0,26.2566,1532.41,21096.8,3246.81,1296.32,1555.89,1119.28,4595.65,179.295,6428.36,299.325,108.777,0.0,225.056,1555.14,168.792,55.5139,13118.5,1703.68,802.701,145.536,10087.8,328.582,555.139,9626.41,8.2521,1729.93,2551.39,117.779,1040.51,43.5109,222.055,2078.02,3755.44,28.5071,3038.26,576.894,1090.77,8624.16,1027.76,3015.75,7.5019,637.659,18.7547,5710.58,255.064,3571.64,112.776,219.805,1595.78,4075.02,9679.67,710.428,854.464,6.0015,1249.81,654.163,0.0,1555.14,141.035,6037.51,3562.64,63.7659,59.2648,3941.49,4003.0,777.944,504.126,2544.43,652.663,1276.07,143.286,31.5079,2660.16,1110.28,1029.26,6095.05,588.215,2781.7,327.082,5112.53,21556.6,5144.79,928.732,45.0113,354.089,16.5041,1579.14,1371.34,1483.87,128.282,542.386,1867.97,3239.31,1086.27,3.0008,5559.64,8846.21,12905.5,23.2558,2033.76,1972.24,1462.87,5302.33,6628.66,2852.96,5771.65,19349.6,516.249,99.0248,1076.52,1727.68,1.5004,2.2506,102.776,1048.01,5038.26,1978.24,1873.22
TCGA-E2-A1B6-01,115.796,797.858,2780.46,2045.07,378.179,1.5618,64.0339,1822.85,1232.49,584.337,1866.13,1273.98,1202.37,2116.24,1709.95,1076.9,546.185,1387.68,106.649,265.507,146.81,2105.76,375.725,2797.19,569.181,8713.09,2423.47,3304.55,326.417,1000.22,7027.44,1302.1,126.734,2233.82,392.012,622.044,2971.0,1261.71,928.157,171.798,142.347,1139.22,363.231,523.204,6775.77,11435.7,1169.57,2.6774,157.742,3219.54,7461.62,22520.1,1.5618,3537.71,1240.74,2976.13,400.268,840.25,963.186,18.9647,133.423,1175.81,304.998,2948.01,2407.41,31.4592,317.017,168.228,93.7082,5663.99,1166.89,101.963,4703.03,602.856,308.791,1179.38,215.306,156.334,1050.42,318.161,231.593,53.7706,468.318,473.449,130.745,1619.37,412.762,637.885,836.011,1692.1,729.585,104862.0,224.23,0.2231,56912.8,172.691,1186.08,755.243,3791.39,1101.07,343.813,1286.26,1112.67,22803.9,2071.4,316.154,1671.35,2234.49,114.681,1.7849,33.2441,0.0,45.5154,2895.47,9082.55,1183.18,881.303,511.156,275.1,691.209,36.3677,1970.55,1819.95,104.625,1.5618,445.56,1071.62,203.927,148.817,8617.8,193.887,598.17,140.785,2551.99,193.217,3689.87,2735.83,24.3195,1553.77,1216.2,181.839,1034.58,1747.21,166.89,3040.61,1210.84,8.9246,1002.68,458.054,468.541,11340.7,3663.1,1219.32,7.1397,603.079,184.739,7434.22,408.969,4028.78,119.152,607.764,1712.01,1051.76,7111.56,414.547,1412.76,7.3628,545.515,755.689,0.0,2401.38,142.347,2636.99,1010.26,16.2874,48.8621,3140.56,2143.02,66.9344,347.613,2980.37,710.843,775.547,24.5426,51.3164,2828.42,10120.9,304.998,7455.91,677.784,7308.34,907.854,2093.26,13920.3,3385.32,1592.15,26.9969,90.5846,4.2392,3278.45,1184.74,1664.21,227.354,1099.06,1304.11,1378.18,493.083,4.6854,8308.57,4460.51,4309.01,84.7836,2689.2,1049.98,2794.07,1976.8,1597.5,1765.51,3093.94,34807.2,1041.68,661.758,602.633,264.837,13.3869,63.3646,1.7849,1177.6,7645.92,1551.54,1115.8
TCGA-E2-A1II-01,156.934,1314.39,2135.56,2605.32,744.004,9.3848,13.0344,1200.73,1037.54,820.125,1388.43,1374.87,435.349,1819.08,2084.46,379.359,458.29,1470.29,345.673,530.761,240.355,1739.83,316.476,375.912,1197.62,568.3,2790.41,1081.86,294.056,661.627,4630.34,1575.08,154.327,5202.82,333.681,939.52,5613.66,5260.17,927.007,2143.38,721.585,567.779,342.544,647.028,7784.67,8918.67,2007.3,0.0,382.169,2086.03,5289.35,17439.0,1.0428,5698.64,718.978,8174.66,139.729,605.839,2151.2,1.5641,1243.48,685.61,1432.74,1885.3,4568.82,1.0428,884.776,242.44,28.6757,3288.32,650.156,54.7445,6774.77,701.251,1291.97,4423.88,31.2826,534.395,453.076,1226.28,10.9489,212.722,290.928,558.915,78.7278,34.9322,904.588,1189.26,110.01,909.28,489.051,106374.0,562.044,0.0,34317.0,149.635,1860.79,668.405,2237.23,2824.82,360.261,1435.87,363.399,41199.7,2090.72,864.963,155.892,1473.93,27.633,3.6496,110.01,0.0,43.2742,3181.77,6350.89,959.333,2773.2,774.244,956.204,1845.15,27.1116,1544.32,966.632,29.1971,0.5214,203.337,1680.4,94.8905,7.8206,11198.1,2119.92,417.101,18.7696,1291.97,14.0772,1167.36,2626.17,13.0344,2119.4,4960.38,671.011,1361.31,123.045,268.509,1819.6,9245.57,10.4275,1202.82,45.3597,631.908,13253.4,250.261,2397.81,5.2138,643.9,8.342,4653.6,233.055,4320.13,58.3107,110.01,238.936,640.25,8141.81,499.479,738.269,4.6924,114.703,827.946,0.0,2430.66,106.882,2677.79,1781.54,78.7278,149.114,1129.82,2647.03,79.2492,527.112,1543.27,306.048,625.652,98.5401,38.5819,2655.37,1564.65,531.283,7894.91,441.721,3107.4,869.135,386.34,20586.0,5051.62,743.483,21.8978,153.806,11.9917,1444.73,1175.18,3102.19,122.002,991.137,5007.3,1643.9,139.208,0.5214,3729.41,1961.94,3261.21,47.9666,1986.97,946.298,5946.3,4362.36,3061.52,2472.89,7239.28,28354.0,1176.67,340.98,1021.38,29.1971,5.2138,20.3337,0.5214,578.207,6967.15,2549.53,1374.87
TCGA-E2-A1LG-01,7.371,915.233,2261.98,2398.96,1827.4,1.8428,42.0762,730.958,349.816,22.113,2994.47,1046.99,1716.83,2746.93,1634.52,571.79,281.327,1109.95,176.29,528.255,835.995,1717.44,151.106,216.523,1750.48,11250.8,158.477,2606.88,184.889,294.533,1353.19,1669.84,200.86,974.509,315.111,1512.29,1668.61,2942.87,2788.08,1331.08,10037.8,486.486,61.7322,666.155,11831.4,4030.1,195.025,0.0,22.4201,1164.93,28604.4,1841.22,5.8354,4319.1,2541.15,11292.1,91.5233,1165.23,1165.85,56.5111,5515.93,1322.48,873.464,9723.28,6021.81,71.2531,282.248,338.452,6.7568,706.695,698.403,55.2826,5881.45,388.821,177.211,2438.57,30.7125,1107.87,1253.99,215.602,105.037,118.243,106.88,1137.9,6.7568,4644.04,3431.2,2434.28,19.3489,146.499,1658.48,76449.0,107.187,0.0,27833.8,919.533,1543.3,1070.64,1613.02,2507.06,1101.31,1099.51,376.843,20647.1,1630.22,35.9337,118.858,5377.46,98.2801,24.2629,8.5995,0.0,4.914,2808.6,2967.75,1542.69,5736.79,162.162,1027.33,2308.97,6.4496,579.238,45.7617,183.047,3.9926,41.4619,441.646,120.086,542.69,14479.4,1106.88,755.221,27.9484,496.315,0.9214,417.383,5724.2,8.2924,2043.61,3071.87,340.602,818.182,2196.25,754.3,681.818,3550.06,9.828,2436.12,53.4398,1371.01,21071.9,3355.65,1264.74,0.3071,14.742,2.457,6422.13,187.346,5089.68,12.7088,230.651,652.479,238.022,5828.32,679.975,2627.15,40.5405,128.071,519.963,0.0,2075.25,18.7346,7832.62,1838.14,59.5823,6.1425,1155.41,3940.42,69.7174,114.251,3278.87,459.152,148.341,59.5823,8.5995,4466.83,2556.2,353.194,5567.11,797.174,3257.37,132.985,1160.93,25019.0,6628.07,971.437,15.3563,54.0541,2.1499,5723.89,505.528,10719.0,251.843,107.494,1246.31,227.887,65.1106,0.6143,1708.23,3430.28,4819.41,35.0123,228.501,406.02,3254.61,3641.89,7847.97,2574.63,6149.24,23681.5,2079.4,1104.73,1490.79,3772.42,0.0,11.9779,5.8354,406.941,10405.1,2557.74,3016.58
TCGA-E2-A1LH-01,65.5991,1157.63,3805.52,1802.05,375.844,0.7718,12.3481,1040.32,283.234,267.027,1778.12,1728.73,1546.59,1930.93,1345.94,961.597,323.365,926.907,83.3494,241.559,78.7189,1367.55,324.137,1052.67,489.215,5619.46,1454.76,2634.0,50.9358,1080.46,8157.44,2995.18,165.155,9220.91,1030.29,504.727,1868.42,1084.31,1292.69,146.633,165.155,503.183,885.973,270.114,7774.65,57068.1,1352.11,0.7718,275.516,3255.26,2709.61,16524.8,0.7718,4130.43,830.407,1799.73,1988.04,385.105,619.718,7.7175,259.309,1201.62,263.168,4964.69,6138.53,3.087,188.308,136.6,91.0669,4496.24,2364.65,99.5562,3736.06,345.746,263.94,1893.88,331.082,106.386,753.232,964.692,256.994,143.546,610.457,737.797,21.6091,169.014,1825.2,1491.8,150.492,2218.79,1034.15,102059.0,620.49,0.0,94594.6,907.582,2603.9,837.353,3104.77,1774.26,303.291,984.758,943.855,32159.0,1374.49,279.375,9388.39,6312.17,177.503,11.5763,142.774,0.7718,108.046,3047.57,12594.3,4718.5,2714.26,984.758,172.101,1428.52,1693.23,3564.73,612.773,649.817,77.9471,281.69,3316.23,902.952,28.5549,8467.68,1555.86,259.309,2671.04,8431.41,946.17,4480.8,13331.3,16.9786,740.884,679.915,237.7,1080.46,6738.95,89.5234,1869.96,743.971,163.612,796.45,163.612,1730.27,17356.7,1097.43,1030.29,7.7175,247.733,47.8487,5141.7,312.56,3533.09,229.774,576.5,849.408,2203.36,9369.09,309.473,2754.39,953.116,1073.51,2032.8,0.0,3354.81,182.906,2560.68,1310.44,38.5877,60.1968,3556.24,1817.48,179.819,119.622,1651.55,960.833,733.938,28.5549,250.82,713.101,5972.6,439.128,4643.27,827.104,9860.7,1511.87,4333.4,11237.5,4460.74,1030.29,49.3922,213.776,3.087,3741.46,1230.18,1285.74,819.602,931.507,2818.44,1153.77,340.343,4.6305,16217.6,12433.7,3953.69,90.2952,1582.1,782.558,947.714,1724.1,3619.53,2612.39,2712.95,19656.6,956.327,423.693,453.019,1049.59,3.087,13.8916,20.8374,629.751,13450.1,1528.07,1251.78
TCGA-E2-A1LI-01,40.5649,1211.54,2321.81,2239.18,521.334,2.4038,56.1899,698.918,401.142,91.9471,1332.33,1193.81,1912.56,1397.54,2499.7,858.395,388.522,1090.83,225.962,661.358,420.974,1860.28,135.817,431.791,1619.26,468.233,532.452,2601.86,476.562,963.642,7306.49,7396.33,210.637,8406.55,338.642,1589.84,3777.34,1154.15,629.808,1513.82,221.755,920.974,133.714,812.5,10230.2,13213.9,871.394,2.7043,2896.03,1366.29,9929.91,2624.4,0.0,6769.53,477.764,12488.9,781.25,615.385,2494.29,23.137,423.978,1120.79,442.909,5524.64,4587.74,54.387,172.175,261.418,87.4399,4343.45,767.428,198.017,2856.37,767.127,393.329,4464.84,300.781,28.1671,205.829,1008.41,1136.72,21.3341,175.781,586.839,9.9159,545.373,554.988,1135.22,3447.72,564.303,557.993,35559.8,185.998,0.9014,27040.0,1071.81,2874.1,361.478,3315.81,2651.14,890.598,1045.07,222.055,83566.7,1857.27,64.6034,211.538,2000.9,24.3389,4.2067,179.087,0.0,36.6587,1712.98,21373.8,3230.17,1333.23,986.478,139.724,1577.82,41.4663,1474.76,154.147,690.204,64.0024,209.435,4027.64,1823.32,55.5889,13738.6,1346.15,682.091,2715.44,3077.22,479.567,3803.19,5722.06,39.363,2147.24,2875.9,421.875,918.269,7019.53,236.478,3154.15,2634.01,143.029,1154.45,19.8317,1739.78,14229.6,1704.93,3918.27,1.5024,49.2788,37.8606,5118.88,321.214,8141.23,85.9585,301.983,631.905,898.438,6838.04,772.837,3855.17,15.625,305.889,1601.56,0.0,2246.39,36.9591,3218.45,1076.62,379.507,9.9159,6480.77,2941.71,721.454,519.832,2965.14,573.918,335.337,103.365,217.849,1985.58,1463.64,292.969,7456.54,1137.76,3173.08,389.123,1686.0,7939.0,6526.74,804.387,43.5697,189.002,8.4135,6319.41,1071.21,5677.28,65.8053,527.043,1963.94,640.625,303.786,2.7043,3066.71,7799.28,853.365,399.94,612.68,696.214,1215.14,3428.49,5977.76,4503.0,7629.2,41395.7,2215.78,155.048,1677.58,174.279,1.8029,15.3245,9.0144,835.036,8669.17,4555.59,1948.02
TCGA-E2-A1LK-01,1.1738,1613.42,3355.37,2567.74,208.94,0.0,132.642,1059.96,50.4744,46.9529,2310.08,1062.31,2011.35,1411.52,4007.43,596.173,137.337,1525.66,170.791,356.842,77.4723,807.59,32.867,1003.62,681.639,1778.78,173.726,1565.88,555.218,301.672,8976.81,8283.08,66.321,11251.1,664.971,733.052,2511.39,289.347,1176.17,1290.62,963.121,242.981,458.378,701.359,13256.0,10621.9,766.506,1.7607,60.4519,1511.3,14984.4,40.4969,0.5869,4971.73,1312.92,1729.04,1119.24,601.584,851.608,31.6932,716.026,315.171,79.233,7758.38,2925.17,1.1738,469.089,211.875,110.926,3405.26,1789.49,33.4539,1774.82,164.922,35.2147,8895.23,58.1042,4940.94,1340.51,2985.62,149.662,198.963,157.879,567.543,0.5869,52.822,292.282,2065.34,42.2576,865.694,356.842,77768.1,340.995,0.5869,59193.5,608.627,1255.4,335.126,3521.47,1636.31,292.869,922.038,478.92,35722.9,1727.28,3.5215,3044.9,749.486,93.9058,1.1738,103.296,0.0,9.3906,475.956,17068.6,1934.46,1520.69,455.443,46.366,619.778,321.627,659.688,76.2985,1807.69,0.0,65.7341,2774.92,532.328,64.5602,9280.24,84.5152,581.629,49.8875,2095.86,17.6073,3899.44,16979.9,17.6073,1798.3,2068.86,448.987,1112.2,8827.15,157.879,944.34,4086.08,112.1,2032.47,8.8037,1382.18,8264.3,1043.53,156.118,5.2822,25.2372,19.3681,6466.17,238.873,2796.05,139.685,240.047,161.806,901.496,12958.4,462.486,1124.52,1.1738,230.069,4578.49,0.0,1646.29,80.4068,3605.4,136.163,6.456,1.7607,4241.61,2300.11,312.824,214.81,2080.01,564.609,483.615,55.1697,272.914,727.77,1805.93,478.333,4532.03,466.988,9919.39,396.752,9648.23,6379.73,19724.9,125.599,655.58,24.0634,17.6073,1148.0,1530.08,4429.42,792.917,631.516,3006.16,240.634,1065.83,0.0,6349.79,12336.9,6129.7,190.746,396.752,1162.67,519.417,1783.62,2827.15,322.801,2165.69,22865.5,716.178,635.625,342.756,352.734,0.0,89.7974,39.3231,487.136,4189.96,1928.59,1733.15
TCGA-E2-A1LL-01,36.2747,2428.1,6350.94,1111.27,533.18,43.7599,3121.35,541.241,133.007,19.001,1547.14,978.264,1106.66,3237.66,948.323,827.327,485.965,1580.88,225.133,486.138,184.252,1988.77,280.409,10973.4,1226.47,6716.57,3072.98,624.154,219.375,981.143,33059.5,11360.9,160.069,10490.3,674.248,1491.29,4622.43,4381.17,6619.84,6.9095,67.3672,225.709,390.384,481.935,8998.99,29848.3,463.509,143.947,107.097,2648.05,10841.5,189.434,1.1516,2076.29,109.975,4159.49,271.196,726.069,749.1,36.8504,2722.9,3377.0,747.949,2583.56,1352.53,59.3062,364.566,346.624,408.81,2227.72,6722.9,487.692,1125.09,745.646,633.367,13791.9,180.222,122.413,438.175,1104.36,798.618,89.2472,69.6704,1572.48,9.7884,36.2747,6483.37,3302.14,82.3377,278.681,1632.36,120674.0,347.776,1.1516,31309.1,514.179,712.826,142.796,6966.46,16046.6,849.846,1457.9,713.977,23835.3,1384.19,200.95,221.103,1532.17,246.437,160.069,206.132,0.0,110.229,381.16,20952.9,4783.07,5655.39,690.37,170.433,1436.02,2853.61,7426.52,49.5178,78.3072,23.6073,121.491,685.764,95.005,49.5178,10733.8,2133.29,607.457,23380.5,4639.7,510.724,431.841,10922.7,23.0315,935.656,2642.87,1295.52,1936.38,2019.29,203.253,4457.75,4963.29,5.1821,355.261,252.771,3272.2,14460.9,4901.68,3678.71,1.7274,421.477,53.5483,5234.54,318.987,2627.32,43.7599,821.65,515.785,1784.37,18824.8,615.518,726.069,448.539,2689.51,1810.28,0.0,2337.7,96.7324,3599.25,3426.51,6624.44,4336.26,3728.23,3567.01,563.121,388.657,1524.69,1091.12,1297.83,214.193,44.9115,2012.96,586.728,11787.0,9169.21,602.833,3823.81,143.947,1350.8,3808.26,3837.05,131.856,29.3652,198.647,0.0,2395.28,2395.28,8834.89,1819.49,675.975,48919.0,2527.71,369.08,4.0305,6619.84,2376.28,876.925,23.6073,513.603,1803.37,1723.33,3377.0,3451.85,496.329,3658.31,29549.4,330.145,439.902,1040.45,300.561,0.0,1.7274,1.1516,706.492,9575.93,1896.65,1834.46
TCGA-E2-A573-01,47.6418,1890.73,4575.95,1801.51,232.604,0.4671,59.3187,638.026,158.339,219.526,2446.55,1703.43,758.999,1464.28,1416.18,931.453,216.723,2103.87,134.985,588.049,225.131,1725.85,206.915,892.583,1067.46,974.504,900.523,3557.72,391.877,1114.44,10737.6,3111.66,257.359,3861.32,666.051,1356.86,3006.57,462.406,3104.19,2525.95,933.686,852.881,426.441,1021.03,7512.46,41298.4,1378.34,1.4012,544.144,2058.87,11236.9,3670.29,0.9342,4284.02,737.514,10296.2,711.824,1405.9,1692.22,0.9342,205.047,4606.77,791.694,2909.89,2549.77,4.6708,345.833,232.137,33.1624,2839.82,988.334,89.6787,3687.1,667.919,368.523,2250.37,78.0018,182.253,633.356,276.042,306.869,156.471,277.443,348.906,40.1686,742.651,3540.91,1680.07,102.757,674.458,565.63,78931.7,354.978,0.4671,45596.5,595.522,4034.14,497.436,3987.43,2870.18,1073.33,1330.23,1619.82,45419.4,1968.73,35.4978,530.599,3047.21,77.5347,2.3354,195.238,0.0,652.039,2100.78,22587.8,4634.33,3549.31,602.996,339.097,1200.39,107.428,1985.54,496.502,2442.34,10.7428,327.421,2414.78,1293.8,30.827,12720.8,466.142,893.05,1607.21,5147.65,115.368,6556.35,8480.24,12.6111,3227.5,3093.45,422.237,1442.33,11543.3,198.04,7836.61,1120.05,84.5408,1040.18,59.3187,2958.93,9576.0,1345.18,2684.76,7.9403,59.7858,13.5452,4651.64,407.291,3947.73,90.7436,304.067,841.756,1670.27,11855.8,435.782,1439.06,3.2695,275.108,1566.57,0.0,2505.4,63.9895,3398.91,1117.71,697.812,42.0369,6547.48,2042.99,151.8,410.093,2676.35,782.82,361.517,47.1747,97.619,3674.02,1826.74,261.563,6568.14,630.039,3477.85,781.886,4458.24,14776.4,6270.5,1034.11,41.1027,116.769,3.7366,5242.0,1632.43,2504.93,399.35,1183.57,2905.68,1545.56,360.583,1.8683,6138.32,5951.02,2374.15,312.941,1612.81,1117.25,1350.78,3132.68,5173.34,3481.12,3688.43,43221.8,2109.88,148.063,1716.51,3066.36,6.072,13.0781,5.1378,735.178,6947.76,2886.53,1640.37
TCGA-E2-A574-01,1.1223,638.608,2217.73,2691.36,327.161,0.0,19.0797,479.237,31.9865,14.0292,1837.26,451.74,116.723,1000.0,1819.87,1604.7,351.852,1630.42,88.6644,322.11,130.752,723.345,56.1167,281.145,689.994,3634.88,28.6195,905.163,474.186,175.084,3217.73,2769.92,147.026,6303.03,283.389,488.777,3790.12,4508.42,251.964,4615.04,529.742,37.037,159.371,365.32,7768.24,35349.6,117.845,0.0,6.734,1916.95,3397.31,13.468,0.5612,4590.91,1521.32,3029.74,491.582,560.045,566.218,7.2952,115.017,1130.19,1075.76,4014.03,2602.13,14.5903,844.927,119.529,7.8563,1394.5,778.9,45.4545,1576.32,438.833,176.768,1134.68,30.8642,12.3232,1636.92,289.001,1846.24,301.347,20.202,106.622,1.6835,962.402,905.724,659.371,10.101,943.883,136.364,168807.0,5363.64,7.8563,32528.1,556.678,1487.65,85.8586,4038.72,1332.21,194.725,1454.55,2612.23,57617.3,2603.25,25.8137,11568.5,9119.53,109.428,1.6835,24.1302,0.0,14.0292,558.827,7612.79,1962.96,2845.12,668.35,533.67,1420.88,3368.13,5277.22,26.3749,245.791,209.876,53.8721,552.189,183.502,108.305,4542.65,528.058,354.658,81.3692,2039.28,23.569,1062.29,5686.31,32.5477,1276.66,1428.73,218.855,1188.55,2681.82,170.034,2213.24,6510.1,723.345,920.314,13.468,2104.94,19053.3,1090.35,2066.78,0.5612,1476.43,0.5612,2987.47,275.533,3078.56,407.334,119.529,593.446,474.186,9855.22,457.913,1281.71,23.569,1887.21,1582.49,0.0,1583.05,77.4411,2813.13,710.438,401.235,182.94,3878.79,1527.5,57.2391,297.98,1110.55,409.652,639.731,14.5903,10.101,1226.15,3196.41,240.18,6649.83,443.906,7470.26,53.8721,1599.33,2081.37,2441.08,642.537,23.569,17.9574,7.2952,2228.4,534.231,2579.12,481.481,265.432,1719.42,205.387,58.3614,3.9282,3718.86,4476.43,2400.11,7.8563,102.694,342.312,5135.24,1347.36,2576.88,3541.53,2121.6,29982.0,496.229,1162.18,487.654,27025.8,0.0,49.9439,58.3614,349.607,9154.32,960.157,913.019
TCGA-E9-A1N8-01,7.5153,2461.25,3519.02,2937.06,607.327,2.3485,93.0014,690.465,3562.24,85.4861,1238.14,533.114,1253.64,1861.91,975.106,510.094,435.885,1625.6,294.505,569.751,242.367,2335.37,44.1522,429.779,408.915,8201.43,539.22,1128.7,511.038,335.369,15821.5,1903.71,60.1221,7619.07,1772.19,1687.65,4827.62,5873.65,829.497,1483.8,1651.48,352.278,1998.12,539.22,15399.2,23436.4,315.641,0.0,82.1982,1952.09,9733.58,464.537,0.0,2429.31,1484.73,8689.53,170.033,860.968,3217.0,146.548,800.846,2379.99,2441.99,2511.04,4109.91,23.0155,370.127,175.2,7.0456,2054.02,784.875,100.517,12932.8,474.871,54.9554,13285.6,44.6219,276.599,2339.6,1286.05,23.4852,67.1677,30.0611,651.949,1.4091,614.373,419.446,2925.32,72.3344,819.634,186.472,144254.0,384.688,0.0,37716.3,682.95,803.664,127.29,2625.65,1578.68,241.883,501.644,743.072,39132.9,4475.34,32.8793,160.639,1845.47,28.1822,4.2273,48.8492,0.4697,37.5763,684.274,12737.0,1654.77,1711.13,300.141,1192.58,4002.82,216.534,6470.64,78.9103,100.047,0.9394,61.5312,194.458,41.8037,11.2729,7282.76,477.219,579.145,289.338,2612.96,69.0465,975.106,6088.3,32.8793,2223.58,4495.07,353.217,1562.71,140.911,5902.77,1246.12,4234.38,100.047,1841.71,28.1822,2881.63,8255.52,1091.59,2934.71,2.3485,763.269,1155.0,15017.6,396.43,4031.47,105.171,378.582,2282.12,1248.0,10945.0,868.953,572.1,0.9394,170.503,1876.0,0.0,2136.68,32.4096,4628.46,1978.39,19.2579,58.713,7531.7,5345.7,141.381,488.022,2943.02,804.603,224.519,251.761,24.4246,3694.22,340.066,721.935,7020.42,555.237,1776.42,138.093,6357.91,6140.91,6649.13,397.37,13.6214,52.6069,157.351,6626.59,1110.38,5251.76,388.445,305.777,1711.6,755.284,2376.7,1.4091,1821.98,7322.69,3539.69,39.9248,255.049,765.618,467.356,3172.38,2387.98,459.371,5672.15,32199.6,1307.76,260.216,1771.25,696.571,0.4697,3.7576,3.7576,997.182,7921.56,3485.2,1434.01
TCGA-E9-A1N9-01,237.792,3463.67,4217.97,1902.34,1473.58,2498.41,1444.94,1031.64,1440.39,36.8282,1880.97,601.073,487.406,1457.67,1429.48,369.251,4620.81,5218.94,837.501,769.46,538.329,1706.37,178.685,1517.23,1186.04,5596.21,451.941,1037.1,241.429,1565.88,6429.94,620.169,105.038,20577.4,2592.07,504.683,2823.95,390.106,692.007,41.3749,406.02,379.649,542.875,514.231,14193.9,65617.4,379.194,0.0,74.5658,841.593,11023.4,1393.56,0.9093,2177.87,195.053,3274.07,886.605,749.75,1148.04,132.763,552.869,2978.08,3271.8,3831.5,4561.7,105.938,236.883,338.729,19089.3,2541.15,1355.37,306.447,1944.62,364.19,205.511,2107.85,280.531,184.591,1250.8,335.091,89.1152,3292.72,75.0205,1679.55,280.076,38.1922,2515.69,879.785,550.15,481.95,422.843,64261.2,404.656,0.4547,29047.9,416.023,1073.02,161.408,2040.1,3099.48,562.399,457.397,364.645,61876.4,1369.46,551.059,2334.27,1955.08,55.015,1.8187,62.2897,0.0,17.0547,579.667,16146.2,4014.73,1212.15,1643.18,1113.94,1735.02,16.3681,4388.92,176.412,58.1977,0.0,312.813,379.649,102.755,148.222,8726.02,1556.79,922.524,22.2788,6563.15,169.592,506.502,6208.97,22.7335,1442.21,2565.25,56.379,1048.92,236.883,3160.41,2254.25,1335.36,253.251,4319.81,219.605,666.091,15429.7,4607.17,2445.21,2.2733,967.537,31.8269,8619.86,339.183,2422.93,25.4115,254.16,1633.57,4088.84,26944.6,701.555,525.143,104.119,664.727,196.417,0.0,735.201,75.0205,7585.71,2813.49,37.7376,20.4601,3361.37,3403.2,1030.74,172.774,2537.51,2138.31,957.534,270.528,123.67,1534.96,473.766,936.164,7755.34,784.314,4069.29,173.229,140.493,6794.13,4062.02,1243.52,45.4669,442.393,8.1841,1185.78,1170.77,2767.57,77.2938,663.363,976.63,2377.01,562.881,5.0014,2303.36,7146.04,12728.5,10.0027,488.77,264.163,4174.32,5929.8,6925.07,468.764,5553.5,29936.3,1078.18,227.335,1593.16,1277.17,1.364,10.9121,68.6551,1287.62,7795.76,3514.59,1504.05
TCGA-E9-A1NC-01,37.3909,1202.19,3245.44,2940.63,247.064,2.3665,28.8715,513.534,253.69,460.997,1883.27,1103.27,829.7,3548.82,1432.69,824.001,233.338,1377.79,146.724,59.6361,58.2162,620.027,238.071,2468.27,400.85,6644.2,599.201,2654.76,109.333,784.736,8386.45,1550.07,83.7793,4797.87,2555.36,526.786,3625.97,1757.85,2319.66,99.3936,516.847,855.731,744.032,164.236,7708.68,84228.5,1848.25,0.9466,189.794,2775.45,13659.5,9971.07,0.4733,2910.34,696.702,3815.77,537.672,370.596,598.255,19.8787,432.589,2575.24,549.505,3748.08,2213.64,4.2597,389.282,115.013,33.1312,1814.64,1046.95,276.409,2053.66,398.994,365.863,3494.87,479.929,784.641,2955.78,392.368,727.466,130.632,290.608,537.199,23.6651,2792.96,4001.3,1701.52,152.877,674.93,1204.56,155365.0,762.018,2.3665,44754.1,455.791,2478.69,667.357,3471.2,2346.64,194.499,982.103,980.21,31900.1,1702.0,152.877,667.83,4394.14,265.996,3.7864,240.911,0.0,28.3982,2311.48,16441.6,5405.59,5162.79,406.094,480.402,992.989,583.582,3975.74,494.128,759.178,34.0778,240.911,3350.51,226.712,13.2525,8984.71,2373.14,494.128,2499.99,17257.6,357.817,4324.09,28686.9,38.3375,862.358,1692.53,492.235,849.578,4140.93,62.9493,680.609,2013.43,90.4008,396.628,175.595,1483.8,15484.6,181.748,1617.75,15.1457,461.943,13.2525,5425.99,274.989,3433.34,180.328,708.534,1008.13,4005.56,16734.6,353.557,2670.85,62.9493,1120.31,4102.12,2.3665,3149.83,64.3692,4705.58,1508.89,132.998,64.8425,5335.07,2145.01,229.552,244.697,1420.38,620.027,740.245,36.9176,42.1239,1827.9,12358.4,2403.43,5365.33,664.801,6552.4,1059.72,12923.5,12999.7,3773.17,761.071,163.763,118.326,2.3665,2512.29,1377.31,2046.09,403.727,1649.46,4296.17,1535.39,274.042,18.4588,20118.7,17183.3,50655.7,136.785,1248.1,790.416,1831.21,1146.34,1217.81,1606.86,1656.59,37037.4,1078.3,235.705,574.116,1962.31,4.2597,14.1991,39.2841,720.84,4387.52,1270.34,1102.8
TCGA-E9-A1ND-01,65.9667,2876.05,9101.9,2674.65,557.219,10.9944,130.934,688.153,226.885,237.38,2420.28,2770.1,862.564,1524.23,1418.78,673.89,131.933,811.515,195.901,363.816,322.837,1422.78,386.305,810.591,843.384,4120.32,848.072,1744.12,407.294,759.616,10528.2,2401.79,81.4639,6452.24,1357.31,675.659,2174.9,1347.32,2810.58,612.691,2047.97,404.296,581.207,312.842,14280.8,95560.2,3804.58,0.4997,394.801,1621.68,16096.3,7648.64,1.999,2450.76,629.682,4341.31,352.822,413.291,1125.43,8.4957,894.543,792.1,1107.44,2640.67,1073.46,1.4992,582.206,246.376,315.341,2000.49,1486.25,267.865,2426.27,527.234,606.694,5470.24,107.945,128.12,820.586,29.4851,46.9763,58.4705,377.31,1360.31,3.998,1.4992,1000.49,2130.92,3.4982,795.598,321.837,99894.6,766.613,0.0,23493.6,213.392,1052.47,923.534,1873.05,7268.33,343.816,1549.72,505.245,34521.1,4085.44,102.448,133.433,23593.6,127.436,30.4846,278.359,0.0,225.886,4375.99,7093.92,3279.84,2706.63,647.673,839.076,1354.82,37.9808,3797.08,469.263,342.327,0.4997,564.215,2291.84,395.8,159.919,11333.8,1578.2,862.564,1186.9,8724.59,383.306,1608.19,7120.4,10.9944,880.056,1743.12,19.4902,1815.58,4178.89,106.946,2168.41,1254.87,27.4861,1468.76,71.9637,1759.61,8254.83,1846.07,567.713,4.9975,11.9939,0.9995,5408.61,288.354,4059.45,36.5166,320.838,1355.37,2169.4,21889.9,363.816,1272.86,99.9495,478.758,1703.14,0.0,2918.03,245.876,4493.23,709.642,11.9939,89.4548,4148.41,3628.17,370.813,554.72,2470.75,1098.45,1691.65,124.937,19.4902,2000.49,2614.68,728.632,4784.95,360.268,2287.34,1529.73,45359.6,37292.7,6825.05,938.526,21.4891,99.4498,1.4992,3224.37,2092.94,2755.11,568.713,1157.92,4198.38,4884.53,248.375,4.9975,3521.22,6480.23,4564.2,102.448,2016.48,891.05,5265.84,3720.62,3074.95,3204.38,5830.97,45138.7,648.393,170.914,552.721,1138.92,1.999,2.9985,25.9869,935.528,3692.14,1649.67,1996.49
TCGA-E9-A22G-01,13.3717,2788.77,2731.56,2251.73,474.539,0.311,83.3398,338.024,2691.75,717.717,1610.2,1043.61,807.588,2059.55,789.24,2439.26,539.221,1704.08,144.601,402.084,203.996,3032.89,83.6508,393.998,1036.75,624.427,205.24,1201.59,2053.02,626.603,16489.5,3605.69,259.349,4599.55,418.565,1157.74,3833.01,1368.27,1187.28,1150.28,360.725,1672.7,3754.33,533.624,11478.5,23495.6,245.044,0.6219,53.1758,1322.24,14625.1,309.104,0.311,9153.39,4321.54,8171.97,247.532,1452.85,1855.55,30.786,212.081,1780.61,1373.24,3117.47,5285.55,6.5304,111.89,107.284,118.479,1678.3,1270.62,179.74,7473.22,658.633,155.174,4727.36,25.1885,60.7199,1266.27,1362.05,96.0896,13.6827,81.163,772.759,6.5304,18.6582,651.481,1054.5,77.7424,508.435,510.612,181237.0,227.008,0.0,53706.6,192.49,3355.67,183.783,2119.26,1280.26,650.184,1452.23,420.12,47996.0,2991.22,15.5485,550.727,1123.53,23.3227,9.6401,80.8521,0.0,8.3962,1062.55,12931.4,941.927,1684.21,543.886,636.554,1214.65,4.6645,6898.55,460.546,46.3344,2.4878,139.936,668.895,225.453,29.2311,8329.01,454.948,818.472,764.363,1715.31,10.8839,1537.12,2502.99,6.5304,3083.88,7568.37,174.765,1105.19,1567.6,3042.84,1902.82,2397.89,214.88,832.465,8.0852,3110.94,25793.7,66.5475,1016.25,2.4878,285.781,621.939,7950.72,773.931,11039.4,29.8002,135.894,593.491,821.581,7335.15,533.002,1552.67,0.6219,268.056,737.62,0.0,1543.65,30.786,2691.44,891.86,53.7977,125.632,6101.84,3274.82,181.295,799.502,8368.81,360.103,197.466,92.9799,17.1033,2879.27,1022.78,184.405,10151.3,515.326,3810.93,209.282,1134.73,5070.67,6883.93,1760.09,28.2982,55.3526,62.8158,6945.19,696.883,3211.07,2290.29,267.745,779.289,528.648,122.522,1.5548,1807.35,3836.43,1346.19,198.399,398.352,2158.44,1142.19,2248.93,6441.73,366.633,6267.27,44440.0,3733.55,313.146,1312.29,291.067,0.6219,2.7987,6.8413,1249.16,6632.36,4588.35,1193.81
TCGA-E9-A243-01,404.434,1768.73,3446.21,999.767,1264.64,41.5403,98.0163,2721.59,975.729,424.971,1481.68,498.483,768.261,1466.74,1736.52,557.806,593.699,2641.73,252.042,175.729,406.068,1581.56,813.536,1086.58,2078.57,2526.84,1787.4,992.999,431.272,643.641,114023.0,1143.76,114.121,3337.46,4693.58,1023.34,2031.04,1586.23,560.793,416.569,753.326,269.545,945.858,344.224,12782.3,81341.5,2919.95,34.3057,528.121,1875.38,9159.8,31380.2,0.0,3787.4,1517.85,5628.7,645.508,289.382,952.392,236.406,313.419,881.447,1041.77,1512.02,2277.25,1.4002,187.358,530.455,207.701,4866.04,801.167,358.693,4203.73,401.4,671.178,4497.55,68.3781,138.98,1306.88,1065.34,108.285,12.6021,434.072,618.436,133.489,3281.45,640.84,1112.49,466.511,1775.26,163.827,51976.9,893.816,0.2334,16593.2,94.2824,2746.09,938.623,1758.46,5471.41,433.354,1502.22,277.713,23488.4,3092.18,1759.39,1104.08,12768.7,71.1785,4.2007,164.994,0.4667,15.4026,3499.08,16389.0,539.557,901.05,659.977,773.629,1786.0,9.5683,3979.0,732.322,36.8728,13.5356,372.929,3267.68,434.772,257.176,11072.3,792.065,710.385,44.5741,9936.29,164.761,1603.5,3541.89,10.9685,1457.41,3417.27,98.0163,985.298,4824.74,179.23,800.233,1343.06,36.8728,1987.86,73.2789,799.533,12423.8,417.269,2502.68,8.8681,69.7783,20.3034,3186.94,262.684,5656.48,14.8658,83.7806,2654.05,2592.53,10039.2,858.11,1054.38,19463.5,218.67,489.148,0.0,1620.77,160.793,8927.65,2900.12,374.562,4139.09,1547.49,3095.92,546.091,118.086,2753.79,220.77,1251.11,313.185,104.784,5114.12,1716.45,894.749,5670.78,525.47,2117.15,696.85,696.149,25873.0,5303.38,2323.45,29.6383,265.344,1.6336,2595.33,1072.81,4727.65,577.363,853.442,2817.5,4102.22,281.214,2.8005,6751.46,7911.55,6691.48,105.718,1877.48,699.65,2300.82,3463.24,3144.46,1291.02,4746.02,21228.0,1030.56,196.966,1533.72,8174.1,4.9008,7.4679,90.0817,1206.53,7137.69,1763.13,3021.0
TCGA-E9-A244-01,11.1075,871.611,4059.78,1358.05,403.136,47.6968,1338.78,908.2,793.532,61.7445,1975.5,385.495,1461.61,3028.42,2425.02,1024.61,301.535,1687.46,205.815,77.4257,188.827,1009.8,90.1666,3030.71,1481.29,16482.0,467.821,1170.53,139.17,561.581,3479.26,1420.78,123.816,15941.2,2667.76,675.923,2131.66,2719.37,680.17,127.409,670.043,570.402,187.194,1153.54,18379.0,46613.2,438.092,0.0,48.3502,1506.37,11180.9,545.247,0.0,9607.32,1963.41,5514.54,318.523,361.973,1180.01,103.888,1083.63,1175.11,1161.71,5426.66,5387.78,98.9873,356.42,225.417,75.1388,740.934,784.384,158.445,5096.05,732.114,936.295,3607.97,375.694,625.224,1696.5,406.076,6.5338,9.474,122.182,262.659,8.1673,226.07,210.715,1030.06,72.5253,303.169,1458.02,157695.0,476.642,0.3267,66786.3,843.515,1652.4,111.401,2176.74,2003.59,347.262,1192.75,407.057,30581.2,2412.61,117.609,557.334,1123.49,48.3502,1.3068,52.5972,0.0,11.7609,404.437,19169.9,2101.6,774.583,257.106,2118.92,2096.7,143.744,2164.0,142.11,250.863,13.0676,103.561,962.757,322.444,80.6926,14564.5,4496.57,515.518,560.928,6322.44,198.628,1469.45,11959.5,32.9958,1634.43,2212.35,164.652,2869.0,2850.7,519.111,1691.6,5191.11,3.5936,1511.27,73.1787,1646.85,8724.6,1353.48,845.802,1.3068,248.285,30.0555,4842.27,229.17,1978.44,81.3068,216.269,769.866,2270.17,9073.83,1340.41,1399.22,64.0314,686.704,1396.6,0.0,1326.36,99.9673,5288.14,2338.12,55.2107,21.2349,3775.89,2231.62,249.918,295.328,2197.97,418.817,1167.27,36.2627,2.6135,2051.62,2153.22,1100.62,6097.65,616.142,4779.48,178.046,7174.45,3665.47,3488.08,1419.47,170.206,90.1666,31.0356,2890.23,551.78,6073.83,926.495,587.39,3953.94,1106.83,455.08,3.5936,6152.89,8491.02,14449.2,62.0712,253.839,502.777,1410.32,2274.09,3368.83,3540.02,5037.89,26968.6,1919.32,1061.42,1946.42,45.7367,0.3267,51.2904,7.8406,406.73,7478.93,5618.43,2755.64
TCGA-E9-A3QA-01,72.3192,1479.43,3206.98,3772.44,421.446,6.5461,71.384,781.172,285.848,1216.33,1913.03,3390.27,1402.12,1997.19,1675.19,1768.53,247.195,1070.95,200.436,296.758,227.556,1222.57,240.648,918.953,921.21,6643.28,1120.64,2516.83,690.773,581.671,11735.3,1881.55,142.456,9337.59,617.207,664.588,5608.17,884.663,2437.97,2192.96,318.89,767.456,457.294,289.277,5779.93,44202.9,1798.01,11.8454,245.948,2335.1,9154.26,3810.47,0.0,3207.92,1342.27,6635.91,375.623,591.022,1218.83,32.419,686.409,1844.76,409.289,3166.46,1545.2,4.9875,282.587,151.496,875.312,3695.45,915.524,101.309,1524.63,658.978,1060.16,2483.48,553.304,867.032,4652.12,343.516,56.1097,156.796,582.294,456.047,84.788,68.2668,913.03,1859.41,91.6459,974.439,532.419,74192.3,278.055,0.0,22934.5,810.162,1511.53,1113.78,1562.34,1858.79,362.516,1005.92,517.456,51443.3,3411.16,130.923,609.102,2177.99,105.05,27.4314,293.641,0.0,52.6808,5455.2,10908.0,2558.92,3879.68,401.496,206.671,968.828,1347.26,2161.16,692.955,298.94,1.8703,216.334,2730.05,555.175,61.0973,12795.8,1153.99,677.057,1546.76,5187.03,910.224,4579.18,7492.83,13.7157,932.045,1760.29,488.155,1346.95,2007.79,360.037,1334.48,4139.34,52.9925,445.449,134.352,1950.75,7102.24,1629.68,1749.38,15.586,229.115,9.6633,7868.38,368.691,3485.04,153.974,233.479,901.902,1485.35,7644.95,388.716,2082.61,14.9626,568.267,1904.3,0.0,3729.74,155.549,5642.14,1110.66,28.0549,48.6284,3982.86,1609.1,125.935,386.222,2931.73,979.426,338.84,117.519,241.583,1207.92,1466.02,647.756,5094.84,570.857,2276.81,1174.25,3528.99,13924.6,6290.52,958.541,22.1322,91.3342,54.2394,2063.59,1843.2,3931.11,380.923,1465.71,3155.24,1110.97,440.773,3.7406,4570.45,9897.13,3238.78,1032.11,2240.96,1717.89,2352.24,2720.07,2783.35,4422.07,2642.93,28296.8,1615.48,371.259,678.616,1057.67,2.182,12.7805,10.5985,1181.11,5034.29,2076.68,1040.52
TCGA-E9-A5FL-01,10.9819,2573.0,6806.85,2631.14,264.212,3.23,9.0439,625.323,92.3773,38.1137,1901.16,3104.01,1088.5,3268.09,794.574,2130.49,191.214,1281.93,163.437,151.809,56.8475,651.809,338.501,2629.84,363.107,1961.77,1565.89,1722.87,431.524,1094.96,9850.78,777.132,133.721,11481.3,716.408,451.55,3412.14,769.38,5207.36,47.8036,164.083,266.15,3153.1,118.217,10305.6,174898.0,790.698,3.876,88.5013,1611.11,2494.19,162.145,0.0,2421.19,233.85,1249.35,574.935,370.801,324.935,40.0517,465.116,7074.29,740.956,3640.83,1562.66,1.292,294.399,293.928,602.713,1001.94,7979.33,50.3876,1305.56,356.589,306.848,2495.48,98.1912,149.225,650.517,451.55,2675.06,254.522,108.527,219.638,4.522,2.584,29549.7,2812.02,9.6899,756.46,1024.55,190536.0,678.295,0.0,63834.0,120.155,1262.27,354.651,6403.75,2832.69,490.956,1168.6,7717.7,29398.6,1894.7,1221.58,9750.0,8051.68,2613.7,16.7959,64.5995,0.0,272.61,1084.61,6702.2,20032.3,9164.73,190.569,51.0336,859.173,289.406,4311.37,118.217,180.233,78.1654,639.535,2196.38,213.824,237.08,6429.59,1481.91,474.16,1684.75,12775.8,364.987,954.134,8408.27,9.6899,512.92,1104.01,308.139,1785.53,6718.99,63.9535,2631.78,1676.36,12.2739,1312.02,714.47,1617.57,19883.1,31534.9,855.943,9.6899,437.339,23.2558,5797.84,253.23,1488.37,563.902,635.659,1074.95,1675.71,4177.65,505.168,2038.76,7031.01,8733.85,989.018,0.0,2164.08,492.248,3457.36,1886.95,472.222,521.318,3687.98,1709.3,237.08,242.894,1940.57,1306.2,966.408,59.4315,186.692,1100.13,2503.88,1669.25,9782.75,572.668,12523.9,704.78,2117.57,2839.79,3222.87,1166.02,32.2997,66.5375,5.168,2786.82,1407.62,1105.94,459.948,1979.97,5954.78,1166.67,383.721,5.168,8662.79,5543.93,6032.3,15.5039,622.739,425.065,4032.3,1654.39,2633.72,2872.09,1948.95,19395.3,423.934,454.78,703.488,8083.33,2.584,9.6899,167.313,505.814,5429.59,1177.65,1998.06
TCGA-EW-A1P4-01,69.8557,2435.08,3892.18,3102.51,584.283,13.2878,1615.79,732.726,411.921,255.505,3342.07,1279.04,597.191,3932.42,2699.32,2450.01,641.23,972.692,186.788,110.623,667.806,1680.71,1449.51,674.26,2239.55,7874.27,774.867,1832.57,611.617,490.888,7716.78,1664.01,143.899,6181.85,1855.73,1433.56,2755.88,3722.1,3074.41,1107.06,624.525,769.552,140.091,698.557,8949.13,104159.0,1224.75,3.7965,266.515,2474.94,11433.1,7915.72,0.0,2048.97,1205.77,6280.18,287.775,648.823,1460.14,6.4541,2068.71,3031.51,1862.57,2999.62,1692.1,8.732,432.043,275.247,52.3918,1999.24,2629.84,205.011,3496.58,287.016,296.507,7926.35,104.404,52.4412,1549.35,165.528,36.0668,127.942,257.024,817.768,14.0471,424.45,3371.3,4490.51,19.7418,6893.32,380.79,181860.0,806.758,0.7593,25888.4,273.349,1773.73,780.182,2247.53,5076.69,1261.56,995.824,584.283,57385.7,1570.62,110.858,1366.74,4323.46,108.96,23.918,231.967,0.0,1084.43,3328.97,11499.6,2531.51,3198.56,1641.99,2353.08,1393.7,13601.4,6318.15,448.368,808.276,1.8983,87.3197,865.224,137.434,11.0099,8503.04,866.363,629.081,4692.1,9057.33,759.301,925.588,9847.0,11.0099,2485.95,6961.66,832.194,663.25,6501.9,264.996,3679.57,3774.87,71.3743,1603.64,59.2255,2780.94,33249.1,331.055,2719.82,23.918,2232.35,6.0744,6608.41,238.421,3389.14,105.004,515.566,1240.68,2260.06,15102.9,763.478,1260.44,8.732,2566.44,4485.19,0.0,4150.34,50.1139,6799.16,1669.32,826.12,94.1534,5347.0,3090.36,1264.62,495.065,2024.68,501.519,367.502,181.093,71.3743,4351.94,1776.01,682.992,6802.77,590.0,3781.32,613.516,4930.14,15582.4,7294.61,2045.18,38.3447,118.071,2.2779,3902.05,865.983,6367.88,1046.7,780.942,7467.73,1839.41,184.131,3.0372,5644.65,11395.6,7609.34,46.697,1186.03,969.628,6271.45,4351.56,6897.11,4486.33,3813.19,49534.5,2722.64,373.576,815.11,9309.04,1.5186,4.1762,48.2156,479.878,9656.04,2206.53,1487.09
TCGA-EW-A1P8-01,14.6953,2441.22,3794.27,3411.47,463.799,64.1577,11.828,720.43,240.143,108.961,1048.03,1785.66,441.577,2279.93,2204.3,984.928,407.168,1368.68,402.867,521.147,269.892,2003.94,133.333,885.663,1143.3,6349.46,296.416,1915.05,481.362,681.004,3920.07,1911.11,187.814,6508.24,664.158,1301.79,3875.63,1327.24,741.936,552.33,184.588,509.677,272.76,1008.96,7392.83,52683.9,3606.81,1.0753,286.38,2315.41,9148.37,453.763,1.0753,2880.29,1267.38,6474.19,307.168,806.81,1503.58,12.5448,400.717,3717.2,2191.04,3336.92,2738.35,4.3011,729.391,319.355,266.667,1434.41,850.538,43.7276,6970.25,466.308,538.351,4927.96,68.1004,42.4516,1712.9,427.24,28.6738,245.161,327.957,606.81,4.3011,1923.3,4993.55,1467.74,110.036,527.599,229.749,147437.0,1032.62,0.0,23260.6,394.265,1664.16,909.319,2198.57,2516.85,559.104,1283.15,345.52,43887.8,3394.98,126.165,2110.39,15222.9,58.7814,16.4875,805.735,0.0,104.301,1099.19,10871.7,3397.13,2314.7,454.839,10029.0,2840.5,1127.96,1911.47,308.961,158.781,0.7168,281.362,1531.9,102.15,76.7025,20742.7,3222.94,534.767,173.118,5544.44,157.706,1773.12,10452.3,30.1075,2500.36,4325.09,372.401,1033.33,2532.97,87.4552,4501.08,4868.46,14.6953,1004.66,125.448,1998.21,9054.84,505.376,2766.31,2.8674,166.667,46.595,7065.22,441.219,3521.51,70.8889,194.265,1659.46,1739.43,15743.4,589.964,806.452,276.344,594.624,1354.84,0.0,1786.74,120.788,2495.34,365.591,55.5556,25.8065,7653.76,2898.57,164.875,640.143,4224.73,1131.18,691.039,50.5376,60.9319,2303.58,1615.05,908.602,5672.73,437.344,4401.79,967.384,32729.7,4145.52,5660.22,1430.82,9.6774,55.1971,2.1505,2848.39,1763.8,5868.82,236.201,732.616,8560.93,1331.18,126.165,1.4337,3533.69,6535.84,5293.55,162.007,1210.04,940.143,2926.52,2225.81,3572.04,4563.08,4671.44,42578.9,928.918,251.613,878.495,687.814,1.4337,6.81,286.022,879.928,6623.66,1708.6,1387.1
TCGA-EW-A1PB-01,17.7496,1203.42,3455.36,2492.69,327.884,1.9363,5.809,520.87,252.69,248.494,3280.45,1523.88,2390.71,1782.38,906.198,1072.32,161.36,1273.67,206.541,55.5079,168.137,1811.75,284.962,1319.6,757.557,4269.59,456.326,1951.49,1073.69,447.613,9751.63,10705.6,153.295,4459.35,226.227,764.201,2225.8,1740.75,1833.37,1529.37,1506.46,1022.7,549.592,273.667,5461.39,13799.5,4559.71,0.0,635.113,2750.22,5455.89,13891.8,0.3227,4171.48,1297.98,2505.28,73.9029,900.067,474.399,5.4862,647.373,501.83,88.4253,3181.05,2515.93,0.0,357.903,147.16,70.353,2367.47,785.501,65.1895,1905.02,296.257,1118.13,1860.16,11.9406,101.944,3113.28,320.138,18.7178,267.858,441.804,516.675,7.4226,69.3848,606.068,2762.16,50.3443,448.904,1129.84,105784.0,1054.0,0.3227,33420.6,281.412,1651.36,3274.32,4003.99,1550.67,577.947,1162.76,1409.32,27784.6,4120.49,26.1403,88.4253,2333.59,81.0028,1.2909,268.503,0.3227,44.5354,8308.66,6246.57,933.629,2529.16,281.735,175.882,551.529,23.2359,448.581,544.429,15.8133,1.2909,469.235,1805.62,304.002,15.4906,10119.9,183.628,649.313,17.4269,849.077,3.2272,2725.69,5650.51,9.3589,1172.12,1956.97,973.324,1031.09,8279.39,40.6627,2404.27,3497.64,3.2272,771.624,3.8726,935.888,21773.0,1880.81,2080.25,3.5499,1845.96,0.6454,7313.41,306.261,3843.27,78.4178,143.933,134.526,558.306,12999.2,468.912,889.094,2102.2,69.7076,1534.21,0.0,5768.3,154.26,2259.69,410.823,8.3907,7.7453,1786.9,1557.12,180.723,586.705,1974.01,1180.83,1044.65,45.8263,54.217,2372.32,2809.92,242.685,6487.75,300.323,3860.06,1971.5,10395.8,17699.9,5540.78,809.382,6.7771,24.8495,15.8133,4895.34,3397.28,3076.81,201.055,1449.34,16996.7,1821.11,383.069,1.6136,6967.21,3013.24,838.75,139.092,2264.2,1416.74,11731.8,2496.56,2479.78,2338.75,3692.55,23687.0,1397.71,613.168,498.28,10326.1,2.9045,5.4862,3.2272,527.97,4245.06,2475.91,1257.64
TCGA-EW-A1PH-01,17.6513,2192.72,2136.17,12095.1,494.236,6.8444,134.006,512.248,145.173,63.0403,2320.24,271.614,599.424,1320.24,2650.58,1037.32,311.599,3664.26,242.075,505.043,296.47,1540.35,77.4496,599.784,1071.54,4689.17,215.418,1673.99,1704.97,480.908,2313.4,1400.58,216.499,10189.8,1455.33,1342.22,3088.98,1558.72,822.406,951.009,672.55,695.605,474.424,488.833,16046.8,30861.7,429.395,0.0,348.343,780.259,21982.7,711.095,10.4467,4302.23,2087.9,6278.46,557.637,520.893,1370.32,3.9625,1020.89,6536.02,446.686,6272.33,4110.23,3.6023,210.155,289.986,20.1729,1721.54,2212.9,112.392,1685.88,596.902,202.81,3867.44,55.8357,271.29,5411.38,1513.33,375.36,251.081,65.562,391.571,3.2421,696.326,3117.07,1390.85,452.45,869.596,214.697,49919.3,728.746,0.0,37013.3,851.945,2341.5,133.285,2410.66,2622.84,650.209,664.265,668.228,67523.1,2179.03,149.496,710.375,4245.68,93.6599,2.8818,148.775,0.7205,50.4323,687.662,17362.8,3173.99,1528.82,507.565,2532.78,1707.85,29.8991,4854.11,113.112,645.173,1.0807,206.772,889.409,227.305,16.2104,11935.2,782.781,922.911,393.012,4542.87,500.721,662.824,7734.87,8.2853,1444.52,2680.12,175.792,834.294,646.254,131.124,2163.9,2650.94,494.236,1024.86,43.2277,2808.0,18014.4,706.052,3215.78,10.8069,532.421,10.8069,4098.99,314.121,2235.23,50.9582,296.83,4078.65,1129.32,10902.7,937.68,1809.44,72.0461,418.948,753.602,0.0,1386.17,476.225,4637.25,1723.34,1398.05,31.3401,6499.64,2583.57,679.755,231.628,3122.48,322.406,1083.57,59.7983,25.2161,2089.34,940.562,393.732,6747.71,658.952,4175.79,155.98,3502.16,20087.2,5007.2,820.605,26.2968,86.0951,3.6023,1579.25,734.51,2373.56,3193.44,453.53,3650.22,1256.84,368.876,3.9625,2002.16,11596.9,3488.47,18.3718,435.519,358.429,2791.79,3205.69,4238.11,699.207,4737.29,44945.2,929.78,185.879,1460.37,69.1643,1.0807,97.2622,52.2334,693.804,7530.26,4158.5,1808.36
TCGA-EW-A6SB-01,23.8095,990.601,3318.3,2894.11,178.571,5.0125,20.0501,800.125,1027.57,514.411,2343.99,2924.81,2578.32,1833.96,2161.65,659.211,309.524,1734.22,134.085,250.627,153.509,1092.11,657.895,562.03,785.633,3836.78,1557.64,3701.75,390.977,427.945,8234.34,1526.94,111.529,7520.05,135.965,775.689,5482.46,2520.05,984.962,40.7268,6.2657,330.2,677.318,495.614,4871.55,8882.83,1030.7,11.2782,189.223,2611.53,6859.0,5571.43,0.6266,6763.16,943.609,2892.86,69.5489,517.544,723.684,2.5063,130.326,688.596,1656.02,3031.95,2973.06,2.5063,426.692,159.774,65.1629,2746.24,447.368,42.6065,6708.65,497.494,1310.15,3023.81,9.3985,241.184,545.739,783.835,8.7719,268.797,241.855,293.233,38.2206,539.474,250.627,941.103,52.005,578.321,780.702,108202.0,295.113,0.6266,27690.5,546.992,1978.07,2907.27,4954.26,1570.8,372.143,1229.32,1085.21,39564.5,1580.2,64.5363,120.301,1033.21,31.3283,2.5063,232.456,0.0,38.2206,3271.21,8462.41,2004.39,2456.77,202.381,1074.56,1558.9,109.023,439.223,779.449,19.4236,1.2531,193.609,2048.87,323.308,1.8797,10039.5,377.82,655.389,209.9,3600.25,5.6391,2676.07,3778.2,42.6065,1027.57,1625.94,407.268,1334.59,2235.59,276.316,1999.37,3488.1,23.8095,300.125,22.5564,1132.21,14446.1,1129.07,1740.6,5.6391,260.652,42.6065,6244.74,409.148,3416.67,163.534,87.7193,187.876,407.895,8115.91,146.617,1937.97,0.0,167.293,756.892,0.0,2040.73,45.7393,2113.41,2000.63,56.391,20.0501,4832.71,2018.17,156.642,362.782,1854.01,424.812,923.559,31.9549,313.91,1567.04,3627.82,105.89,6823.4,667.105,3837.09,1189.22,483.083,12889.1,4879.07,959.273,11.9048,42.6065,11.2782,2716.17,699.875,2385.34,392.231,809.524,1353.38,525.063,182.331,0.6266,2361.53,1481.83,1174.81,765.664,1614.04,418.546,1647.87,2491.23,1509.4,3709.9,3542.42,28734.3,1744.61,139.098,982.456,670.426,5.0125,43.2331,4.386,731.83,6246.24,2291.98,1405.39
TCGA-GM-A2DF-01,13.0522,1014.06,4105.42,1481.43,380.522,5.5221,17.5703,729.418,234.438,391.566,1367.47,857.932,866.968,2147.59,1372.49,915.447,352.912,652.299,160.141,110.442,87.8514,1677.21,439.759,1253.01,558.308,768.379,1090.86,1551.71,1576.31,1077.81,20626.0,1364.46,99.9096,8385.54,1627.51,744.478,2825.8,472.39,1375.5,1512.55,325.803,1148.59,777.61,214.859,8967.37,61294.7,1746.49,2.51,673.695,2511.55,4727.91,2362.45,1.506,3491.97,778.615,5682.73,1147.09,367.47,1691.27,11.5462,217.369,4717.37,373.494,2805.72,4789.16,10.0402,273.333,214.357,44.1767,4046.69,2484.44,160.643,1948.29,679.719,171.185,2555.72,184.237,158.7,1858.94,701.807,410.643,177.711,374.498,520.582,26.6064,141.064,9735.44,1162.15,145.08,847.892,353.414,65684.2,553.213,0.0,56532.6,435.743,2920.68,617.47,4204.82,2685.24,591.827,1635.54,781.125,52205.8,1397.09,603.414,3749.5,5441.27,156.125,6.5261,177.711,0.0,179.739,1245.42,11980.9,6453.31,3179.22,670.181,57.7309,1020.58,3406.12,5048.19,260.04,248.494,13.5542,325.803,2022.09,710.341,59.739,8979.42,2122.49,512.048,1641.57,7776.61,366.968,4589.36,11804.7,20.0803,1185.74,2002.01,682.229,1505.02,4685.24,233.936,2402.61,1765.06,232.43,942.771,277.61,2181.22,18827.3,159.137,2066.27,5.0201,232.43,9.0361,6228.1,397.088,2588.86,86.5914,489.96,1418.24,2852.41,5941.27,484.438,3041.67,156.626,1000.0,1521.59,0.0,2789.66,225.904,3115.96,1515.06,62.249,59.739,5138.55,2824.8,151.104,369.478,2669.68,1013.55,505.522,30.1205,58.2329,968.374,2674.7,2228.92,5426.34,640.813,7373.49,1249.5,4297.69,3471.39,4293.67,773.594,36.1446,216.365,3.012,24336.3,1307.73,6487.45,182.229,1000.5,2567.77,1191.27,394.076,12.5502,10185.7,11971.4,8237.45,143.574,1183.23,1408.63,667.671,2199.3,2730.92,536.647,2649.86,39634.0,1518.89,457.329,809.739,106.928,0.0,71.2851,83.3333,953.815,4728.41,1943.27,1678.21
TCGA-GM-A3XL-01,23.8837,2245.41,3883.0,3965.39,443.752,1.0384,28.3835,389.062,226.376,191.416,1757.36,1419.52,990.308,3532.36,1246.8,2227.77,250.26,808.785,299.758,22.8453,264.798,880.235,119.072,225.338,2511.81,1191.03,307.027,2038.42,890.62,318.795,5745.93,3779.85,321.596,6269.64,198.685,1581.52,6931.12,183.108,778.47,2917.96,1139.15,924.541,2797.85,401.869,7953.96,15090.0,789.547,0.6923,422.638,2843.2,5932.15,2771.2,2.0768,6159.22,397.023,3903.08,206.3,2034.61,566.286,16.2686,240.221,1591.55,531.672,2364.14,1823.81,4.846,381.793,180.339,167.532,1964.69,1216.34,50.8827,3442.02,1496.37,65.7667,1664.94,28.0374,30.1281,264.451,33.2295,13.4995,468.674,371.063,388.024,37.7293,217.722,1419.87,1749.05,21.8069,385.947,720.318,115254.0,188.993,0.0,24531.7,404.292,2067.15,592.246,3405.68,2537.56,836.905,1028.73,1954.66,55737.3,2688.82,16.2686,198.685,1475.25,74.7664,1.0384,7.6151,0.0,5.1921,3818.75,6549.32,1682.59,2332.99,198.339,264.798,1167.19,13.4995,731.395,258.567,136.379,4.4998,115.611,592.593,167.532,11.7688,11688.8,91.7272,916.58,1187.26,1547.94,7.6151,1382.14,3194.18,4.1537,1297.68,3240.22,418.138,1224.99,8092.42,303.219,6416.75,6172.03,2.423,913.811,482.866,1276.91,16305.3,2680.51,1283.49,6.9228,740.395,12.8072,6933.88,628.937,5296.64,105.386,87.5736,142.219,526.48,15115.3,301.142,606.784,2.423,109.727,738.318,0.0,3676.36,342.333,4370.72,287.989,25.2683,26.3067,4576.67,1699.9,16.9609,1024.92,3840.08,719.626,132.572,29.4219,162.34,5155.42,1321.56,793.008,6716.6,482.776,7193.84,599.861,12077.9,18420.9,6683.97,1077.19,1.3846,14.5379,98.3039,4466.25,2585.67,4834.54,646.591,455.175,2558.32,631.014,966.424,0.6923,3225.34,2003.46,1493.94,32.1911,931.81,982.347,1692.63,2508.48,3618.55,3557.29,3219.94,20384.2,2342.92,284.874,1719.97,2802.35,1.0384,86.5351,3.8075,1262.72,7231.91,2658.36,876.082
TCGA-HN-A2NL-01,24.1846,1075.36,3735.67,1844.5,324.278,2.0438,47.3474,870.987,938.431,633.228,1518.18,284.425,1034.49,1238.18,1544.07,2144.35,407.392,1119.42,100.145,567.828,138.295,2422.89,93.3322,471.43,991.477,192.271,324.278,1202.42,619.944,645.491,20339.3,2647.7,310.994,2044.79,564.081,1944.65,7964.23,2715.15,681.938,1183.68,107.979,2545.86,533.765,860.087,9616.62,24467.3,650.6,0.0,58.2475,1421.78,6396.98,2308.44,1.0219,3482.24,2249.17,8544.32,579.75,1608.45,1006.22,375.713,303.837,1715.75,476.539,643.447,2615.69,27.2503,431.236,122.967,70.1695,2028.1,1513.07,105.595,3238.01,746.998,97.0791,5093.42,48.0286,420.513,3810.61,4892.45,42.5786,49.0505,90.6072,255.131,25.2065,8.8563,496.977,334.497,76.3008,1512.73,341.31,153348.0,789.577,0.3406,49235.1,144.427,3221.66,259.218,3608.62,1332.88,442.108,625.735,1578.13,45490.2,815.805,118.198,771.524,1167.67,73.2351,0.3406,16.3502,0.0,10.5595,913.089,3847.4,1197.31,850.549,307.928,428.851,617.559,9.197,5222.17,284.765,141.361,0.3406,112.407,501.746,57.5662,25.5471,4498.68,562.037,643.447,491.186,1943.29,39.8535,1980.07,5124.41,15.6689,2211.7,4632.21,185.643,2290.05,66.7632,3963.21,2556.08,5960.32,644.128,1138.72,60.9725,2177.3,14203.9,90.6072,1728.69,3.4063,328.707,685.685,13994.0,294.984,2946.44,132.304,382.866,462.822,1019.84,7031.93,270.459,2296.86,4.4282,120.582,229.243,0.0,1364.9,49.0505,4751.77,1017.46,8.8563,146.13,7122.88,3574.21,67.1038,718.045,1668.3,426.467,709.529,34.0628,5.4501,5079.79,546.027,93.6728,8544.37,444.486,5804.99,331.772,386.613,6149.02,3467.94,977.944,69.1476,45.9848,132.164,9392.49,1267.14,2325.13,198.927,405.688,805.246,793.664,990.888,1.3625,1958.27,4478.24,2508.39,21.8002,612.109,1030.74,589.287,2734.22,6311.16,502.427,4171.79,48870.0,7120.59,266.372,2547.56,1427.57,1.7031,3.7469,21.4596,877.459,7125.27,2659.63,880.525
TCGA-LL-A5YP-01,29.3852,2574.14,3220.16,5481.01,338.608,7.2333,202.984,438.969,188.065,95.3888,2061.03,1842.22,735.081,3227.85,1141.95,1381.54,433.996,1325.95,202.532,311.031,130.651,1609.4,143.761,1535.26,914.466,1233.99,387.884,1356.69,398.282,1234.63,13174.1,1042.04,113.924,5668.17,3196.65,827.306,3151.45,743.219,2204.34,2832.73,419.53,529.385,271.7,685.353,8580.47,237872.0,2165.46,0.9042,146.926,1825.5,12564.2,638.336,0.9042,4061.48,584.539,4558.77,1214.29,1209.76,834.087,107.143,177.211,8506.78,657.324,3076.85,1805.61,3.1646,671.79,236.438,33.906,3794.3,1558.32,219.259,1646.02,473.327,254.069,3963.38,388.788,65.1899,2084.09,599.005,106.239,416.817,205.696,619.349,6.7812,278.933,5574.14,1766.27,121.157,1360.31,491.411,62274.4,1483.27,0.4521,46383.8,528.029,2002.26,533.906,3599.91,3874.32,254.521,1057.41,649.638,33984.2,1907.78,373.87,2348.1,2431.74,228.752,5.425,155.063,0.0,266.727,857.979,22945.3,4876.13,5517.63,620.253,1852.17,853.074,149.186,5122.97,271.248,1581.37,66.9078,361.664,1259.49,263.562,15.3707,16746.8,1422.24,774.864,3018.99,28401.0,1754.97,1662.3,22354.4,11.302,1274.41,2131.1,269.439,1646.47,740.958,49.7288,2493.22,3744.57,88.1555,485.534,323.689,3040.24,6194.85,381.555,1941.23,9.4937,220.163,116.184,3840.18,717.798,2007.23,136.035,429.476,1731.22,6986.89,7433.54,411.392,2022.15,421.338,3463.38,3613.02,0.0,1607.59,139.693,6823.24,1340.42,188.969,96.745,6006.33,2320.07,773.947,280.289,5215.19,1576.4,443.038,38.8788,6.7812,1201.63,2152.8,5824.59,5687.36,661.465,3670.89,758.137,4882.01,2840.42,5542.95,915.461,38.8788,216.094,0.4521,2681.28,1782.55,2870.25,114.376,1677.67,4388.79,3489.15,399.638,16.7269,6686.26,19542.0,18657.3,68.264,1259.04,727.848,1495.93,1559.67,2993.67,2957.05,2589.09,24430.4,1657.19,253.165,905.515,99.0054,0.4521,2.7125,58.3183,1377.94,6099.91,2322.78,1257.69
TCGA-LL-A6FR-01,1.2455,604.079,2507.86,8508.17,170.637,0.6228,181.224,140.744,108.361,118.325,1378.17,608.438,802.117,3408.38,656.391,2701.07,359.956,732.156,66.0128,256.578,8.7187,1106.65,36.743,896.154,369.97,2753.18,354.974,1313.4,556.749,563.6,7087.65,1677.1,162.541,5440.45,1200.68,285.225,3154.29,546.162,2861.59,3268.25,1404.95,958.431,1759.93,179.355,6026.47,234314.0,789.662,1.2455,137.008,3334.27,12727.4,0.0,0.0,3838.08,368.675,5375.06,451.502,1556.9,357.465,42.9706,120.816,1375.06,181.224,8075.98,2952.51,0.0,485.156,112.097,69.7493,533.707,689.398,126.421,1691.42,607.816,92.1688,1039.39,656.391,23.3349,1927.45,699.362,494.473,107.115,91.546,325.082,0.6228,2260.0,600.965,1462.25,225.44,594.738,545.539,170612.0,751.674,0.6228,29874.5,1821.58,3287.56,272.77,3123.15,934.143,72.8631,1072.4,1701.39,40219.8,836.992,31.1381,632.103,3590.22,1206.91,3.1138,73.4859,0.0,18.6829,356.843,10950.0,2362.14,2457.42,103.379,529.97,348.124,315.118,1865.17,100.887,137.008,344.387,157.559,598.474,145.726,14.9463,11215.3,1175.77,338.16,66.0128,19023.5,66.6355,8607.19,22506.6,32.3836,605.947,2107.43,257.823,1023.82,25060.6,833.255,1412.42,1073.64,80.3363,396.077,56.6713,1951.11,7808.19,1591.78,1302.82,4.3593,136.385,0.0,5119.36,500.701,3661.84,274.046,373.657,993.747,3655.61,13393.7,260.937,3607.04,0.0,666.355,2311.07,0.6228,3583.37,51.6892,2116.15,1167.06,165.655,94.6598,6909.54,820.178,70.3721,320.722,2047.64,643.936,89.6777,6.8504,33.0064,1314.03,37905.0,686.284,6767.28,586.262,6296.12,467.072,10230.1,2582.59,4134.52,642.69,11.8325,13.078,29.8926,1188.23,2220.77,2753.23,413.514,1354.51,11101.4,523.12,81.5818,19.9284,17784.2,18502.3,21192.0,50.4437,328.818,314.495,3797.6,448.389,1280.4,1880.74,2286.9,47174.2,1432.49,201.152,604.079,173.128,0.0,23.0422,1.2455,432.197,5537.6,1886.35,703.098
TCGA-LL-A73Y-01,75.6157,1998.0,2839.23,3825.5,864.491,35.2631,49.8046,1420.34,644.915,101.427,2565.48,1005.54,3298.37,1057.53,1943.83,435.947,141.416,1109.48,129.419,215.578,177.043,905.208,184.313,1128.42,435.056,9033.15,1001.18,1826.41,143.234,1890.03,6317.55,1124.42,80.3454,2979.91,6098.34,627.465,1727.53,1292.74,1205.85,89.0666,257.021,449.332,313.005,200.309,21401.1,160916.0,1099.34,0.0,86.5219,1531.58,30589.9,1437.06,0.7271,2482.6,667.091,4193.4,1860.58,273.017,829.592,1.4541,956.067,19944.4,602.018,3893.12,4626.37,369.354,637.557,231.21,47.6234,5124.06,2092.88,272.289,2091.07,245.024,285.377,10232.5,995.001,2772.45,2452.06,1094.97,4355.9,69.4356,440.244,1745.34,63.2555,842.679,20345.0,2093.25,297.01,950.65,540.216,67122.8,1163.68,0.0,26575.3,743.434,1090.61,371.171,2049.26,2154.32,138.871,391.166,799.418,34259.0,2097.25,514.405,914.66,2122.33,145.415,3.6354,37.4443,0.0,20.9288,568.863,11993.5,17916.9,9393.07,2028.54,951.377,883.395,28.3559,5899.48,392.62,214.487,0.7271,329.001,1227.3,186.858,45.8057,18298.6,483.868,571.481,357.721,15582.7,125.42,12619.8,18924.3,24.357,559.847,1025.9,210.852,905.571,4000.36,85.0677,673.635,1421.07,9.452,1817.32,204.672,3933.11,6736.71,248.66,2178.68,15.6321,637.281,151.595,6656.38,298.101,1203.31,221.947,589.294,1691.49,7624.1,6493.5,607.834,1216.76,79.9782,1210.22,1532.31,0.0,1493.05,111.242,11136.6,1685.36,1748.25,54.167,4957.92,3240.57,807.053,98.155,1881.31,800.509,1345.45,135.599,46.1692,2076.89,1882.76,3454.33,4927.78,932.106,3653.19,558.757,4511.13,5547.21,5449.79,951.013,108.334,392.62,17.8133,2017.27,1109.52,2863.58,2314.28,1715.17,2920.66,2197.58,1244.75,3.2718,5386.17,20065.4,33736.3,52.3494,1091.7,865.946,839.044,1672.63,2137.6,590.748,4455.07,13884.9,419.791,110.515,1146.6,1892.57,0.0,13.8144,51.6223,874.67,10385.2,1215.67,1295.65
TCGA-LL-A8F5-01,14.1658,1042.5,10315.8,3361.49,388.772,1.0493,45.6453,338.405,118.048,89.7167,2161.59,3410.28,2402.41,1930.22,653.2,2366.91,190.451,682.13,299.58,302.204,69.255,1131.69,354.145,3406.09,1036.65,1777.54,944.911,2865.16,525.184,1025.71,9987.41,2033.05,290.157,7106.51,771.249,2052.47,3971.67,177.859,2772.82,4863.59,1707.77,2816.89,440.714,375.131,7274.4,69137.5,664.743,21.511,81.3221,1748.16,5574.49,1258.13,0.5247,3090.77,301.679,3072.93,280.692,2438.61,409.234,19.4124,572.403,5188.35,279.119,2720.88,448.059,12.5918,811.123,206.716,320.567,2378.28,483.211,203.568,1784.37,1349.42,596.013,2409.76,133.263,1542.56,2057.71,647.954,168.416,321.091,136.411,1233.47,14.6905,41.9727,4121.2,1851.52,1527.28,416.579,1206.19,299188.0,564.008,0.5247,36235.6,269.15,1972.72,322.665,2451.21,1793.81,794.265,1862.54,908.709,24881.4,1160.55,38.3001,599.16,11670.5,467.996,5.7712,111.752,0.0,39.8741,2555.5,13142.2,6812.17,7623.82,634.837,54.5645,549.318,197.796,3529.91,224.029,1073.45,29.9056,185.729,530.955,295.383,30.9549,6264.43,746.59,608.604,127.492,3576.6,76.6002,19323.2,10039.3,10.4932,1518.36,3152.68,443.861,3486.36,9903.99,67.1563,2649.0,3575.03,38.8248,611.752,30.4302,1263.38,16284.9,4125.39,1234.0,9.9685,1063.48,17.8384,3057.05,581.322,3719.31,350.194,649.528,196.852,2584.99,31798.0,375.656,2026.23,26.7576,500.0,2450.68,0.5247,1927.6,76.6002,4122.25,1043.55,379.328,25.1836,3759.71,1167.37,104.932,602.833,3484.26,1868.31,164.743,17.3137,214.061,2842.6,1513.12,374.606,5449.62,642.413,7098.64,532.529,5792.23,7187.83,7784.37,513.116,27.2823,39.3494,4.1973,2222.46,1449.63,2556.66,499.475,1533.58,16662.6,711.438,288.038,14.6905,12737.1,9162.12,6003.67,28.8562,1018.89,538.3,1221.41,1471.14,2265.48,2304.83,1915.9,23854.7,1838.73,429.696,1182.58,7653.73,4.1973,37.7754,231.899,862.015,5704.09,1075.55,2522.04
TCGA-OL-A5D7-01,20.0693,3876.24,3484.89,2157.93,174.412,0.9557,29.6261,614.502,331.621,7803.13,1321.23,2132.12,506.988,3874.33,1791.42,4560.1,495.998,550.969,124.238,416.199,113.726,1668.62,134.273,352.646,1010.95,1867.82,556.206,1127.22,7414.17,527.058,2832.64,2988.89,221.718,4332.1,284.793,755.465,4778.4,831.442,797.037,6097.72,182.057,489.308,482.141,327.32,4744.48,27944.6,1064.63,0.4778,247.999,3314.3,3994.74,2100.11,1.4335,6047.07,975.272,2559.31,175.845,1505.2,1004.42,1.4335,165.81,931.788,62.1192,2021.26,2289.81,2.3892,296.442,132.362,110.381,1489.91,979.095,21.025,3750.09,587.266,462.549,1494.21,39.6607,37.6777,661.331,467.328,18.6358,920.798,283.837,197.826,32.0153,1.9114,1525.74,957.592,23.4142,560.984,361.247,162649.0,143.83,0.0,32227.0,374.627,1378.57,535.659,4136.66,890.216,454.416,854.378,2005.97,35601.5,740.652,62.5971,245.132,902.162,87.9226,0.4778,45.8727,0.0,44.917,2941.88,3105.48,3416.56,3895.83,233.186,436.746,226.018,80.755,996.775,563.851,166.766,3.3449,130.928,920.798,307.729,1.9114,6665.39,628.36,917.931,121.849,2103.45,77.4101,1342.25,5398.16,8.1233,1171.66,1812.93,949.468,2407.36,1287.78,740.174,5257.68,18750.0,21.9806,834.309,70.2425,4240.83,9058.89,712.938,675.188,11.4682,43.0056,9.5568,11487.3,900.165,3851.87,171.019,207.861,317.821,796.082,6760.48,328.754,1426.83,86.9669,302.951,1672.92,0.0,5413.45,62.5971,1713.53,991.04,8.1233,19.5914,3851.39,1692.51,37.2715,1106.2,2992.71,560.984,389.918,27.2369,770.756,1785.69,748.775,796.56,8643.82,567.091,5135.83,1047.43,1703.98,8055.43,7980.41,489.786,18.1579,44.917,77.8879,1839.68,1380.0,3226.38,49.6954,1045.51,1669.1,532.314,58.7743,0.9557,6642.93,2123.04,2018.87,225.063,1959.14,1122.92,2231.99,3524.07,5067.97,5470.79,1479.1,38839.3,4895.0,206.905,1054.12,3752.48,4.7784,238.442,32.4931,917.453,6714.13,4273.8,1030.22
TCGA-OL-A5RW-01,3.0136,875.439,7593.17,2886.49,344.048,0.0,96.434,181.818,78.8548,78.3526,2943.75,973.38,728.277,668.508,680.06,1015.83,208.94,466.374,79.8594,8.5384,64.2893,1106.98,50.7283,1781.01,640.969,4950.11,649.422,2094.93,1010.05,539.93,2440.48,1570.07,235.56,1399.3,463.084,595.178,2611.25,1786.54,6465.09,5649.92,2281.77,1839.28,185.836,525.866,4489.7,68900.6,832.747,0.0,86.891,3370.17,3173.78,271.221,1.5068,3261.18,655.952,9144.15,368.659,2032.14,496.233,9.5429,1818.67,3974.38,271.723,4651.43,1911.1,27.6243,570.221,54.7464,25.6153,574.083,1216.47,45.2034,3159.72,937.72,93.9227,690.106,259.668,77.9859,1093.92,756.404,62.7825,85.3842,81.3661,313.913,64.7916,6354.6,8953.79,2137.62,50.226,732.798,1639.88,144775.0,280.763,0.0,23356.1,1449.02,3428.93,309.392,2929.68,1426.42,202.411,1129.58,2149.67,41016.1,480.161,38.674,1506.78,7039.68,206.931,10.0452,46.7102,0.0,15.5701,1576.47,4483.17,6859.87,3972.38,164.239,526.871,749.372,635.359,792.064,135.61,696.635,2.5113,196.384,1050.23,101.959,32.1447,13593.7,850.327,399.799,454.043,5494.22,85.3842,1211.45,19406.3,13.561,1245.61,2829.73,410.849,2167.25,11670.0,84.3797,3903.57,10131.1,52.2351,428.428,95.9317,1370.67,10788.0,670.015,1473.13,5.5249,97.4385,3.0136,7226.8,458.563,2854.34,216.273,548.97,152.572,1048.22,17511.8,502.762,4928.68,0.0,479.156,2596.18,0.0,5903.06,42.1899,3122.05,1039.68,34.656,54.2441,2598.19,651.934,75.339,690.608,1362.63,517.328,184.329,10.0452,130.588,3064.29,5796.08,815.168,5714.16,512.401,8148.67,554.495,11537.4,11525.9,3490.71,783.526,8.0362,22.6017,43.6966,1583.63,972.878,3503.26,913.109,782.019,13063.3,344.048,177.8,7.5339,4076.85,14510.8,7327.47,66.2983,719.237,599.699,10209.4,753.39,2821.7,298.342,1465.39,52368.2,1898.9,259.668,1307.89,2914.11,0.5023,14.5655,8.0362,303.867,10817.2,962.331,1221.5
TCGA-OL-A5S0-01,30.4144,1483.21,3330.38,3777.97,317.324,1.0138,39.5387,323.913,131.796,174.883,1796.98,1739.7,1101.51,2577.62,1219.62,990.485,295.526,580.195,176.404,268.154,53.2252,1234.32,109.492,1208.47,608.075,736.535,282.347,2308.96,960.081,1414.27,5930.3,1178.56,133.828,3670.51,1406.16,653.909,3620.33,386.263,1829.43,3038.91,440.502,360.411,240.274,324.42,4633.63,95279.7,1373.72,4.5622,113.547,2112.79,6414.9,1550.12,0.0,5898.87,644.278,4139.91,788.747,935.243,856.165,2.0276,104.423,3416.55,390.318,6620.2,1693.07,2.0276,715.752,189.583,21.797,1618.05,1671.27,73.5015,2053.99,580.915,324.42,1305.28,199.721,129.581,1229.25,980.864,326.448,324.927,174.376,717.273,16.221,207.325,3371.44,2140.16,107.464,871.372,1005.2,88573.8,781.143,0.5069,45201.9,1985.05,1835.51,518.058,2334.81,1621.59,340.641,1584.08,847.041,53514.6,1189.71,864.276,628.057,4104.93,374.097,3.0414,77.5567,0.0,552.528,1321.86,10182.2,6904.07,6583.7,533.266,367.507,816.626,724.37,3800.28,273.223,1402.61,43.594,303.13,1597.77,284.375,15.7141,7603.6,886.073,646.813,1202.38,24802.4,1061.97,7012.55,43927.0,19.7694,767.457,1765.05,292.992,1010.77,4110.0,24.8384,2295.78,4081.11,67.4186,1127.87,471.423,2786.47,12323.4,896.211,1356.48,11.6589,313.268,79.5843,2988.81,373.59,2929.92,390.825,296.54,1200.75,2852.36,17570.4,245.85,1766.57,1490.31,677.227,7919.4,0.0,2292.74,73.5015,2276.52,1294.13,207.325,62.3495,4938.28,1113.67,233.177,336.079,1465.97,661.006,191.104,12.6727,60.8288,1331.64,2125.97,4809.53,5055.09,471.261,6131.54,715.245,10284.6,5502.47,4920.04,400.456,75.5291,144.975,12.1658,1554.18,1927.77,2646.56,171.841,1319.48,3171.21,1225.7,259.029,17.7417,9764.54,10128.5,8474.46,437.46,1344.82,533.266,1864.4,1106.58,1279.43,938.791,2413.28,35112.4,776.115,130.275,678.748,345.71,1.0138,15.7141,90.7363,699.024,5217.59,729.946,1146.12
TCGA-OL-A66I-01,77.204,2281.06,2602.82,3011.37,361.815,3.3385,32.5509,945.227,2070.74,1303.29,2199.69,1609.18,1341.68,1504.43,3160.77,1329.79,275.43,1401.34,141.888,395.201,86.8023,1106.31,216.171,794.992,1592.54,4429.83,1146.37,2088.68,1146.79,577.986,6321.96,1555.76,159.833,5196.87,2178.82,875.952,3267.19,1255.29,1191.03,4186.54,3145.33,1239.02,619.718,590.506,5498.59,147627.0,2927.07,1.252,293.375,2356.6,9086.67,13496.9,1.252,4002.92,1236.1,6216.8,433.177,1505.27,1367.55,0.8346,202.817,1647.99,400.626,3930.73,1829.94,16.2754,391.541,161.502,94.7314,8368.08,1314.14,183.62,2662.49,806.677,983.62,6723.42,103.078,240.125,3256.34,640.584,15.4408,483.672,459.051,473.657,202.817,5.8425,1790.71,2530.62,388.106,1065.83,1328.74,64866.4,1473.14,2.0866,43124.0,530.412,1732.29,1582.47,2059.89,1786.12,690.654,838.393,417.736,43797.2,2197.6,185.707,118.101,5340.01,232.029,2.9212,37.1414,0.4173,12.1022,2873.09,13641.7,2489.31,2946.27,252.895,156.494,762.024,827.543,4946.06,1059.15,45.0704,0.8346,190.297,1245.28,199.478,13.3542,16128.1,234.533,858.425,32.5509,7417.01,148.565,3230.46,11713.3,7.9291,1356.7,2424.62,1155.56,774.126,1515.28,70.1095,3414.5,6073.66,52.1648,815.858,93.4794,2968.81,8378.09,1305.37,1506.1,90.9755,4961.92,133.542,5112.0,307.013,5205.22,207.27,447.783,654.564,3158.69,8443.19,302.139,2471.78,85.5503,759.937,1527.39,0.0,2246.01,126.448,3946.58,1521.96,30.0469,45.9051,6102.45,1772.35,133.542,293.792,2039.85,446.948,1074.18,66.771,1105.48,1206.47,2536.88,1767.76,4921.19,713.982,3387.79,1318.31,2012.31,14470.5,4570.89,877.621,25.8738,106.834,5.4251,1355.87,1409.29,1401.77,611.789,2054.46,3280.54,1856.23,193.636,5.4251,5961.82,9114.66,4359.73,206.155,3293.9,1969.74,1024.1,2425.04,3876.47,878.039,1769.36,34733.9,960.86,176.943,892.227,202.817,6.6771,80.1252,63.8498,908.92,5641.31,1051.64,1293.27
TCGA-OL-A6VO-01,13.096,1884.49,3968.44,1942.58,402.955,9.0665,603.761,448.959,394.224,2017.46,1000.0,520.819,137.676,1474.82,1142.38,1129.27,533.58,1352.09,152.115,877.77,265.95,1591.34,80.2552,511.753,953.838,219.748,162.189,2045.67,255.205,567.831,15483.9,2086.3,251.514,8149.43,604.768,1032.24,2812.29,300.202,993.284,4091.67,581.934,1053.73,135.997,491.941,10127.3,24956.3,782.74,0.0,106.783,2077.23,5955.33,332.102,2.0148,4946.27,1936.87,19356.3,471.122,704.164,4347.88,88.6501,693.069,4278.04,170.92,4478.84,3121.89,5.7085,457.636,359.301,198.119,1136.67,754.197,16.1182,2374.08,983.882,184.688,2820.68,23.8415,39.6642,272.33,272.666,8.3949,131.632,137.005,473.808,13.4318,402.955,2789.79,2015.45,28.8784,695.769,333.781,40973.8,137.34,0.0,22308.9,545.668,2547.68,283.412,3070.52,2167.23,390.504,752.519,986.904,54806.9,1042.65,91.6723,2655.81,840.833,135.326,5.3727,130.625,0.0,49.362,1324.96,4765.28,5864.67,2566.49,292.814,2868.03,957.018,66.8234,6915.72,102.082,138.012,0.6716,91.6723,845.87,940.564,5.3727,8442.24,1130.29,358.63,215.917,2209.87,21.8267,7039.62,6316.66,11.0813,3255.54,3230.02,142.713,1454.67,3973.47,13799.5,1833.11,7668.23,376.427,1787.11,144.392,2585.29,14430.5,2148.42,3669.24,3.6938,13.096,63.4654,6563.58,341.31,3046.0,43.1128,88.9859,428.032,1052.05,7535.59,759.57,1864.0,131.296,392.545,2012.42,3.0222,3049.03,104.097,3536.27,818.67,14.1034,20.1478,6726.33,2488.58,100.403,659.839,1847.13,422.767,305.91,37.6091,70.8529,3014.78,645.064,260.913,7696.71,505.598,3965.41,415.379,4150.77,10632.6,17345.2,1032.91,14.4392,90.3291,54.7347,4472.8,930.49,6957.02,254.869,497.649,1300.87,509.738,294.157,1.679,2556.41,4932.51,1197.45,991.605,453.66,824.379,2070.52,1840.5,7039.96,5118.2,4411.38,47613.2,6142.21,481.867,2184.02,110.813,1.3432,30.8932,1.0074,578.912,7873.4,5888.52,1551.38
TCGA-PL-A8LV-01,64.9291,2526.29,7644.26,4681.76,348.423,7.316,102.423,737.083,327.846,78.6465,2106.08,819.387,855.053,1706.9,788.294,795.624,596.251,1589.8,141.289,672.112,159.122,3299.95,640.604,1109.74,734.385,1225.85,1166.9,1046.18,683.128,933.242,7213.08,2391.4,75.4458,4923.64,1591.68,1250.57,2410.15,932.785,2578.42,6558.3,5338.36,843.164,383.63,201.646,7270.69,92160.5,552.355,0.4572,96.9364,2085.51,4923.42,5798.35,0.4572,3893.0,4087.33,6092.82,890.718,1031.55,711.02,10.9739,1073.11,2915.87,446.273,3831.73,6449.47,30.6356,309.854,142.204,82.7618,2400.55,1108.82,110.654,1968.91,982.167,185.642,3469.59,225.423,64.1655,931.413,62.6429,100.594,58.9849,547.325,456.333,32.0073,91.4495,4584.36,1779.61,173.297,675.354,2386.83,35225.9,1056.24,1.829,18866.5,540.009,2747.14,254.687,3732.97,2684.96,1012.59,1170.1,984.454,28040.7,903.521,174.211,352.08,2199.82,165.981,2.7435,92.8212,0.0,44.9383,1537.62,8711.02,6896.2,2472.34,545.039,389.118,743.484,932.785,2627.8,347.965,1534.46,615.912,176.04,1117.06,789.666,10.0594,13055.8,1444.9,561.957,816.644,9379.52,477.824,1536.81,8955.65,53.0407,1907.64,3418.38,185.642,2065.39,10062.2,337.906,1857.34,2659.35,215.821,867.398,266.118,6801.55,15588.9,1148.61,1083.22,5.0297,323.731,13.7174,4211.06,294.01,5352.54,61.8473,394.147,844.408,2471.88,9129.4,357.567,1558.76,26.0631,1080.93,1756.29,0.0,2184.27,73.6168,3086.88,1098.77,985.368,90.9922,3184.27,1968.91,150.892,463.192,2024.23,556.013,288.98,36.5798,96.4792,1803.84,4453.59,874.257,5572.1,503.146,3119.8,413.809,2730.22,3812.99,3331.05,2022.86,57.6132,160.951,4.5725,8531.78,1329.22,5012.8,1110.2,755.83,1378.6,1331.5,168.724,6.4015,6526.75,8436.67,9247.83,29.2638,804.298,1191.13,1496.57,1119.8,3527.21,1602.19,4837.62,21841.8,998.025,489.255,1616.37,18631.9,6.4015,33.8363,18.7471,1001.37,4647.92,1034.75,1050.3
TCGA-PL-A8LZ-01,79.4278,2482.76,4052.52,2030.53,664.033,10.6758,50.8167,1254.62,216.078,172.521,1943.42,1654.32,699.904,1439.52,2662.11,1124.36,154.585,1120.06,117.433,312.16,263.478,1730.76,652.076,1875.95,689.587,2614.57,878.83,1559.94,385.609,3628.91,6312.8,2512.65,174.66,3302.66,1281.95,854.916,2812.0,1346.43,1895.59,2008.75,612.362,748.586,441.55,608.092,11631.9,111429.0,1801.64,0.0,308.743,2068.97,8663.09,2913.63,1.2811,3879.58,921.106,3533.68,1309.28,792.57,754.564,60.6384,288.246,1429.27,881.819,1568.91,1651.33,56.3681,337.782,294.224,31.6003,3980.36,1485.64,127.682,1964.77,1109.85,567.951,3615.67,114.871,201.828,1126.08,602.968,45.2653,191.737,254.511,2580.12,40.1409,61.4925,876.268,1709.41,900.182,855.343,370.236,24102.1,264.332,0.0,17965.2,141.347,1387.42,646.525,2459.27,3887.69,394.543,1024.45,552.578,36683.2,3765.99,415.074,700.331,5051.35,109.747,2.1352,127.682,0.0,55.087,2755.32,11851.8,3207.86,4626.03,3531.97,209.245,763.959,19.6434,5533.04,417.209,246.397,0.0,1472.4,1954.09,237.856,270.738,14748.4,883.527,592.292,1389.99,5370.77,176.364,1980.14,12204.5,10.2487,1220.03,1998.08,332.657,1173.48,3250.56,31.6003,1529.2,2365.33,42.7031,1094.48,253.656,2316.64,5781.57,1337.03,1646.2,7.2595,204.121,35.4436,4609.13,259.635,3925.7,76.3105,489.805,1157.98,5559.09,8354.01,1296.47,638.411,325.398,817.337,1085.51,0.427,5779.87,314.722,4687.95,908.722,34.5895,48.6815,4017.94,3199.74,489.378,417.636,1940.43,922.814,890.787,92.6657,297.214,2571.58,944.593,1020.18,5621.53,601.747,2483.19,982.159,932.636,22468.7,6469.95,981.317,152.023,777.624,5.9784,1943.42,1761.93,2562.19,163.98,1882.78,2944.38,4161.42,617.487,5.5514,8725.95,6413.58,3827.91,149.461,1872.53,1114.55,20341.6,2980.25,3095.12,2634.35,4335.74,36699.0,2105.73,237.002,1290.06,40.1409,3.8433,8.5406,19.6434,734.92,4678.55,3480.73,1296.47
TCGA-S3-AA0Z-01,52.4152,3955.81,3363.48,2553.61,1241.18,16.7866,20.2124,776.293,1327.17,88.0439,1124.7,1928.06,1494.0,1203.15,923.261,989.137,511.476,1621.65,115.108,795.135,540.939,1267.56,151.764,436.793,2572.59,7321.75,354.916,2686.19,117.163,820.486,6564.23,1450.5,274.426,1861.6,752.998,2931.48,2464.89,113.738,940.733,2916.75,3063.04,2220.62,166.838,306.612,8698.53,37099.7,1436.79,0.0,162.042,1849.26,13422.3,2662.21,0.0,2190.82,3788.28,9098.66,301.13,1758.14,2117.51,107.914,1795.76,1430.63,541.966,6444.67,4075.71,4.111,268.585,207.605,4306.27,1560.12,633.779,69.8869,6237.07,1363.48,376.156,3126.07,23.9808,34.6626,1353.89,266.187,134.635,168.893,195.272,690.648,14.0459,5790.0,2883.18,2029.12,1302.5,273.039,493.662,34313.8,547.448,0.0,21364.9,619.39,1953.07,433.025,2660.5,3283.66,810.778,585.132,379.925,27415.9,1474.82,129.839,237.41,12017.1,53.7855,1.0277,92.1548,0.0,191.846,1454.87,15709.8,1471.05,3287.43,839.671,12526.9,976.362,7.1942,1872.22,333.676,48.9894,27.0641,131.209,1570.06,132.922,147.996,11315.9,86.6735,746.146,235.012,2287.43,57.8965,1988.01,10965.7,21.9253,1256.59,2081.53,718.054,1169.92,6427.2,39.3971,1569.03,3885.58,8.5646,5206.23,48.6468,6486.47,5706.75,1574.85,1892.77,3.4258,78.1089,4.111,12063.7,374.443,1975.68,136.533,121.617,413.991,1589.24,6168.89,1022.95,3026.38,13.0182,189.106,618.02,0.3426,2642.69,47.2765,4605.69,2354.57,56.8688,10.9627,8616.99,3394.31,156.56,455.293,2830.76,871.189,2420.01,119.904,273.039,5479.62,937.65,571.771,7488.72,339.308,6810.21,542.309,2190.48,8643.03,7775.95,614.594,30.1473,174.032,0.0,3382.32,1232.27,4203.84,150.051,731.072,1810.89,1122.99,110.312,5.8239,4561.15,2881.81,2459.4,30.4899,1403.56,1339.16,3429.26,2610.48,12950.3,4847.89,8106.56,42116.5,1096.83,541.281,1021.93,99.0065,0.6852,8.5646,20.555,812.264,7434.74,1564.92,1497.09
TCGA-S3-AA10-01,46.3632,2084.64,2763.93,3219.06,468.737,5.1042,39.5576,1029.77,416.844,273.075,2806.89,1134.84,1087.2,1388.35,2555.08,1361.18,354.743,2399.72,93.5772,831.561,88.473,1154.4,415.993,748.192,2568.33,4443.22,1186.73,1341.56,716.716,720.97,6788.6,3403.66,179.073,5128.46,1183.33,1623.14,4887.71,2689.07,2666.95,2447.47,873.671,644.407,805.615,626.116,13495.5,61926.0,2232.24,0.0,307.103,2676.31,16009.1,18777.1,4.2535,4197.36,1654.62,9743.51,902.169,1237.35,2319.44,0.4254,114.836,8267.55,324.968,4121.65,3136.96,4.6789,422.973,206.295,67.2054,10335.2,1113.14,128.881,3638.45,673.756,366.078,7238.2,172.267,263.407,615.908,1324.54,39.983,128.881,447.894,564.015,48.9154,56.1463,9254.36,1722.67,17.4394,862.612,1298.17,126421.0,828.584,0.4254,26880.9,926.84,1964.7,854.955,3110.17,2140.37,400.544,766.057,985.113,43729.9,1005.95,55.721,92.7265,2449.17,136.963,5.1042,404.509,0.0,110.642,5287.7,6626.97,6131.43,9403.23,759.251,462.782,1167.16,553.807,2429.6,754.572,1509.57,57.4224,205.019,1548.7,196.512,4.6789,15857.1,54.0196,777.116,326.67,5642.28,11.9098,3441.09,15712.9,8.0817,1174.39,1746.92,527.435,1256.49,977.456,188.43,2806.89,11426.6,367.503,1213.53,246.278,4934.07,9601.45,317.312,2354.32,4.2535,4619.31,34.4534,5415.04,291.782,4337.73,84.4662,221.183,812.867,3019.99,11019.1,563.165,2832.84,3.8282,703.53,4243.3,0.0,4179.07,48.9154,3960.44,1569.97,101.659,42.9604,3698.0,2660.57,184.177,491.706,2492.56,733.305,1193.11,54.8703,45.5125,2776.69,2175.24,616.333,6932.44,442.795,3951.94,1186.73,5134.41,27252.7,8400.68,1040.83,37.4309,122.926,8.9324,10692.9,1356.02,3085.5,831.986,1728.2,5353.47,1357.29,216.078,0.8507,3615.06,6646.11,2410.89,349.213,2126.33,2264.99,4658.44,2891.11,10289.7,773.713,2581.42,32817.1,672.778,307.103,1348.36,129.307,6.3803,9.7831,5.5296,760.527,7889.83,1056.57,1239.47
TCGA-S3-AA15-01,146.416,2477.52,3511.54,3005.47,452.612,29.7691,182.26,1696.84,539.49,134.872,1961.12,1076.55,1523.09,2986.03,1503.04,713.269,580.802,1434.39,149.453,224.18,152.491,1475.7,1462.33,2698.06,540.929,3945.32,2082.02,1425.88,253.341,2184.08,7487.85,2024.3,94.7752,2689.55,2474.48,903.402,2811.06,2261.85,2295.26,2448.97,1501.82,572.297,427.704,432.564,6819.56,293185.0,3010.33,9.7205,447.752,2866.95,13455.4,1266.71,3.6452,3096.6,845.687,2568.04,1438.64,399.149,901.58,21.2637,386.987,11411.9,995.14,1808.02,1300.12,40.7047,657.813,255.164,216.889,6691.98,2304.98,131.835,3034.02,603.888,406.44,3858.44,325.638,205.492,2076.55,1185.91,55.2855,128.797,517.619,1058.32,88.0923,134.872,9457.47,3041.31,551.64,1173.15,833.536,52691.4,2215.07,3.6452,35266.7,245.444,2425.88,576.549,2542.53,3854.8,207.078,648.238,493.925,26510.9,2639.13,1806.2,1699.88,6525.52,191.981,2.4301,32.1993,0.0,273.39,1460.41,11622.7,6095.38,5344.47,1291.62,1921.02,701.094,39.4897,7404.01,556.501,1661.0,1.2151,406.44,1786.76,513.973,86.2697,18011.5,500.0,775.213,2651.28,28011.5,1303.16,2492.71,14102.7,9.7205,776.428,2116.65,286.148,1382.75,528.554,188.335,2635.48,3295.87,20.0486,1371.2,629.405,1724.18,6496.35,331.713,1127.58,48.6027,517.011,74.7266,7536.35,551.203,1713.85,185.103,380.923,3478.33,6742.41,8319.56,758.809,1150.06,546.173,1768.53,1208.38,0.0,2636.7,341.434,4601.46,1437.42,387.606,52.2479,4721.14,2596.6,537.667,414.945,2702.92,896.112,719.32,59.5383,68.0437,1486.03,1592.95,3433.78,4987.57,337.412,2772.78,1143.38,3664.03,5913.73,6244.84,2161.0,140.34,439.854,11.5431,1612.39,1620.9,2111.79,333.536,2151.28,6834.75,4083.84,622.114,24.3013,8856.01,9976.31,6081.41,25.5164,2363.91,1366.95,3544.96,2267.31,2040.1,1089.91,3102.98,29368.2,615.741,243.013,696.233,521.871,4.2527,55.8931,18.226,1173.75,6907.65,817.74,941.677
